condition,method,baseline,lr,steps,online_seconds,baseline_online_seconds,online_time_ratio,offline_train_dev_seconds,one_use_seconds,one_use_time_ratio,managed_collection_fit_seconds,one_use_with_managed_offline_seconds,minimum_reuses_with_managed_offline,saving_seconds_per_32_step_reuse,minimum_32_step_reuses_to_save_time,calibration_time_fraction,label_time_fraction,calibration_calls,epoch0_calls
1p5b_aqua,adaptive,oracle,0.0001,32,42.0210178848356,15.44141844206024,2.7213185137432903,230.25362348556519,272.2746413704008,17.632748078943525,255.02802228927612,297.0490401741117,,-26.57959944277536,,0.6607133510794923,0.2749897270427453,32,21
1p5b_aqua,adaptive,oracle20,0.0001,32,42.0210178848356,9.221834407071583,4.556687534164852,230.25362348556519,272.2746413704008,29.524997885628082,255.02802228927612,297.0490401741117,,-32.79918347776402,,0.6607133510794923,0.2749897270427453,32,21
1p5b_aqua,adaptive,mean,0.0001,32,42.0210178848356,9.248160372837447,4.54371639231674,230.25362348556519,272.2746413704008,29.44095153995082,255.02802228927612,297.0490401741117,,-32.772857511998154,,0.6607133510794923,0.2749897270427453,32,21
1p5b_aqua,adaptive,oracle,1e-05,32,41.52168057591189,15.344520838931203,2.705961366389855,230.25362348556519,271.7753040614771,17.71155364929643,255.02802228927612,296.549702865188,,-26.177159736980684,,0.6637892511760067,0.26958941068567516,32,32
1p5b_aqua,adaptive,oracle20,1e-05,32,41.52168057591189,8.8900853038067,4.670560422871586,230.25362348556519,271.7753040614771,30.57060700476113,255.02802228927612,296.549702865188,,-32.63159527210519,,0.6637892511760067,0.26958941068567516,32,32
1p5b_aqua,adaptive,mean,1e-05,32,41.52168057591189,9.633085029083304,4.310320157099572,230.25362348556519,271.7753040614771,28.212696476877205,255.02802228927612,296.549702865188,,-31.888595546828583,,0.6637892511760067,0.26958941068567516,32,32
1p5b_aqua,adaptive,oracle,3e-05,32,42.64684896171093,15.445666966727003,2.7610882102780416,230.25362348556519,272.9004724472761,17.668416199517786,255.02802228927612,297.67487125098705,,-27.201181994983926,,0.6592616844184863,0.27617003813226315,32,29
1p5b_aqua,adaptive,oracle20,3e-05,32,42.64684896171093,9.543759343214333,4.468558712351971,230.25362348556519,272.9004724472761,28.594651502954115,255.02802228927612,297.67487125098705,,-33.1030896184966,,0.6592616844184863,0.27617003813226315,32,29
1p5b_aqua,adaptive,mean,3e-05,32,42.64684896171093,9.646426878171042,4.420999557692885,230.25362348556519,272.9004724472761,28.290316807856,255.02802228927612,297.67487125098705,,-33.00042208353989,,0.6592616844184863,0.27617003813226315,32,29
1p5b_aqua,adaptive,oracle,3e-06,32,42.95265849714633,15.086932210833766,2.8470107704402943,230.25362348556519,273.2062819827115,18.108802913989695,255.02802228927612,297.98068078642245,,-27.865726286312565,,0.6603923682155927,0.27590876606194764,32,32
1p5b_aqua,adaptive,oracle20,3e-06,32,42.95265849714633,9.496646626037546,4.52292900731721,230.25362348556519,273.2062819827115,28.768710971475436,255.02802228927612,297.98068078642245,,-33.456011871108785,,0.6603923682155927,0.27590876606194764,32,32
1p5b_aqua,adaptive,mean,3e-06,32,42.95265849714633,9.511239644140005,4.515989513902113,230.25362348556519,273.2062819827115,28.72457137078208,255.02802228927612,297.98068078642245,,-33.441418853006326,,0.6603923682155927,0.27590876606194764,32,32
1p5b_aqua,frozen,oracle,0.0001,32,2.9799537328071892,15.44141844206024,0.1929844556695787,230.25362348556519,233.23357721837237,15.104414020869813,255.02802228927612,258.0079760220833,21,12.46146470925305,19,0.0,0.0,0,0
1p5b_aqua,frozen,oracle20,0.0001,32,2.9799537328071892,9.221834407071583,0.32314110200483215,230.25362348556519,233.23357721837237,25.291451453468063,255.02802228927612,258.0079760220833,41,6.241880674264394,37,0.0,0.0,0,0
1p5b_aqua,frozen,mean,0.0001,32,2.9799537328071892,9.248160372837447,0.32222124321714196,230.25362348556519,233.23357721837237,25.219456390851224,255.02802228927612,258.0079760220833,41,6.268206640030257,37,0.0,0.0,0,0
1p5b_aqua,frozen,oracle,1e-05,32,3.042423928156495,15.344520838931203,0.1982742869648584,230.25362348556519,233.29604741372168,15.203866569871433,255.02802228927612,258.0704462174326,21,12.302096910774708,19,0.0,0.0,0,0
1p5b_aqua,frozen,oracle20,1e-05,32,3.042423928156495,8.8900853038067,0.3422266293500852,230.25362348556519,233.29604741372168,26.24227321123963,255.02802228927612,258.0704462174326,44,5.847661375650205,40,0.0,0.0,0,0
1p5b_aqua,frozen,mean,1e-05,32,3.042423928156495,9.633085029083304,0.3158306937986216,230.25362348556519,233.29604741372168,24.218207013576254,255.02802228927612,258.0704462174326,39,6.590661100926809,35,0.0,0.0,0,0
1p5b_aqua,frozen,oracle,3e-05,32,2.993743538041599,15.445666966727003,0.19382416728851593,230.25362348556519,233.24736702360678,15.10115215652826,255.02802228927612,258.0217658273177,21,12.451923428685404,19,0.0,0.0,0,0
1p5b_aqua,frozen,oracle20,3e-05,32,2.993743538041599,9.543759343214333,0.3136859837282221,230.25362348556519,233.24736702360678,24.439778774330367,255.02802228927612,258.0217658273177,39,6.550015805172734,36,0.0,0.0,0,0
1p5b_aqua,frozen,mean,3e-05,32,2.993743538041599,9.646426878171042,0.3103474038471343,230.25362348556519,233.24736702360678,24.17966465401025,255.02802228927612,258.0217658273177,39,6.6526833401294425,35,0.0,0.0,0,0
1p5b_aqua,frozen,oracle,3e-06,32,3.122404550900683,15.086932210833766,0.20696086568603506,230.25362348556519,233.37602803646587,15.468753009235439,255.02802228927612,258.1504268401768,22,11.964527659933083,20,0.0,0.0,0,0
1p5b_aqua,frozen,oracle20,3e-06,32,3.122404550900683,9.496646626037546,0.32879022183891654,230.25362348556519,233.37602803646587,24.57457218599714,255.02802228927612,258.1504268401768,41,6.374242075136863,37,0.0,0.0,0,0
1p5b_aqua,frozen,mean,3e-06,32,3.122404550900683,9.511239644140005,0.32828576165930545,230.25362348556519,233.37602803646587,24.536867618539272,255.02802228927612,258.1504268401768,40,6.388835093239322,37,0.0,0.0,0,0
1p5b_aqua,periodic8,oracle,0.0001,32,7.81483928009402,15.44141844206024,0.506095946393597,230.25362348556519,238.0684627656592,15.41752551159383,255.02802228927612,262.84286156937014,34,7.6265791619662195,31,0.43743551061755587,0.17699139246956974,4,1
1p5b_aqua,periodic8,oracle20,0.0001,32,7.81483928009402,9.221834407071583,0.8474278473382003,230.25362348556519,238.0684627656592,25.81573819880143,255.02802228927612,262.84286156937014,182,1.406995126977563,164,0.43743551061755587,0.17699139246956974,4,1
1p5b_aqua,periodic8,mean,0.0001,32,7.81483928009402,9.248160372837447,0.8450155452587954,230.25362348556519,238.0684627656592,25.742250692892878,255.02802228927612,262.84286156937014,178,1.4333210927434266,161,0.43743551061755587,0.17699139246956974,4,1
1p5b_aqua,periodic8,oracle,1e-05,32,7.892526026233099,15.344520838931203,0.5143546748106108,230.25362348556519,238.14614951179828,15.519946957717186,255.02802228927612,262.9205483155092,35,7.4519948126981035,31,0.44127554009433434,0.1778707176172993,4,4
1p5b_aqua,periodic8,oracle20,1e-05,32,7.892526026233099,8.8900853038067,0.8877896844087143,230.25362348556519,238.14614951179828,26.78783626629826,255.02802228927612,262.9205483155092,256,0.9975592775736004,231,0.44127554009433434,0.1778707176172993,4,4
1p5b_aqua,periodic8,mean,1e-05,32,7.892526026233099,9.633085029083304,0.8193144773875376,230.25362348556519,238.14614951179828,24.72169079716517,255.02802228927612,262.9205483155092,147,1.7405590028502047,133,0.44127554009433434,0.1778707176172993,4,4
1p5b_aqua,periodic8,oracle,3e-05,32,7.8080830433173105,15.445666966727003,0.5055193187926073,230.25362348556519,238.0617065288825,15.412847308032351,255.02802228927612,262.83610533259343,34,7.637583923409693,31,0.4464173374910615,0.1726220627483767,4,3
1p5b_aqua,periodic8,oracle20,3e-05,32,7.8080830433173105,9.543759343214333,0.818134946882216,230.25362348556519,238.0617065288825,24.94422773748436,255.02802228927612,262.83610533259343,147,1.7356762998970225,133,0.4464173374910615,0.1726220627483767,4,3
1p5b_aqua,periodic8,mean,3e-05,32,7.8080830433173105,9.646426878171042,0.8094274845939349,230.25362348556519,238.0617065288825,24.67874473475705,255.02802228927612,262.83610533259343,139,1.838343834853731,126,0.4464173374910615,0.1726220627483767,4,3
1p5b_aqua,periodic8,oracle,3e-06,32,7.863574018934742,15.086932210833766,0.5212175615986392,230.25362348556519,238.11719750449993,15.783009705148041,255.02802228927612,262.89159630821086,36,7.223358191899024,32,0.4480020374238543,0.1741605558495401,4,4
1p5b_aqua,periodic8,oracle20,3e-06,32,7.863574018934742,9.496646626037546,0.8280369196190467,230.25362348556519,238.11719750449993,25.07381888377727,255.02802228927612,262.89159630821086,157,1.6330726071028039,141,0.4480020374238543,0.1741605558495401,4,4
1p5b_aqua,periodic8,mean,3e-06,32,7.863574018934742,9.511239644140005,0.8267664692666628,230.25362348556519,238.11719750449993,25.03534832614663,255.02802228927612,262.89159630821086,155,1.6476656252052635,140,0.4480020374238543,0.1741605558495401,4,4
1p5b_aqua_sensitivity_w0,frozen,oracle,1e-05,32,3.4372102678753436,15.493190004955977,0.22185297325959633,241.69953632354736,245.1367465914227,15.822225539931294,270.0254580974579,273.46266836533323,23,12.055979737080634,21,0.0,0.0,0,0
1p5b_aqua_sensitivity_w0.0005,frozen,oracle,1e-05,32,3.444840671145357,15.544344606227241,0.22161376104369912,232.07860207557678,235.52344274672214,15.151712646178003,260.02599835395813,263.4708390251035,22,12.099503935081884,20,0.0,0.0,0,0
1p5b_aqua_sensitivity_w3e-06,frozen,oracle,1e-05,32,3.4482767019653693,15.601797392242588,0.22101791321042896,225.95636892318726,229.40464562515263,14.703731875098924,250.02294778823853,253.4712244902039,21,12.153520690277219,19,0.0,0.0,0,0
1p5b_aqua_sensitivity_w5e-05,frozen,oracle,1e-05,32,3.393649036763236,15.559392702649347,0.21810935051375036,226.94863557815552,230.34228461491875,14.804066522191295,255.0241928100586,258.41784184682183,21,12.165743665886112,19,0.0,0.0,0,0
1p5b_arc_challenge,adaptive,oracle,0.0001,32,38.40756910596974,14.723278371384367,2.6086288757955773,48.96408939361572,87.37165849958546,5.934252976524431,70.01059079170227,108.41815989767201,,-23.684290734585375,,0.6405850469467513,0.2966492338418102,32,18
1p5b_arc_challenge,adaptive,oracle20,0.0001,32,38.40756910596974,9.510841038660146,4.03829366402495,48.96408939361572,87.37165849958546,9.186533361711414,70.01059079170227,108.41815989767201,,-28.896728067309596,,0.6405850469467513,0.2966492338418102,32,18
1p5b_arc_challenge,adaptive,mean,0.0001,32,38.40756910596974,9.511108839767985,4.038179959142036,48.96408939361572,87.37165849958546,9.186274699566662,70.01059079170227,108.41815989767201,,-28.896460266201757,,0.6405850469467513,0.2966492338418102,32,18
1p5b_arc_challenge,adaptive,oracle,1e-05,32,38.06818906299304,15.208026680047624,2.5031642739644266,48.96408939361572,87.03227845660876,5.722785755682026,70.01059079170227,108.07877985469531,,-22.86016238294542,,0.6441421100291548,0.29189057760448317,32,29
1p5b_arc_challenge,adaptive,oracle20,1e-05,32,38.06818906299304,9.542572512989864,3.9893004754401993,48.96408939361572,87.03227845660876,9.120420970145707,70.01059079170227,108.07877985469531,,-28.52561655000318,,0.6441421100291548,0.29189057760448317,32,29
1p5b_arc_challenge,adaptive,mean,1e-05,32,38.06818906299304,9.085680522373877,4.189910592745199,48.96408939361572,87.03227845660876,9.579059955089555,70.01059079170227,108.07877985469531,,-28.982508540619165,,0.6441421100291548,0.29189057760448317,32,29
1p5b_arc_challenge,adaptive,oracle,3e-05,32,38.635740263271146,15.308490673894994,2.523811202965636,48.96408939361572,87.59982965688687,5.722303493071831,70.01059079170227,108.64633105497342,,-23.32724958937615,,0.6440250710436407,0.29364833253657846,32,25
1p5b_arc_challenge,adaptive,oracle20,3e-05,32,38.635740263271146,9.4830739707686,4.074178940538173,48.96408939361572,87.59982965688687,9.237493024615405,70.01059079170227,108.64633105497342,,-29.152666292502545,,0.6440250710436407,0.29364833253657846,32,25
1p5b_arc_challenge,adaptive,mean,3e-05,32,38.635740263271146,9.448298529838212,4.089174377932439,48.96408939361572,87.59982965688687,9.271492574058929,70.01059079170227,108.64633105497342,,-29.187441733432934,,0.6440250710436407,0.29364833253657846,32,25
1p5b_arc_challenge,adaptive,oracle,3e-06,32,38.387338427244686,15.64621453511063,2.453458524494996,48.96408939361572,87.35142782086041,5.582911293005786,70.01059079170227,108.39792921894696,,-22.741123892134055,,0.6418351463455988,0.2945089735144945,32,28
1p5b_arc_challenge,adaptive,oracle20,3e-06,32,38.387338427244686,9.664720969973132,3.9719034358579526,48.96408939361572,87.35142782086041,9.038173796455009,70.01059079170227,108.39792921894696,,-28.722617457271554,,0.6418351463455988,0.2945089735144945,32,28
1p5b_arc_challenge,adaptive,mean,3e-06,32,38.387338427244686,9.48045956005808,4.049101014994416,48.96408939361572,87.35142782086041,9.213838977688258,70.01059079170227,108.39792921894696,,-28.906878867186606,,0.6418351463455988,0.2945089735144945,32,28
1p5b_arc_challenge,frozen,oracle,0.0001,32,2.6536360969766974,14.723278371384367,0.18023405046353053,48.96408939361572,51.61772549059242,3.5058581511923843,70.01059079170227,72.66422688867897,6,12.06964227440767,5,0.0,0.0,0,0
1p5b_arc_challenge,frozen,oracle20,0.0001,32,2.6536360969766974,9.510841038660146,0.27901171791117774,48.96408939361572,51.61772549059242,5.427251415597642,70.01059079170227,72.66422688867897,11,6.857204941683449,8,0.0,0.0,0,0
1p5b_arc_challenge,frozen,mean,0.0001,32,2.6536360969766974,9.511108839767985,0.2790038618716333,48.96408939361572,51.61772549059242,5.427098602296258,70.01059079170227,72.66422688867897,11,6.857472742791288,8,0.0,0.0,0,0
1p5b_arc_challenge,frozen,oracle,1e-05,32,2.680037876474671,15.208026680047624,0.1762252219080325,48.96408939361572,51.644127270090394,3.3958467036256326,70.01059079170227,72.69062866817694,6,12.527988803572953,4,0.0,0.0,0,0
1p5b_arc_challenge,frozen,oracle20,1e-05,32,2.680037876474671,9.542572512989864,0.28085066923268953,48.96408939361572,51.644127270090394,5.411971163938197,70.01059079170227,72.69062866817694,11,6.862534636515193,8,0.0,0.0,0,0
1p5b_arc_challenge,frozen,mean,1e-05,32,2.680037876474671,9.085680522373877,0.29497381840303133,48.96408939361572,51.644127270090394,5.684123180747388,70.01059079170227,72.69062866817694,11,6.405642645899206,8,0.0,0.0,0,0
1p5b_arc_challenge,frozen,oracle,3e-05,32,2.656626103213057,15.308490673894994,0.17353938803015398,48.96408939361572,51.62071549682878,3.3720316781363486,70.01059079170227,72.66721689491533,6,12.651864570681937,4,0.0,0.0,0,0
1p5b_arc_challenge,frozen,oracle20,3e-05,32,2.656626103213057,9.4830739707686,0.28014398194109397,48.96408939361572,51.62071549682878,5.4434580660183265,70.01059079170227,72.66721689491533,11,6.826447867555544,8,0.0,0.0,0,0
1p5b_arc_challenge,frozen,mean,3e-05,32,2.656626103213057,9.448298529838212,0.28117508087020066,48.96408939361572,51.62071549682878,5.46349327699669,70.01059079170227,72.66721689491533,11,6.791672426625155,8,0.0,0.0,0,0
1p5b_arc_challenge,frozen,oracle,3e-06,32,2.780250532203354,15.64621453511063,0.17769477249365195,48.96408939361572,51.74433992581908,3.3071475410044417,70.01059079170227,72.79084132390562,6,12.865964002907276,4,0.0,0.0,0,0
1p5b_arc_challenge,frozen,oracle20,3e-06,32,2.780250532203354,9.664720969973132,0.28767002594706914,48.96408939361572,51.74433992581908,5.353940386544126,70.01059079170227,72.79084132390562,11,6.884470437769778,8,0.0,0.0,0,0
1p5b_arc_challenge,frozen,mean,3e-06,32,2.780250532203354,9.48045956005808,0.29326115623305515,48.96408939361572,51.74433992581908,5.457999118926897,70.01059079170227,72.79084132390562,11,6.700209027854726,8,0.0,0.0,0,0
1p5b_arc_challenge,periodic8,oracle,0.0001,32,7.072380034835078,14.723278371384367,0.4803536180216969,48.96408939361572,56.0364694284508,3.805977718750551,70.01059079170227,77.08297082653735,10,7.6508983365492895,7,0.4333692957859985,0.19191149094539184,4,0
1p5b_arc_challenge,periodic8,oracle20,0.0001,32,7.072380034835078,9.510841038660146,0.7436124740269457,48.96408939361572,56.0364694284508,5.891852171713409,70.01059079170227,77.08297082653735,29,2.4384610038250685,21,0.4333692957859985,0.19191149094539184,4,0
1p5b_arc_challenge,periodic8,mean,0.0001,32,7.072380034835078,9.511108839767985,0.7435915363794325,48.96408939361572,56.0364694284508,5.891686276804058,70.01059079170227,77.08297082653735,29,2.4387288049329072,21,0.4333692957859985,0.19191149094539184,4,0
1p5b_arc_challenge,periodic8,oracle,1e-05,32,6.941093185683712,15.208026680047624,0.4564098506474988,48.96408939361572,55.905182579299435,3.6760313323650986,70.01059079170227,76.95168397738598,9,8.266933494363911,6,0.43270763273900886,0.1855302855785844,4,1
1p5b_arc_challenge,periodic8,oracle20,1e-05,32,6.941093185683712,9.542572512989864,0.7273817596078125,48.96408939361572,55.905182579299435,5.858502254313319,70.01059079170227,76.95168397738598,27,2.6014793273061514,19,0.43270763273900886,0.1855302855785844,4,1
1p5b_arc_challenge,periodic8,mean,1e-05,32,6.941093185683712,9.085680522373877,0.7639596361099175,48.96408939361572,55.905182579299435,6.153108998454274,70.01059079170227,76.95168397738598,33,2.144587336690165,23,0.43270763273900886,0.1855302855785844,4,1
1p5b_arc_challenge,periodic8,oracle,3e-05,32,7.104236323270015,15.308490673894994,0.4640716367541451,48.96408939361572,56.06832571688574,3.6625639268603396,70.01059079170227,77.11482711497229,9,8.204254350624979,6,0.4343360888853648,0.19528792692520705,4,1
1p5b_arc_challenge,periodic8,oracle20,3e-05,32,7.104236323270015,9.4830739707686,0.749149099244474,48.96408939361572,56.06832571688574,5.912463183321707,70.01059079170227,77.11482711497229,30,2.3788376474985853,21,0.4343360888853648,0.19528792692520705,4,1
1p5b_arc_challenge,periodic8,mean,3e-05,32,7.104236323270015,9.448298529838212,0.751906420064361,48.96408939361572,56.06832571688574,5.934224616190851,70.01059079170227,77.11482711497229,30,2.3440622065681964,21,0.4343360888853648,0.19528792692520705,4,1
1p5b_arc_challenge,periodic8,oracle,3e-06,32,7.0284076211974025,15.64621453511063,0.4492081842176854,48.96408939361572,55.992497014813125,3.5786609527284754,70.01059079170227,77.03899841289967,9,8.617806913913228,6,0.4367777999469519,0.19029753351630616,4,2
1p5b_arc_challenge,periodic8,oracle20,3e-06,32,7.0284076211974025,9.664720969973132,0.7272230251689245,48.96408939361572,55.992497014813125,5.793493385765982,70.01059079170227,77.03899841289967,27,2.6363133487757295,19,0.4367777999469519,0.19029753351630616,4,2
1p5b_arc_challenge,periodic8,mean,3e-06,32,7.0284076211974025,9.48045956005808,0.741357270359407,48.96408939361572,55.992497014813125,5.906095233053249,70.01059079170227,77.03899841289967,29,2.452051938860677,20,0.4367777999469519,0.19029753351630616,4,2
1p5b_arc_easy,adaptive,oracle,0.0001,32,34.19444980297703,15.745616198983043,2.1716806361116268,85.19502401351929,119.38947381649632,7.582394509540204,110.00956439971924,144.20401420269627,,-18.44883360399399,,0.6540850575486965,0.27422630991530916,32,23
1p5b_arc_easy,adaptive,oracle20,0.0001,32,34.19444980297703,9.84595967142377,3.4729422975619766,85.19502401351929,119.38947381649632,12.125732564495875,110.00956439971924,144.20401420269627,,-24.348490131553262,,0.6540850575486965,0.27422630991530916,32,23
1p5b_arc_easy,adaptive,mean,0.0001,32,34.19444980297703,9.096111250226386,3.75923830110653,85.19502401351929,119.38947381649632,13.125331312710685,110.00956439971924,144.20401420269627,,-25.098338552750647,,0.6540850575486965,0.27422630991530916,32,23
1p5b_arc_easy,adaptive,oracle,1e-05,32,37.404851209023036,14.736518058227375,2.538242145208784,85.19502401351929,122.59987522254232,8.319460183071875,110.00956439971924,147.41441560874227,,-22.66833315079566,,0.6556383567382316,0.2703407644661387,32,27
1p5b_arc_easy,adaptive,oracle20,1e-05,32,37.404851209023036,9.390030891168863,3.9834641272800875,85.19502401351929,122.59987522254232,13.056386783332638,110.00956439971924,147.41441560874227,,-28.014820317854173,,0.6556383567382316,0.2703407644661387,32,27
1p5b_arc_easy,adaptive,mean,1e-05,32,37.404851209023036,9.580522615811788,3.90425999801824,85.19502401351929,122.59987522254232,12.79678365564341,110.00956439971924,147.41441560874227,,-27.82432859321125,,0.6556383567382316,0.2703407644661387,32,27
1p5b_arc_easy,adaptive,oracle,3e-05,32,39.20618464984,14.766615394502878,2.655055583314993,85.19502401351929,124.40120866335928,8.424490334438435,110.00956439971924,149.21574904955924,,-24.43956925533712,,0.6594385989682333,0.27063921436092964,32,26
1p5b_arc_easy,adaptive,oracle20,3e-05,32,39.20618464984,9.177811443107203,4.271844643232996,85.19502401351929,124.40120866335928,13.554561393477758,110.00956439971924,149.21574904955924,,-30.028373206732795,,0.6594385989682333,0.27063921436092964,32,26
1p5b_arc_easy,adaptive,mean,3e-05,32,39.20618464984,9.255552172893658,4.235963875246847,85.19502401351929,124.40120866335928,13.440711730596453,110.00956439971924,149.21574904955924,,-29.95063247694634,,0.6594385989682333,0.27063921436092964,32,26
1p5b_arc_easy,adaptive,oracle,3e-06,32,38.090273698209785,14.602129486040212,2.6085423865487893,85.19502401351929,123.28529771172907,8.442967022692896,110.00956439971924,148.09983809792902,,-23.488144212169573,,0.664210343964906,0.26208780378212276,32,29
1p5b_arc_easy,adaptive,oracle20,3e-06,32,38.090273698209785,9.304764841101132,4.093630988926976,85.19502401351929,123.28529771172907,13.24969516340183,110.00956439971924,148.09983809792902,,-28.785508857108653,,0.664210343964906,0.26208780378212276,32,29
1p5b_arc_easy,adaptive,mean,3e-06,32,38.090273698209785,8.335685615777038,4.569542981097551,85.19502401351929,123.28529771172907,14.790060877342317,110.00956439971924,148.09983809792902,,-29.754588082432747,,0.664210343964906,0.26208780378212276,32,29
1p5b_arc_easy,frozen,oracle,0.0001,32,2.766714416560717,15.745616198983043,0.1757133148424772,85.19502401351929,87.96173843008,5.586427188271054,110.00956439971924,112.77627881627996,9,12.978901782422327,7,0.0,0.0,0,0
1p5b_arc_easy,frozen,oracle20,0.0001,32,2.766714416560717,9.84595967142377,0.2809999744962024,85.19502401351929,87.96173843008,8.933790241430101,110.00956439971924,112.77627881627996,16,7.079245254863054,13,0.0,0.0,0,0
1p5b_arc_easy,frozen,mean,0.0001,32,2.766714416560717,9.096111250226386,0.30416453146303135,85.19502401351929,87.96173843008,9.670257543067187,110.00956439971924,112.77627881627996,18,6.329396833665669,14,0.0,0.0,0,0
1p5b_arc_easy,frozen,oracle,1e-05,32,3.095542534138076,14.736518058227375,0.2100592909333721,85.19502401351929,88.29056654765736,5.991277328796464,110.00956439971924,113.10510693385731,10,11.6409755240893,8,0.0,0.0,0,0
1p5b_arc_easy,frozen,oracle20,1e-05,32,3.095542534138076,9.390030891168863,0.3296626571324033,85.19502401351929,88.29056654765736,9.402585313184954,110.00956439971924,113.10510693385731,18,6.294488357030787,14,0.0,0.0,0,0
1p5b_arc_easy,frozen,mean,1e-05,32,3.095542534138076,9.580522615811788,0.3231078990439585,85.19502401351929,88.29056654765736,9.215631556669127,110.00956439971924,113.10510693385731,17,6.4849800816737115,14,0.0,0.0,0,0
1p5b_arc_easy,frozen,oracle,3e-05,32,3.097312106983736,14.766615394502878,0.20975098383999105,85.19502401351929,88.29233612050302,5.9791857349634325,110.00956439971924,113.10687650670297,10,11.669303287519142,8,0.0,0.0,0,0
1p5b_arc_easy,frozen,oracle20,3e-05,32,3.097312106983736,9.177811443107203,0.3374782894793405,85.19502401351929,88.29233612050302,9.620195039724104,110.00956439971924,113.10687650670297,19,6.0804993361234665,15,0.0,0.0,0,0
1p5b_arc_easy,frozen,mean,3e-05,32,3.097312106983736,9.255552172893658,0.3346436872836936,85.19502401351929,88.29233612050302,9.5393915426333,110.00956439971924,113.10687650670297,18,6.158240065909922,14,0.0,0.0,0,0
1p5b_arc_easy,frozen,oracle,3e-06,32,3.186202146112919,14.602129486040212,0.21820119792520407,85.19502401351929,88.3812261596322,6.05262583406931,110.00956439971924,113.19576654583216,10,11.415927339927293,8,0.0,0.0,0,0
1p5b_arc_easy,frozen,oracle20,3e-06,32,3.186202146112919,9.304764841101132,0.34242693937183494,85.19502401351929,88.3812261596322,9.49849111384669,110.00956439971924,113.19576654583216,18,6.1185626949882135,14,0.0,0.0,0,0
1p5b_arc_easy,frozen,mean,3e-06,32,3.186202146112919,8.335685615777038,0.382236362187456,85.19502401351929,88.3812261596322,10.602754258432222,110.00956439971924,113.19576654583216,22,5.149483469664119,17,0.0,0.0,0,0
1p5b_arc_easy,periodic8,oracle,0.0001,32,6.970595598919317,15.745616198983043,0.4427007181446176,85.19502401351929,92.1656196124386,5.853414591573195,110.00956439971924,116.98015999863856,13,8.775020600063726,10,0.44279185319342423,0.18177228071324367,4,0
1p5b_arc_easy,periodic8,oracle20,0.0001,32,6.970595598919317,9.84595967142377,0.7079650772032197,85.19502401351929,92.1656196124386,9.360755344137118,110.00956439971924,116.98015999863856,39,2.8753640725044534,30,0.44279185319342423,0.18177228071324367,4,0
1p5b_arc_easy,periodic8,mean,0.0001,32,6.970595598919317,9.096111250226386,0.7663269948183441,85.19502401351929,92.1656196124386,10.1324200064225,110.00956439971924,116.98015999863856,52,2.1255156513070688,41,0.44279185319342423,0.18177228071324367,4,0
1p5b_arc_easy,periodic8,oracle,1e-05,32,7.257934369030409,14.736518058227375,0.49251351916053976,85.19502401351929,92.4529583825497,6.273731557023631,110.00956439971924,117.26749876874965,15,7.478583689196967,12,0.42557567028212556,0.16609266461918507,4,1
1p5b_arc_easy,periodic8,oracle20,1e-05,32,7.257934369030409,9.390030891168863,0.7729404144832315,85.19502401351929,92.4529583825497,9.845863070535781,110.00956439971924,117.26749876874965,52,2.132096522138454,40,0.42557567028212556,0.16609266461918507,4,1
1p5b_arc_easy,periodic8,mean,1e-05,32,7.257934369030409,9.580522615811788,0.7575718632563785,85.19502401351929,92.4529583825497,9.650095520881548,110.00956439971924,117.26749876874965,48,2.322588246781379,37,0.42557567028212556,0.16609266461918507,4,1
1p5b_arc_easy,periodic8,oracle,3e-05,32,7.2826478676870465,14.766615394502878,0.4931832835842759,85.19502401351929,92.47767188120633,6.262618034707717,110.00956439971924,117.29221226740628,15,7.483967526815832,12,0.418548897238279,0.16916909349492792,4,0
1p5b_arc_easy,periodic8,oracle20,3e-05,32,7.2826478676870465,9.177811443107203,0.793505936881774,85.19502401351929,92.47767188120633,10.076222687126537,110.00956439971924,117.29221226740628,59,1.8951635754201561,45,0.418548897238279,0.16916909349492792,4,0
1p5b_arc_easy,periodic8,mean,3e-05,32,7.2826478676870465,9.255552172893658,0.7868409935622671,85.19502401351929,92.47767188120633,9.991588848911872,110.00956439971924,117.29221226740628,56,1.9729043052066118,44,0.418548897238279,0.16916909349492792,4,0
1p5b_arc_easy,periodic8,oracle,3e-06,32,7.01109461102169,14.602129486040212,0.48014192845806286,85.19502401351929,92.20611862454098,6.314566564602169,110.00956439971924,117.02065901074093,15,7.591034875018522,12,0.4298816508915329,0.17055756917094195,4,2
1p5b_arc_easy,periodic8,oracle20,3e-06,32,7.01109461102169,9.304764841101132,0.7534950888873826,85.19502401351929,92.20611862454098,9.909559263362237,110.00956439971924,117.02065901074093,48,2.2936702300794423,38,0.4298816508915329,0.17055756917094195,4,2
1p5b_arc_easy,periodic8,mean,3e-06,32,7.01109461102169,8.335685615777038,0.8410939344631375,85.19502401351929,92.20611862454098,11.061611830707903,110.00956439971924,117.02065901074093,84,1.324591004755348,65,0.4298816508915329,0.17055756917094195,4,2
1p5b_boolq,adaptive,oracle,0.0001,32,42.813974901800975,15.688042204943486,2.7290833580438605,214.77787494659424,257.5918498483952,16.419630090440794,240.02621817588806,282.84019307768904,,-27.12593269685749,,0.6556453023633771,0.2821296571540825,32,16
1p5b_boolq,adaptive,oracle20,0.0001,32,42.813974901800975,9.822383580263704,4.358817241451238,214.77787494659424,257.5918498483952,26.224983757097334,240.02621817588806,282.84019307768904,,-32.99159132153727,,0.6556453023633771,0.2821296571540825,32,16
1p5b_boolq,adaptive,mean,0.0001,32,42.813974901800975,9.543378219939768,4.486249409286347,214.77787494659424,257.5918498483952,26.99168406740784,240.02621817588806,282.84019307768904,,-33.27059668186121,,0.6556453023633771,0.2821296571540825,32,16
1p5b_boolq,adaptive,oracle,1e-05,32,42.218265936826356,15.706435266882181,2.687959757860889,214.77787494659424,256.9961408834206,16.36247413983936,240.02621817588806,282.2444841127144,,-26.511830669944175,,0.6540210968277949,0.2824616989047737,32,24
1p5b_boolq,adaptive,oracle20,1e-05,32,42.218265936826356,10.021242411341518,4.212877426160845,214.77787494659424,256.9961408834206,25.645137632092982,240.02621817588806,282.2444841127144,,-32.19702352548484,,0.6540210968277949,0.2824616989047737,32,24
1p5b_boolq,adaptive,mean,1e-05,32,42.218265936826356,9.703035399899818,4.351036989647822,214.77787494659424,256.9961408834206,26.486159257552956,240.02621817588806,282.2444841127144,,-32.51523053692654,,0.6540210968277949,0.2824616989047737,32,24
1p5b_boolq,adaptive,oracle,3e-05,32,42.44243759231176,15.598832163028419,2.7208727646231576,214.77787494659424,257.220312538906,16.489716015315356,240.02621817588806,282.4686557681998,,-26.843605429283343,,0.6547297834640359,0.2821345697469078,32,16
1p5b_boolq,adaptive,oracle20,3e-05,32,42.44243759231176,9.855564201017842,4.30644423055237,214.77787494659424,257.220312538906,26.098994161322732,240.02621817588806,282.4686557681998,,-32.58687339129392,,0.6547297834640359,0.2821345697469078,32,16
1p5b_boolq,adaptive,mean,3e-05,32,42.44243759231176,9.676317253150046,4.386218070567599,214.77787494659424,257.220312538906,26.582459608294677,240.02621817588806,282.4686557681998,,-32.766120339161716,,0.6547297834640359,0.2821345697469078,32,16
1p5b_boolq,adaptive,oracle,3e-06,32,43.71007262566127,15.907635319745168,2.747741681719762,214.77787494659424,258.4879475722555,16.24930056395059,240.02621817588806,283.73629080154933,,-27.8024373059161,,0.6560057182810217,0.27846950933797254,32,26
1p5b_boolq,adaptive,oracle20,3e-06,32,43.71007262566127,9.90718247089535,4.411957966260313,214.77787494659424,258.4879475722555,26.09096464424915,240.02621817588806,283.73629080154933,,-33.80289015476592,,0.6560057182810217,0.27846950933797254,32,26
1p5b_boolq,adaptive,mean,3e-06,32,43.71007262566127,9.861366923782043,4.432455760291042,214.77787494659424,258.4879475722555,26.212182303943713,240.02621817588806,283.73629080154933,,-33.848705701879226,,0.6560057182810217,0.27846950933797254,32,26
1p5b_boolq,frozen,oracle,0.0001,32,2.948996082879603,15.688042204943486,0.18797731701348558,214.77787494659424,217.72687102947384,13.87852404941042,240.02621817588806,242.97521425876766,19,12.739046122063883,17,0.0,0.0,0,0
1p5b_boolq,frozen,oracle20,0.0001,32,2.948996082879603,9.822383580263704,0.3002322255877967,214.77787494659424,217.72687102947384,22.166398741233895,240.02621817588806,242.97521425876766,35,6.873387497384101,32,0.0,0.0,0,0
1p5b_boolq,frozen,mean,0.0001,32,2.948996082879603,9.543378219939768,0.30900966250274164,214.77787494659424,217.72687102947384,22.814444320624233,240.02621817588806,242.97521425876766,37,6.594382137060165,33,0.0,0.0,0,0
1p5b_boolq,frozen,oracle,1e-05,32,2.9876619570422918,15.706435266882181,0.19021897115903372,214.77787494659424,217.76553690363653,13.864733353137504,240.02621817588806,243.01388013293035,19,12.71877330983989,17,0.0,0.0,0,0
1p5b_boolq,frozen,oracle20,1e-05,32,2.9876619570422918,10.021242411341518,0.2981328895567891,214.77787494659424,217.76553690363653,21.730393095488928,240.02621817588806,243.01388013293035,35,7.033580454299226,31,0.0,0.0,0,0
1p5b_boolq,frozen,mean,1e-05,32,2.9876619570422918,9.703035399899818,0.3079100337068892,214.77787494659424,217.76553690363653,22.44303230161202,240.02621817588806,243.01388013293035,36,6.715373442857526,32,0.0,0.0,0,0
1p5b_boolq,frozen,oracle,3e-05,32,2.9243985797511414,15.598832163028419,0.18747548208656328,214.77787494659424,217.70227352634538,13.956318732778762,240.02621817588806,242.9506167556392,19,12.674433583277278,17,0.0,0.0,0,0
1p5b_boolq,frozen,oracle20,3e-05,32,2.9243985797511414,9.855564201017842,0.29672563844179733,214.77787494659424,217.70227352634538,22.089275569212163,240.02621817588806,242.9506167556392,35,6.9311656212667,31,0.0,0.0,0,0
1p5b_boolq,frozen,mean,3e-05,32,2.9243985797511414,9.676317253150046,0.3022222714741114,214.77787494659424,217.70227352634538,22.49846380920119,240.02621817588806,242.9506167556392,36,6.7519186733989045,32,0.0,0.0,0,0
1p5b_boolq,frozen,oracle,3e-06,32,3.1620448329485953,15.907635319745168,0.19877529056903534,214.77787494659424,217.93991977954283,13.700334172799865,240.02621817588806,243.18826300883666,19,12.745590486796573,17,0.0,0.0,0,0
1p5b_boolq,frozen,oracle20,3e-06,32,3.1620448329485953,9.90718247089535,0.3191669117065156,214.77787494659424,217.93991977954283,21.99817358969535,240.02621817588806,243.18826300883666,36,6.745137637946755,32,0.0,0.0,0,0
1p5b_boolq,frozen,mean,3e-06,32,3.1620448329485953,9.861366923782043,0.320649749409779,214.77787494659424,217.93991977954283,22.10037629306245,240.02621817588806,243.18826300883666,36,6.699322090833448,33,0.0,0.0,0,0
1p5b_boolq,periodic8,oracle,0.0001,32,7.86104844417423,15.688042204943486,0.5010853707224935,214.77787494659424,222.63892339076847,14.191632103119428,240.02621817588806,247.8872666200623,31,7.8269937607692555,28,0.439198514231666,0.18149777376150633,4,1
1p5b_boolq,periodic8,oracle20,0.0001,32,7.86104844417423,9.822383580263704,0.8003198388596409,214.77787494659424,222.63892339076847,22.66648635450574,240.02621817588806,247.8872666200623,123,1.961335136089474,110,0.439198514231666,0.18149777376150633,4,1
1p5b_boolq,periodic8,mean,0.0001,32,7.86104844417423,9.543378219939768,0.8237175833343262,214.77787494659424,222.63892339076847,23.329152241455816,240.02621817588806,247.8872666200623,143,1.6823297757655382,128,0.439198514231666,0.18149777376150633,4,1
1p5b_boolq,periodic8,oracle,1e-05,32,7.725275377044454,15.706435266882181,0.4918541505935208,214.77787494659424,222.5031503236387,14.16636853257199,240.02621817588806,247.75149355293252,31,7.981159889837727,27,0.43969543028807867,0.18016818818024052,4,2
1p5b_boolq,periodic8,oracle20,1e-05,32,7.725275377044454,10.021242411341518,0.7708899814958464,214.77787494659424,222.5031503236387,22.203150187427983,240.02621817588806,247.75149355293252,105,2.295967034297064,94,0.43969543028807867,0.18016818818024052,4,2
1p5b_boolq,periodic8,mean,1e-05,32,7.725275377044454,9.703035399899818,0.7961709979048635,214.77787494659424,222.5031503236387,22.931293265809995,240.02621817588806,247.75149355293252,122,1.9777600228553638,109,0.43969543028807867,0.18016818818024052,4,2
1p5b_boolq,periodic8,oracle,3e-05,32,7.855975836282596,15.598832163028419,0.5036258967451706,214.77787494659424,222.63385078287683,14.27246914743737,240.02621817588806,247.88219401217066,31,7.742856326745823,28,0.4486753493601323,0.17686295821448894,4,1
1p5b_boolq,periodic8,oracle20,3e-05,32,7.855975836282596,9.855564201017842,0.7971107159416874,214.77787494659424,222.63385078287683,22.58966064671205,240.02621817588806,247.88219401217066,121,1.9995883647352457,108,0.4486753493601323,0.17686295821448894,4,1
1p5b_boolq,periodic8,mean,3e-05,32,7.855975836282596,9.676317253150046,0.8118766293783047,214.77787494659424,222.63385078287683,23.008118167105383,240.02621817588806,247.88219401217066,132,1.8203414168674499,118,0.4486753493601323,0.17686295821448894,4,1
1p5b_boolq,periodic8,oracle,3e-06,32,7.805648029083386,15.907635319745168,0.49068562813950833,214.77787494659424,222.58352297567762,13.992244510370337,240.02621817588806,247.83186620497145,30,8.101987290661782,27,0.44530042055454244,0.18008373818428133,4,2
1p5b_boolq,periodic8,oracle20,3e-06,32,7.805648029083386,9.90718247089535,0.7878776889407549,214.77787494659424,222.58352297567762,22.46688436692959,240.02621817588806,247.83186620497145,115,2.101534441811964,103,0.44530042055454244,0.18008373818428133,4,2
1p5b_boolq,periodic8,mean,3e-06,32,7.805648029083386,9.861366923782043,0.7915381396324471,214.77787494659424,222.58352297567762,22.57126468328512,240.02621817588806,247.83186620497145,117,2.055718894698657,105,0.44530042055454244,0.18008373818428133,4,2
1p5b_countdown,adaptive,oracle,0.0001,32,41.915280164103024,15.10665861913003,2.7746228481673905,217.1455671787262,259.0608473428292,17.148785437884484,245.02646207809448,286.9417422421975,,-26.808621544972993,,0.6580556564591655,0.27929210469512955,32,16
1p5b_countdown,adaptive,oracle20,0.0001,32,41.915280164103024,8.980902139446698,4.6671569863788065,217.1455671787262,259.0608473428292,28.845748825717592,245.02646207809448,286.9417422421975,,-32.934378024656326,,0.6580556564591655,0.27929210469512955,32,16
1p5b_countdown,adaptive,mean,0.0001,32,41.915280164103024,9.114439558936283,4.59877756532019,217.1455671787262,259.0608473428292,28.423124172109095,245.02646207809448,286.9417422421975,,-32.80084060516674,,0.6580556564591655,0.27929210469512955,32,16
1p5b_countdown,adaptive,oracle,1e-05,32,37.87025733408518,15.078247596742585,2.511582137851778,217.1455671787262,255.01582451281138,16.912829085516773,245.02646207809448,282.89671941217966,,-22.792009737342596,,0.6617063796544975,0.26744436546674255,32,32
1p5b_countdown,adaptive,oracle20,1e-05,32,37.87025733408518,9.448672803351656,4.007997538093578,217.1455671787262,255.01582451281138,26.98959206443804,245.02646207809448,282.89671941217966,,-28.421584530733526,,0.6617063796544975,0.26744436546674255,32,32
1p5b_countdown,adaptive,mean,1e-05,32,37.87025733408518,9.403663295088336,4.027181338347721,217.1455671787262,255.01582451281138,27.11877451482229,245.02646207809448,282.89671941217966,,-28.466594038996845,,0.6617063796544975,0.26744436546674255,32,32
1p5b_countdown,adaptive,oracle,3e-05,32,41.37329965271056,15.050168574089184,2.7490256636686485,217.1455671787262,258.51886683143675,17.177140944222412,245.02646207809448,286.39976173080504,,-26.323131078621373,,0.655182001941922,0.28158716799790534,32,27
1p5b_countdown,adaptive,oracle20,3e-05,32,41.37329965271056,9.402595087885857,4.400200079445643,217.1455671787262,258.51886683143675,27.494416638711588,245.02646207809448,286.39976173080504,,-31.9707045648247,,0.655182001941922,0.28158716799790534,32,27
1p5b_countdown,adaptive,mean,3e-05,32,41.37329965271056,9.448620427283458,4.37876618826201,217.1455671787262,258.51886683143675,27.360488107337662,245.02646207809448,286.39976173080504,,-31.9246792254271,,0.655182001941922,0.28158716799790534,32,27
1p5b_countdown,adaptive,oracle,3e-06,32,40.96889686153736,14.860225763986818,2.756949827829931,217.1455671787262,258.11446404026356,17.369484699606243,245.02646207809448,285.99535893963184,,-26.10867109755054,,0.6571201024542072,0.2782344221462147,32,32
1p5b_countdown,adaptive,oracle20,3e-06,32,40.96889686153736,9.6287060509203,4.254870451427022,217.1455671787262,258.11446404026356,26.806765382103787,245.02646207809448,285.99535893963184,,-31.34019081061706,,0.6571201024542072,0.2782344221462147,32,32
1p5b_countdown,adaptive,mean,3e-06,32,40.96889686153736,9.400622633518651,4.358104612715712,217.1455671787262,258.11446404026356,27.45716683913429,245.02646207809448,285.99535893963184,,-31.56827422801871,,0.6571201024542072,0.2782344221462147,32,32
1p5b_countdown,frozen,oracle,0.0001,32,2.9164840899175033,15.10665861913003,0.1930595086212029,217.1455671787262,220.0620512686437,14.567222098338299,245.02646207809448,247.94294616801199,21,12.190174529212527,18,0.0,0.0,0,0
1p5b_countdown,frozen,oracle20,0.0001,32,2.9164840899175033,8.980902139446698,0.3247428871435386,217.1455671787262,220.0620512686437,24.503334726482326,245.02646207809448,247.94294616801199,41,6.064418049529195,36,0.0,0.0,0,0
1p5b_countdown,frozen,mean,0.0001,32,2.9164840899175033,9.114439558936283,0.3199850161997099,217.1455671787262,220.0620512686437,24.144331622988616,245.02646207809448,247.94294616801199,40,6.19795546901878,36,0.0,0.0,0,0
1p5b_countdown,frozen,oracle,1e-05,32,2.9157713300082833,15.078247596742585,0.1933760081402423,217.1455671787262,220.06133850873448,14.594622955805237,245.02646207809448,247.94223340810277,21,12.162476266734302,18,0.0,0.0,0,0
1p5b_countdown,frozen,oracle20,1e-05,32,2.9157713300082833,9.448672803351656,0.3085905704104807,217.1455671787262,220.06133850873448,23.290185096754943,245.02646207809448,247.94223340810277,38,6.532901473343372,34,0.0,0.0,0,0
1p5b_countdown,frozen,mean,1e-05,32,2.9157713300082833,9.403663295088336,0.31006760222170343,217.1455671787262,220.06133850873448,23.401660778696275,245.02646207809448,247.94223340810277,38,6.487891965080053,34,0.0,0.0,0,0
1p5b_countdown,frozen,oracle,3e-05,32,2.8884030145127326,15.050168574089184,0.19191831641577042,217.1455671787262,220.03397019323893,14.620033596969533,245.02646207809448,247.91486509260722,21,12.161765559576452,18,0.0,0.0,0,0
1p5b_countdown,frozen,oracle20,3e-05,32,2.8884030145127326,9.402595087885857,0.3071921089353408,217.1455671787262,220.03397019323893,23.401408668201288,245.02646207809448,247.91486509260722,38,6.514192073373124,34,0.0,0.0,0,0
1p5b_countdown,frozen,mean,3e-05,32,2.8884030145127326,9.448620427283458,0.3056957401074442,217.1455671787262,220.03397019323893,23.287417659183095,245.02646207809448,247.91486509260722,38,6.560217412770726,34,0.0,0.0,0,0
1p5b_countdown,frozen,oracle,3e-06,32,3.234116589068435,14.860225763986818,0.21763576411511806,217.1455671787262,220.37968376779463,14.830170635891431,245.02646207809448,248.26057866716292,22,11.626109174918383,19,0.0,0.0,0,0
1p5b_countdown,frozen,oracle20,3e-06,32,3.234116589068435,9.6287060509203,0.335882783415049,217.1455671787262,220.37968376779463,22.88777771409181,245.02646207809448,248.26057866716292,39,6.394589461851865,34,0.0,0.0,0,0
1p5b_countdown,frozen,mean,3e-06,32,3.234116589068435,9.400622633518651,0.34403216841583883,217.1455671787262,220.37968376779463,23.443094394834414,245.02646207809448,248.26057866716292,40,6.166506044450216,36,0.0,0.0,0,0
1p5b_countdown,periodic8,oracle,0.0001,32,7.760279183741659,15.10665861913003,0.5136992487481365,217.1455671787262,224.90584636246786,14.887861838465232,245.02646207809448,252.78674126183614,34,7.346379435388371,30,0.4515460002389161,0.17811966544723587,4,1
1p5b_countdown,periodic8,oracle20,0.0001,32,7.760279183741659,8.980902139446698,0.8640868214849249,217.1455671787262,224.90584636246786,25.042678660823714,245.02646207809448,252.78674126183614,201,1.2206229557050392,178,0.4515460002389161,0.17811966544723587,4,1
1p5b_countdown,periodic8,mean,0.0001,32,7.760279183741659,9.114439558936283,0.8514269180854973,217.1455671787262,224.90584636246786,24.6757735248744,245.02646207809448,252.78674126183614,181,1.354160375194624,161,0.4515460002389161,0.17811966544723587,4,1
1p5b_countdown,periodic8,oracle,1e-05,32,7.158996755955741,15.078247596742585,0.4747897068292159,217.1455671787262,224.30456393468194,14.87603665449421,245.02646207809448,252.18545883405022,31,7.9192508407868445,28,0.42244413123149815,0.17530886936178067,4,4
1p5b_countdown,periodic8,oracle20,1e-05,32,7.158996755955741,9.448672803351656,0.7576722048641884,217.1455671787262,224.30456393468194,23.73926673120865,245.02646207809448,252.18545883405022,108,2.289676047395915,95,0.42244413123149815,0.17530886936178067,4,4
1p5b_countdown,periodic8,mean,1e-05,32,7.158996755955741,9.403663295088336,0.7612987121407233,217.1455671787262,224.30456393468194,23.852891888615293,245.02646207809448,252.18545883405022,110,2.244666539132595,97,0.42244413123149815,0.17530886936178067,4,4
1p5b_countdown,periodic8,oracle,3e-05,32,7.600460380199365,15.050168574089184,0.5050083221848122,217.1455671787262,224.74602755892556,14.933123602738576,245.02646207809448,252.62692245829385,33,7.449708193889819,30,0.44453539968900246,0.18075851651404026,4,3
1p5b_countdown,periodic8,oracle20,3e-05,32,7.600460380199365,9.402595087885857,0.8083364548997403,217.1455671787262,224.74602755892556,23.902553014165687,245.02646207809448,252.62692245829385,136,1.8021347076864913,121,0.44453539968900246,0.18075851651404026,4,3
1p5b_countdown,periodic8,mean,3e-05,32,7.600460380199365,9.448620427283458,0.8043989531268056,217.1455671787262,224.74602755892556,23.786120872202456,245.02646207809448,252.62692245829385,133,1.848160047084093,118,0.44453539968900246,0.18075851651404026,4,3
1p5b_countdown,periodic8,oracle,3e-06,32,7.453640230698511,14.860225763986818,0.501583243019236,217.1455671787262,224.5992074094247,15.11411811479555,245.02646207809448,252.480102308793,34,7.4065855332883075,30,0.45116614606228467,0.16858916383581643,4,4
1p5b_countdown,periodic8,oracle20,3e-06,32,7.453640230698511,9.6287060509203,0.7741061147033459,217.1455671787262,224.5992074094247,23.32600104538011,245.02646207809448,252.480102308793,113,2.175065820221789,100,0.45116614606228467,0.16858916383581643,4,4
1p5b_countdown,periodic8,mean,3e-06,32,7.453640230698511,9.400622633518651,0.7928879310740522,217.1455671787262,224.5992074094247,23.89195015749263,245.02646207809448,252.480102308793,126,1.9469824028201401,112,0.45116614606228467,0.16858916383581643,4,4
1p5b_countdown_sensitivity_w0,frozen,oracle,3e-05,32,3.39156479050871,15.412004144745879,0.2200599453942485,218.8419156074524,222.2334803979611,14.419505621124747,245.02165627479553,248.41322106530424,21,12.020439354237169,19,0.0,0.0,0,0
1p5b_countdown_sensitivity_w0.0005,frozen,oracle,3e-05,32,3.180463151424192,15.442439047968946,0.2059560113233861,223.35171222686768,226.53217537829187,14.669455691203542,245.02449750900269,248.20496066042688,20,12.261975896544755,19,0.0,0.0,0,0
1p5b_countdown_sensitivity_w5e-05,frozen,oracle,3e-05,32,3.1908768196590245,15.601899910368957,0.2045184777488786,216.3125102519989,219.50338707165793,14.069016487266202,245.02365493774414,248.21453175740317,20,12.411023090709932,18,0.0,0.0,0,0
1p5b_gsm8k,adaptive,oracle,0.0001,32,45.22477477020584,15.821960313711315,2.858354709119959,259.96597623825073,305.1907510084566,19.289060581448823,285.03380274772644,330.2585775179323,,-29.402814456494525,,0.6654291274485644,0.27062844792228535,32,25
1p5b_gsm8k,adaptive,oracle20,0.0001,32,45.22477477020584,9.791195026715286,4.618922883959516,259.96597623825073,305.1907510084566,31.169918500830928,285.03380274772644,330.2585775179323,,-35.433579743490554,,0.6654291274485644,0.27062844792228535,32,25
1p5b_gsm8k,adaptive,mean,0.0001,32,45.22477477020584,9.743124442989938,4.641711704990541,259.96597623825073,305.1907510084566,31.323704505081807,285.03380274772644,330.2585775179323,,-35.4816503272159,,0.6654291274485644,0.27062844792228535,32,25
1p5b_gsm8k,adaptive,oracle,1e-05,32,44.70922875031829,15.954501037951559,2.802295643340196,259.96597623825073,304.675204988569,19.096504758364233,285.03380274772644,329.74303149804473,,-28.75472771236673,,0.6640334065729916,0.27240338711944256,32,32
1p5b_gsm8k,adaptive,oracle20,1e-05,32,44.70922875031829,9.985292284982279,4.477508266589277,259.96597623825073,304.675204988569,30.51239726320237,285.03380274772644,329.74303149804473,,-34.72393646533601,,0.6640334065729916,0.27240338711944256,32,32
1p5b_gsm8k,adaptive,mean,1e-05,32,44.70922875031829,9.825394644285552,4.550374857087411,259.96597623825073,304.675204988569,31.00895343331253,285.03380274772644,329.74303149804473,,-34.88383410603274,,0.6640334065729916,0.27240338711944256,32,32
1p5b_gsm8k,adaptive,oracle,3e-05,32,45.532461760682054,15.862167547806166,2.8705069230579063,259.96597623825073,305.4984379989328,19.259564437092653,285.03380274772644,330.5662645084085,,-29.670294212875888,,0.6655414952027374,0.2703060923200519,32,31
1p5b_gsm8k,adaptive,oracle20,3e-05,32,45.532461760682054,9.71616621944122,4.686258008799343,259.96597623825073,305.4984379989328,31.44228197616221,285.03380274772644,330.5662645084085,,-35.816295541240834,,0.6655414952027374,0.2703060923200519,32,31
1p5b_gsm8k,adaptive,mean,3e-05,32,45.532461760682054,9.727662845049053,4.680719560902139,259.96597623825073,305.4984379989328,31.40512195634102,285.03380274772644,330.5662645084085,,-35.804798915633,,0.6655414952027374,0.2703060923200519,32,31
1p5b_gsm8k,adaptive,oracle,3e-06,32,44.12052792799659,16.056183253065683,2.747883929362381,259.96597623825073,304.0865041662473,18.938903435110372,285.03380274772644,329.15433067572303,,-28.064344674930908,,0.6714742450071418,0.2622493366845194,32,32
1p5b_gsm8k,adaptive,oracle20,3e-06,32,44.12052792799659,9.762873859144747,4.519215198777715,259.96597623825073,304.0865041662473,31.14723272609056,285.03380274772644,329.15433067572303,,-34.35765406885184,,0.6714742450071418,0.2622493366845194,32,32
1p5b_gsm8k,adaptive,mean,3e-06,32,44.12052792799659,9.868432917748578,4.47087478789514,259.96597623825073,304.0865041662473,30.814062040117996,285.03380274772644,329.15433067572303,,-34.25209501024801,,0.6714742450071418,0.2622493366845194,32,32
1p5b_gsm8k,frozen,oracle,0.0001,32,3.1926414559129626,15.821960313711315,0.20178545468517062,259.96597623825073,263.1586176941637,16.632491327014034,285.03380274772644,288.2264442036394,23,12.629318857798353,21,0.0,0.0,0,0
1p5b_gsm8k,frozen,oracle20,0.0001,32,3.1926414559129626,9.791195026715286,0.32607270585478454,259.96597623825073,263.1586176941637,26.877068322726196,285.03380274772644,288.2264442036394,44,6.5985535708023235,40,0.0,0.0,0,0
1p5b_gsm8k,frozen,mean,0.0001,32,3.1926414559129626,9.743124442989938,0.32768148191004887,259.96597623825073,263.1586176941637,27.009674282001313,285.03380274772644,288.2264442036394,44,6.550482987076975,40,0.0,0.0,0,0
1p5b_gsm8k,frozen,oracle,1e-05,32,3.1657603780040517,15.954501037951559,0.19842427979875654,259.96597623825073,263.1317366162548,16.492633394822793,285.03380274772644,288.1995631257305,23,12.788740659947507,21,0.0,0.0,0,0
1p5b_gsm8k,frozen,oracle20,1e-05,32,3.1657603780040517,9.985292284982279,0.3170423346310358,259.96597623825073,263.1317366162548,26.351931331244128,285.03380274772644,288.1995631257305,42,6.819531906978227,39,0.0,0.0,0,0
1p5b_gsm8k,frozen,mean,1e-05,32,3.1657603780040517,9.825394644285552,0.32220185474639,259.96597623825073,263.1317366162548,26.780780430971507,285.03380274772644,288.1995631257305,43,6.6596342662815005,40,0.0,0.0,0,0
1p5b_gsm8k,frozen,oracle,3e-05,32,3.16727957862895,15.862167547806166,0.19967508028667896,259.96597623825073,263.1332558168797,16.588732594321424,285.03380274772644,288.2010823263554,23,12.694887969177216,21,0.0,0.0,0,0
1p5b_gsm8k,frozen,oracle20,3e-05,32,3.16727957862895,9.71616621944122,0.32598038229229687,259.96597623825073,263.1332558168797,27.08200434965516,285.03380274772644,288.2010823263554,44,6.54888664081227,40,0.0,0.0,0,0
1p5b_gsm8k,frozen,mean,3e-05,32,3.16727957862895,9.727662845049053,0.32559512280392755,259.96597623825073,263.1332558168797,27.049997518242808,285.03380274772644,288.2010823263554,44,6.560383266420104,40,0.0,0.0,0,0
1p5b_gsm8k,frozen,oracle,3e-06,32,3.255833236500621,16.056183253065683,0.20277753343896154,259.96597623825073,263.22180947475135,16.393797039186953,285.03380274772644,288.28963598422706,23,12.800350016565062,21,0.0,0.0,0,0
1p5b_gsm8k,frozen,oracle20,3e-06,32,3.255833236500621,9.762873859144747,0.3334912735199306,259.96597623825073,263.22180947475135,26.961508800832775,285.03380274772644,288.28963598422706,44,6.507040622644126,40,0.0,0.0,0,0
1p5b_gsm8k,frozen,mean,3e-06,32,3.255833236500621,9.868432917748578,0.32992403795388203,259.96597623825073,263.22180947475135,26.673111290176738,285.03380274772644,288.28963598422706,44,6.612599681247957,40,0.0,0.0,0,0
1p5b_gsm8k,periodic8,oracle,0.0001,32,8.274781580781564,15.821960313711315,0.522993448138701,259.96597623825073,268.2407578190323,16.953699320467564,285.03380274772644,293.308584328508,38,7.547178732929751,35,0.44710518398058385,0.17570978180935062,4,2
1p5b_gsm8k,periodic8,oracle20,0.0001,32,8.274781580781564,9.791195026715286,0.8451247838699785,259.96597623825073,268.2407578190323,27.396120400741392,285.03380274772644,293.308584328508,188,1.516413445933722,172,0.44710518398058385,0.17570978180935062,4,2
1p5b_gsm8k,periodic8,mean,0.0001,32,8.274781580781564,9.743124442989938,0.8492944567422795,259.96597623825073,268.2407578190323,27.531287256833544,285.03380274772644,293.308584328508,195,1.4683428622083738,178,0.44710518398058385,0.17570978180935062,4,2
1p5b_gsm8k,periodic8,oracle,1e-05,32,8.339494221028872,15.954501037951559,0.5227047966709464,259.96597623825073,268.3054704592796,16.816913911694982,285.03380274772644,293.3732969687553,38,7.615006816922687,35,0.4544936740272247,0.17293721979158203,4,4
1p5b_gsm8k,periodic8,oracle20,1e-05,32,8.339494221028872,9.985292284982279,0.8351777777773555,259.96597623825073,268.3054704592796,26.870066774390448,285.03380274772644,293.3732969687553,174,1.645798063953407,158,0.4544936740272247,0.17293721979158203,4,4
1p5b_gsm8k,periodic8,mean,1e-05,32,8.339494221028872,9.825394644285552,0.848769390233004,259.96597623825073,268.3054704592796,27.307347966458124,285.03380274772644,293.3732969687553,192,1.4859004232566804,175,0.4544936740272247,0.17293721979158203,4,4
1p5b_gsm8k,periodic8,oracle,3e-05,32,8.345617651590146,15.862167547806166,0.5261334950874602,259.96597623825073,268.3115938898409,16.915191009122204,285.03380274772644,293.3794203993166,38,7.51654989621602,35,0.44899805640705615,0.17627475239456425,4,4
1p5b_gsm8k,periodic8,oracle20,3e-05,32,8.345617651590146,9.71616621944122,0.8589414243337333,259.96597623825073,268.3115938898409,27.6149653916966,285.03380274772644,293.3794203993166,208,1.370548567851074,190,0.44899805640705615,0.17627475239456425,4,4
1p5b_gsm8k,periodic8,mean,3e-05,32,8.345617651590146,9.727662845049053,0.8579262855350392,259.96597623825073,268.3115938898409,27.58232868097392,285.03380274772644,293.3794203993166,207,1.3820451934589073,189,0.44899805640705615,0.17627475239456425,4,4
1p5b_gsm8k,periodic8,oracle,3e-06,32,8.313458069809712,16.056183253065683,0.5177729936672456,259.96597623825073,268.27943430806044,16.70879249941524,285.03380274772644,293.34726081753615,37,7.7427251832559705,34,0.4515444544734277,0.1724764283565314,4,4
1p5b_gsm8k,periodic8,oracle20,3e-06,32,8.313458069809712,9.762873859144747,0.8515379989287286,259.96597623825073,268.27943430806044,27.479555526241576,285.03380274772644,293.34726081753615,197,1.4494157893350348,180,0.4515444544734277,0.1724764283565314,4,4
1p5b_gsm8k,periodic8,mean,3e-06,32,8.313458069809712,9.868432917748578,0.8424294048610077,259.96597623825073,268.27943430806044,27.185616657083862,285.03380274772644,293.34726081753615,184,1.5549748479388654,168,0.4515444544734277,0.1724764283565314,4,4
1p5b_gsm8k_sensitivity_w0,frozen,oracle,3e-06,32,3.3115814530756325,15.44096719159279,0.21446722941544125,250.71991848945618,254.0314999425318,16.451786781908677,275.0267813205719,278.33836277364753,23,12.129385738517158,21,0.0,0.0,0,0
1p5b_gsm8k_sensitivity_w0.0005,frozen,oracle,3e-06,32,3.4775286723161116,13.402833609026857,0.2594621983499059,237.73843598365784,241.21596465597395,17.99738560460186,265.0256233215332,268.5031519938493,27,9.925304936710745,24,0.0,0.0,0,0
1p5b_gsm8k_sensitivity_w3e-06,frozen,oracle,3e-06,32,3.4185641179792583,15.608129137777723,0.21902459210854477,234.81185603141785,238.2304201493971,15.2632271328911,260.0261261463165,263.4446902642958,22,12.189565019798465,20,0.0,0.0,0,0
1p5b_gsm8k_sensitivity_w5e-05,frozen,oracle,3e-06,32,3.3556666207732633,14.857812184956856,0.2258520015598789,231.5657548904419,234.92142151121516,15.811306441810249,255.0272114276886,258.38287804846186,23,11.502145564183593,21,0.0,0.0,0,0
1p5b_math,adaptive,oracle,0.0001,32,57.27299904706888,21.8553801078815,2.620544633145733,325.2781505584717,382.55114960554056,17.503751832144285,355.0371079444885,412.3101069915574,,-35.41761893918738,,0.6404211778880327,0.28060332719605097,32,17
1p5b_math,adaptive,oracle20,0.0001,32,57.27299904706888,14.427729519316927,3.969647405046476,325.2781505584717,382.55114960554056,26.514993165996934,355.0371079444885,412.3101069915574,,-42.84526952775195,,0.6404211778880327,0.28060332719605097,32,17
1p5b_math,adaptive,mean,0.0001,32,57.27299904706888,15.144504183903337,3.781767851333339,325.2781505584717,382.55114960554056,25.260064308486463,355.0371079444885,412.3101069915574,,-42.12849486316554,,0.6404211778880327,0.28060332719605097,32,17
1p5b_math,adaptive,oracle,1e-05,32,55.33238257688936,21.60085819067899,2.5615826041932857,325.2781505584717,380.61053313536104,17.62015794815035,355.0371079444885,410.3694905213779,,-33.73152438621037,,0.6264911117213213,0.29115100036666114,32,32
1p5b_math,adaptive,oracle20,1e-05,32,55.33238257688936,13.790425995946862,4.012376600487329,325.2781505584717,380.61053313536104,27.59962116088554,355.0371079444885,410.3694905213779,,-41.5419565809425,,0.6264911117213213,0.29115100036666114,32,32
1p5b_math,adaptive,mean,1e-05,32,55.33238257688936,13.815286792232655,4.005156274280082,325.2781505584717,380.61053313536104,27.549955267620724,355.0371079444885,410.3694905213779,,-41.5170957846567,,0.6264911117213213,0.29115100036666114,32,32
1p5b_math,adaptive,oracle,3e-05,32,55.017860036110505,21.649513987009414,2.541297696988646,325.2781505584717,380.2960105945822,17.566029926712222,355.0371079444885,410.05496798059903,,-33.36834604910109,,0.6277323125783324,0.2901409723252679,32,31
1p5b_math,adaptive,oracle20,3e-05,32,55.017860036110505,13.97660764574539,3.9364244479495323,325.2781505584717,380.2960105945822,27.20946457349741,355.0371079444885,410.05496798059903,,-41.041252390365116,,0.6277323125783324,0.2901409723252679,32,31
1p5b_math,adaptive,mean,3e-05,32,55.017860036110505,14.847514139954,3.705526697432797,325.2781505584717,380.2960105945822,25.61344660189429,355.0371079444885,410.05496798059903,,-40.170345896156505,,0.6277323125783324,0.2901409723252679,32,31
1p5b_math,adaptive,oracle,3e-06,32,55.70240648731124,22.380746120819822,2.4888538651306957,325.2781505584717,380.9805570457829,17.022692406638466,355.0371079444885,410.73951443179976,,-33.321660366491415,,0.6115906915726572,0.313087821311553,32,32
1p5b_math,adaptive,oracle20,3e-06,32,55.70240648731124,12.36842438369058,4.503597609470961,325.2781505584717,380.9805570457829,30.8026750398504,355.0371079444885,410.73951443179976,,-43.333982103620656,,0.6115906915726572,0.313087821311553,32,32
1p5b_math,adaptive,mean,3e-06,32,55.70240648731124,14.822514956467785,3.757959202665912,325.2781505584717,380.9805570457829,25.702828309816788,355.0371079444885,410.73951443179976,,-40.87989153084345,,0.6115906915726572,0.313087821311553,32,32
1p5b_math,frozen,oracle,0.0001,32,4.8209603619761765,21.8553801078815,0.22058460379911848,325.2781505584717,330.09911092044786,15.10379180279767,355.0371079444885,359.8580683064647,21,17.034419745905325,20,0.0,0.0,0,0
1p5b_math,frozen,oracle20,0.0001,32,4.8209603619761765,14.427729519316927,0.3341454631181929,325.2781505584717,330.09911092044786,22.87949122406865,355.0371079444885,359.8580683064647,37,9.60676915734075,34,0.0,0.0,0,0
1p5b_math,frozen,mean,0.0001,32,4.8209603619761765,15.144504183903337,0.3183306830936227,325.2781505584717,330.09911092044786,21.796627140246745,355.0371079444885,359.8580683064647,35,10.32354382192716,32,0.0,0.0,0,0
1p5b_math,frozen,oracle,1e-05,32,4.819677655235864,21.60085819067899,0.22312435981435258,325.2781505584717,330.09782821370754,15.281699703771418,355.0371079444885,359.8567855997244,22,16.781180535443127,20,0.0,0.0,0,0
1p5b_math,frozen,oracle20,1e-05,32,4.819677655235864,13.790425995946862,0.34949447222677626,325.2781505584717,330.09782821370754,23.936739032624985,355.0371079444885,359.8567855997244,40,8.970748340710998,37,0.0,0.0,0,0
1p5b_math,frozen,mean,1e-05,32,4.819677655235864,13.815286792232655,0.3488655521755526,325.2781505584717,330.09782821370754,23.893664545516195,355.0371079444885,359.8567855997244,40,8.99560913699679,37,0.0,0.0,0,0
1p5b_math,frozen,oracle,3e-05,32,4.836171651841141,21.649513987009414,0.22338476765543283,325.2781505584717,330.1143222103128,15.24811699737901,355.0371079444885,359.87327959632967,22,16.813342335168272,20,0.0,0.0,0,0
1p5b_math,frozen,oracle20,3e-05,32,4.836171651841141,13.97660764574539,0.34601898932988345,325.2781505584717,330.1143222103128,23.61905911487776,355.0371079444885,359.87327959632967,39,9.140435993904248,36,0.0,0.0,0,0
1p5b_math,frozen,mean,3e-05,32,4.836171651841141,14.847514139954,0.3257226500177035,325.2781505584717,330.1143222103128,22.233642554479193,355.0371079444885,359.87327959632967,36,10.01134248811286,33,0.0,0.0,0,0
1p5b_math,frozen,oracle,3e-06,32,4.70538495387882,22.380746120819822,0.210242541891917,325.2781505584717,329.9835355123505,14.744081083399688,355.0371079444885,359.74249289836735,21,17.675361166941002,19,0.0,0.0,0,0
1p5b_math,frozen,oracle20,3e-06,32,4.70538495387882,12.36842438369058,0.380435276791076,325.2781505584717,329.9835355123505,26.679512707170517,355.0371079444885,359.74249289836735,47,7.663039429811761,43,0.0,0.0,0,0
1p5b_math,frozen,mean,3e-06,32,4.70538495387882,14.822514956467785,0.3174484875001345,325.2781505584717,329.9835355123505,22.26231759465101,355.0371079444885,359.74249289836735,36,10.117130002588965,33,0.0,0.0,0,0
1p5b_math,periodic8,oracle,0.0001,32,12.127146014245227,21.8553801078815,0.554881496198363,325.2781505584717,337.4052965727169,15.438088695196914,355.0371079444885,367.16425395873375,37,9.728234093636274,34,0.3977080794871463,0.17617065848906124,4,1
1p5b_math,periodic8,oracle20,0.0001,32,12.127146014245227,14.427729519316927,0.8405443141977741,325.2781505584717,337.4052965727169,23.385890075148232,355.0371079444885,367.16425395873375,155,2.3005835050716996,142,0.3977080794871463,0.17617065848906124,4,1
1p5b_math,periodic8,mean,0.0001,32,12.127146014245227,15.144504183903337,0.8007621687037352,325.2781505584717,337.4052965727169,22.27905862585686,355.0371079444885,367.16425395873375,118,3.0173581696581095,108,0.3977080794871463,0.17617065848906124,4,1
1p5b_math,periodic8,oracle,1e-05,32,11.571076559950598,21.60085819067899,0.5356767058886412,325.2781505584717,336.8492271184223,15.594252049845707,355.0371079444885,366.6081845044391,36,10.029781630728394,33,0.3822475093791311,0.17763153622333813,4,4
1p5b_math,periodic8,oracle20,1e-05,32,11.571076559950598,13.790425995946862,0.8390659261252298,325.2781505584717,336.8492271184223,24.42631048652344,355.0371079444885,366.6081845044391,160,2.219349435996264,147,0.3822475093791311,0.17763153622333813,4,4
1p5b_math,periodic8,mean,1e-05,32,11.571076559950598,13.815286792232655,0.8375560155910903,325.2781505584717,336.8492271184223,24.382355008931732,355.0371079444885,366.6081845044391,159,2.2442102322820574,145,0.3822475093791311,0.17763153622333813,4,4
1p5b_math,periodic8,oracle,3e-05,32,10.79540591512341,21.649513987009414,0.4986442615571459,325.2781505584717,336.0735564735951,15.523376491280722,355.0371079444885,365.83251385961194,33,10.854108071886003,30,0.371605665757033,0.1887073419877654,4,3
1p5b_math,periodic8,oracle20,3e-05,32,10.79540591512341,13.97660764574539,0.7723909970678495,325.2781505584717,336.0735564735951,24.045431122615724,355.0371079444885,365.83251385961194,112,3.1812017306219786,103,0.371605665757033,0.1887073419877654,4,3
1p5b_math,periodic8,mean,3e-05,32,10.79540591512341,14.847514139954,0.7270850738625299,325.2781505584717,336.0735564735951,22.63500497832402,355.0371079444885,365.83251385961194,88,4.05210822483059,81,0.371605665757033,0.1887073419877654,4,3
1p5b_math,periodic8,oracle,3e-06,32,11.648844147101045,22.380746120819822,0.5204850671294036,325.2781505584717,336.9269947055727,15.054323608637175,355.0371079444885,366.68595209158957,34,10.731901973718777,31,0.3902861159082123,0.18531526156882805,4,4
1p5b_math,periodic8,oracle20,3e-06,32,11.648844147101045,12.36842438369058,0.9418211880295441,325.2781505584717,336.9269947055727,27.240898618408984,355.0371079444885,366.68595209158957,494,0.7195802365895361,453,0.3902861159082123,0.18531526156882805,4,4
1p5b_math,periodic8,mean,3e-06,32,11.648844147101045,14.822514956467785,0.7858885068635459,325.2781505584717,336.9269947055727,22.73075761401442,355.0371079444885,366.68595209158957,112,3.1736708093667403,103,0.3902861159082123,0.18531526156882805,4,4
1p5b_openbookqa,adaptive,oracle,0.0001,32,36.617922174045816,13.714929130277596,2.6699315633506777,169.62094712257385,206.23886929661967,15.037545388500691,195.0227484703064,231.6406706443522,,-22.90299304376822,,0.6463520281426254,0.2893526721354776,32,25
1p5b_openbookqa,adaptive,oracle20,0.0001,32,36.617922174045816,7.891114276950248,4.640399427620238,169.62094712257385,206.23886929661967,26.135582638695066,195.0227484703064,231.6406706443522,,-28.72680789709557,,0.6463520281426254,0.2893526721354776,32,25
1p5b_openbookqa,adaptive,mean,0.0001,32,36.617922174045816,7.774032530840486,4.710286717836372,169.62094712257385,206.23886929661967,26.529200704839635,195.0227484703064,231.6406706443522,,-28.84388964320533,,0.6463520281426254,0.2893526721354776,32,25
1p5b_openbookqa,adaptive,oracle,1e-05,32,38.162461615982465,14.727873903233558,2.59117248468591,169.62094712257385,207.78340873855632,14.108174072086312,195.0227484703064,233.18521008628886,,-23.434587712748908,,0.644171876396934,0.2947453983062567,32,29
1p5b_openbookqa,adaptive,oracle20,1e-05,32,38.162461615982465,9.431673821760342,4.046202438419331,169.62094712257385,207.78340873855632,22.030385344663596,195.0227484703064,233.18521008628886,,-28.730787794222124,,0.644171876396934,0.2947453983062567,32,29
1p5b_openbookqa,adaptive,mean,1e-05,32,38.162461615982465,9.470691928407177,4.029532573170797,169.62094712257385,207.78340873855632,21.93962281840396,195.0227484703064,233.18521008628886,,-28.691769687575288,,0.644171876396934,0.2947453983062567,32,29
1p5b_openbookqa,adaptive,oracle,3e-05,32,34.94667313573882,15.43164838233497,2.2646105114566524,169.62094712257385,204.56762025831267,13.256368677534594,195.0227484703064,229.96942160604522,,-19.51502475340385,,0.6496335016861232,0.28397220837736165,32,28
1p5b_openbookqa,adaptive,oracle20,3e-05,32,34.94667313573882,9.453430839814246,3.696718548842264,169.62094712257385,204.56762025831267,21.639510959000393,195.0227484703064,229.96942160604522,,-25.493242295924574,,0.6496335016861232,0.28397220837736165,32,28
1p5b_openbookqa,adaptive,mean,3e-05,32,34.94667313573882,8.779524004086852,3.9804746953788395,169.62094712257385,204.56762025831267,23.30053658525073,195.0227484703064,229.96942160604522,,-26.167149131651968,,0.6496335016861232,0.28397220837736165,32,28
1p5b_openbookqa,adaptive,oracle,3e-06,32,38.054456306039356,15.597484129015356,2.439781697565457,169.62094712257385,207.6754034286132,13.314673168494092,195.0227484703064,233.07720477634575,,-22.456972177024,,0.6461123222901657,0.2914386255045692,32,30
1p5b_openbookqa,adaptive,oracle20,3e-06,32,38.054456306039356,9.24385083199013,4.116731976498859,169.62094712257385,207.6754034286132,22.46633001799557,195.0227484703064,233.07720477634575,,-28.810605474049225,,0.6461123222901657,0.2914386255045692,32,30
1p5b_openbookqa,adaptive,mean,3e-06,32,38.054456306039356,9.491526419529691,4.009308368750763,169.62094712257385,207.6754034286132,21.880084851399864,195.0227484703064,233.07720477634575,,-28.562929886509664,,0.6461123222901657,0.2914386255045692,32,30
1p5b_openbookqa,frozen,oracle,0.0001,32,2.6105246571823955,13.714929130277596,0.19034182622346202,169.62094712257385,172.23147177975625,12.557955651373476,195.0227484703064,197.6332731274888,18,11.104404473095201,16,0.0,0.0,0,0
1p5b_openbookqa,frozen,oracle20,0.0001,32,2.6105246571823955,7.891114276950248,0.33081825526309694,169.62094712257385,172.23147177975625,21.826001466337924,195.0227484703064,197.6332731274888,37,5.280589619767852,33,0.0,0.0,0,0
1p5b_openbookqa,frozen,mean,0.0001,32,2.6105246571823955,7.774032530840486,0.3358005831370196,169.62094712257385,172.23147177975625,22.154714570140282,195.0227484703064,197.6332731274888,38,5.163507873658091,33,0.0,0.0,0,0
1p5b_openbookqa,frozen,oracle,1e-05,32,2.614396828925237,14.727873903233558,0.17751352612757207,169.62094712257385,172.2353439514991,11.694515113527975,195.0227484703064,197.63714529923163,17,12.11347707430832,15,0.0,0.0,0,0
1p5b_openbookqa,frozen,oracle20,1e-05,32,2.614396828925237,9.431673821760342,0.27719330400224573,169.62094712257385,172.2353439514991,18.26137621024651,195.0227484703064,197.63714529923163,29,6.8172769928351045,25,0.0,0.0,0,0
1p5b_openbookqa,frozen,mean,1e-05,32,2.614396828925237,9.470691928407177,0.27605130107583786,169.62094712257385,172.2353439514991,18.186141546309003,195.0227484703064,197.63714529923163,29,6.85629509948194,25,0.0,0.0,0,0
1p5b_openbookqa,frozen,oracle,3e-05,32,2.6061209025792778,15.43164838233497,0.16888156326595516,169.62094712257385,172.22706802515313,11.160639729343895,195.0227484703064,197.62886937288567,16,12.825527479755692,14,0.0,0.0,0,0
1p5b_openbookqa,frozen,oracle20,3e-05,32,2.6061209025792778,9.453430839814246,0.2756799035968286,169.62094712257385,172.22706802515313,18.21847231375496,195.0227484703064,197.62886937288567,29,6.847309937234968,25,0.0,0.0,0,0
1p5b_openbookqa,frozen,mean,3e-05,32,2.6061209025792778,8.779524004086852,0.29684079699151494,169.62094712257385,172.22706802515313,19.616902686863405,195.0227484703064,197.62886937288567,32,6.173403101507574,28,0.0,0.0,0,0
1p5b_openbookqa,frozen,oracle,3e-06,32,2.729629469802603,15.597484129015356,0.17500447169712363,169.62094712257385,172.35057659237646,11.049895942625758,195.0227484703064,197.752377940109,16,12.867854659212753,14,0.0,0.0,0,0
1p5b_openbookqa,frozen,oracle20,3e-06,32,2.729629469802603,9.24385083199013,0.2952913801200895,169.62094712257385,172.35057659237646,18.644889421616803,195.0227484703064,197.752377940109,30,6.514221362187527,27,0.0,0.0,0,0
1p5b_openbookqa,frozen,mean,3e-06,32,2.729629469802603,9.491526419529691,0.28758593182505804,169.62094712257385,172.35057659237646,18.158362414474162,195.0227484703064,197.752377940109,29,6.761896949727088,26,0.0,0.0,0,0
1p5b_openbookqa,periodic8,oracle,0.0001,32,6.989173934678547,13.714929130277596,0.5096033576468858,169.62094712257385,176.6101210572524,12.8772171827969,195.0227484703064,202.01192240498494,29,6.725755195599049,26,0.44575557124965937,0.18469730902495388,4,1
1p5b_openbookqa,periodic8,oracle20,0.0001,32,6.989173934678547,7.891114276950248,0.8857017766291579,169.62094712257385,176.6101210572524,22.380884987703986,195.0227484703064,202.01192240498494,217,0.9019403422717005,189,0.44575557124965937,0.18469730902495388,4,1
1p5b_openbookqa,periodic8,mean,0.0001,32,6.989173934678547,7.774032530840486,0.8990409940981963,169.62094712257385,176.6101210572524,22.717954981101457,195.0227484703064,202.01192240498494,249,0.7848585961619392,217,0.44575557124965937,0.18469730902495388,4,1
1p5b_openbookqa,periodic8,oracle,1e-05,32,6.7700217148521915,14.727873903233558,0.4596740683233178,169.62094712257385,176.39096883742604,11.97667565572372,195.0227484703064,201.7927701851586,25,7.957852188381366,22,0.4413353516377624,0.18157562776521444,4,4
1p5b_openbookqa,periodic8,oracle20,1e-05,32,6.7700217148521915,9.431673821760342,0.7177964211646819,169.62094712257385,176.39096883742604,18.701979327408946,195.0227484703064,201.7927701851586,74,2.66165210690815,64,0.4413353516377624,0.18157562776521444,4,4
1p5b_openbookqa,periodic8,mean,1e-05,32,6.7700217148521915,9.470691928407177,0.7148391866222179,169.62094712257385,176.39096883742604,18.62492943185538,195.0227484703064,201.7927701851586,73,2.700670213554986,63,0.4413353516377624,0.18157562776521444,4,4
1p5b_openbookqa,periodic8,oracle,3e-05,32,7.046504835248925,15.43164838233497,0.4566268398984033,169.62094712257385,176.66745195782278,11.448385005976345,195.0227484703064,202.06925330555532,24,8.385143547086045,21,0.43743826082998094,0.19482984902188458,4,3
1p5b_openbookqa,periodic8,oracle20,3e-05,32,7.046504835248925,9.453430839814246,0.7453912716610496,169.62094712257385,176.66745195782278,18.68818368181918,195.0227484703064,202.06925330555532,82,2.406926004565321,71,0.43743826082998094,0.19482984902188458,4,3
1p5b_openbookqa,periodic8,mean,3e-05,32,7.046504835248925,8.779524004086852,0.8026067053258001,169.62094712257385,176.66745195782278,20.12266859519769,195.0227484703064,202.06925330555532,113,1.7330191688379273,98,0.43743826082998094,0.19482984902188458,4,3
1p5b_openbookqa,periodic8,oracle,3e-06,32,6.806765272864141,15.597484129015356,0.4364014873528094,169.62094712257385,176.427712395438,11.311292958281445,195.0227484703064,201.82951374317054,23,8.790718856151216,20,0.42868945425712235,0.19885056130553508,4,4
1p5b_openbookqa,periodic8,oracle20,3e-06,32,6.806765272864141,9.24385083199013,0.7363560270042454,169.62094712257385,176.427712395438,19.085954068500957,195.0227484703064,201.82951374317054,81,2.4370855591259897,70,0.42868945425712235,0.19885056130553508,4,4
1p5b_openbookqa,periodic8,mean,3e-06,32,6.806765272864141,9.491526419529691,0.7171412660095001,169.62094712257385,176.427712395438,18.587917748658604,195.0227484703064,201.82951374317054,73,2.6847611466655508,64,0.42868945425712235,0.19885056130553508,4,4
1p5b_svamp,adaptive,oracle,0.0001,32,36.20896037877537,14.045541374362074,2.577968297104527,31.536157369613647,67.74511774838902,4.82324717451241,50.00902605056763,86.217986429343,,-22.1634190044133,,0.6531405710791202,0.27932408867249714,32,16
1p5b_svamp,adaptive,oracle20,0.0001,32,36.20896037877537,8.884137123939581,4.075686796999693,31.536157369613647,67.74511774838902,7.625402085008356,50.00902605056763,86.217986429343,,-27.324823254835792,,0.6531405710791202,0.27932408867249714,32,16
1p5b_svamp,adaptive,mean,0.0001,32,36.20896037877537,9.109287385712378,3.974949833679411,31.536157369613647,67.74511774838902,7.4369283655102425,50.00902605056763,86.217986429343,,-27.099672993062995,,0.6531405710791202,0.27932408867249714,32,16
1p5b_svamp,adaptive,oracle,1e-05,32,36.14474676712416,16.105735822115093,2.2442157977962807,31.536157369613647,67.68090413673781,4.202285749888177,50.00902605056763,86.15377281769179,,-20.039010945009068,,0.6570341812945738,0.2754618603208128,32,32
1p5b_svamp,adaptive,oracle20,1e-05,32,36.14474676712416,9.993109163362533,3.6169670696324094,31.536157369613647,67.68090413673781,6.772757410163644,50.00902605056763,86.15377281769179,,-26.15163760376163,,0.6570341812945738,0.2754618603208128,32,32
1p5b_svamp,adaptive,mean,1e-05,32,36.14474676712416,9.417351327836514,3.8381011293785767,31.536157369613647,67.68090413673781,7.186830116094481,50.00902605056763,86.15377281769179,,-26.727395439287648,,0.6570341812945738,0.2754618603208128,32,32
1p5b_svamp,adaptive,oracle,3e-05,32,38.886314364383,15.19924211059697,2.558437722185589,31.536157369613647,70.42247173399664,4.633288371983879,50.00902605056763,88.89534041495062,,-23.687072253786027,,0.6485846490265788,0.28881133570358847,32,26
1p5b_svamp,adaptive,oracle20,3e-05,32,38.886314364383,9.447411663364619,4.11608128765863,31.536157369613647,70.42247173399664,7.4541550895979745,50.00902605056763,88.89534041495062,,-29.438902701018378,,0.6485846490265788,0.28881133570358847,32,26
1p5b_svamp,adaptive,mean,3e-05,32,38.886314364383,9.456878637196496,4.111960812464322,31.536157369613647,70.42247173399664,7.4466929772161565,50.00902605056763,88.89534041495062,,-29.4294357271865,,0.6485846490265788,0.28881133570358847,32,26
1p5b_svamp,adaptive,oracle,3e-06,32,38.32475775491912,15.26715984835755,2.5102742183604057,31.536157369613647,69.86091512453277,4.575894653519884,50.00902605056763,88.33378380548675,,-23.05759790656157,,0.645912484466721,0.29044776800094274,32,32
1p5b_svamp,adaptive,oracle20,3e-06,32,38.32475775491912,9.369959498057142,4.090173256657699,31.536157369613647,69.86091512453277,7.455839605178486,50.00902605056763,88.33378380548675,,-28.954798256861977,,0.645912484466721,0.29044776800094274,32,32
1p5b_svamp,adaptive,mean,3e-06,32,38.32475775491912,9.465693631209433,4.048806061983474,31.536157369613647,69.86091512453277,7.380432733866818,50.00902605056763,88.33378380548675,,-28.859064123709686,,0.645912484466721,0.29044776800094274,32,32
1p5b_svamp,frozen,oracle,0.0001,32,2.6989405672065914,14.045541374362074,0.19215639292715928,31.536157369613647,34.23509793682024,2.437435270335042,50.00902605056763,52.70796661777422,5,11.346600807155482,3,0.0,0.0,0,0
1p5b_svamp,frozen,oracle20,0.0001,32,2.6989405672065914,8.884137123939581,0.30379321362948225,31.536157369613647,34.23509793682024,3.8535085016381454,50.00902605056763,52.70796661777422,9,6.18519655673299,6,0.0,0.0,0,0
1p5b_svamp,frozen,mean,0.0001,32,2.6989405672065914,9.109287385712378,0.2962844899854397,31.536157369613647,34.23509793682024,3.758263021816271,50.00902605056763,52.70796661777422,8,6.410346818505786,5,0.0,0.0,0,0
1p5b_svamp,frozen,oracle,1e-05,32,2.707776856957935,16.105735822115093,0.1681250013575806,31.536157369613647,34.24393422657158,2.1261949534494775,50.00902605056763,52.71680290752556,4,13.397958965157159,3,0.0,0.0,0,0
1p5b_svamp,frozen,oracle20,1e-05,32,2.707776856957935,9.993109163362533,0.2709644028392469,31.536157369613647,34.24393422657158,3.4267547433704815,50.00902605056763,52.71680290752556,7,7.285332306404598,5,0.0,0.0,0,0
1p5b_svamp,frozen,mean,1e-05,32,2.707776856957935,9.417351327836514,0.28753061903447147,31.536157369613647,34.24393422657158,3.636259605750376,50.00902605056763,52.71680290752556,8,6.709574470878579,5,0.0,0.0,0,0
1p5b_svamp,frozen,oracle,3e-05,32,2.694628017139621,15.19924211059697,0.17728699875508372,31.536157369613647,34.23078538675327,2.252137648553373,50.00902605056763,52.70365406770725,4,12.504614093457349,3,0.0,0.0,0,0
1p5b_svamp,frozen,oracle20,3e-05,32,2.694628017139621,9.447411663364619,0.28522394420356517,31.536157369613647,34.23078538675327,3.6232977461429106,50.00902605056763,52.70365406770725,8,6.752783646224998,5,0.0,0.0,0,0
1p5b_svamp,frozen,mean,3e-05,32,2.694628017139621,9.456878637196496,0.2849384157835029,31.536157369613647,34.23078538675327,3.6196705805353373,50.00902605056763,52.70365406770725,8,6.762250620056875,5,0.0,0.0,0,0
1p5b_svamp,frozen,oracle,3e-06,32,2.7673543402925134,15.26715984835755,0.18126189597669187,31.536157369613647,34.30351170990616,2.2468823311361708,50.00902605056763,52.77638039086014,5,12.499805508065037,3,0.0,0.0,0,0
1p5b_svamp,frozen,oracle20,3e-06,32,2.7673543402925134,9.369959498057142,0.29534325531143685,31.536157369613647,34.30351170990616,3.6610096038322237,50.00902605056763,52.77638039086014,8,6.6026051577646285,5,0.0,0.0,0,0
1p5b_svamp,frozen,mean,3e-06,32,2.7673543402925134,9.465693631209433,0.29235621266763184,31.536157369613647,34.30351170990616,3.623982884550976,50.00902605056763,52.77638039086014,8,6.69833929091692,5,0.0,0.0,0,0
1p5b_svamp,periodic8,oracle,0.0001,32,7.187363135977648,14.045541374362074,0.5117184837814118,31.536157369613647,38.723520505591296,2.7569973611892946,50.00902605056763,57.196389186545275,8,6.858178238384426,5,0.4414532231054569,0.18945815710676067,4,1
1p5b_svamp,periodic8,oracle20,0.0001,32,7.187363135977648,8.884137123939581,0.8090108285936141,31.536157369613647,38.723520505591296,4.358726116602277,50.00902605056763,57.196389186545275,30,1.696773987961933,19,0.4414532231054569,0.18945815710676067,4,1
1p5b_svamp,periodic8,mean,0.0001,32,7.187363135977648,9.109287385712378,0.789014862704935,31.536157369613647,38.723520505591296,4.250993394535766,50.00902605056763,57.196389186545275,27,1.9219242497347295,17,0.4414532231054569,0.18945815710676067,4,1
1p5b_svamp,periodic8,oracle,1e-05,32,7.149913460249081,16.105735822115093,0.4439358461618002,31.536157369613647,38.68607082986273,2.402005798253697,50.00902605056763,57.15893951081671,6,8.955822361866012,4,0.4395440783246339,0.18770986941694828,4,4
1p5b_svamp,periodic8,oracle20,1e-05,32,7.149913460249081,9.993109163362533,0.7154843746191242,31.536157369613647,38.68607082986273,3.8712747151503586,50.00902605056763,57.15893951081671,18,2.8431957031134516,12,0.4395440783246339,0.18770986941694828,4,4
1p5b_svamp,periodic8,mean,1e-05,32,7.149913460249081,9.417351327836514,0.7592276438827158,31.536157369613647,38.68607082986273,4.10795663059862,50.00902605056763,57.15893951081671,23,2.2674378675874323,14,0.4395440783246339,0.18770986941694828,4,4
1p5b_svamp,periodic8,oracle,3e-05,32,7.130193536402658,15.19924211059697,0.46911507064101965,31.536157369613647,38.666350906016305,2.543965720439309,50.00902605056763,57.139219586970285,7,8.069048574194312,4,0.43000476443173646,0.18348351981839092,4,3
1p5b_svamp,periodic8,oracle20,3e-05,32,7.130193536402658,9.447411663364619,0.7547245521281007,31.536157369613647,38.666350906016305,4.092798354067446,50.00902605056763,57.139219586970285,22,2.3172181269619614,14,0.43000476443173646,0.18348351981839092,4,3
1p5b_svamp,periodic8,mean,3e-05,32,7.130193536402658,9.456878637196496,0.75396902190937,31.536157369613647,38.666350906016305,4.088701186661204,50.00902605056763,57.139219586970285,22,2.3266851007938385,14,0.43000476443173646,0.18348351981839092,4,3
1p5b_svamp,periodic8,oracle,3e-06,32,7.221492634038441,15.26715984835755,0.4730082546961302,31.536157369613647,38.75765000365209,2.538628689855609,50.00902605056763,57.23051868460607,7,8.04566721431911,4,0.4462964316788133,0.18585280857863515,4,4
1p5b_svamp,periodic8,oracle20,3e-06,32,7.221492634038441,9.369959498057142,0.770706920935551,31.536157369613647,38.75765000365209,4.136373269456338,50.00902605056763,57.23051868460607,24,2.148466864018701,15,0.4462964316788133,0.18585280857863515,4,4
1p5b_svamp,periodic8,mean,3e-06,32,7.221492634038441,9.465693631209433,0.7629121452049098,31.536157369613647,38.75765000365209,4.094538817088254,50.00902605056763,57.23051868460607,23,2.244200997170992,15,0.4462964316788133,0.18585280857863515,4,4
7b_aqua,adaptive,oracle,0.0001,32,58.06223386817146,23.374698594096117,2.483977863262655,341.13660073280334,399.1988346009748,17.078245222883975,380.0382447242737,438.10047859244514,,-34.687535274075344,,0.6337722964386876,0.2814204961024029,32,14
7b_aqua,adaptive,oracle20,0.0001,32,58.06223386817146,14.313038341002539,4.056597382390898,341.13660073280334,399.1988346009748,27.890572573776353,380.0382447242737,438.10047859244514,,-43.74919552716892,,0.6337722964386876,0.2814204961024029,32,14
7b_aqua,adaptive,mean,0.0001,32,58.06223386817146,13.803803516551852,4.206248937008575,341.13660073280334,399.1988346009748,28.919481077972737,380.0382447242737,438.10047859244514,,-44.25843035161961,,0.6337722964386876,0.2814204961024029,32,14
7b_aqua,adaptive,oracle,1e-05,32,57.399330118321814,23.40265646390617,2.4526843867852604,341.13660073280334,398.53593085112516,17.02951677583208,380.0382447242737,437.4375748425955,,-33.996673654415645,,0.6292572497893011,0.28527401734930524,32,26
7b_aqua,adaptive,oracle20,1e-05,32,57.399330118321814,14.329130973783322,4.0057788726573875,341.13660073280334,398.53593085112516,27.812986815480247,380.0382447242737,437.4375748425955,,-43.07019914453849,,0.6292572497893011,0.28527401734930524,32,26
7b_aqua,adaptive,mean,1e-05,32,57.399330118321814,13.845530106220394,4.1456939299517295,341.13660073280334,398.53593085112516,28.784447239912797,380.0382447242737,437.4375748425955,,-43.55380001210142,,0.6292572497893011,0.28527401734930524,32,26
7b_aqua,adaptive,oracle,3e-05,32,57.9569955104962,23.404958974104375,2.476269903938766,341.13660073280334,399.09359624329954,17.051668267603596,380.0382447242737,437.9952402347699,,-34.552036536391824,,0.6346722208927554,0.2818311501819648,32,20
7b_aqua,adaptive,oracle20,3e-05,32,57.9569955104962,14.322291175136343,4.046628769223055,341.13660073280334,399.09359624329954,27.8652061575267,380.0382447242737,437.9952402347699,,-43.63470433535986,,0.6346722208927554,0.2818311501819648,32,20
7b_aqua,adaptive,mean,3e-05,32,57.9569955104962,13.828656447934918,4.191079280095292,341.13660073280334,399.09359624329954,28.859896675131992,380.0382447242737,437.9952402347699,,-44.12833906256128,,0.6346722208927554,0.2818311501819648,32,20
7b_aqua,adaptive,oracle,3e-06,32,56.475661074742675,23.67771625809837,2.385181934741134,341.13660073280334,397.612261807546,16.79267786949481,380.0382447242737,436.51390579901636,,-32.7979448166443,,0.625016287124018,0.28863486551316747,32,25
7b_aqua,adaptive,oracle20,3e-06,32,56.475661074742675,14.321594932465814,3.943391873674436,341.13660073280334,397.612261807546,27.7631271993452,380.0382447242737,436.51390579901636,,-42.15406614227686,,0.625016287124018,0.28863486551316747,32,25
7b_aqua,adaptive,mean,3e-06,32,56.475661074742675,13.815926670911722,4.087721541954001,341.13660073280334,397.612261807546,28.779268396428694,380.0382447242737,436.51390579901636,,-42.65973440383095,,0.625016287124018,0.28863486551316747,32,25
7b_aqua,frozen,oracle,0.0001,32,5.348595658433624,23.374698594096117,0.2288198770522136,341.13660073280334,346.48519639123697,14.823087236673535,380.0382447242737,385.3868403827073,22,18.026102935662493,19,0.0,0.0,0,0
7b_aqua,frozen,oracle20,0.0001,32,5.348595658433624,14.313038341002539,0.37368695108651456,341.13660073280334,346.48519639123697,24.20766214247197,380.0382447242737,385.3868403827073,43,8.964442682568915,39,0.0,0.0,0,0
7b_aqua,frozen,mean,0.0001,32,5.348595658433624,13.803803516551852,0.38747260144787155,341.13660073280334,346.48519639123697,25.10070474241203,380.0382447242737,385.3868403827073,45,8.455207858118229,41,0.0,0.0,0,0
7b_aqua,frozen,oracle,1e-05,32,5.384296040865593,23.40265646390617,0.2300720026878048,341.13660073280334,346.52089677366894,14.806904391734625,380.0382447242737,385.4225407651393,22,18.018360423040576,19,0.0,0.0,0,0
7b_aqua,frozen,oracle20,1e-05,32,5.384296040865593,14.329130973783322,0.3757587288940787,341.13660073280334,346.52089677366894,24.182966671716937,380.0382447242737,385.4225407651393,43,8.944834932917729,39,0.0,0.0,0,0
7b_aqua,frozen,mean,1e-05,32,5.384296040865593,13.845530106220394,0.3888833435454078,341.13660073280334,346.52089677366894,25.027636653506473,380.0382447242737,385.4225407651393,45,8.461234065354802,41,0.0,0.0,0,0
7b_aqua,frozen,oracle,3e-05,32,5.38290687953122,23.404958974104375,0.22999001559827364,341.13660073280334,346.51950761233456,14.805388379263102,380.0382447242737,385.4211516038049,22,18.022052094573155,19,0.0,0.0,0,0
7b_aqua,frozen,oracle20,3e-05,32,5.38290687953122,14.322291175136343,0.37584118446607245,341.13660073280334,346.51950761233456,24.194418572769717,380.0382447242737,385.4211516038049,43,8.939384295605123,39,0.0,0.0,0,0
7b_aqua,frozen,mean,3e-05,32,5.38290687953122,13.828656447934918,0.3892574018161445,341.13660073280334,346.51950761233456,25.058074796852846,380.0382447242737,385.4211516038049,45,8.445749568403699,41,0.0,0.0,0,0
7b_aqua,frozen,oracle,3e-06,32,5.537696116836742,23.67771625809837,0.2338779659521729,341.13660073280334,346.6742968496401,14.641373900705851,380.0382447242737,385.5759408411104,21,18.14002014126163,19,0.0,0.0,0,0
7b_aqua,frozen,oracle20,3e-06,32,5.537696116836742,14.321594932465814,0.386667556438373,341.13660073280334,346.6742968496401,24.206402882109135,380.0382447242737,385.5759408411104,44,8.783898815629072,39,0.0,0.0,0,0
7b_aqua,frozen,mean,3e-06,32,5.537696116836742,13.815926670911722,0.4008197386061622,341.13660073280334,346.6742968496401,25.092366593080854,380.0382447242737,385.5759408411104,46,8.27823055407498,42,0.0,0.0,0,0
7b_aqua,periodic8,oracle,0.0001,32,11.884835898992606,23.374698594096117,0.5084487336232189,341.13660073280334,353.02143663179595,15.10271609324454,380.0382447242737,391.9230806232663,34,11.489862695103511,30,0.385756961137582,0.16670471900846567,4,0
7b_aqua,periodic8,oracle20,0.0001,32,11.884835898992606,14.313038341002539,0.8303503152748591,341.13660073280334,353.02143663179595,24.664325506660315,380.0382447242737,391.9230806232663,157,2.4282024420099333,141,0.385756961137582,0.16670471900846567,4,0
7b_aqua,periodic8,mean,0.0001,32,11.884835898992606,13.803803516551852,0.8609826910924766,341.13660073280334,353.02143663179595,25.574214832056636,380.0382447242737,391.9230806232663,199,1.9189676175592467,178,0.385756961137582,0.16670471900846567,4,0
7b_aqua,periodic8,oracle,1e-05,32,11.654554212116636,23.40265646390617,0.4980013371597969,341.13660073280334,352.79115494492,15.074833726206617,380.0382447242737,391.6927989363903,33,11.748102251789533,30,0.3792382868122397,0.1674331480713101,4,2
7b_aqua,periodic8,oracle20,1e-05,32,11.654554212116636,14.329130973783322,0.8133468968522858,341.13660073280334,352.79115494492,24.620554839675144,380.0382447242737,391.6927989363903,143,2.6745767616666853,128,0.3792382868122397,0.1674331480713101,4,2
7b_aqua,periodic8,mean,1e-05,32,11.654554212116636,13.845530106220394,0.8417557235226829,341.13660073280334,352.79115494492,25.48050903348375,380.0382447242737,391.6927989363903,174,2.190975894103758,156,0.3792382868122397,0.1674331480713101,4,2
7b_aqua,periodic8,oracle,3e-05,32,11.863348515937105,23.404958974104375,0.5068732882233592,341.13660073280334,352.99994924874045,15.082271651888188,380.0382447242737,391.9015932402108,33,11.54161045816727,30,0.38595903650852653,0.16672749160570258,4,1
7b_aqua,periodic8,oracle20,3e-05,32,11.863348515937105,14.322291175136343,0.8283135966773256,341.13660073280334,352.99994924874045,24.64689098498097,380.0382447242737,391.9015932402108,155,2.458942659199238,139,0.38595903650852653,0.16672749160570258,4,1
7b_aqua,periodic8,mean,3e-05,32,11.863348515937105,13.828656447934918,0.8578814985101969,341.13660073280334,352.99994924874045,25.526698893546897,380.0382447242737,391.9015932402108,194,1.9653079319978133,174,0.38595903650852653,0.16672749160570258,4,1
7b_aqua,periodic8,oracle,3e-06,32,11.64041154005099,23.67771625809837,0.4916188458872033,341.13660073280334,352.77701227285434,14.89911478064088,380.0382447242737,391.6786562643247,32,12.03730471804738,29,0.3743203330998354,0.1683022366690083,4,2
7b_aqua,periodic8,oracle20,3e-06,32,11.64041154005099,14.321594932465814,0.8127873742374313,341.13660073280334,352.77701227285434,24.632522699908193,380.0382447242737,391.6786562643247,142,2.681183392414823,128,0.3743203330998354,0.1683022366690083,4,2
7b_aqua,periodic8,mean,3e-06,32,11.64041154005099,13.815926670911722,0.8425357066029384,341.13660073280334,352.77701227285434,25.534082561077632,380.0382447242737,391.6786562643247,175,2.175515130860731,157,0.3743203330998354,0.1683022366690083,4,2
7b_arc_challenge,adaptive,oracle,0.0001,32,43.133575618849136,15.46206669230014,2.789638440786765,63.15623641014099,106.28981202899013,6.8742306021691615,90.01119756698608,133.14477318583522,,-27.671508926548995,,0.6395955502695012,0.2875493222882275,32,19
7b_arc_challenge,adaptive,oracle20,0.0001,32,43.133575618849136,9.58027620811481,4.502331110486519,63.15623641014099,106.28981202899013,11.094650062276822,90.01119756698608,133.14477318583522,,-33.553299410734326,,0.6395955502695012,0.2875493222882275,32,19
7b_arc_challenge,adaptive,mean,0.0001,32,43.133575618849136,9.097107156878337,4.741460650624058,63.15623641014099,106.28981202899013,11.683913379939053,90.01119756698608,133.14477318583522,,-34.0364684619708,,0.6395955502695012,0.2875493222882275,32,19
7b_arc_challenge,adaptive,oracle,1e-05,32,41.20210974290967,15.27231862640474,2.6978293703009957,63.15623641014099,104.35834615305066,6.833169782918397,90.01119756698608,131.21330730989575,,-25.92979111650493,,0.6435807546957775,0.2801877263059513,32,26
7b_arc_challenge,adaptive,oracle20,1e-05,32,41.20210974290967,9.540003532427363,4.318877828803716,63.15623641014099,104.35834615305066,10.939025944626424,90.01119756698608,131.21330730989575,,-31.662106210482307,,0.6435807546957775,0.2801877263059513,32,26
7b_arc_challenge,adaptive,mean,1e-05,32,41.20210974290967,9.427984424983151,4.370192809581705,63.15623641014099,104.35834615305066,11.068998573704915,90.01119756698608,131.21330730989575,,-31.77412531792652,,0.6435807546957775,0.2801877263059513,32,26
7b_arc_challenge,adaptive,oracle,3e-05,32,43.960710883606225,15.290635540965013,2.8750087441317564,63.15623641014099,107.11694729374722,7.005395361544725,90.01119756698608,133.9719084505923,,-28.670075342641212,,0.6408285524482982,0.2878223363470084,32,25
7b_arc_challenge,adaptive,oracle20,3e-05,32,43.960710883606225,9.562607350293547,4.5971469154023925,63.15623641014099,107.11694729374722,11.20164651437445,90.01119756698608,133.9719084505923,,-34.39810353331268,,0.6408285524482982,0.2878223363470084,32,25
7b_arc_challenge,adaptive,mean,3e-05,32,43.960710883606225,9.568196398206055,4.5944615948569405,63.15623641014099,107.11694729374722,11.195103323112244,90.01119756698608,133.9719084505923,,-34.39251448540017,,0.6408285524482982,0.2878223363470084,32,25
7b_arc_challenge,adaptive,oracle,3e-06,32,43.681708138319664,15.575562579091638,2.804502753368101,63.15623641014099,106.83794454846065,6.8593313407425835,90.01119756698608,133.69290570530575,,-28.106145559228025,,0.6385372402040255,0.2885855054022905,32,28
7b_arc_challenge,adaptive,oracle20,3e-06,32,43.681708138319664,9.648636499769054,4.527241557847599,63.15623641014099,106.83794454846065,11.072854133433038,90.01119756698608,133.69290570530575,,-34.03307163855061,,0.6385372402040255,0.2885855054022905,32,28
7b_arc_challenge,adaptive,mean,3e-06,32,43.681708138319664,9.531764094950631,4.582751702957029,63.15623641014099,106.83794454846065,11.208622400239335,90.01119756698608,133.69290570530575,,-34.14994404336903,,0.6385372402040255,0.2885855054022905,32,28
7b_arc_challenge,frozen,oracle,0.0001,32,3.4880289478460327,15.46206669230014,0.22558620508233965,63.15623641014099,66.64426535798702,4.3101783664647355,90.01119756698608,93.49922651483212,8,11.974037744454108,6,0.0,0.0,0,0
7b_arc_challenge,frozen,oracle20,0.0001,32,3.4880289478460327,9.58027620811481,0.3640843825454173,63.15623641014099,66.64426535798702,6.956403334335719,90.01119756698608,93.49922651483212,15,6.092247260268778,11,0.0,0.0,0,0
7b_arc_challenge,frozen,mean,0.0001,32,3.4880289478460327,9.097107156878337,0.3834217721848784,63.15623641014099,66.64426535798702,7.325874501499874,90.01119756698608,93.49922651483212,17,5.609078209032305,12,0.0,0.0,0,0
7b_arc_challenge,frozen,oracle,1e-05,32,3.505875305039808,15.27231862640474,0.22955750143782372,63.15623641014099,66.6621117151808,4.364897914055224,90.01119756698608,93.51707287202589,8,11.766443321364932,6,0.0,0.0,0,0
7b_arc_challenge,frozen,oracle20,1e-05,32,3.505875305039808,9.540003532427363,0.36749203426634075,63.15623641014099,66.6621117151808,6.9876401500890495,90.01119756698608,93.51707287202589,15,6.034128227387555,11,0.0,0.0,0,0
7b_arc_challenge,frozen,mean,1e-05,32,3.505875305039808,9.427984424983151,0.37185841077013376,63.15623641014099,66.6621117151808,7.070664174893345,90.01119756698608,93.51707287202589,16,5.922109119943343,11,0.0,0.0,0,0
7b_arc_challenge,frozen,oracle,3e-05,32,3.516221126774326,15.290635540965013,0.22995912219306042,63.15623641014099,66.67245753691532,4.360345739606029,90.01119756698608,93.52741869376041,8,11.774414414190687,6,0.0,0.0,0,0
7b_arc_challenge,frozen,oracle20,3e-05,32,3.516221126774326,9.562607350293547,0.3677052709548288,63.15623641014099,66.67245753691532,6.9722048699268875,90.01119756698608,93.52741869376041,15,6.046386223519221,11,0.0,0.0,0,0
7b_arc_challenge,frozen,mean,3e-05,32,3.516221126774326,9.568196398206055,0.3674904841453279,63.15623641014099,66.67245753691532,6.968132212400632,90.01119756698608,93.52741869376041,15,6.051975271431729,11,0.0,0.0,0,0
7b_arc_challenge,frozen,oracle,3e-06,32,3.6483981339260936,15.575562579091638,0.23423861034872917,63.15623641014099,66.80463454406708,4.289067197723211,90.01119756698608,93.65959570091218,8,11.927164445165545,6,0.0,0.0,0,0
7b_arc_challenge,frozen,oracle20,3e-06,32,3.6483981339260936,9.648636499769054,0.3781257729020489,63.15623641014099,66.80463454406708,6.923738348487488,90.01119756698608,93.65959570091218,16,6.000238365842961,11,0.0,0.0,0,0
7b_arc_challenge,frozen,mean,3e-06,32,3.6483981339260936,9.531764094950631,0.38276210967692753,63.15623641014099,66.80463454406708,7.008632806959234,90.01119756698608,93.65959570091218,16,5.883365961024538,11,0.0,0.0,0,0
7b_arc_challenge,periodic8,oracle,0.0001,32,8.573679121909663,15.46206669230014,0.5544976161679096,63.15623641014099,71.72991553205065,4.639089777550306,90.01119756698608,98.58487668889575,14,6.888387570390478,10,0.41837160222315567,0.17747790807703853,4,0
7b_arc_challenge,periodic8,oracle20,0.0001,32,8.573679121909663,9.58027620811481,0.8949302646042161,63.15623641014099,71.72991553205065,7.487249216394518,90.01119756698608,98.58487668889575,90,1.0065970862051472,63,0.41837160222315567,0.17747790807703853,4,0
7b_arc_challenge,periodic8,mean,0.0001,32,8.573679121909663,9.097107156878337,0.942462144729942,63.15623641014099,71.72991553205065,7.884914874044937,90.01119756698608,98.58487668889575,172,0.5234280349686742,121,0.41837160222315567,0.17747790807703853,4,0
7b_arc_challenge,periodic8,oracle,1e-05,32,8.524389720871113,15.27231862640474,0.5581594995099864,63.15623641014099,71.6806261310121,4.693499912127387,90.01119756698608,98.5355872878572,14,6.747928905533627,10,0.41614192724042165,0.17907335575462405,4,2
7b_arc_challenge,periodic8,oracle20,1e-05,32,8.524389720871113,9.540003532427363,0.8935415686059147,63.15623641014099,71.6806261310121,7.513689684428623,90.01119756698608,98.5355872878572,89,1.0156138115562499,63,0.41614192724042165,0.17907335575462405,4,2
7b_arc_challenge,periodic8,mean,1e-05,32,8.524389720871113,9.427984424983151,0.9041582311360625,63.15623641014099,71.6806261310121,7.602963995259273,90.01119756698608,98.5355872878572,100,0.903594704112038,70,0.41614192724042165,0.17907335575462405,4,2
7b_arc_challenge,periodic8,oracle,3e-05,32,8.480474277865142,15.290635540965013,0.5546188224253449,63.15623641014099,71.63671068800613,4.685005439838313,90.01119756698608,98.49167184485123,14,6.810161263099872,10,0.41302184939810704,0.17950046001519762,4,1
7b_arc_challenge,periodic8,oracle20,3e-05,32,8.480474277865142,9.562607350293547,0.8868370275189448,63.15623641014099,71.63671068800613,7.4913366264910035,90.01119756698608,98.49167184485123,84,1.0821330724284053,59,0.41302184939810704,0.17950046001519762,4,1
7b_arc_challenge,periodic8,mean,3e-05,32,8.480474277865142,9.568196398206055,0.8863190015053567,63.15623641014099,71.63671068800613,7.486960729760661,90.01119756698608,98.49167184485123,83,1.0877221203409135,59,0.41302184939810704,0.17950046001519762,4,1
7b_arc_challenge,periodic8,oracle,3e-06,32,8.418459453852847,15.575562579091638,0.5404915174719686,63.15623641014099,71.57469586399384,4.595320104846451,90.01119756698608,98.42965702083893,13,7.157103125238791,9,0.4147159902626763,0.17547144037768714,4,2
7b_arc_challenge,periodic8,oracle20,3e-06,32,8.418459453852847,9.648636499769054,0.8725024985711036,63.15623641014099,71.57469586399384,7.4181150741565425,90.01119756698608,98.42965702083893,74,1.2301770459162071,52,0.4147159902626763,0.17547144037768714,4,2
7b_arc_challenge,periodic8,mean,3e-06,32,8.418459453852847,9.531764094950631,0.883200567071572,63.15623641014099,71.57469586399384,7.509071264353879,90.01119756698608,98.42965702083893,81,1.113304641097784,57,0.4147159902626763,0.17547144037768714,4,2
7b_countdown,adaptive,oracle,0.0001,32,55.179952934151515,19.045766574330628,2.8972292986369776,325.6404011249542,380.82035405910574,19.995013200065426,365.0378453731537,420.2177983073052,,-36.13418635982089,,0.651063571491819,0.27371355285334914,32,7
7b_countdown,adaptive,oracle20,0.0001,32,55.179952934151515,11.940485829953104,4.62124855889287,325.6404011249542,380.82035405910574,31.893204303614286,365.0378453731537,420.2177983073052,,-43.23946710419841,,0.651063571491819,0.27371355285334914,32,7
7b_countdown,adaptive,mean,0.0001,32,55.179952934151515,11.843578821979463,4.659060725103451,325.6404011249542,380.82035405910574,32.15416216527174,365.0378453731537,420.2177983073052,,-43.33637411217205,,0.651063571491819,0.27371355285334914,32,7
7b_countdown,adaptive,oracle,1e-05,32,53.89133611205034,19.04508785600774,2.8296711739794054,325.6404011249542,379.53173723700456,19.928064396787853,365.0378453731537,418.929181485204,,-34.8462482560426,,0.6446895371366737,0.27888834599118006,32,30
7b_countdown,adaptive,oracle20,1e-05,32,53.89133611205034,11.921827403246425,4.520392242667028,325.6404011249542,379.53173723700456,31.835030352280935,365.0378453731537,418.929181485204,,-41.969508708803914,,0.6446895371366737,0.27888834599118006,32,30
7b_countdown,adaptive,mean,1e-05,32,53.89133611205034,11.84362521301955,4.550239909044763,325.6404011249542,379.53173723700456,32.04523365192188,365.0378453731537,418.929181485204,,-42.04771089903079,,0.6446895371366737,0.27888834599118006,32,30
7b_countdown,adaptive,oracle,3e-05,32,54.203587779193185,19.080961241154,2.8407157843959334,325.6404011249542,379.8439889041474,19.906962972331616,365.0378453731537,419.2414331523469,,-35.122626538039185,,0.6468640291459216,0.2765743078479104,32,19
7b_countdown,adaptive,oracle20,3e-05,32,54.203587779193185,11.934824424912222,4.541632608021533,325.6404011249542,379.8439889041474,31.82652508161561,365.0378453731537,419.2414331523469,,-42.26876335428096,,0.6468640291459216,0.2765743078479104,32,19
7b_countdown,adaptive,mean,3e-05,32,54.203587779193185,11.84939359081909,4.574376516718131,325.6404011249542,379.8439889041474,32.055985480847774,365.0378453731537,419.2414331523469,,-42.354194188374095,,0.6468640291459216,0.2765743078479104,32,19
7b_countdown,adaptive,oracle,3e-06,32,53.78723491099663,19.284083043807186,2.7892036550978063,325.6404011249542,379.42763603595085,19.675689799406808,365.0378453731537,418.8250802841503,,-34.503151867189445,,0.6445841560347096,0.27755960649217215,32,32
7b_countdown,adaptive,oracle20,3e-06,32,53.78723491099663,11.959439225844108,4.49747131912034,325.6404011249542,379.42763603595085,31.7262062936877,365.0378453731537,418.8250802841503,,-41.82779568515252,,0.6445841560347096,0.27755960649217215,32,32
7b_countdown,adaptive,mean,3e-06,32,53.78723491099663,11.869883791194297,4.53140366470132,325.6404011249542,379.42763603595085,31.965572933193346,365.0378453731537,418.8250802841503,,-41.91735111980233,,0.6445841560347096,0.27755960649217215,32,32
7b_countdown,frozen,oracle,0.0001,32,4.5824926507193595,19.045766574330628,0.24060426409381283,325.6404011249542,330.2228937756736,17.33838816552226,365.0378453731537,369.62033802387305,26,14.463273923611268,23,0.0,0.0,0,0
7b_countdown,frozen,oracle20,0.0001,32,4.5824926507193595,11.940485829953104,0.38377773869334736,325.6404011249542,330.2228937756736,27.655733483414764,365.0378453731537,369.62033802387305,50,7.357993179233745,45,0.0,0.0,0,0
7b_countdown,frozen,mean,0.0001,32,4.5824926507193595,11.843578821979463,0.38691790037443,325.6404011249542,330.2228937756736,27.882019340542723,365.0378453731537,369.62033802387305,51,7.261086171260104,45,0.0,0.0,0,0
7b_countdown,frozen,oracle,1e-05,32,4.566279051243328,19.04508785600774,0.23976151151242406,325.6404011249542,330.20668017619755,17.338154734320874,365.0378453731537,369.604124424397,26,14.478808804764412,23,0.0,0.0,0,0
7b_countdown,frozen,oracle20,1e-05,32,4.566279051243328,11.921827403246425,0.38301838273550975,325.6404011249542,330.20668017619755,27.697656492349417,365.0378453731537,369.604124424397,50,7.3555483520030975,45,0.0,0.0,0,0
7b_countdown,frozen,mean,1e-05,32,4.566279051243328,11.84362521301955,0.3855474121406403,325.6404011249542,330.20668017619755,27.88054115501776,365.0378453731537,369.604124424397,51,7.277346161776222,45,0.0,0.0,0,0
7b_countdown,frozen,oracle,3e-05,32,4.6040360109182075,19.080961241154,0.241289521671905,325.6404011249542,330.24443713587243,17.30753670960759,365.0378453731537,369.6418813840719,26,14.476925230235793,23,0.0,0.0,0,0
7b_countdown,frozen,oracle20,3e-05,32,4.6040360109182075,11.934824424912222,0.38576487152236166,325.6404011249542,330.24443713587243,27.67065734511644,365.0378453731537,369.6418813840719,50,7.330788413994014,45,0.0,0.0,0,0
7b_countdown,frozen,mean,3e-05,32,4.6040360109182075,11.84939359081909,0.38854612901755703,325.6404011249542,330.24443713587243,27.870155093147197,365.0378453731537,369.6418813840719,51,7.245357579900883,45,0.0,0.0,0,0
7b_countdown,frozen,oracle,3e-06,32,4.780808636802249,19.284083043807186,0.2479147505194725,325.6404011249542,330.4212097617565,17.134400894828474,365.0378453731537,369.81865400995594,26,14.503274407004938,23,0.0,0.0,0,0
7b_countdown,frozen,oracle20,3e-06,32,4.780808636802249,11.959439225844108,0.3997519069682646,325.6404011249542,330.4212097617565,27.628486881535622,365.0378453731537,369.81865400995594,51,7.178630589041859,46,0.0,0.0,0,0
7b_countdown,frozen,mean,3e-06,32,4.780808636802249,11.869883791194297,0.402767939509981,325.6404011249542,330.4212097617565,27.83693720800201,365.0378453731537,369.81865400995594,52,7.089075154392049,46,0.0,0.0,0,0
7b_countdown,periodic8,oracle,0.0001,32,10.482024178141728,19.045766574330628,0.5503597945104042,325.6404011249542,336.12242530309595,17.648143695938852,365.0378453731537,375.5198695512954,43,8.5637423961889,39,0.40024464758057976,0.1680197666055032,4,1
7b_countdown,periodic8,oracle20,0.0001,32,10.482024178141728,11.940485829953104,0.877855752891329,325.6404011249542,336.12242530309595,28.149811497612745,365.0378453731537,375.5198695512954,251,1.4584616518113762,224,0.40024464758057976,0.1680197666055032,4,1
7b_countdown,periodic8,mean,0.0001,32,10.482024178141728,11.843578821979463,0.885038579613204,325.6404011249542,336.12242530309595,28.380140019781496,365.0378453731537,375.5198695512954,269,1.361554643837735,240,0.40024464758057976,0.1680197666055032,4,1
7b_countdown,periodic8,oracle,1e-05,32,10.619529076036997,19.04508785600774,0.5575993745120522,325.6404011249542,336.2599302009912,17.655992597320502,365.0378453731537,375.6573744491907,44,8.425558779970743,39,0.4021497384403765,0.17033041634877738,4,3
7b_countdown,periodic8,oracle20,1e-05,32,10.619529076036997,11.921827403246425,0.8907635311970042,325.6404011249542,336.2599302009912,28.205401640810912,365.0378453731537,375.6573744491907,281,1.302298327209428,251,0.4021497384403765,0.17033041634877738,4,3
7b_countdown,periodic8,mean,1e-05,32,10.619529076036997,11.84362521301955,0.8966451474978354,325.6404011249542,336.2599302009912,28.391638890374956,365.0378453731537,375.6573744491907,299,1.2240961369825527,267,0.4021497384403765,0.17033041634877738,4,3
7b_countdown,periodic8,oracle,3e-05,32,10.723021622630768,19.080961241154,0.561974917673605,325.6404011249542,336.363422747585,17.62822210560929,365.0378453731537,375.76086699578445,44,8.357939618523233,39,0.40421979089982224,0.17132771615922326,4,1
7b_countdown,periodic8,oracle20,3e-05,32,10.723021622630768,11.934824424912222,0.8984649661245129,325.6404011249542,336.363422747585,28.183357439718588,365.0378453731537,375.76086699578445,302,1.2118028022814542,269,0.40421979089982224,0.17132771615922326,4,1
7b_countdown,periodic8,mean,3e-05,32,10.723021622630768,11.84939359081909,0.9049426487899739,325.6404011249542,336.363422747585,28.386551612919614,365.0378453731537,375.76086699578445,325,1.126371968188323,290,0.40421979089982224,0.17132771615922326,4,1
7b_countdown,periodic8,oracle,3e-06,32,10.549195157829672,19.284083043807186,0.5470415748503737,325.6404011249542,336.1895962827839,17.433527719159375,365.0378453731537,375.58704053098336,42,8.734887885977514,38,0.40308777574054777,0.16798788908122492,4,4
7b_countdown,periodic8,oracle20,3e-06,32,10.549195157829672,11.959439225844108,0.8820810874671342,325.6404011249542,336.1895962827839,28.11081606203449,365.0378453731537,375.58704053098336,259,1.4102440680144355,231,0.40308777574054777,0.16798788908122492,4,4
7b_countdown,periodic8,mean,3e-06,32,10.549195157829672,11.869883791194297,0.8887361783318906,325.6404011249542,336.1895962827839,28.322905446823917,365.0378453731537,375.58704053098336,277,1.3206886333646253,247,0.40308777574054777,0.16798788908122492,4,4
7b_gsm8k,adaptive,oracle,0.0001,32,62.00350187753793,24.976001839735545,2.4825231146040965,395.9077687263489,457.9112706038868,18.334050163119915,435.03463649749756,497.0381383750355,,-37.02750003780238,,0.6425733118124758,0.2755481809126069,32,13
7b_gsm8k,adaptive,oracle20,0.0001,32,62.00350187753793,15.366156402276829,4.035069034462695,395.9077687263489,457.9112706038868,29.79998762319231,435.03463649749756,497.0381383750355,,-46.6373454752611,,0.6425733118124758,0.2755481809126069,32,13
7b_gsm8k,adaptive,mean,0.0001,32,62.00350187753793,14.84587544715032,4.1764799993279995,395.9077687263489,457.9112706038868,30.844342742467457,435.03463649749756,497.0381383750355,,-47.15762643038761,,0.6425733118124758,0.2755481809126069,32,13
7b_gsm8k,adaptive,oracle,1e-05,32,61.42554164817557,24.986210596514866,2.4583776483795163,395.9077687263489,457.33331037452444,18.303428149217407,435.03463649749756,496.4601781456731,,-36.4393310516607,,0.6384930624708565,0.2787774476787184,32,28
7b_gsm8k,adaptive,oracle20,1e-05,32,61.42554164817557,15.394851652090438,3.990005427550496,395.9077687263489,457.33331037452444,29.706899469370594,435.03463649749756,496.4601781456731,,-46.03068999608513,,0.6384930624708565,0.2787774476787184,32,28
7b_gsm8k,adaptive,mean,1e-05,32,61.42554164817557,14.869746045442298,4.130907243503531,395.9077687263489,457.33331037452444,30.755959716924753,435.03463649749756,496.4601781456731,,-46.55579560273327,,0.6384930624708565,0.2787774476787184,32,28
7b_gsm8k,adaptive,oracle,3e-05,32,56.67730415414553,24.962606546469033,2.270488221998698,395.9077687263489,452.5850728804944,18.130521427639643,435.03463649749756,491.7119406516431,,-31.7146976076765,,0.6226709222376977,0.28770019290899485,32,20
7b_gsm8k,adaptive,oracle20,3e-05,32,56.67730415414553,15.360731723951176,3.6897528823950236,395.9077687263489,452.5850728804944,29.463770412369254,435.03463649749756,491.7119406516431,,-41.316572430194356,,0.6226709222376977,0.28770019290899485,32,20
7b_gsm8k,adaptive,mean,3e-05,32,56.67730415414553,14.837169683538377,3.8199538970716342,395.9077687263489,452.5850728804944,30.503464106272972,435.03463649749756,491.7119406516431,,-41.840134470607154,,0.6226709222376977,0.28770019290899485,32,20
7b_gsm8k,adaptive,oracle,3e-06,32,58.53746597236022,25.169625542941503,2.325718587767242,395.9077687263489,454.4452346987091,18.05530375981904,435.03463649749756,493.5721024698578,,-33.36784042941872,,0.6271937169735868,0.2858659989075826,32,29
7b_gsm8k,adaptive,oracle20,3e-06,32,58.53746597236022,15.340319543611258,3.8159222046152985,395.9077687263489,454.4452346987091,29.624235232307836,435.03463649749756,493.5721024698578,,-43.197146428748965,,0.6271937169735868,0.2858659989075826,32,29
7b_gsm8k,adaptive,mean,3e-06,32,58.53746597236022,14.828071596683003,3.9477463802814983,395.9077687263489,454.4452346987091,30.647628839367567,435.03463649749756,493.5721024698578,,-43.70939437567722,,0.6271937169735868,0.2858659989075826,32,29
7b_gsm8k,frozen,oracle,0.0001,32,5.661649129237048,24.976001839735545,0.22668356471009116,395.9077687263489,401.5694178555859,16.07821061322591,435.03463649749756,440.6962856267346,23,19.314352710498497,21,0.0,0.0,0,0
7b_gsm8k,frozen,oracle20,0.0001,32,5.661649129237048,15.366156402276829,0.3684492713088715,395.9077687263489,401.5694178555859,26.133367860038486,435.03463649749756,440.6962856267346,45,9.70450727303978,41,0.0,0.0,0,0
7b_gsm8k,frozen,mean,0.0001,32,5.661649129237048,14.84587544715032,0.38136175595652105,395.9077687263489,401.5694178555859,27.04922449909598,435.03463649749756,440.6962856267346,48,9.184226317913271,44,0.0,0.0,0,0
7b_gsm8k,frozen,oracle,1e-05,32,5.6950985309667885,24.986210596514866,0.22792966180158403,395.9077687263489,401.60286725731567,16.072980162639475,435.03463649749756,440.72973502846435,23,19.291112065548077,21,0.0,0.0,0,0
7b_gsm8k,frozen,oracle20,1e-05,32,5.6950985309667885,15.394851652090438,0.3699352653517426,395.9077687263489,401.60286725731567,26.08682930717184,435.03463649749756,440.72973502846435,45,9.69975312112365,41,0.0,0.0,0,0
7b_gsm8k,frozen,mean,1e-05,32,5.6950985309667885,14.869746045442298,0.38299904474242075,395.9077687263489,401.60286725731567,27.00805151816364,435.03463649749756,440.72973502846435,48,9.17464751447551,44,0.0,0.0,0,0
7b_gsm8k,frozen,oracle,3e-05,32,5.659222502959892,24.962606546469033,0.22670799591480925,395.9077687263489,401.56699122930877,16.086741201555753,435.03463649749756,440.69385900045745,23,19.30338404350914,21,0.0,0.0,0,0
7b_gsm8k,frozen,oracle20,3e-05,32,5.659222502959892,15.360731723951176,0.3684214140746802,395.9077687263489,401.56699122930877,26.14243894404891,435.03463649749756,440.69385900045745,45,9.701509220991284,41,0.0,0.0,0,0
7b_gsm8k,frozen,mean,3e-05,32,5.659222502959892,14.837169683538377,0.3814219708789013,395.9077687263489,401.56699122930877,27.06493218008024,435.03463649749756,440.69385900045745,48,9.177947180578485,44,0.0,0.0,0,0
7b_gsm8k,frozen,oracle,3e-06,32,5.837765146396123,25.169625542941503,0.2319369088918865,395.9077687263489,401.745533872745,15.961522080943686,435.03463649749756,440.8724016438937,23,19.33186039654538,21,0.0,0.0,0,0
7b_gsm8k,frozen,oracle20,3e-06,32,5.837765146396123,15.340319543611258,0.3805504265931254,395.9077687263489,401.745533872745,26.188863454285663,435.03463649749756,440.8724016438937,46,9.502554397215135,42,0.0,0.0,0,0
7b_gsm8k,frozen,mean,3e-06,32,5.837765146396123,14.828071596683003,0.3936968545324541,395.9077687263489,401.745533872745,27.093579313618523,435.03463649749756,440.8724016438937,49,8.99030645028688,45,0.0,0.0,0,0
7b_gsm8k,periodic8,oracle,0.0001,32,12.59909469075501,24.976001839735545,0.5044480206079458,395.9077687263489,408.5068634171039,16.355975069123765,435.03463649749756,447.63373118825257,36,12.376907148980536,32,0.3907594392244565,0.16562361847541382,4,1
7b_gsm8k,periodic8,oracle20,0.0001,32,12.59909469075501,15.366156402276829,0.8199249285844951,395.9077687263489,408.5068634171039,26.584843517314113,435.03463649749756,447.63373118825257,158,2.7670617115218192,144,0.3907594392244565,0.16562361847541382,4,1
7b_gsm8k,periodic8,mean,0.0001,32,12.59909469075501,14.84587544715032,0.8486595981224818,395.9077687263489,408.5068634171039,27.51652234126194,435.03463649749756,447.63373118825257,194,2.24678075639531,177,0.3907594392244565,0.16562361847541382,4,1
7b_gsm8k,periodic8,oracle,1e-05,32,12.401771328295581,24.986210596514866,0.4963446249838865,395.9077687263489,408.30954005464446,16.341395125821776,435.03463649749756,447.43640782579314,35,12.584439268219285,32,0.38008042691415095,0.1686848238626188,4,4
7b_gsm8k,periodic8,oracle20,1e-05,32,12.401771328295581,15.394851652090438,0.8055791383096289,395.9077687263489,408.30954005464446,26.522473180129726,435.03463649749756,447.43640782579314,146,2.9930803237948567,133,0.38008042691415095,0.1686848238626188,4,4
7b_gsm8k,periodic8,mean,1e-05,32,12.401771328295581,14.869746045442298,0.8340271105098549,395.9077687263489,408.30954005464446,27.459079583931075,435.03463649749756,447.43640782579314,177,2.467974717146717,161,0.38008042691415095,0.1686848238626188,4,4
7b_gsm8k,periodic8,oracle,3e-05,32,12.073777850717306,24.962606546469033,0.483674564522796,395.9077687263489,407.9815465770662,16.34370777016374,435.03463649749756,447.10841434821486,34,12.888828695751727,31,0.368004365569194,0.16861085032266485,4,2
7b_gsm8k,periodic8,oracle20,3e-05,32,12.073777850717306,15.360731723951176,0.786015801050109,395.9077687263489,407.9815465770662,26.56003333102434,435.03463649749756,447.10841434821486,133,3.2869538732338697,121,0.368004365569194,0.16861085032266485,4,2
7b_gsm8k,periodic8,mean,3e-05,32,12.073777850717306,14.837169683538377,0.8137520907449745,395.9077687263489,407.9815465770662,27.497262299946314,435.03463649749756,447.10841434821486,158,2.763391832821071,144,0.368004365569194,0.16861085032266485,4,2
7b_gsm8k,periodic8,oracle,3e-06,32,12.463450156268664,25.169625542941503,0.4951782113327418,395.9077687263489,408.37121888261754,16.22476338338454,435.03463649749756,447.4980866537662,35,12.70617538667284,32,0.3847174834943955,0.16734906755953774,4,4
7b_gsm8k,periodic8,oracle20,3e-06,32,12.463450156268664,15.340319543611258,0.8124635292528364,395.9077687263489,408.37121888261754,26.620776556945373,435.03463649749756,447.4980866537662,152,2.8768693873425946,138,0.3847174834943955,0.16734906755953774,4,4
7b_gsm8k,periodic8,mean,3e-06,32,12.463450156268664,14.828071596683003,0.8405307510827438,395.9077687263489,408.37121888261754,27.540413210168815,435.03463649749756,447.4980866537662,184,2.3646214404143393,168,0.3847174834943955,0.16734906755953774,4,4
