condition,model,task,method,lr,seed,step,n,state,online_seconds,diagnostic_seconds,activation_cosine,activation_relative_l2,activation_norm_ratio,lora_cosine,lora_relative_l2,lora_norm_ratio,batch_lora_cosine,batch_lora_relative_l2,batch_lora_norm_ratio,factor_A_cosine,factor_A_relative_l2,factor_A_norm_ratio,factor_B_cosine,factor_B_relative_l2,factor_B_norm_ratio,same_history_next_adam_delta_cosine,same_history_next_adam_delta_relative_l2,same_history_next_adam_delta_norm_ratio
1p5b_aqua,1p5b,aqua,adaptive,0.0001,101,1,32,after_current_update,1.2152559750247747,0.6380079271038994,0.46412798343226314,0.8741879649460316,0.47761207446455956,0.5757306679151952,0.8029405176639557,0.642350310459733,0.9398097991943359,0.3418501317501068,0.9296132922172546,0.9583607241511345,0.35007275035604835,0.9702581251040101,0.5481343655847013,0.8228575251996517,0.6208616448566318,0.9457837343215942,0.33522719144821167,1.0287524461746216
1p5b_aqua,1p5b,aqua,adaptive,0.0001,101,8,32,after_current_update,10.309799387003295,0.6191250269766897,0.4290135973133147,0.8955057542771101,0.4806407862342894,0.6042893561534584,0.793572299182415,0.7170853363350034,0.9277455806732178,0.3826819658279419,1.012346625328064,0.9481637105345726,0.39631895814090967,1.054199505597353,0.5559399295598269,0.8290774747729301,0.6750792413949966,0.9917811155319214,0.13080567121505737,1.0189844369888306
1p5b_aqua,1p5b,aqua,adaptive,0.0001,101,32,32,after_current_update,42.0210178848356,0.5769872920354828,0.21664831857196987,0.982281306758523,0.3507908897008747,0.4477477374894079,0.9359436258673668,0.7330837016925216,0.7370188236236572,0.8127568960189819,1.1884284019470215,0.8781304452568293,0.709889410994947,1.3737214747816324,0.38888059195596725,0.9605119805783033,0.6650836998596787,0.9942490458488464,0.11438161879777908,1.0344282388687134
1p5b_aqua,1p5b,aqua,adaptive,1e-05,101,1,32,after_current_update,1.274213841999881,0.6105673189740628,0.46733655827119946,0.872263366356492,0.47468991158530116,0.5669244145974517,0.8079206924885511,0.6250972859561443,0.9356990456581116,0.35371163487434387,0.9103065729141235,0.9568791314959526,0.35129939625039697,0.9478740887716413,0.5430721174925566,0.824940225109458,0.6070646224543452,0.945655345916748,0.33612769842147827,1.0307775735855103
1p5b_aqua,1p5b,aqua,adaptive,1e-05,101,8,32,after_current_update,10.062184794805944,0.5901041430188343,0.46449678065255284,0.8739312160760164,0.4786037593148649,0.573336816392839,0.8044918309897184,0.6405693255364895,0.9389826655387878,0.34414514899253845,0.9278343915939331,0.9586218614131212,0.3491966142319143,0.96851965226233,0.5465909596532583,0.8236940242350101,0.6197415040805936,0.9932124614715576,0.11826526373624802,1.0146100521087646
1p5b_aqua,1p5b,aqua,adaptive,1e-05,101,32,32,after_current_update,41.52168057591189,0.6078171309782192,0.4552719695493579,0.8797819707542658,0.4831092725507915,0.5939454045146704,0.7931936215609312,0.6805735062807798,0.9471712708473206,0.32225221395492554,0.9784749150276184,0.9586556479334831,0.36280736653134227,1.0280671389773488,0.5585964815691113,0.819097239524126,0.6503432178869843,0.9969826936721802,0.07818768918514252,1.0063514709472656
1p5b_aqua,1p5b,aqua,adaptive,1e-05,102,1,32,after_current_update,1.505340313888155,0.658473466988653,0.47865660255774856,0.8681374229490757,0.47610719967633486,0.5789327202364802,0.805587800219655,0.6142678102478385,0.9324868321418762,0.36527353525161743,0.8781132102012634,0.9578403048217297,0.3247115155681968,0.8983236569911242,0.5554479314014316,0.8231714852154255,0.5981902270577848,0.9470658302307129,0.33209922909736633,1.0320566892623901
1p5b_aqua,1p5b,aqua,adaptive,1e-05,102,8,32,after_current_update,9.810922673903406,0.49946220801211894,0.4761938564479351,0.8697186186909676,0.47791703743860126,0.5856811450794339,0.8017413765192032,0.6265223314985633,0.9356294870376587,0.3557712435722351,0.8911808133125305,0.9588334858417511,0.32189772464334965,0.917213685810566,0.5595549931749701,0.8214767351746559,0.6079667252488434,0.9924794435501099,0.12448335438966751,1.0151017904281616
1p5b_aqua,1p5b,aqua,adaptive,1e-05,102,32,32,after_current_update,42.25700249278452,0.6317190929548815,0.46710528852418065,0.8753487169742584,0.48500870168209076,0.6059171678498387,0.7905961219221354,0.6680239867419004,0.942209005355835,0.33502811193466187,0.9435516595840454,0.9586159624159336,0.3291235917713493,0.9819631455466151,0.5718771712854505,0.8169727269560099,0.6406383514404297,0.9966592192649841,0.0820486769080162,1.004512906074524
1p5b_aqua,1p5b,aqua,adaptive,1e-05,103,1,32,after_current_update,1.655431997962296,0.6442532560322434,0.4589169002138078,0.8802430126816034,0.4479081821627915,0.5478351768106222,0.825920719653368,0.5945434020832181,0.8943924903869629,0.44861286878585815,0.859876811504364,0.945657279342413,0.37790550384670496,0.8506727069616318,0.5237619215622544,0.842560974881053,0.5816687885671854,0.9280438423156738,0.3920303285121918,1.0503278970718384
1p5b_aqua,1p5b,aqua,adaptive,1e-05,103,8,32,after_current_update,11.097843161900528,0.6374275139532983,0.4588876566849649,0.8808675985783339,0.4383754418231547,0.5653537986800075,0.8137801066040993,0.5927182072773576,0.9228627681732178,0.3915797770023346,0.852079451084137,0.9531194344162941,0.35354493628256023,0.9049792215228081,0.5381805310025811,0.8327861037105322,0.5738858785480261,0.990847110748291,0.1370166391134262,1.0143334865570068
1p5b_aqua,1p5b,aqua,adaptive,1e-05,103,32,32,after_current_update,43.18916231964249,0.5044416169403121,0.4538963264785707,0.8830740917474031,0.4230369059368968,0.5853729392401874,0.7996784634888172,0.5943445013836026,0.917357325553894,0.4056030511856079,0.8395224809646606,0.9520540684461594,0.3523414987139404,0.8827334400266409,0.5493501322343946,0.8257596381008625,0.5697471546009183,0.9959279298782349,0.0901622399687767,0.9971669912338257
1p5b_aqua,1p5b,aqua,adaptive,3e-05,101,1,32,after_current_update,1.2685167299350724,0.6202839700272307,0.46621806360781193,0.8727452959865332,0.4764218074269593,0.568422575481236,0.807043856009841,0.6304317908361554,0.9365629553794861,0.3512113690376282,0.914207935333252,0.9576419722288847,0.3493850496597588,0.9524796167388558,0.5436201663687825,0.8247858677059412,0.6116660758852959,0.945651650428772,0.33609646558761597,1.0306103229522705
1p5b_aqua,1p5b,aqua,adaptive,3e-05,101,8,32,after_current_update,10.598450727877207,0.6269094169838354,0.4591802442446351,0.8772717956453562,0.4832895905710757,0.5881157601252198,0.7957979142665863,0.6688242806121707,0.9451079368591309,0.327267050743103,0.9633522629737854,0.959126316010952,0.35465310560539365,1.008662753738463,0.5554332011379302,0.8196827694773674,0.6417704913765192,0.9935324192047119,0.11564270406961441,1.015443205833435
1p5b_aqua,1p5b,aqua,adaptive,3e-05,101,32,32,after_current_update,42.64684896171093,0.6229812970850617,0.4152674130164087,0.9015326909720898,0.44657377945259213,0.6020580949261785,0.7941154856234789,0.6976562710478902,0.9228998422622681,0.388314425945282,0.9732210636138916,0.9518212601542473,0.36254830937832594,0.9857379458844662,0.5485840030014515,0.8339796923100948,0.659258977510035,0.9965738654136658,0.08346940577030182,1.00782310962677
1p5b_aqua,1p5b,aqua,adaptive,3e-06,101,1,32,after_current_update,1.3147386009804904,0.6254960579099134,0.4670018428005278,0.8724920768290758,0.475420028436929,0.5654062870889902,0.809329055249691,0.6260693231597543,0.9350899457931519,0.35520675778388977,0.9113172292709351,0.9563815370202065,0.3536634515039623,0.9491663705557585,0.5418108575977385,0.8260996025055647,0.6082330709323287,0.9455487728118896,0.3364172577857971,1.030631184577942
1p5b_aqua,1p5b,aqua,adaptive,3e-06,101,8,32,after_current_update,10.468736644950695,0.6395907460246235,0.4668128597550094,0.8725159037858248,0.4765005144290626,0.5684409332461655,0.8069404643028975,0.6296065310016274,0.9365020990371704,0.351331889629364,0.9148171544075012,0.9573290087282658,0.3502964708022773,0.9517739936709404,0.5439422717317939,0.8244688957929611,0.611043936572969,0.9930683374404907,0.11941730976104736,1.0141648054122925
1p5b_aqua,1p5b,aqua,adaptive,3e-06,101,32,32,after_current_update,42.95265849714633,0.6168383350595832,0.463950187433511,0.8740381505340338,0.47718467144295573,0.5748367458581924,0.8030275106430054,0.6410538535565138,0.9399920701980591,0.34138768911361694,0.9285529255867004,0.9585674479603767,0.34890417009592056,0.9685498215258121,0.5474511408247054,0.8227819427847862,0.6197579558938742,0.9965282678604126,0.08346300572156906,1.0024174451828003
1p5b_aqua,1p5b,aqua,frozen,0.0001,101,1,32,after_current_update,0.10420557693578303,0.5655064609600231,0.4635544093325734,0.8744765054434538,0.4776269271969795,0.5751226861029863,0.803287535905838,0.6420076824724674,0.9396629929542542,0.34224843978881836,0.9296389222145081,0.9583343397825956,0.3497895058244467,0.9700644928961992,0.5474975984543562,0.8231952451169491,0.6205082656815648,0.9456820487976074,0.33557793498039246,1.0289106369018555
1p5b_aqua,1p5b,aqua,frozen,0.0001,101,8,32,after_current_update,0.7529992599738762,0.5676043370040134,0.4312209174968302,0.8963393718004227,0.5021155057474971,0.6127615738660097,0.7952088993042707,0.7652167286723852,0.9406026005744934,0.37145066261291504,1.0912976264953613,0.9536943044513464,0.41693285945802927,1.1501463130116463,0.5640568435192108,0.8296425025910139,0.7154856026172638,0.9926173686981201,0.12454641610383987,1.0209208726882935
1p5b_aqua,1p5b,aqua,frozen,0.0001,101,32,32,after_current_update,2.9799537328071892,0.5632990330923349,0.21248010685667396,1.0681141652166843,0.6158941201865673,0.3823797299992293,1.3930717427283525,1.3945696670562029,0.5966746807098389,1.7644524574279785,2.1680796146392822,0.844183873385191,2.2362166699022055,3.0056158527731895,0.31305994167996687,1.3066644854843616,1.182135034352541,0.9932458996772766,0.14237965643405914,1.0757638216018677
1p5b_aqua,1p5b,aqua,frozen,1e-05,101,1,32,after_current_update,0.11360414803493768,0.5823333320440724,0.46616989094763994,0.872999832034111,0.4760458776727319,0.5661183134652674,0.8089373223483562,0.6273850686848164,0.9354588985443115,0.3540985882282257,0.9138006567955017,0.9566570147871971,0.35347122978419065,0.952474819496274,0.5422683162614703,0.8259006571024656,0.6092335060238838,0.9456138610839844,0.33623725175857544,1.0307092666625977
1p5b_aqua,1p5b,aqua,frozen,1e-05,101,8,32,after_current_update,0.7860129770124331,0.5317688629729673,0.46480544516816735,0.8736428190022707,0.4775988217443228,0.5737813953310251,0.8037328533828259,0.6393203968182206,0.938928484916687,0.34432482719421387,0.9268275499343872,0.9582087323069572,0.3496394301764667,0.9674218995496631,0.547060145996511,0.822969039902091,0.6185698555782437,0.9932072758674622,0.11830589920282364,1.0145809650421143
1p5b_aqua,1p5b,aqua,frozen,1e-05,101,32,32,after_current_update,3.042423928156495,0.553556099999696,0.455883982591331,0.8792082834988832,0.48238336434587836,0.5944426436908543,0.7918878607451916,0.6790396794676781,0.9471192359924316,0.3222194015979767,0.9764506816864014,0.9588269013911486,0.3596044909209013,1.024629500694573,0.5591456475667655,0.8178535047918558,0.6489406786859035,0.9969726800918579,0.07830335944890976,1.0062404870986938
1p5b_aqua,1p5b,aqua,frozen,3e-05,101,1,32,after_current_update,0.10488196997903287,0.5770393960410729,0.4665744695812464,0.8724996000528336,0.47596545377746224,0.5687751797959208,0.8066300582140684,0.6298514213413,0.9366582632064819,0.35101020336151123,0.9134868383407593,0.9578553065657616,0.3476659655570984,0.9510886333882809,0.5439954646863043,0.8243950456380844,0.611117934808135,0.9456951022148132,0.33595678210258484,1.0305837392807007
1p5b_aqua,1p5b,aqua,frozen,3e-05,101,8,32,after_current_update,0.7545669130049646,0.5659679289674386,0.45934690488502383,0.8771045636385679,0.48130448069423437,0.588186226785183,0.795508474111557,0.6658360324800014,0.9451558589935303,0.32687100768089294,0.957962691783905,0.9594296663999557,0.3525381996296346,1.0027513904497027,0.5553992167115211,0.819515448063612,0.6389612294733524,0.9935177564620972,0.1157337874174118,1.0152384042739868
1p5b_aqua,1p5b,aqua,frozen,3e-05,101,32,32,after_current_update,2.993743538041599,0.5734458790393546,0.4139272589236498,0.9087429456412792,0.508404194843024,0.6083019245415926,0.8138220757246017,0.8019020818173885,0.9216265082359314,0.4455163776874542,1.1404415369033813,0.9498862158507109,0.46841864474117756,1.2232429347932339,0.5561453546397388,0.8476362191140652,0.7431036969646811,0.9963247179985046,0.08913113176822662,1.0209697484970093
1p5b_aqua,1p5b,aqua,frozen,3e-06,101,1,32,after_current_update,0.1908962889574468,0.5441666160477325,0.4670018428005278,0.8724920768290758,0.475420028436929,0.5654062917456031,0.8093290608376265,0.626069319434464,0.9350900650024414,0.35520678758621216,0.9113172292709351,0.9563815370202065,0.3536634696647525,0.9491664236411452,0.5418108589947224,0.8260995969176292,0.6082330560311675,0.9455486536026001,0.3364173173904419,1.0306310653686523
1p5b_aqua,1p5b,aqua,frozen,3e-06,101,8,32,after_current_update,0.8744719817768782,0.578780830022879,0.46654244139790535,0.8724672794342041,0.47574508748948574,0.5680600367486477,0.8069435525685549,0.6285364031791687,0.9363470673561096,0.3517705798149109,0.9142494201660156,0.9573473464697599,0.3509075865149498,0.9520680056884885,0.5436028204858303,0.8244119435548782,0.609985439106822,0.9930506944656372,0.11956226825714111,1.0141440629959106
1p5b_aqua,1p5b,aqua,frozen,3e-06,101,32,32,after_current_update,3.122404550900683,0.5776570619782433,0.46481501031666994,0.8737893328070641,0.4785678405314684,0.5762059893459082,0.8024279959499836,0.6431805714964867,0.9402896165847778,0.3405371606349945,0.929797887802124,0.9587366450577974,0.34853381337597966,0.9693493945524096,0.548806469887495,0.8222284130752087,0.6218440756201744,0.9965431690216064,0.0832860916852951,1.0024570226669312
1p5b_aqua,1p5b,aqua,periodic8,0.0001,101,1,32,after_current_update,1.2439153249142691,0.6044846170116216,0.46412798343226314,0.8741879649460316,0.47761207446455956,0.5757306679151952,0.8029405176639557,0.642350310459733,0.9398097991943359,0.3418501317501068,0.9296132922172546,0.9583607241511345,0.35007275035604835,0.9702581251040101,0.5481343655847013,0.8228575251996517,0.6208616448566318,0.9457837343215942,0.33522719144821167,1.0287524461746216
1p5b_aqua,1p5b,aqua,periodic8,0.0001,101,8,32,after_current_update,1.9174548159353435,0.5680369220208377,0.4297641501761973,0.8972742110490799,0.5016472106799483,0.611467213369906,0.796902509406209,0.7654687315225601,0.9389158487319946,0.37697330117225647,1.0927729606628418,0.953724941238761,0.41870773443952203,1.1543703991919756,0.5627894131466746,0.8311113212257624,0.7153605883941054,0.9924988746643066,0.1255897581577301,1.0212546586990356
1p5b_aqua,1p5b,aqua,periodic8,0.0001,101,32,32,after_current_update,7.81483928009402,0.6245885040843859,0.23205087834503502,0.9927982520312071,0.43808687943965197,0.429158556740731,1.0656849443912506,0.9983264310285449,0.6969236135482788,1.112144947052002,1.5469642877578735,0.8682868033647537,1.102770865894854,1.8544364459812641,0.3688735827745404,1.0701010953634977,0.900511366315186,0.9943970441818237,0.11959651112556458,1.0503321886062622
1p5b_aqua,1p5b,aqua,periodic8,1e-05,101,1,32,after_current_update,1.3223881459562108,0.6277543710311875,0.46733655827119946,0.872263366356492,0.47468991158530116,0.5669244145974517,0.8079206924885511,0.6250972859561443,0.9356990456581116,0.35371163487434387,0.9103065729141235,0.9568791314959526,0.35129939625039697,0.9478740887716413,0.5430721174925566,0.824940225109458,0.6070646224543452,0.945655345916748,0.33612769842147827,1.0307775735855103
1p5b_aqua,1p5b,aqua,periodic8,1e-05,101,8,32,after_current_update,1.977736398926936,0.5718934560427442,0.46474428940564394,0.8736940026283264,0.47794000059366226,0.5739839877933264,0.8035932183265686,0.6396853355690837,0.9389486908912659,0.3443017303943634,0.9259685277938843,0.9586122687906027,0.34805667866021395,0.9661317467689514,0.5472378893755376,0.8228377923369408,0.6189379720017314,0.9932029247283936,0.1183326244354248,1.014517903327942
1p5b_aqua,1p5b,aqua,periodic8,1e-05,101,32,32,after_current_update,7.892526026233099,0.56810385605786,0.4551113126799464,0.8797742016613483,0.48286593658849597,0.5936691099777818,0.7932318337261677,0.6800939878448844,0.9468390941619873,0.32326921820640564,0.9785772562026978,0.9583950601518154,0.36376858642324805,1.027720776386559,0.5583039992488921,0.8191594555974007,0.6498824451118708,0.9969658851623535,0.0784112736582756,1.0064144134521484
1p5b_aqua,1p5b,aqua,periodic8,3e-05,101,1,32,after_current_update,1.3594641080126166,0.6567616279935464,0.46621806360781193,0.8727452959865332,0.4764218074269593,0.568422575481236,0.807043856009841,0.6304317908361554,0.9365629553794861,0.3512113690376282,0.914207935333252,0.9576419722288847,0.3493850496597588,0.9524796167388558,0.5436201663687825,0.8247858677059412,0.6116660758852959,0.945651650428772,0.33609646558761597,1.0306103229522705
1p5b_aqua,1p5b,aqua,periodic8,3e-05,101,8,32,after_current_update,2.0098976913141087,0.5716415559872985,0.4582178690470755,0.8778240829706192,0.4818519074469805,0.5870662685483694,0.7967592738568783,0.6675665257498622,0.9447504281997681,0.3282923996448517,0.9628961086273193,0.958820391446352,0.35618411330506206,1.0083725154399872,0.5543611664324999,0.8205952495336533,0.6404903791844845,0.993506669998169,0.11587415635585785,1.0154691934585571
1p5b_aqua,1p5b,aqua,periodic8,3e-05,101,32,32,after_current_update,7.8080830433173105,0.6375126420753077,0.4186546616256237,0.9025515615940094,0.4882582048885524,0.6135648814961314,0.7976663205772638,0.7832442438229918,0.9359257221221924,0.39354315400123596,1.111519694328308,0.9498043730854988,0.44678086368367076,1.2041224893182516,0.5620206678286195,0.8324126843363047,0.7239189157262444,0.9968894124031067,0.08152776211500168,1.017754316329956
1p5b_aqua,1p5b,aqua,periodic8,3e-06,101,1,32,after_current_update,1.2557604329194874,0.6346476260805503,0.4670018428005278,0.8724920768290758,0.475420028436929,0.5654062870889902,0.809329055249691,0.6260693231597543,0.9350899457931519,0.35520675778388977,0.9113172292709351,0.9563815370202065,0.3536634515039623,0.9491663705557585,0.5418108575977385,0.8260996025055647,0.6082330709323287,0.9455487728118896,0.3364172577857971,1.030631184577942
1p5b_aqua,1p5b,aqua,periodic8,3e-06,101,8,32,after_current_update,1.9103158919606358,0.566699639079161,0.46573419170454144,0.8731013145297766,0.4754755771718919,0.567313963547349,0.807841619476676,0.6286001289263368,0.9362810850143433,0.35193443298339844,0.9143729209899902,0.957169633358717,0.3510479722172022,0.9522171942517161,0.5428267540410161,0.825311541557312,0.6100082546472549,0.9930419921875,0.11964266747236252,1.0141777992248535
1p5b_aqua,1p5b,aqua,periodic8,3e-06,101,32,32,after_current_update,7.863574018934742,0.6163646969944239,0.46370652690529823,0.8743673022836447,0.4775517340749502,0.5747679090127349,0.8034133892506361,0.6415393585339189,0.9397741556167603,0.3419831693172455,0.9284650087356567,0.9582932125777006,0.3514955462887883,0.9699721746146679,0.5473614390939474,0.8231630064547062,0.6202307306230068,0.9965139627456665,0.08363474905490875,1.0024265050888062
1p5b_aqua_sensitivity_w0,1p5b,aqua,frozen,1e-05,101,1,32,after_current_update,0.38213083799928427,0.6150432139402255,0.4927439889870584,0.8616870697587729,0.5165842925198376,0.50158447958529,0.8546957354992628,0.5527788503095508,0.890694260597229,0.45460644364356995,0.8925387859344482,0.9572776183485985,0.3292098231613636,1.0063483230769634,0.5015756194479764,0.8547012191265821,0.5527706360444427,0.906777024269104,0.44424888491630554,1.0467830896377563
1p5b_aqua_sensitivity_w0,1p5b,aqua,frozen,1e-05,101,8,32,after_current_update,1.1144845159724355,0.5517640169709921,0.4922480541281402,0.8619124684482813,0.5184002774767578,0.508768105879426,0.8505763988941908,0.563195045106113,0.8949990272521973,0.44610917568206787,0.9010445475578308,0.9598479922860861,0.32094643311575055,1.010560454800725,0.5082540749572217,0.8508999459445477,0.5627181781455874,0.9894002676010132,0.1492183804512024,1.0237363576889038
1p5b_aqua_sensitivity_w0,1p5b,aqua,frozen,1e-05,101,32,32,after_current_update,3.4372102678753436,0.506754947011359,0.48685857746750116,0.8650571424514055,0.5205889260396361,0.5399173991754651,0.8322824370115995,0.6050395015627146,0.9105415940284729,0.41417115926742554,0.9355142116546631,0.9629649352282286,0.3181092352606356,1.0339232254773378,0.5333445239812136,0.8367123883217573,0.5988452797755599,0.9964485168457031,0.0850209966301918,1.0082025527954102
1p5b_aqua_sensitivity_w0.0005,1p5b,aqua,frozen,1e-05,101,1,32,after_current_update,0.38002310995943844,0.5930518159875646,0.010329179736800143,1.000006653368473,0.02379519668465946,0.11511442781193182,0.9909495431929827,0.13942331238649786,0.24546803534030914,0.9764280915260315,0.3623709976673126,0.24370215577073395,0.9777129758149385,0.2388861431973055,0.1104632726564887,0.9914529137313366,0.13707752712070942,0.5613875389099121,1.0277702808380127,1.170868992805481
1p5b_aqua_sensitivity_w0.0005,1p5b,aqua,frozen,1e-05,101,8,32,after_current_update,1.1077748159877956,0.5653265030123293,0.010253940356051316,1.0000129397958517,0.024052244625636376,0.11419629136798903,0.990963626652956,0.1406087561044842,0.23442286252975464,0.9810063242912292,0.36605608463287354,0.2451341872510966,0.9760377332568169,0.23714935244061053,0.1095577784726629,0.9914752952754498,0.13836138206534088,0.8753944635391235,0.5746153593063354,1.1860363483428955
1p5b_aqua_sensitivity_w0.0005,1p5b,aqua,frozen,1e-05,101,32,32,after_current_update,3.444840671145357,0.5874224059516564,0.010090039988426724,1.0000306814908981,0.02490138307621237,0.10926573484903201,0.9915497750043869,0.14340456924401224,0.21196317672729492,0.9906830191612244,0.37438634037971497,0.2414088844670914,0.972178628668189,0.2350042009493336,0.10478055794374086,0.9920882415026426,0.14136720483656973,0.9185274839401245,0.42445510625839233,1.0729780197143555
1p5b_aqua_sensitivity_w3e-06,1p5b,aqua,frozen,1e-05,101,1,32,after_current_update,0.38397530000656843,0.59578551503364,0.4520668899640441,0.885958706960082,0.4147707843221724,0.485394855029881,0.8629218768328428,0.4801030601374805,0.8994041681289673,0.44306492805480957,0.8270552158355713,0.9641101509332657,0.320458993781358,0.8991202628239989,0.4844923494383693,0.8634440209716558,0.4793496634811163,0.9321306943893433,0.37934789061546326,1.0451452732086182
1p5b_aqua_sensitivity_w3e-06,1p5b,aqua,frozen,1e-05,101,8,32,after_current_update,1.1181397328618914,0.5556361400522292,0.4502682210877538,0.8866235744208097,0.41622471855953336,0.49404694605618715,0.8579945303499699,0.4920846065506339,0.9041500687599182,0.4323224425315857,0.8378928899765015,0.9650163128972054,0.3122094254940748,0.9242765810340643,0.491552016697824,0.8594609200954437,0.48986334539949894,0.9892096519470215,0.15048973262310028,1.0236046314239502
1p5b_aqua_sensitivity_w3e-06,1p5b,aqua,frozen,1e-05,101,32,32,after_current_update,3.4482767019653693,0.5865872009890154,0.4468409805558622,0.8877155464142561,0.4201445085927844,0.530803847592324,0.835888933390379,0.5375246102921665,0.9235687255859375,0.3865525424480438,0.8745586276054382,0.9659458715468645,0.31231005350127816,0.9573308918625116,0.5189842749387026,0.8433744013309479,0.5264455853030086,0.9958467483520508,0.09137614816427231,1.0036065578460693
1p5b_aqua_sensitivity_w5e-05,1p5b,aqua,frozen,1e-05,101,1,32,after_current_update,0.3776389129925519,0.5949871009215713,0.37743909284472466,0.9220419358462095,0.3496364613529295,0.6069123344495893,0.7851546928286552,0.6116242511197925,0.9470387101173401,0.32728084921836853,0.8838312029838562,0.9513269569724798,0.34935635374858975,0.8983391784131527,0.564325928222388,0.8162992857396603,0.5787303424440324,0.9482890963554382,0.32816192507743835,1.0316112041473389
1p5b_aqua_sensitivity_w5e-05,1p5b,aqua,frozen,1e-05,101,8,32,after_current_update,1.1047077937982976,0.5581093759974465,0.3757877107709646,0.9225857947021723,0.35082038305699825,0.610657867975533,0.7827286310493946,0.6208768300712109,0.9488339424133301,0.32095205783843994,0.8914231657981873,0.9534705262631178,0.3445976753719151,0.910581897944212,0.5663103396072984,0.8153144624084234,0.5858188420534134,0.9926100969314575,0.12352875620126724,1.015720248222351
1p5b_aqua_sensitivity_w5e-05,1p5b,aqua,frozen,1e-05,101,32,32,after_current_update,3.393649036763236,0.5712965459097177,0.37200014339759946,0.9237050376832485,0.35884774243459105,0.6235751817002892,0.7744561489671469,0.6566065927036107,0.9527546167373657,0.3052746653556824,0.9221916198730469,0.9596706442534924,0.33471941109746695,0.9505635369569063,0.5737438006326556,0.8117377776652575,0.614463989622891,0.9964101314544678,0.084896519780159,1.0027821063995361
1p5b_arc_challenge,1p5b,arc_challenge,adaptive,0.0001,101,1,32,after_current_update,1.162800322053954,0.5924392649903893,0.002072757474707032,2.914296392351389,2.3858648874011124,0.0189978850830812,3.5253675300627947,3.0492383235832676,0.006891352590173483,1.0235100984573364,0.22511233389377594,-0.03275606594979763,3.4492656253278255,2.903832627896918,0.019566120387025876,3.532506424933672,3.0577361307223327,0.33943986892700195,1.2908668518066406,1.223496913909912
1p5b_arc_challenge,1p5b,arc_challenge,adaptive,0.0001,101,8,32,after_current_update,9.636045277002268,0.5936396250035614,0.0040193736349465325,2.4647558107972145,1.9101631985104177,0.048422126499644946,2.6736650243401527,2.1848466494411696,-0.026412218809127808,1.0102307796478271,0.11940944194793701,0.017967406660318375,2.953348897397518,2.445217102067545,0.048817467270055204,2.672929037362337,2.1846555426891427,0.5035212635993958,1.1576323509216309,1.2740057706832886
1p5b_arc_challenge,1p5b,arc_challenge,adaptive,0.0001,101,32,32,after_current_update,38.40756910596974,0.5328988319961354,0.0025448403175687417,3.761949386447668,3.203066613699775,0.01631375624856446,4.504479421302676,3.9975265956891235,-0.0361802838742733,1.012609839439392,0.12718357145786285,0.008968716370873153,4.832811612635851,4.335841209423961,0.01627203999669291,4.511510254815221,4.004334972880315,0.6358084678649902,0.858740508556366,1.0122227668762207
1p5b_arc_challenge,1p5b,arc_challenge,adaptive,1e-05,101,1,32,after_current_update,0.9972030200297013,0.4796568650053814,0.002159087731342879,2.946409024298191,2.417893900172203,0.01988776081998367,3.5448415223509073,3.067660113563761,0.002087989589199424,1.0242170095443726,0.22350391745567322,-0.045682775613386184,2.778562881052494,2.1986021188204177,0.020518176697805757,3.559991182759404,3.0842731223383453,0.30707257986068726,1.3514059782028198,1.2665472030639648
1p5b_arc_challenge,1p5b,arc_challenge,adaptive,1e-05,101,8,32,after_current_update,8.677415706100874,0.5478429639479145,0.0031031222206365783,2.450058273971081,1.8976590884994948,0.02837448140780907,2.5176416970789433,2.0053338585421443,-0.060292262583971024,1.013929843902588,0.11772177368402481,0.012665802816627547,2.328820088878274,1.8046790559019428,0.02889037838031072,2.5239600595086813,2.011995099892374,0.39523226022720337,1.4050424098968506,1.4584126472473145
1p5b_arc_challenge,1p5b,arc_challenge,adaptive,1e-05,101,32,32,after_current_update,38.06818906299304,0.595762197044678,0.0029010654034209438,2.388773189857602,1.8353307654178934,0.024161396067938767,2.8158973269164562,2.319442230538698,-0.010413777083158493,1.0124337673187256,0.14811280369758606,-0.004386268090456724,1.8626886457204819,1.254300382512156,0.024458844405671698,2.8329365476965904,2.3377084961975925,0.591078519821167,0.9832771420478821,1.1534020900726318
1p5b_arc_challenge,1p5b,arc_challenge,adaptive,3e-05,101,1,32,after_current_update,1.156537109054625,0.5989685039967299,0.0021091025755595183,2.8909339495003223,2.3640136769536184,0.01966133521636948,3.4916924741119146,3.016284745041048,0.003088022582232952,1.0245742797851562,0.22616223990917206,-0.04502004513051361,2.8595441076904535,2.2845243812189437,0.02027499298674229,3.5049698762595654,3.0310389823280275,0.3184069097042084,1.33461332321167,1.257861852645874
1p5b_arc_challenge,1p5b,arc_challenge,adaptive,3e-05,101,8,32,after_current_update,9.628820003243163,0.5989647279493511,0.003125473522231914,2.4213321395218372,1.8704604565427871,0.027365197936887853,2.4529153425246477,1.9382287254557014,-0.018682409077882767,1.0085673332214355,0.11382132768630981,-0.00671034213155508,2.4220362696796656,1.870782643527491,0.0278625984719838,2.4568511806428432,1.9429410589509644,0.5527817010879517,1.1530957221984863,1.3497744798660278
1p5b_arc_challenge,1p5b,arc_challenge,adaptive,3e-05,101,32,32,after_current_update,38.635740263271146,0.6030672470806167,0.0034969513217220083,2.430287215858698,1.874099849126651,0.0401295847404981,2.804399272426963,2.316926933301147,0.0029342425987124443,1.007799744606018,0.1281098872423172,0.07165972507209517,2.65072407014668,2.171300782210892,0.03957465724670328,2.81056597456336,2.3233049853879493,0.6696570515632629,0.8474952578544617,1.0779324769973755
1p5b_arc_challenge,1p5b,arc_challenge,adaptive,3e-06,101,1,32,after_current_update,1.167698529898189,0.5874047670513391,0.0021484674916791846,2.813395567238331,2.2817046642594505,0.020214701260556467,3.399624651297927,2.9199409989232663,0.0021988609805703163,1.024897813796997,0.2267439365386963,-0.043228355003520846,2.6413159035146236,2.059161188371945,0.020827174263104098,3.414548985660076,2.9363025967322756,0.30475836992263794,1.3545135259628296,1.267870306968689
1p5b_arc_challenge,1p5b,arc_challenge,adaptive,3e-06,101,8,32,after_current_update,9.483929245034233,0.5858943100320175,0.0035695132428372744,2.227692414075136,1.6579458220367087,0.03742765498463996,2.4629258047789335,1.950805822678376,-0.006665184162557125,1.0097248554229736,0.13329437375068665,0.009891824891383294,1.6474102288484573,1.0184666456916602,0.037726438757090364,2.4766002912074327,1.9657939811004326,0.5700255632400513,1.0000731945037842,1.1401796340942383
1p5b_arc_challenge,1p5b,arc_challenge,adaptive,3e-06,101,32,32,after_current_update,38.387338427244686,0.6052706819027662,0.0036644522260758094,2.2434805892407894,1.6787599616218358,0.03820017549151089,2.4899441581219435,1.9838831353699788,-0.003649035468697548,1.0094518661499023,0.13421395421028137,0.018424502108246088,1.7531612236052752,1.1397322565171635,0.0383673947690113,2.5023116655647755,1.9975692560255993,0.6783334016799927,0.8736386299133301,1.1509648561477661
1p5b_arc_challenge,1p5b,arc_challenge,frozen,0.0001,101,1,32,after_current_update,0.08240658300928771,0.5440213659312576,0.0028881680982522084,2.6041215248405933,2.0528529412986245,0.029769448039587587,2.561689266934991,2.0414154958561994,0.112159863114357,0.9936900734901428,0.11218027770519257,-0.028008010238409042,4.9712650794535875,4.4585288658272475,0.03210782011956326,2.502212781459093,1.9817234028305393,0.41392576694488525,1.2105733156204224,1.2119371891021729
1p5b_arc_challenge,1p5b,arc_challenge,frozen,0.0001,101,8,32,after_current_update,0.660161447012797,0.5429536389419809,0.002039121662164689,3.170559488236904,2.596382577205077,0.01281083275534911,3.2082802560180426,2.6600220432446804,0.10006089508533478,0.9959287643432617,0.14349079132080078,-0.06908846995793283,9.025418542325497,8.48714310687501,0.0184390642807557,3.0464885234832764,2.4969108114019036,0.7610722780227661,0.8507553935050964,1.311540961265564
1p5b_arc_challenge,1p5b,arc_challenge,frozen,0.0001,101,32,32,after_current_update,2.6536360969766974,0.5371755409287289,-0.0002255833551316755,3.1789284721016884,2.51419373745739,-0.015071406589413527,5.18911968357861,4.583063040248817,0.002684970386326313,1.0216805934906006,0.2120611071586609,-0.18141846591606736,27.94531972333789,27.373892962001264,-0.006765782502043294,4.476130485534668,3.861673241801327,0.8679352402687073,0.6156888008117676,1.2317816019058228
1p5b_arc_challenge,1p5b,arc_challenge,frozen,1e-05,101,1,32,after_current_update,0.08476757199969143,0.5552114110905677,0.002989052147313487,2.452684871852398,1.8944493096496444,0.03133720932237338,2.410012537613511,1.8832068840856664,0.10913832485675812,0.9940283894538879,0.1110507994890213,-0.022408346412703395,4.525927796959877,4.01368042192189,0.03326724600447051,2.3583035338670015,1.8309597713814583,0.4050557017326355,1.2253923416137695,1.220933437347412
1p5b_arc_challenge,1p5b,arc_challenge,frozen,1e-05,101,8,32,after_current_update,0.6694642710499465,0.5348204519832507,0.0029226551632746123,2.5069361608475447,1.9556983002985362,0.030674352019559592,2.449235027655959,1.9294444858387578,0.1123015433549881,0.9936743974685669,0.11302370578050613,-0.024903050769353285,4.6984093356877565,4.1870923905516975,0.03282013269199524,2.3936778269708157,1.8735864016052801,0.720687985420227,0.9440558552742004,1.3614943027496338
1p5b_arc_challenge,1p5b,arc_challenge,frozen,1e-05,101,32,32,after_current_update,2.680037876474671,0.46369229396805167,0.002536840426728304,2.612178962677717,2.053828260191949,0.02308261996950023,2.54633129760623,2.0154080897918902,0.1128300130367279,0.9936458468437195,0.12074708938598633,-0.05916087207151577,5.3982041999697685,4.858036137127783,0.02683340151270386,2.472588000819087,1.941724975273246,0.8173846006393433,0.6687624454498291,1.15703284740448
1p5b_arc_challenge,1p5b,arc_challenge,frozen,1e-05,102,1,32,after_current_update,0.35770472197327763,0.5545158230233938,0.0025543112878949614,2.8979224748909473,2.3585408688231837,0.0332263185409829,2.807890009135008,2.3140342508850154,-0.02921389602124691,1.0148106813430786,0.1459835171699524,0.036010717682074755,2.4708085488528013,1.980155540019041,0.033448630525526823,2.815601909533143,2.321891314466484,0.10299818217754364,1.5201060771942139,1.252489686012268
1p5b_arc_challenge,1p5b,arc_challenge,frozen,1e-05,102,8,32,after_current_update,0.9800368607975543,0.5147708129370585,0.0026286087322660023,2.713819071650505,2.1727152591047343,0.033328490593703464,2.783817583695054,2.2889705250563566,-0.02473132312297821,1.0143040418624878,0.1468036025762558,0.029653156248969026,2.4964368510991335,1.9902179778146092,0.03356919646830647,2.7917040903121233,2.297212046716595,0.5585196018218994,1.2437632083892822,1.4852832555770874
1p5b_arc_challenge,1p5b,arc_challenge,frozen,1e-05,102,32,32,after_current_update,2.9559708398301154,0.5330798169597983,0.00260704454012739,2.9011851400136948,2.369236842234386,0.03174122437485494,3.092652142047882,2.61033724877052,-0.01492479257285595,1.0142321586608887,0.15504488348960876,0.009530329349217936,3.8324213325977325,3.3520696018240415,0.032264974382997025,3.0848812106996775,2.6026664155360777,0.7567538619041443,0.8140981197357178,1.2419670820236206
1p5b_arc_challenge,1p5b,arc_challenge,frozen,1e-05,103,1,32,after_current_update,0.36124105600174516,0.5737045019632205,0.002543967735618935,2.628126371651888,2.085921124642482,0.013254848003271036,3.009458813816309,2.5195724802615587,-0.1846042275428772,1.0403342247009277,0.15653201937675476,-0.013535370002500713,8.613717442378402,8.256393887102604,0.016864047036506236,2.8225540425628424,2.3241261673974805,0.08213023841381073,1.5673574209213257,1.2918221950531006
1p5b_arc_challenge,1p5b,arc_challenge,frozen,1e-05,103,8,32,after_current_update,0.9542124699801207,0.5088034559739754,0.00248803725662583,2.678431659936905,2.1390397731156554,0.010940742191451136,3.06173543818295,2.5731041254475713,-0.17937476933002472,1.0377393960952759,0.15089522302150726,-0.021702098951209337,8.538743123412132,8.174125966383144,0.014996270663687028,2.882884446531534,2.3867977956542745,0.6232585906982422,1.1598916053771973,1.4798797369003296
1p5b_arc_challenge,1p5b,arc_challenge,frozen,1e-05,103,32,32,after_current_update,2.9331090060295537,0.5269458900438622,0.0023968871701072203,2.7390197068452835,2.2071281945245573,0.0028573227682500146,3.146671226248145,2.6558300644392148,-0.1630074679851532,1.0333938598632812,0.14435908198356628,-0.06688511883839965,7.924066059291363,7.501140382955782,0.008897430936485762,3.000687412917614,2.506788379920181,0.7462824583053589,0.8401309847831726,1.2588810920715332
1p5b_arc_challenge,1p5b,arc_challenge,frozen,3e-05,101,1,32,after_current_update,0.08165129902772605,0.5295811661053449,0.002988337279020925,2.434588825330138,1.883120069935103,0.03124562033917755,2.39482737891376,1.8751107176067308,0.10889793932437897,0.9940537810325623,0.11022036522626877,-0.026677602174459025,4.588029969483614,4.075337520043831,0.033281462150625885,2.342636914923787,1.8224810671817977,0.40570634603500366,1.2240912914276123,1.2199528217315674
1p5b_arc_challenge,1p5b,arc_challenge,frozen,3e-05,101,8,32,after_current_update,0.67691518610809,0.5389404951129109,0.0026086326333825127,2.6903529092669487,2.136512163677253,0.02516843802004587,2.6280530896037817,2.103458002296975,0.10946393013000488,0.9940112829208374,0.11584872752428055,-0.05368422227911651,5.444963568821549,4.909118634299375,0.02842842305835802,2.5572762675583363,2.0327465611044317,0.7316972017288208,0.9212858080863953,1.3514941930770874
1p5b_arc_challenge,1p5b,arc_challenge,frozen,3e-05,101,32,32,after_current_update,2.656626103213057,0.5455184869933873,0.0017840272284956882,3.2380797788500786,2.6491351621225476,0.007476865270291455,3.35304868966341,2.7892152560234535,0.08704955875873566,0.9988282918930054,0.15940621495246887,-0.08095872146077454,11.052093336358666,10.505736784194596,0.01404615592036862,3.156580325216055,2.590904324752046,0.856257438659668,0.5988032817840576,1.1591473817825317
1p5b_arc_challenge,1p5b,arc_challenge,frozen,3e-05,102,1,32,after_current_update,0.0828428310342133,0.5350980169605464,0.0026383977601653896,2.7074046544730663,2.1685215515462914,0.034459830465493724,2.7816931791603565,2.28886311428505,-0.02858465537428856,1.0150315761566162,0.14778462052345276,0.030565597669919953,2.5247393753379583,2.0273785056488123,0.034753673447994515,2.788821106776595,2.296227566403104,0.10941866785287857,1.5125659704208374,1.249518632888794
1p5b_arc_challenge,1p5b,arc_challenge,frozen,3e-05,102,8,32,after_current_update,0.6797794519225135,0.5385832809843123,0.00259764273687324,2.8128852359950542,2.277585843883571,0.03268323085649172,2.9361652843654156,2.4485865245223977,-0.0179801844060421,1.0140752792358398,0.1513475626707077,0.017644115607254207,3.2229067385196686,2.7329943549702875,0.03304222424412728,2.9359241351485252,2.448585676844232,0.6034619808197021,1.1634677648544312,1.4507066011428833
1p5b_arc_challenge,1p5b,arc_challenge,frozen,3e-05,102,32,32,after_current_update,2.681184026761912,0.5379766910336912,0.0023967292272573104,3.411598075181246,2.887817011011066,0.025037352941581048,4.209480285644531,3.7459274017601274,0.00716063566505909,1.0154173374176025,0.18357950448989868,-0.006217758025741205,10.163849474862218,9.741783946170472,0.02670402817238937,4.031066820025444,3.564285698143067,0.8437871932983398,0.6480491757392883,1.2070286273956299
1p5b_arc_challenge,1p5b,arc_challenge,frozen,3e-05,103,1,32,after_current_update,0.08432425500359386,0.5275112129747868,0.0025159341566904914,2.600012708455324,2.0603367039730074,0.014115375648543704,2.9788067620247602,2.49298904358875,-0.1819116324186325,1.039952278137207,0.1566038280725479,-0.008334456011652946,8.20118767209351,7.852325015817769,0.017260297143366188,2.7997882179915905,2.305040782172,0.08697579801082611,1.562650203704834,1.2909029722213745
1p5b_arc_challenge,1p5b,arc_challenge,frozen,3e-05,103,8,32,after_current_update,0.6675698600010946,0.4986168140312657,0.0024699743826204212,2.617956530302763,2.082453534574597,0.004428264761372702,2.999119471758604,2.5062964487005956,-0.18002177774906158,1.0370640754699707,0.14847435057163239,-0.06116183410631493,7.932857520878315,7.522573788184673,0.010425268003018573,2.8490700498223305,2.3520091655664146,0.6247842311859131,1.1512006521224976,1.470726490020752
1p5b_arc_challenge,1p5b,arc_challenge,frozen,3e-05,103,32,32,after_current_update,2.64770951832179,0.5322389919310808,0.002188257779380365,2.6780208460986614,2.152679179853294,-0.004460915646632202,3.3401808943599463,2.8516126697941218,-0.08278658241033554,1.0196925401687622,0.13314513862133026,-0.06822534384264145,7.689952317625284,7.222973560797982,-0.0003209624337614514,3.2303739693015814,2.7410820899240207,0.7583536505699158,0.8059407472610474,1.2323166131973267
1p5b_arc_challenge,1p5b,arc_challenge,frozen,3e-06,101,1,32,after_current_update,0.1841444349847734,0.5506362289888784,0.003021993084985297,2.4293883070349693,1.8728159692254849,0.03169726862688549,2.3740026894956827,1.8494814950390719,0.10221761465072632,0.9947783350944519,0.10790242999792099,-0.025524297496303916,4.386687671765685,3.873136112873908,0.03366705049484153,2.324309030547738,1.799232442950597,0.39945363998413086,1.2310541868209839,1.2210726737976074
1p5b_arc_challenge,1p5b,arc_challenge,frozen,3e-06,101,8,32,after_current_update,0.7719643301097676,0.5356058749603108,0.0030389017401830642,2.3716240487992764,1.8140573173441226,0.03191926903673448,2.332277851179242,1.8070304889697582,0.10386428982019424,0.994604766368866,0.10902200639247894,-0.030747551267268136,4.38854980841279,3.8709527606260963,0.033884006916196086,2.282887214794755,1.756995429896051,0.7095052003860474,0.9639077186584473,1.3671644926071167
1p5b_arc_challenge,1p5b,arc_challenge,frozen,3e-06,101,32,32,after_current_update,2.780250532203354,0.5434840879170224,0.0029064700756862294,2.527909254655242,1.9747673155507073,0.030603305582189932,2.4799664989113808,1.9573829548899084,0.10765104740858078,0.9941972494125366,0.11175186932086945,-0.02114029903896153,4.750377934426069,4.2430099086486734,0.03269236874621129,2.4242493975907564,1.9011333045491483,0.7946984767913818,0.7052409648895264,1.153739333152771
1p5b_arc_challenge,1p5b,arc_challenge,periodic8,0.0001,101,1,32,after_current_update,1.117480256012641,0.6487842140486464,0.002072757474707032,2.914296392351389,2.3858648874011124,0.0189978850830812,3.5253675300627947,3.0492383235832676,0.006891352590173483,1.0235100984573364,0.22511233389377594,-0.03275606594979763,3.4492656253278255,2.903832627896918,0.019566120387025876,3.532506424933672,3.0577361307223327,0.33943986892700195,1.2908668518066406,1.223496913909912
1p5b_arc_challenge,1p5b,arc_challenge,periodic8,0.0001,101,8,32,after_current_update,1.7015437460504472,0.5440005419077352,0.0018691541445150506,3.3176714293658733,2.780010321366717,0.014590612503525335,4.659534892067313,4.187345877639018,0.033313263207674026,1.0323541164398193,0.29189538955688477,-0.0058014640817418694,14.878569534048438,14.475056105991825,0.01624733234712039,4.323437502607703,3.844864156912081,0.8091117739677429,0.7605039477348328,1.2918416261672974
1p5b_arc_challenge,1p5b,arc_challenge,periodic8,0.0001,101,32,32,after_current_update,7.072380034835078,0.598419276997447,0.007556140246379073,4.281090866774321,3.7538135072682053,0.07781981211155653,6.847334019839764,6.455154868890531,-0.18511351943016052,1.067710280418396,0.23234570026397705,-0.02760109597875271,10.822602845728397,10.393317074340302,0.08113463968038559,6.776690503582358,6.385949792136671,0.7671405673027039,0.7943266034126282,1.2356057167053223
1p5b_arc_challenge,1p5b,arc_challenge,periodic8,1e-05,101,1,32,after_current_update,1.1374454479664564,0.5415740829193965,0.002159087731342879,2.946409024298191,2.417893900172203,0.01988776081998367,3.5448415223509073,3.067660113563761,0.002087989589199424,1.0242170095443726,0.22350391745567322,-0.045682775613386184,2.778562881052494,2.1986021188204177,0.020518176697805757,3.559991182759404,3.0842731223383453,0.30707257986068726,1.3514059782028198,1.2665472030639648
1p5b_arc_challenge,1p5b,arc_challenge,periodic8,1e-05,101,8,32,after_current_update,1.729962802841328,0.5557390589965507,0.002108945350300928,2.920616712421179,2.3933439152897336,0.019203086354536936,3.5276024285703897,3.0518104983493686,0.0037848581559956074,1.0242294073104858,0.22528034448623657,-0.03148240433074534,3.2808119412511587,2.7302544124540873,0.019715522656042594,3.5367655474692583,3.062333885318367,0.7062925696372986,0.9881069660186768,1.3956433534622192
1p5b_arc_challenge,1p5b,arc_challenge,periodic8,1e-05,101,32,32,after_current_update,6.941093185683712,0.6079957750625908,0.0017551335204188945,2.3139195181429386,1.7488678194931708,0.011433306899562012,2.626176096498966,2.1000728148792405,0.013044020161032677,1.008684754371643,0.1457650512456894,0.008323462505359203,2.5788223780691624,2.0382555170799606,0.011417785579396877,2.6300506498664618,2.1046038575586863,0.7721163034439087,0.7289063334465027,1.1291429996490479
1p5b_arc_challenge,1p5b,arc_challenge,periodic8,3e-05,101,1,32,after_current_update,1.1902324319817126,0.5958575459662825,0.0021091025755595183,2.8909339495003223,2.3640136769536184,0.01966133521636948,3.4916924741119146,3.016284745041048,0.003088022582232952,1.0245742797851562,0.22616223990917206,-0.04502004513051361,2.8595441076904535,2.2845243812189437,0.02027499298674229,3.5049698762595654,3.0310389823280275,0.3184069097042084,1.33461332321167,1.257861852645874
1p5b_arc_challenge,1p5b,arc_challenge,periodic8,3e-05,101,8,32,after_current_update,1.7802621801383793,0.5325742730638012,0.002047340835815703,2.8890189081430435,2.355423828776111,0.0188053979727556,3.5696767792105675,3.0893443356326316,0.014689702540636063,1.0239897966384888,0.23553138971328735,-0.013482130016200244,5.236582295969129,4.743639316351619,0.019334932025230955,3.5457290932536125,3.0659144604578614,0.7467764616012573,0.905277669429779,1.3609449863433838
1p5b_arc_challenge,1p5b,arc_challenge,periodic8,3e-05,101,32,32,after_current_update,7.104236323270015,0.5952688010875136,0.001435010329259967,2.6483253352344036,2.081806242946186,0.0056200859835371375,3.2818011958152056,2.7608224847062957,0.005639608483761549,1.0148532390594482,0.17872650921344757,-0.025329180352855474,4.767611784860492,4.2428694885456935,0.0060795056670031045,3.2612256724387407,2.7404160389851313,0.8240494728088379,0.6582199931144714,1.1591780185699463
1p5b_arc_challenge,1p5b,arc_challenge,periodic8,3e-06,101,1,32,after_current_update,1.1762460860190913,0.5967306650709361,0.0021484674916791846,2.813395567238331,2.2817046642594505,0.020214701260556467,3.399624651297927,2.9199409989232663,0.0021988609805703163,1.024897813796997,0.2267439365386963,-0.043228355003520846,2.6413159035146236,2.059161188371945,0.020827174263104098,3.414548985660076,2.9363025967322756,0.30475836992263794,1.3545135259628296,1.267870306968689
1p5b_arc_challenge,1p5b,arc_challenge,periodic8,3e-06,101,8,32,after_current_update,1.7541876500472426,0.5409593670628965,0.002130572845089773,2.922299351543188,2.394469761333312,0.019775091961491853,3.5140379443764687,3.0376485266024247,0.0007658977992832661,1.0250134468078613,0.22582858800888062,-0.04123838043597061,2.8123409748077393,2.2382920167874545,0.02038087887922302,3.5289683807641268,3.0540417786687613,0.6854442954063416,1.0287238359451294,1.412153720855713
1p5b_arc_challenge,1p5b,arc_challenge,periodic8,3e-06,101,32,32,after_current_update,7.0284076211974025,0.5535157109843567,0.0030677124468638794,2.419556852430105,1.8601136005599983,0.034403433062834665,2.623919164761901,2.116201344644651,-0.03187656030058861,1.0130404233932495,0.13325029611587524,0.018748036527540535,2.163675295189023,1.5971215994795784,0.03458472683269065,2.6342760547995567,2.1275799619907048,0.7019426226615906,0.8539727926254272,1.1731040477752686
1p5b_arc_easy,1p5b,arc_easy,adaptive,0.0001,101,1,32,after_current_update,1.1637716590194032,0.5386144189396873,0.059401312239060644,1.1147948522120714,0.40050465108652133,0.1779372446180787,1.2644302397966385,0.7470615444617579,0.09257339686155319,0.9960004687309265,0.06835070252418518,0.4905210635624826,1.3718628659844398,0.9804439685249235,0.16869350112392567,1.2695608772337437,0.7509938455332303,0.3226713538169861,1.2864567041397095,1.1939280033111572
1p5b_arc_easy,1p5b,arc_easy,adaptive,0.0001,101,8,32,after_current_update,9.230501926038414,0.4695216970285401,0.06681464385474101,1.3340959455817938,0.7439443484327057,0.2934600262742606,1.4916787333786488,1.194143001892371,0.07308699935674667,0.9973256587982178,0.07346360385417938,0.8210962368175387,0.922032717615366,0.8936307098774705,0.2697935224714456,1.5259407255798578,1.2185899664327735,0.6479793190956116,0.9932984709739685,1.2855677604675293
1p5b_arc_easy,1p5b,arc_easy,adaptive,0.0001,101,32,32,after_current_update,34.19444980297703,0.598027131985873,0.009313028109318111,6.6046961434185505,6.322683998092543,0.023502094176365063,8.316910967230797,8.073531285299396,0.011126700788736343,1.0010966062545776,0.05927622690796852,0.43463844840880483,11.121385687962174,11.330498164519668,0.013979800238303142,8.322800232097507,8.069606004180969,0.6186306476593018,0.9598792791366577,1.170057773590088
1p5b_arc_easy,1p5b,arc_easy,adaptive,1e-05,101,1,32,after_current_update,1.1646321410080418,0.6520866160281003,0.060093508571299026,1.0860766787081957,0.3521512146035093,0.17250227165641263,1.199114279821515,0.650551337734214,0.08569501340389252,0.9965299963951111,0.06530821323394775,0.4438227961654775,1.0764925703406334,0.470533621373761,0.16926116567992722,1.2042231652885675,0.6582053482998163,0.3018786907196045,1.3380732536315918,1.2407989501953125
1p5b_arc_easy,1p5b,arc_easy,adaptive,1e-05,101,8,32,after_current_update,9.259765944094397,0.5646441510180011,0.06911342949024402,1.0977214574813843,0.3871198990018456,0.24073331436375156,1.2310509700328112,0.7893805713101756,0.05679266154766083,0.9986306428909302,0.07889910787343979,0.5891118127619848,0.986639617010951,0.4865922129683895,0.23749770966242068,1.2385459057986736,0.8000421395117883,0.5606212615966797,1.217984914779663,1.4538084268569946
1p5b_arc_easy,1p5b,arc_easy,adaptive,1e-05,101,32,32,after_current_update,37.404851209023036,0.5387442240025848,0.0699860001768684,1.1244095861911774,0.4298650128184818,0.27475883477018215,1.1614822447299957,0.656452654482564,0.2567152976989746,0.9870679974555969,0.05620085075497627,0.8632864626124501,0.8512377375736833,0.7020934654719895,0.2563892477628542,1.1730033438652754,0.6620786659332225,0.7851070761680603,0.7261794805526733,1.16422438621521
1p5b_arc_easy,1p5b,arc_easy,adaptive,3e-05,101,1,32,after_current_update,1.2447065130108967,0.5895835859701037,0.058880667413177434,1.0863536857068539,0.35012177722819615,0.17054531816393137,1.2000079285353422,0.647406703355955,0.0848752036690712,0.9966039657592773,0.06430071592330933,0.467538487049751,1.0883640553802252,0.523272514641576,0.16567321075490327,1.2061498630791903,0.6554199536185479,0.3119126558303833,1.3188265562057495,1.226567268371582
1p5b_arc_easy,1p5b,arc_easy,adaptive,3e-05,101,8,32,after_current_update,10.197179215727374,0.681667760014534,0.06719379330752417,1.165120966732502,0.49916138075786876,0.24762287639896385,1.4161413554102182,1.0325378365523648,0.0966537594795227,0.9953222274780273,0.0937843769788742,0.7009185794740915,1.1674326211214066,0.9982905793294776,0.23553923607323668,1.4300832748413086,1.043361776333768,0.6441497802734375,1.1213868856430054,1.4641727209091187
1p5b_arc_easy,1p5b,arc_easy,adaptive,3e-05,101,32,32,after_current_update,39.20618464984,0.5415143399732187,0.05043344795922167,1.4814133271574974,0.9426895000397053,0.18740965858160052,1.4810093883424997,1.0710464231306105,0.0516548715531826,0.998676598072052,0.046838268637657166,0.7901308313012123,0.8171333195641637,0.6289296829781961,0.16696106802191935,1.5175547618418932,1.1013667084334884,0.7345831394195557,0.762057900428772,1.0814905166625977
1p5b_arc_easy,1p5b,arc_easy,adaptive,3e-06,101,1,32,after_current_update,1.183840461075306,0.5421823009382933,0.05873810930279433,1.1028194185346365,0.3749988761228451,0.1676958064781502,1.2360922452062368,0.6887275905319257,0.08243696391582489,0.9967584013938904,0.0644589215517044,0.42826663132291287,1.073567472398281,0.45751626471610507,0.16493080111104064,1.2421838752925396,0.6975403192191152,0.29393821954727173,1.3475993871688843,1.2438980340957642
1p5b_arc_easy,1p5b,arc_easy,adaptive,3e-06,101,8,32,after_current_update,9.355910702957772,0.5388369020074606,0.05928544320340734,1.0929563771933317,0.36130946674529696,0.17099045653594658,1.2079091146588326,0.6613217446865747,0.0863170474767685,0.9964766502380371,0.06591504067182541,0.45304205699358135,1.104023788124323,0.528480411892815,0.1667265546566341,1.2135566212236881,0.6691600030753762,0.5404937863349915,1.367440104484558,1.618466854095459
1p5b_arc_easy,1p5b,arc_easy,adaptive,3e-06,101,32,32,after_current_update,38.090273698209785,0.5478562479838729,0.08044871567108203,1.1120689176023006,0.40036043182044523,0.28456928828381933,1.1709418892860413,0.6569353985978523,0.26393890380859375,0.986465334892273,0.05711108446121216,0.7158316746354103,1.1904804930090904,0.8581681575160474,0.27408127844682895,1.1763527505099773,0.6611653050858877,0.7750176191329956,0.7948395013809204,1.2571194171905518
1p5b_arc_easy,1p5b,arc_easy,frozen,0.0001,101,1,32,after_current_update,0.08389402402099222,0.5112577080726624,0.07432889426127076,1.1095100566744804,0.4057854315324221,0.3149643235374242,1.1996491681784391,0.7706795316335047,0.263123095035553,0.9830288887023926,0.07449814677238464,0.5851229028776288,1.949634600430727,1.8123847453098278,0.3006975257303566,1.1935994420200586,0.7554367853736039,0.42733699083328247,1.2063316106796265,1.2259937524795532
1p5b_arc_easy,1p5b,arc_easy,frozen,0.0001,101,8,32,after_current_update,0.7607181069906801,0.5215357799315825,0.07594131731639209,1.5113977547734976,1.0199227424818673,0.3740237691672519,2.287043984979391,2.224721608465188,0.2131415605545044,0.9808856844902039,0.12615841627120972,0.7127476949244738,4.030319290235639,4.411183247109875,0.3303230927558616,2.081373954191804,1.9538094343588455,0.7556576132774353,0.8916741013526917,1.3607205152511597
1p5b_arc_easy,1p5b,arc_easy,frozen,0.0001,101,32,32,after_current_update,2.766714416560717,0.5401664599776268,0.002810728559779818,8.559188347309828,8.325155896229262,-0.0257800625404343,39.60748431831598,39.45655309507856,-0.0017613833770155907,1.0829317569732666,0.41386377811431885,-0.3069034254876897,346.29912934824824,345.9350904445164,-0.005781432628282346,30.29087444394827,30.14588016027119,0.9132683873176575,0.49671003222465515,1.1974867582321167
1p5b_arc_easy,1p5b,arc_easy,frozen,1e-05,101,1,32,after_current_update,0.09911015699617565,0.5706954529741779,0.074328435886855,1.0866744127124548,0.35330639347375836,0.3007099630194716,1.1516957376152277,0.6647161351138493,0.26485204696655273,0.9840849041938782,0.0684606209397316,0.46997288381680846,1.6929069124162197,1.359589546249481,0.2916650454280898,1.1500640790909529,0.6596870367357042,0.41124722361564636,1.2345068454742432,1.2437924146652222
1p5b_arc_easy,1p5b,arc_easy,frozen,1e-05,101,8,32,after_current_update,0.7833327586995438,0.5438347229501233,0.07547158678789856,1.1128476113080978,0.40602306115761166,0.3142009161529131,1.20798952691257,0.7692093039659085,0.26420798897743225,0.9829031825065613,0.07472309470176697,0.5537360277958214,2.0340098086744547,1.856267436989583,0.3017295275640208,1.201747827231884,0.755292254689266,0.6727283000946045,1.1113569736480713,1.5019917488098145
1p5b_arc_easy,1p5b,arc_easy,frozen,1e-05,101,32,32,after_current_update,3.095542534138076,0.6151412919862196,0.0758246643563325,1.1666170544922352,0.512431185823516,0.34556998941116035,1.3421561941504478,1.015664353428292,0.276242733001709,0.9789201021194458,0.09024659544229507,0.6825638888403773,2.131610719487071,2.210235473990906,0.3201218518661335,1.313754078000784,0.9606671701185405,0.8107072114944458,0.7218286991119385,1.232943058013916
1p5b_arc_easy,1p5b,arc_easy,frozen,3e-05,101,1,32,after_current_update,0.10151273396331817,0.5751913080457598,0.07414108290140575,1.0826944839209318,0.34845027343544643,0.3033251682645641,1.1425224263221025,0.6552502437407384,0.27238354086875916,0.9840419888496399,0.06615209579467773,0.5061997906304896,1.7061275523155928,1.4096611224522348,0.2928205999196507,1.1407850570976734,0.6490291482768953,0.41231614351272583,1.231903076171875,1.2415262460708618
1p5b_arc_easy,1p5b,arc_easy,frozen,3e-05,101,8,32,after_current_update,0.777178778895177,0.5429178660269827,0.07595553914688935,1.1469749864190817,0.4739633619974484,0.3378744728397578,1.2879070173949003,0.9210920424666256,0.28073424100875854,0.9797351360321045,0.0840296596288681,0.6640557702630758,2.038182284682989,2.0593687244690955,0.31626563059398904,1.2707908563315868,0.8839527736417949,0.704879105091095,1.0469748973846436,1.4749510288238525
1p5b_arc_easy,1p5b,arc_easy,frozen,3e-05,101,32,32,after_current_update,3.097312106983736,0.5481266739079729,0.07457769182292395,1.9352203849703074,1.546705786146049,0.3652657262282446,3.4939163103699684,3.543378428585129,0.16959384083747864,0.9858735203742981,0.14297489821910858,0.7167978705838323,6.909358493983746,7.395484225009568,0.3181928456760943,3.0422471705824137,3.0190495801798534,0.858962893486023,0.6047869920730591,1.180808663368225
1p5b_arc_easy,1p5b,arc_easy,frozen,3e-06,101,1,32,after_current_update,0.18369288300164044,0.5924441539682448,0.07437668336751813,1.0873463600873947,0.35698918974230764,0.2993007018812932,1.1548930034041405,0.671849304519128,0.2608494758605957,0.9846993088722229,0.06674867123365402,0.4519626491237432,1.7069401629269123,1.3573430682881735,0.29087210530997254,1.1534161698073149,0.6674490618461277,0.40522629022598267,1.2414287328720093,1.2450796365737915
1p5b_arc_easy,1p5b,arc_easy,frozen,3e-06,101,8,32,after_current_update,0.8651375629706308,0.5536250040167943,0.07430482697782281,1.0845557320863008,0.356266276921815,0.3031700828578323,1.147136926651001,0.6717351636325475,0.2629656195640564,0.9841947555541992,0.06856844574213028,0.49346101889386773,1.7474689781665802,1.446177176461788,0.2932605962851085,1.1447784937918186,0.6652532997104572,0.6476231813430786,1.1596978902816772,1.521874189376831
1p5b_arc_easy,1p5b,arc_easy,frozen,3e-06,101,32,32,after_current_update,3.186202146112919,0.5463443150511011,0.07447298864281038,1.1155548933893442,0.4123537932646286,0.3124687333183829,1.2132295705378056,0.7808089725876926,0.2594151198863983,0.9836239218711853,0.07283476740121841,0.5733228763565421,2.027872482314706,1.877927125111455,0.29881865659262985,1.2063204236328602,0.7651849376125028,0.7569781541824341,0.815977156162262,1.24568510055542
1p5b_arc_easy,1p5b,arc_easy,periodic8,0.0001,101,1,32,after_current_update,1.0887830819701776,0.46106248104479164,0.059401312239060644,1.1147948522120714,0.40050465108652133,0.1779372446180787,1.2644302397966385,0.7470615444617579,0.09257339686155319,0.9960004687309265,0.06835070252418518,0.4905210635624826,1.3718628659844398,0.9804439685249235,0.16869350112392567,1.2695608772337437,0.7509938455332303,0.3226713538169861,1.2864567041397095,1.1939280033111572
1p5b_arc_easy,1p5b,arc_easy,periodic8,0.0001,101,8,32,after_current_update,1.6694582658819854,0.4768128920113668,0.05917401982151205,1.3352776877582073,0.7443503713438986,0.20823853695765138,1.9272540155798197,1.6162761844461784,0.10938476771116257,0.9940028190612793,0.10681803524494171,0.562259403988719,3.28592262044549,3.4030729345977306,0.16965210836497135,1.801381278783083,1.4427075616404181,0.6917121410369873,1.0289697647094727,1.4246816635131836
1p5b_arc_easy,1p5b,arc_easy,periodic8,0.0001,101,32,32,after_current_update,6.970595598919317,0.5949582229368389,0.012035890660627047,4.969677614048123,4.6466821902868105,0.033935103012481704,10.300875512883067,10.07198261684971,0.021953385323286057,1.0047919750213623,0.12239646911621094,0.4116575277876109,22.6079534702003,22.79300334333675,0.019722099750651978,10.053362559527159,9.809101524340804,0.7625778913497925,0.7703434228897095,1.1808531284332275
1p5b_arc_easy,1p5b,arc_easy,periodic8,1e-05,101,1,32,after_current_update,1.1530837391037494,0.5444561638869345,0.060093508571299026,1.0860766787081957,0.3521512146035093,0.17250227165641263,1.199114279821515,0.650551337734214,0.08569501340389252,0.9965299963951111,0.06530821323394775,0.4438227961654775,1.0764925703406334,0.470533621373761,0.16926116567992722,1.2042231652885675,0.6582053482998163,0.3018786907196045,1.3380732536315918,1.2407989501953125
1p5b_arc_easy,1p5b,arc_easy,periodic8,1e-05,101,8,32,after_current_update,1.8218266719486564,0.5396084839012474,0.05875856261263834,1.0886528063565493,0.3486190100593376,0.17424694533110596,1.2025585044175386,0.6459843907650793,0.09537340700626373,0.9959154725074768,0.06465519219636917,0.48936466430313885,1.1934750359505415,0.7204549530142685,0.16595628127106465,1.2083707004785538,0.6517433756089304,0.5650444030761719,1.333398699760437,1.6125305891036987
1p5b_arc_easy,1p5b,arc_easy,periodic8,1e-05,101,32,32,after_current_update,7.257934369030409,0.512378335930407,0.07284891196650278,1.1371453143656254,0.45139518044743454,0.2932432203233475,1.1864682156592607,0.720583911286667,0.24271580576896667,0.9868370294570923,0.06172330677509308,0.7997282790020108,0.9438131581991911,0.7994162684044568,0.2724690134418779,1.1997178960591555,0.7252784184966004,0.7916312217712402,0.7193394899368286,1.1712747812271118
1p5b_arc_easy,1p5b,arc_easy,periodic8,3e-05,101,1,32,after_current_update,1.1510748920263723,0.5586636380758137,0.058880667413177434,1.0863536857068539,0.35012177722819615,0.17054531816393137,1.2000079285353422,0.647406703355955,0.0848752036690712,0.9966039657592773,0.06430071592330933,0.467538487049751,1.0883640553802252,0.523272514641576,0.16567321075490327,1.2061498630791903,0.6554199536185479,0.3119126558303833,1.3188265562057495,1.226567268371582
1p5b_arc_easy,1p5b,arc_easy,periodic8,3e-05,101,8,32,after_current_update,1.81059499992989,0.5381955730263144,0.058966821037756745,1.1319069396704435,0.42882925438607344,0.186812221450964,1.3063474670052528,0.8122432548116194,0.10489092767238617,0.9949390292167664,0.07479516416788101,0.5403799312189221,1.659263625741005,1.4400264781725127,0.1685678414796712,1.306530598551035,0.8032425621204311,0.6189789772033691,1.220780372619629,1.5535589456558228
1p5b_arc_easy,1p5b,arc_easy,periodic8,3e-05,101,32,32,after_current_update,7.2826478676870465,0.5661299029598013,0.050009425161988474,1.5029171779751778,0.9575441770939506,0.2030388688435778,1.5641110520809889,1.175451832525141,0.09840090572834015,0.9961740970611572,0.0531730018556118,0.8053833544254303,0.8469992186874151,0.755982767615933,0.1769347762747202,1.610413433983922,1.2105428267459502,0.7652556300163269,0.7145766615867615,1.0754749774932861
1p5b_arc_easy,1p5b,arc_easy,periodic8,3e-06,101,1,32,after_current_update,1.1922514480538666,0.5568417839240283,0.05873810930279433,1.1028194185346365,0.3749988761228451,0.1676958064781502,1.2360922452062368,0.6887275905319257,0.08243696391582489,0.9967584013938904,0.0644589215517044,0.42826663132291287,1.073567472398281,0.45751626471610507,0.16493080111104064,1.2421838752925396,0.6975403192191152,0.29393821954727173,1.3475993871688843,1.2438980340957642
1p5b_arc_easy,1p5b,arc_easy,periodic8,3e-06,101,8,32,after_current_update,1.7866999730467796,0.5131268979748711,0.058337174596090335,1.0843594763427973,0.3422603093677026,0.16819296168978326,1.1929431091994047,0.6302949245437048,0.08647657930850983,0.996492862701416,0.06465558707714081,0.46242578339297324,1.073394026607275,0.48349514839355834,0.16372466357279336,1.1988304909318686,0.6384846529981587,0.5366402268409729,1.3744512796401978,1.6215821504592896
1p5b_arc_easy,1p5b,arc_easy,periodic8,3e-06,101,32,32,after_current_update,7.01109461102169,0.5060877350624651,0.07074751025356818,1.099473835900426,0.38143590146137285,0.2687402660958469,1.1569088585674763,0.6569289792823838,0.19441355764865875,0.9900878667831421,0.05998668074607849,0.7016550051048398,1.0594033356755972,0.7017253215672099,0.2590856471215375,1.1639442667365074,0.6633493802946759,0.7223207950592041,0.9107093214988708,1.3148906230926514
1p5b_boolq,1p5b,boolq,adaptive,0.0001,101,1,32,after_current_update,1.3300834320252761,0.632345651043579,0.3649718639208004,1.006178455427289,0.43283396516926587,0.6770226256921887,1.0012206882238388,0.9114504201570526,0.8743541836738586,0.5093269944190979,0.7197279334068298,0.5711932380218059,1.0279345056042075,0.8787269808817655,0.6780809983611107,1.0025269594043493,0.9135638468433172,0.8567525148391724,0.5655214786529541,1.0887855291366577
1p5b_boolq,1p5b,boolq,adaptive,0.0001,101,8,32,after_current_update,10.59571303287521,0.6204306150320917,0.07806606427766383,1.0584651585668325,0.2775720073550474,0.2961316183209419,1.0568422861397266,0.4673706057947129,-0.019598552957177162,1.0165935754776,0.1643759161233902,0.14070258324500173,1.1692368742078543,0.6060167062678374,0.2977031774353236,1.0559134930372238,0.4656355557672214,0.8023011684417725,0.7206537127494812,1.2060695886611938
1p5b_boolq,1p5b,boolq,adaptive,0.0001,101,32,32,after_current_update,42.813974901800975,0.6369257940677926,0.026132089111342793,2.0889238864183426,1.4629496190464124,0.1462379919248633,2.176566233858466,1.6217162815955817,0.022779639810323715,1.0002086162567139,0.05337509885430336,0.16580013267230242,2.111312348395586,1.6688070124946535,0.14548381947679445,2.1831276677548885,1.626186491092085,0.37580540776252747,1.0379879474639893,0.8434040546417236
1p5b_boolq,1p5b,boolq,adaptive,1e-05,101,1,32,after_current_update,1.2901299810037017,0.6128382839960977,0.3921529948711395,0.9698521513491869,0.3414033649023622,0.7124491930007935,0.8826292119920254,0.7146768041420728,0.899817943572998,0.5522654056549072,0.5611891746520996,0.5954897472984158,0.9266618397086859,0.6626286790706217,0.714192708954215,0.8824933283030987,0.71674657065887,0.8534361124038696,0.5759413838386536,1.0985106229782104
1p5b_boolq,1p5b,boolq,adaptive,1e-05,101,8,32,after_current_update,10.402873101993464,0.6241948549868539,0.3730023568496108,0.9944808781147003,0.39366017817519605,0.6875508739612997,0.9558152128010988,0.8024268666049466,0.836931586265564,0.589634358882904,0.6175617575645447,0.6204808024922386,0.9527941234409809,0.7648796373978257,0.6880761329084635,0.9573657736182213,0.8048556440044194,0.9676975607872009,0.259231835603714,1.0280271768569946
1p5b_boolq,1p5b,boolq,adaptive,1e-05,101,32,32,after_current_update,42.218265936826356,0.6190033491002396,0.2714249240234494,1.0030051413923502,0.3304441144282464,0.5463489480316639,0.9549802355468273,0.613074833585415,0.6492232084274292,0.7709820866584778,0.5231117010116577,0.44922427681740373,1.0248204544186592,0.7165129148634151,0.5467075174674392,0.9551436454057693,0.611859604716301,0.9741387367248535,0.2270413041114807,0.9963627457618713
1p5b_boolq,1p5b,boolq,adaptive,3e-05,101,1,32,after_current_update,1.270077078952454,0.6301100719720125,0.3894977276213467,0.9810775592923164,0.36819977569393814,0.7110049976035953,0.9164339145645499,0.7699814003426582,0.8983902335166931,0.5404341816902161,0.5834708213806152,0.5967479209357407,0.9573121396824718,0.730030304286629,0.7125588646158576,0.9166596252471209,0.7717648803954944,0.8550444841384888,0.5723133683204651,1.0972089767456055
1p5b_boolq,1p5b,boolq,adaptive,3e-05,101,8,32,after_current_update,10.39584303717129,0.6234107930213213,0.30871458689216524,0.9995949324220419,0.36514505770173855,0.5993398199789226,0.951339827850461,0.7098677664762363,0.6951041221618652,0.7259494066238403,0.5942460894584656,0.5645952499471605,0.9333313461393118,0.7179039702750742,0.5977805168367922,0.9536920208483934,0.7103184884181246,0.9631735682487488,0.2777878940105438,1.0329545736312866
1p5b_boolq,1p5b,boolq,adaptive,3e-05,101,32,32,after_current_update,42.44243759231176,0.6216361429542303,0.1175645355542656,1.0675333514809608,0.3402427525288658,0.35937545215711,1.0115651823580265,0.4726744321233127,0.16550356149673462,0.9871828556060791,0.20933684706687927,0.3946840012213215,1.0099329203367233,0.6731828663614579,0.357334173633717,1.0134373288601637,0.4696239353797864,0.9239128828048706,0.3899225890636444,0.9991108179092407
1p5b_boolq,1p5b,boolq,adaptive,3e-06,101,1,32,after_current_update,1.340954295010306,0.6296710519818589,0.4008906213566661,0.9707587268203497,0.33946408302290365,0.7253885185346007,0.883364200592041,0.7087742812000215,0.9030453562736511,0.5680362582206726,0.5313519239425659,0.6015646674786694,0.928451806306839,0.6598790851421654,0.7273413892835379,0.8830728139728308,0.7106627434259281,0.8475704193115234,0.589012086391449,1.1031302213668823
1p5b_boolq,1p5b,boolq,adaptive,3e-06,101,8,32,after_current_update,10.6532350970665,0.6529265539720654,0.3885995103046298,0.9836295656859875,0.3670426065218635,0.7156273620203137,0.9222908923402429,0.7723891517380252,0.891130805015564,0.5458431243896484,0.5877189040184021,0.630242935847491,0.9135046415030956,0.6393267790554091,0.7171998647972941,0.9230309268459678,0.7764540938660502,0.9679962396621704,0.2572559118270874,1.0245423316955566
1p5b_boolq,1p5b,boolq,adaptive,3e-06,101,32,32,after_current_update,43.71007262566127,0.6320272060111165,0.3602282301289961,0.9939597714692354,0.3945673709968105,0.6713867702055722,0.9583906698971987,0.7997353118262254,0.843663215637207,0.5763165354728699,0.634119987487793,0.6066978354938328,0.9198071304708719,0.611172910197638,0.6728520314209163,0.9600364398211241,0.8059606067836285,0.9789339303970337,0.20448166131973267,0.99009108543396
1p5b_boolq,1p5b,boolq,frozen,0.0001,101,1,32,after_current_update,0.09110076504293829,0.5952408170560375,0.36435725702904165,1.0081620831042528,0.43187599116936326,0.6758369221352041,1.009376561269164,0.9108660713536665,0.8753615617752075,0.509930431842804,0.7132291793823242,0.5724788653315045,1.0402643382549286,0.8839391961228102,0.6768642766401172,1.0105052925646305,0.9128256805706769,0.8568419814109802,0.5652859210968018,1.0886316299438477
1p5b_boolq,1p5b,boolq,frozen,0.0001,101,8,32,after_current_update,0.7256157210795209,0.576992685906589,0.00576292586629279,1.351847555488348,0.6632896744995378,-0.023872603283962235,2.00727560184896,1.4757668427191675,-0.4174906611442566,1.1817395687103271,0.3380270302295685,-0.15124786445812788,4.281528679654002,3.841070941183716,-0.02225960756186396,1.9715526588261127,1.4349522340344265,0.7906643152236938,0.8951904773712158,1.4437460899353027
1p5b_boolq,1p5b,boolq,frozen,0.0001,101,32,32,after_current_update,2.948996082879603,0.5754018469015136,-0.020934524145559408,1.0001386255025864,0.005901738364627818,-0.08621579606551677,1.0016034916043282,0.017171852945466526,-0.10382182151079178,1.0019526481628418,0.017372336238622665,-0.15609481243882328,1.024503329768777,0.11594413325656205,-0.09338526497595012,1.0014804527163506,0.014876604473101906,0.9231840968132019,0.47374439239501953,1.2001363039016724
1p5b_boolq,1p5b,boolq,frozen,1e-05,101,1,32,after_current_update,0.0911894179880619,0.56456948898267,0.3921529948711395,0.9698521513491869,0.3414033649023622,0.7124491957947612,0.8826292157173157,0.7146768042584881,0.899817943572998,0.5522654056549072,0.5611891746520996,0.595489712926792,0.9266618266701698,0.662628706311807,0.714192708954215,0.8824933283030987,0.71674657065887,0.8534360527992249,0.5759413838386536,1.0985106229782104
1p5b_boolq,1p5b,boolq,frozen,1e-05,101,8,32,after_current_update,0.7512242380762473,0.5826872769976035,0.3718139927368611,0.9936017673462629,0.39655953337205574,0.6826437213458121,0.9657434113323689,0.837364329607226,0.8792198300361633,0.5289202928543091,0.6494717001914978,0.5648897670325823,1.0032389666885138,0.8071541292592883,0.684014514554292,0.9666657336056232,0.8393039287766442,0.9655307531356812,0.2770592272281647,1.0604586601257324
1p5b_boolq,1p5b,boolq,frozen,1e-05,101,32,32,after_current_update,2.9876619570422918,0.5964702859055251,0.2599948113784194,1.1275807190686464,0.6246648647356778,0.4921384188346565,1.4195867907255888,1.3572761695832014,0.6634897589683533,0.9878435134887695,1.3085118532180786,0.4477372450637631,1.748853930272162,1.7925144149921834,0.4907218422740698,1.4167444370687008,1.3493181969970465,0.9846426248550415,0.19033583998680115,1.060465693473816
1p5b_boolq,1p5b,boolq,frozen,3e-05,101,1,32,after_current_update,0.09173514298163354,0.5606838020030409,0.3894977276213467,0.9810775592923164,0.36819977569393814,0.7110049994662404,0.916433903388679,0.7699814036022872,0.8983902335166931,0.5404341816902161,0.5834708213806152,0.5967478761449456,0.9573120102286339,0.7300301966024563,0.7125588646158576,0.9166596252471209,0.7717648803954944,0.8550444841384888,0.5723134279251099,1.0972089767456055
1p5b_boolq,1p5b,boolq,frozen,3e-05,101,8,32,after_current_update,0.725469225901179,0.564236871083267,0.3037563319085166,1.0609491467475891,0.5346117801382206,0.5724619161337614,1.2013299511745572,1.1475023155799136,0.7792892456054688,0.6840328574180603,1.053501844406128,0.4961065237876028,1.338786244392395,1.3235102761536837,0.5719605847261846,1.2017853744328022,1.1450503299711272,0.9704651832580566,0.26212531328201294,1.0729939937591553
1p5b_boolq,1p5b,boolq,frozen,3e-05,101,32,32,after_current_update,2.9243985797511414,0.5596385899698362,-0.038399326338549145,1.2741370107978582,0.5073116574203596,-0.12030426556884777,1.8060609884560108,1.1462485358933918,-0.3984876275062561,1.0809191465377808,0.1735077202320099,-0.24290710443165153,3.85475093126297,3.2843650872819126,-0.12006946324254386,1.7729295529425144,1.1078128570807166,0.8613986968994141,0.6661332249641418,1.2923758029937744
1p5b_boolq,1p5b,boolq,frozen,3e-06,101,1,32,after_current_update,0.15206842392217368,0.5860274180304259,0.4008906213566661,0.9707587268203497,0.33946408302290365,0.7253885185346007,0.883364200592041,0.7087742812000215,0.9030453562736511,0.5680362582206726,0.5313519239425659,0.6015646674786694,0.928451806306839,0.6598790851421654,0.7273413892835379,0.8830728139728308,0.7106627434259281,0.8475704193115234,0.5890121459960938,1.1031302213668823
1p5b_boolq,1p5b,boolq,frozen,3e-06,101,8,32,after_current_update,0.8159384650643915,0.5781361919362098,0.38675983157008886,0.9795854222029448,0.3638064977712929,0.7064984478056431,0.9119198489934206,0.763089363113977,0.8917738199234009,0.5459699630737305,0.5862514972686768,0.5902756585273892,0.9450910817831755,0.7085010017035529,0.7081670295447111,0.9123920109122992,0.7654427300440148,0.9652777314186096,0.2760872542858124,1.0546386241912842
1p5b_boolq,1p5b,boolq,frozen,3e-06,101,32,32,after_current_update,3.1620448329485953,0.619259255938232,0.3662619055248797,1.0028829239308834,0.4215372229809873,0.6763924565166235,0.9960523676127195,0.8898293036036193,0.8742157816886902,0.5137417912483215,0.7063353657722473,0.5545036270632409,1.0376683101058006,0.8626896913629025,0.6777902827598155,0.9968798346817493,0.8916253654751927,0.9802666902542114,0.20090094208717346,1.0161006450653076
1p5b_boolq,1p5b,boolq,periodic8,0.0001,101,1,32,after_current_update,1.2720434700604528,0.6272713200887665,0.3649718639208004,1.006178455427289,0.43283396516926587,0.6770226256921887,1.0012206882238388,0.9114504201570526,0.8743541836738586,0.5093269944190979,0.7197279334068298,0.5711932380218059,1.0279345056042075,0.8787269808817655,0.6780809983611107,1.0025269594043493,0.9135638468433172,0.8567525148391724,0.5655214786529541,1.0887855291366577
1p5b_boolq,1p5b,boolq,periodic8,0.0001,101,8,32,after_current_update,1.9165122100384906,0.5738127310760319,0.0009701282397145405,1.344375954940915,0.6468217082438059,-0.03497878757480066,1.9876848459243774,1.4423842093674466,-0.4199143052101135,1.174896001815796,0.3262147605419159,-0.15098331289482303,4.21381881646812,3.7652126317843795,-0.033765901971491985,1.9531613644212484,1.4027670008363202,0.7831846475601196,0.9136351346969604,1.4525927305221558
1p5b_boolq,1p5b,boolq,periodic8,0.0001,101,32,32,after_current_update,7.86104844417423,0.6401221590349451,0.04260791355045512,2.9379090685397387,2.3889937994390493,0.16291805589571595,3.9396410062909126,3.5355953394901007,-0.004473008215427399,1.013454556465149,0.16017870604991913,0.15112825494725257,8.190234707668424,7.914504033164121,0.16448231949470937,3.861539775505662,3.4544526607787702,0.8562185764312744,0.5479981303215027,1.039008378982544
1p5b_boolq,1p5b,boolq,periodic8,1e-05,101,1,32,after_current_update,1.2422248320654035,0.6205127410357818,0.3921529948711395,0.9698521513491869,0.3414033649023622,0.7124491930007935,0.8826292119920254,0.7146768041420728,0.899817943572998,0.5522654056549072,0.5611891746520996,0.5954897472984158,0.9266618397086859,0.6626286790706217,0.714192708954215,0.8824933283030987,0.71674657065887,0.8534361124038696,0.5759413838386536,1.0985106229782104
1p5b_boolq,1p5b,boolq,periodic8,1e-05,101,8,32,after_current_update,1.8837266691261902,0.562683378928341,0.37328591104596853,0.9973795171827078,0.4134470031131059,0.6862139236181974,0.9795243982225657,0.8702030152780935,0.8774812817573547,0.5260570645332336,0.6613576412200928,0.5661623397609219,1.0166267482563853,0.8330730288289487,0.6876459857448936,0.9804262574762106,0.8723223772831261,0.9658839702606201,0.2756016254425049,1.060160756111145
1p5b_boolq,1p5b,boolq,periodic8,1e-05,101,32,32,after_current_update,7.725275377044454,0.627262752968818,0.266763573163189,1.0205118153244257,0.39852290000999346,0.519212001003325,1.0022564604878426,0.737555866187904,0.6557431817054749,0.7550163269042969,0.6487674713134766,0.5157813126570545,0.9752079471945763,0.7621489842422307,0.5172463618218899,1.0051378030329943,0.7388930236920714,0.9753701686859131,0.22307239472866058,1.008660912513733
1p5b_boolq,1p5b,boolq,periodic8,3e-05,101,1,32,after_current_update,1.2856319249840453,0.5995101970620453,0.3894977276213467,0.9810775592923164,0.36819977569393814,0.7110049976035953,0.9164339145645499,0.7699814003426582,0.8983902335166931,0.5404341816902161,0.5834708213806152,0.5967479209357407,0.9573121396824718,0.730030304286629,0.7125588646158576,0.9166596252471209,0.7717648803954944,0.8550444841384888,0.5723133683204651,1.0972089767456055
1p5b_boolq,1p5b,boolq,periodic8,3e-05,101,8,32,after_current_update,1.9472979800775647,0.5745965309906751,0.299152749706991,1.0765876173973083,0.5503584007383324,0.5657622003927827,1.2343887761235237,1.177591311861761,0.7720530033111572,0.6891545653343201,1.0385109186172485,0.4958486866671592,1.3927548341453075,1.3856765434611589,0.5650647124275565,1.2345812730491161,1.1745568505721167,0.9691107273101807,0.26896125078201294,1.0764237642288208
1p5b_boolq,1p5b,boolq,periodic8,3e-05,101,32,32,after_current_update,7.855975836282596,0.6167143220081925,0.05423972881544614,1.1202478874474764,0.35252938540361356,0.14245402629603632,1.1892631351947784,0.5335656318929978,-0.19908952713012695,1.0332047939300537,0.1282465159893036,0.14786751772044227,1.3897202927619219,0.8750624491949566,0.14198011085682083,1.1868891678750515,0.5288510229729582,0.8341080546379089,0.610553503036499,1.095855951309204
1p5b_boolq,1p5b,boolq,periodic8,3e-06,101,1,32,after_current_update,1.2700948560377583,0.6287184010725468,0.4008906213566661,0.9707587268203497,0.33946408302290365,0.7253885185346007,0.883364200592041,0.7087742812000215,0.9030453562736511,0.5680362582206726,0.5313519239425659,0.6015646674786694,0.928451806306839,0.6598790851421654,0.7273413892835379,0.8830728139728308,0.7106627434259281,0.8475704193115234,0.589012086391449,1.1031302213668823
1p5b_boolq,1p5b,boolq,periodic8,3e-06,101,8,32,after_current_update,1.9120471611386165,0.5709699670551345,0.38675983157008886,0.9795854222029448,0.3638064977712929,0.7064984450116754,0.91191984154284,0.7630893589230254,0.8917739391326904,0.5459699630737305,0.586251437664032,0.590275670401752,0.9450909867882729,0.7085008464055136,0.7081670286133885,0.9123920034617186,0.7654427263187245,0.9652777910232544,0.27608722448349,1.0546386241912842
1p5b_boolq,1p5b,boolq,periodic8,3e-06,101,32,32,after_current_update,7.805648029083386,0.6272115180036053,0.36581569188274443,0.9900549575686455,0.38611922645941377,0.6741749346256256,0.9416552241891623,0.7721305435989052,0.8588063716888428,0.5731573104858398,0.6017893552780151,0.5955154332332313,0.9272251892834902,0.6810048281913623,0.675284190569073,0.9432706162333488,0.7759138625115156,0.9795578718185425,0.20174051821231842,0.9948144555091858
1p5b_countdown,1p5b,countdown,adaptive,0.0001,101,1,32,after_current_update,1.2495423060609028,0.6214437769958749,0.8463675659149885,0.5245466995984316,0.8593992237001657,0.8862642906606197,0.45355465449392796,0.9192009810358286,0.9900349974632263,0.14300991594791412,1.0149593353271484,0.9968229942023754,0.09402514854446054,1.0224974360316992,0.884969599545002,0.45601245295256376,0.9180120714008808,0.9856408834457397,0.1702525019645691,1.0074067115783691
1p5b_countdown,1p5b,countdown,adaptive,0.0001,101,8,32,after_current_update,10.369423646130599,0.6152431240770966,0.8163279574364424,0.5739084221422672,0.8757970482110977,0.8898623529821634,0.45375069696456194,0.9725513458251953,0.9799621105194092,0.22150982916355133,1.0768768787384033,0.9960097707808018,0.13677124539390206,1.094902005046606,0.8757252003997564,0.4795004138723016,0.9564390406012535,0.9975071549415588,0.0711641013622284,1.0067224502563477
1p5b_countdown,1p5b,countdown,adaptive,0.0001,101,32,32,after_current_update,41.915280164103024,0.6254027509130538,0.7013701740652323,0.7098820675164461,0.7267936542630196,0.8641504943370819,0.5071826661005616,0.9565939903259277,0.9642683863639832,0.27698254585266113,1.0450948476791382,0.9883188363164663,0.20484865503385663,1.1055050119757652,0.8405651599168777,0.5437865443527699,0.9291606303304434,0.9990006685256958,0.0452917106449604,1.0063323974609375
1p5b_countdown,1p5b,countdown,adaptive,1e-05,101,1,32,after_current_update,1.1658618550281972,0.5672535499325022,0.8488100003451109,0.5208664061501622,0.8514356650412083,0.8837095834314823,0.45836102683097124,0.9051777459681034,0.9902985692024231,0.13931502401828766,1.0002882480621338,0.9968819953501225,0.09047757333610207,1.0017157569527626,0.8832916114479303,0.4591493187472224,0.9048308115452528,0.986909031867981,0.16280366480350494,1.0091415643692017
1p5b_countdown,1p5b,countdown,adaptive,1e-05,101,8,32,after_current_update,9.2512665981194,0.5255486120004207,0.8447611704468727,0.5242202077060938,0.8524866849184036,0.8829945288598537,0.45565486419945955,0.9100684262812138,0.9896503686904907,0.14451225101947784,1.0067272186279297,0.9967003967612982,0.09253715758677572,1.0132248811423779,0.8819179125130177,0.45769286528229713,0.909116942435503,0.9986727237701416,0.05176965519785881,1.0038803815841675
1p5b_countdown,1p5b,countdown,adaptive,1e-05,101,32,32,after_current_update,37.87025733408518,0.5522161549888551,0.8396845497190952,0.5358222322538495,0.8733202069997787,0.8932390287518501,0.4426605897024274,0.9509351868182421,0.9881269335746765,0.16421309113502502,1.0460996627807617,0.9969789665192366,0.10758094303309917,1.0628617834299803,0.8884678054600954,0.45181052945554256,0.9458141047507524,0.9993579983711243,0.03623313456773758,1.0047712326049805
1p5b_countdown,1p5b,countdown,adaptive,3e-05,101,1,32,after_current_update,1.2580004089977592,0.6269050230039284,0.8460051026195288,0.5228837830945849,0.8462157137691975,0.881600271910429,0.4588715620338917,0.9009605888277292,0.9900184869766235,0.14113986492156982,0.9975689053535461,0.9967774543911219,0.0915860200766474,1.0001218970865011,0.8810159489512444,0.45996403228491545,0.9004726223647594,0.9864626526832581,0.1655217558145523,1.008956789970398
1p5b_countdown,1p5b,countdown,adaptive,3e-05,101,8,32,after_current_update,10.340286712977104,0.6215953750070184,0.8428805992007256,0.5289999665692449,0.8658227752894163,0.8901851437985897,0.44517583679407835,0.9346811063587666,0.9891950488090515,0.15200713276863098,1.0293573141098022,0.9968783743679523,0.09885476436465979,1.0424671526998281,0.8868998810648918,0.4515020623803139,0.9314085002988577,0.9985493421554565,0.05415482819080353,1.0043470859527588
1p5b_countdown,1p5b,countdown,adaptive,3e-05,101,32,32,after_current_update,41.37329965271056,0.6163863399997354,0.8072850499302149,0.5834571961313486,0.8314900156110525,0.891319140791893,0.44692561216652393,0.9327206555753946,0.9820419549942017,0.19490593671798706,1.0309796333312988,0.996112022548914,0.10684040805790573,1.0397761315107346,0.874287199229002,0.4789846781641245,0.9157711137086153,0.9993416666984558,0.03641682490706444,1.0024880170822144
1p5b_countdown,1p5b,countdown,adaptive,3e-06,101,1,32,after_current_update,1.301151524996385,0.610725681995973,0.8480093572288752,0.5218724319711328,0.8492361027747393,0.8822886254638433,0.46057470701634884,0.9026033002883196,0.9901385307312012,0.14030855894088745,0.9979419708251953,0.996847789734602,0.09144363540690392,0.9984808173030615,0.8819195367395878,0.4612665921449661,0.90230324678123,0.9868037700653076,0.16343100368976593,1.008968710899353
1p5b_countdown,1p5b,countdown,adaptive,3e-06,101,8,32,after_current_update,10.377039855811745,0.5588334730127826,0.8359776996076107,0.5309520084410906,0.8370736315846443,0.8709532935172319,0.46861990727484226,0.8903234805911779,0.9883004426956177,0.15269868075847626,0.995694637298584,0.9960737302899361,0.09473179979249835,0.9986440930515528,0.8704076074063778,0.4696018882095814,0.8898677378892899,0.9985044598579407,0.05493267998099327,1.0038639307022095
1p5b_countdown,1p5b,countdown,adaptive,3e-06,101,32,32,after_current_update,40.96889686153736,0.6505700980778784,0.8451699391007423,0.5254414938390255,0.8541623316705227,0.8850981388241053,0.45426452439278364,0.9132721927016973,0.9900305867195129,0.14217638969421387,1.0093892812728882,0.9970199540257454,0.0900601779576391,1.0165928043425083,0.8838173151016235,0.45668290834873915,0.912112969905138,0.9994019865989685,0.034671932458877563,1.0019723176956177
1p5b_countdown,1p5b,countdown,frozen,0.0001,101,1,32,after_current_update,0.09872636792715639,0.5628680139780045,0.8461659327149391,0.5232914686203003,0.8588330075144768,0.885850278660655,0.45226103346794844,0.9185754898935556,0.9897691011428833,0.14493384957313538,1.01523756980896,0.9967186506837606,0.09493305266369134,1.023550771176815,0.8845729399472475,0.4546955591067672,0.9173897113651037,0.9854675531387329,0.1712973713874817,1.007580041885376
1p5b_countdown,1p5b,countdown,frozen,0.0001,101,8,32,after_current_update,0.7403236948885024,0.56944652099628,0.8151251263916492,0.5781666859984398,0.906293261796236,0.8870363403111696,0.4730341723188758,1.0269713550806046,0.9700261354446411,0.29294639825820923,1.1336365938186646,0.9947055038064718,0.20990964584052563,1.176800049841404,0.8727678917348385,0.49657033663243055,1.0068248137831688,0.995821475982666,0.0926937609910965,1.0117172002792358
1p5b_countdown,1p5b,countdown,frozen,0.0001,101,32,32,after_current_update,2.9164840899175033,0.5646065450273454,0.43257009889930487,1.0377321001142263,0.9428644385188818,0.3752664099447429,1.426067989319563,1.4577383399009705,0.36050722002983093,1.5731050968170166,1.6272450685501099,0.7369862925261259,2.615700423717499,3.2637207731604576,0.3301087967120111,1.2924341037869453,1.2110555972903967,0.9832945466041565,0.21326883137226105,1.0944331884384155
1p5b_countdown,1p5b,countdown,frozen,1e-05,101,1,32,after_current_update,0.09843643906060606,0.5613325029844418,0.8488052934408188,0.5208546342328191,0.8511426728218794,0.8836779985576868,0.45840795058757067,0.9049061313271523,0.9902798533439636,0.13943155109882355,1.0000386238098145,0.9968855604529381,0.09067649417556822,1.0013247951865196,0.8832598924636841,0.4591961707919836,0.9045595712959766,0.9868956804275513,0.16288644075393677,1.0091487169265747
1p5b_countdown,1p5b,countdown,frozen,1e-05,101,8,32,after_current_update,0.7443492213496938,0.48317492904607207,0.8484946489334106,0.5213239351287484,0.8575458060950041,0.8871526997536421,0.451899541541934,0.9153556916862726,0.9902321696281433,0.14057230949401855,1.008129596710205,0.9970302730798721,0.09087895439006388,1.014063484966755,0.8860808070749044,0.4539487110450864,0.9144115708768368,0.9987490773200989,0.05025285482406616,1.003754734992981
1p5b_countdown,1p5b,countdown,frozen,1e-05,101,32,32,after_current_update,2.9157713300082833,0.5341093410970643,0.840306119993329,0.5348197193816304,0.8727353718131781,0.893682673573494,0.4413261329755187,0.9496321585029364,0.9882073998451233,0.16322684288024902,1.0447494983673096,0.996992863714695,0.10671698919031769,1.061335988342762,0.8889553006738424,0.45045798644423485,0.9445521142333746,0.9993680119514465,0.0359376035630703,1.0046519041061401
1p5b_countdown,1p5b,countdown,frozen,3e-05,101,1,32,after_current_update,0.09171535598579794,0.5600753489416093,0.8453753143548965,0.523987015709281,0.8460328988730907,0.8808704372495413,0.4604304591193795,0.9007675796747208,0.9899349212646484,0.141732320189476,0.9976381659507751,0.9967520423233509,0.09154805378057063,0.9998927563428879,0.8802816867828369,0.4615271436050534,0.9002785328775644,0.9863646030426025,0.1661255657672882,1.009010672569275
1p5b_countdown,1p5b,countdown,frozen,3e-05,101,8,32,after_current_update,0.7194997131591663,0.5632889459375292,0.8447621185332537,0.5270663220435381,0.868201244622469,0.8923446778208017,0.44224228244274855,0.9366053156554699,0.9894559383392334,0.1503954827785492,1.0299752950668335,0.9969627074897289,0.09818035061471164,1.042453683912754,0.8890937007963657,0.4485628120601177,0.933357760310173,0.9985836744308472,0.053508300334215164,1.0042897462844849
1p5b_countdown,1p5b,countdown,frozen,3e-05,101,32,32,after_current_update,2.8884030145127326,0.5680744400015101,0.7956514824181795,0.6159281441941857,0.9311158508062363,0.8725133668631315,0.5285570649430156,1.085599172860384,0.9472271203994751,0.41053828597068787,1.203704833984375,0.9923381581902504,0.3151666219346225,1.2815499156713486,0.8532972056418657,0.5537480767816305,1.0532201994210482,0.9973803758621216,0.07555495202541351,1.019202470779419
1p5b_countdown,1p5b,countdown,frozen,3e-06,101,1,32,after_current_update,0.3377934480085969,0.5483416520291939,0.8489546850323677,0.5207140808925033,0.8509614244103432,0.8833126462996006,0.4591485010460019,0.9044245798140764,0.9902493953704834,0.13955265283584595,0.9985467195510864,0.99689613096416,0.09101240173913538,0.9989398289471865,0.8829447291791439,0.45984093751758337,0.9041267856955528,0.986910343170166,0.1627645194530487,1.0089209079742432
1p5b_countdown,1p5b,countdown,frozen,3e-06,101,8,32,after_current_update,1.041403318173252,0.5505030310014263,0.8389150332659483,0.5292786806821823,0.8414033111184835,0.8739800471812487,0.46679562516510487,0.8949879873543978,0.9890366792678833,0.14792488515377045,0.997726321220398,0.9963671341538429,0.09368073206860572,1.0003963951021433,0.8734343312680721,0.4677853360772133,0.8945343494415283,0.9986062049865723,0.0530252531170845,1.0037039518356323
1p5b_countdown,1p5b,countdown,frozen,3e-06,101,32,32,after_current_update,3.234116589068435,0.5589284010929987,0.8480023853480816,0.5219027902930975,0.8575051240622997,0.8878749497234821,0.4504035208374262,0.9168258123099804,0.9903086423873901,0.14026832580566406,1.0099693536758423,0.9971168078482151,0.09017242456320673,1.0171735230833292,0.8866167068481445,0.4528172882273793,0.9156927615404129,0.9994217753410339,0.034097105264663696,1.0019636154174805
1p5b_countdown,1p5b,countdown,periodic8,0.0001,101,1,32,after_current_update,1.2638036150019616,0.6202891649445519,0.8463675659149885,0.5245466995984316,0.8593992237001657,0.8862642906606197,0.45355465449392796,0.9192009810358286,0.9900349974632263,0.14300991594791412,1.0149593353271484,0.9968229942023754,0.09402514854446054,1.0224974360316992,0.884969599545002,0.45601245295256376,0.9180120714008808,0.9856408834457397,0.1702525019645691,1.0074067115783691
1p5b_countdown,1p5b,countdown,periodic8,0.0001,101,8,32,after_current_update,1.9025047069881111,0.5688193540554494,0.8136957380920649,0.5812473418191075,0.9076591916382313,0.8859412763267756,0.4770884094759822,1.0297118108719587,0.9690958857536316,0.2991330623626709,1.1382927894592285,0.994531724601984,0.21593087981455028,1.1826605647802353,0.8715487588196993,0.5005099792033434,1.0091328211128712,0.9957025051116943,0.0940515547990799,1.012109637260437
1p5b_countdown,1p5b,countdown,periodic8,0.0001,101,32,32,after_current_update,7.760279183741659,0.6213608379475772,0.6175641035661101,0.7975353598594666,0.7577136773616076,0.8003068882972002,0.6528940089046955,1.06745545566082,0.8845193386077881,0.5564377307891846,1.1878299713134766,0.9864148404449224,0.47555836848914623,1.432309027761221,0.7652095258235931,0.6804226525127888,0.9955360312014818,0.9969125390052795,0.08263491094112396,1.0226647853851318
1p5b_countdown,1p5b,countdown,periodic8,1e-05,101,1,32,after_current_update,1.1939871560316533,0.5897914610104635,0.8488100003451109,0.5208664061501622,0.8514356650412083,0.8837095834314823,0.45836102683097124,0.9051777459681034,0.9902985692024231,0.13931502401828766,1.0002882480621338,0.9968819953501225,0.09047757333610207,1.0017157569527626,0.8832916114479303,0.4591493187472224,0.9048308115452528,0.986909031867981,0.16280366480350494,1.0091415643692017
1p5b_countdown,1p5b,countdown,periodic8,1e-05,101,8,32,after_current_update,1.8310789819806814,0.6287834249669686,0.8455437328666449,0.5241351649165154,0.8536655250936747,0.8840746637433767,0.45509066618978977,0.9110863991081715,0.9899714589118958,0.14228218793869019,1.0069338083267212,0.9968581311404705,0.09093311987817287,1.0129878092557192,0.8829931896179914,0.4571367250755429,0.9101322311908007,0.9987143278121948,0.05094635859131813,1.0037966966629028
1p5b_countdown,1p5b,countdown,periodic8,1e-05,101,32,32,after_current_update,7.158996755955741,0.5523892720229924,0.8378206621855497,0.5377528956159949,0.8703476209193468,0.8915377277880907,0.4448698200285435,0.9481474161148071,0.9879485368728638,0.16497522592544556,1.0450375080108643,0.9969222582876682,0.1073066663229838,1.0618314072489738,0.8867113068699837,0.45402254443615675,0.9429563228040934,0.9993495345115662,0.03646540269255638,1.0047444105148315
1p5b_countdown,1p5b,countdown,periodic8,1e-05,102,1,32,after_current_update,1.5454980799695477,0.6086783210048452,0.8483778480440378,0.5210188459604979,0.8543457388877869,0.882094468921423,0.45981544721871614,0.9082719832658768,0.9900006055831909,0.14139169454574585,0.9996408820152283,0.9966045469045639,0.09167148044798523,0.9982659872621298,0.8816764838993549,0.46060311421751976,0.9079590179026127,0.987194299697876,0.1606188267469406,1.0059313774108887
1p5b_countdown,1p5b,countdown,periodic8,1e-05,102,8,32,after_current_update,2.2064515568781644,0.5959971849806607,0.8445570189505816,0.5261810533702374,0.8568674940615892,0.8826072327792645,0.4579632179811597,0.9153296854346991,0.9898414611816406,0.14347337186336517,1.0090984106063843,0.996531942859292,0.09398011793382466,1.0133411195129156,0.8815231304615736,0.46000003442168236,0.9144323728978634,0.998747706413269,0.050284646451473236,1.0038132667541504
1p5b_countdown,1p5b,countdown,periodic8,1e-05,102,32,32,after_current_update,7.9663105476647615,0.6109241369413212,0.8365697376430035,0.5396211612969637,0.8743586726486683,0.8898993693292141,0.4467323971912265,0.9503680225461721,0.9888445138931274,0.1589590609073639,1.0443555116653442,0.9967327825725079,0.10617439891211689,1.0584579799324274,0.8850653115659952,0.4559005247429013,0.9455737732350826,0.9994369745254517,0.0339256189763546,1.0044622421264648
1p5b_countdown,1p5b,countdown,periodic8,1e-05,103,1,32,after_current_update,1.468499805079773,0.6163384210085496,0.842914680019021,0.5278981337323785,0.8470454066991806,0.8775818292051554,0.46532721258699894,0.8987761065363884,0.9893676042556763,0.14551809430122375,0.994239091873169,0.9966126028448343,0.0968624766683206,0.9931864850223064,0.8771495521068573,0.46611095406115055,0.8984451740980148,0.9861049056053162,0.16761769354343414,1.0084339380264282
1p5b_countdown,1p5b,countdown,periodic8,1e-05,103,8,32,after_current_update,2.132714763050899,0.5928743870463222,0.8482393566519022,0.5223148260265589,0.8574556615203619,0.8868513349443674,0.4522948656231165,0.9132550191134214,0.9901912808418274,0.140144944190979,1.001112461090088,0.9968027006834745,0.09544226503930986,1.0050980504602194,0.8857758715748787,0.4543372308835387,0.9123813435435295,0.9986114501953125,0.05292825773358345,1.0037273168563843
1p5b_countdown,1p5b,countdown,periodic8,1e-05,103,32,32,after_current_update,7.646593918441795,0.5892181110102683,0.836256604641676,0.5401016622781754,0.8711203541606665,0.8896493539214134,0.44659497775137424,0.9446929916739464,0.987074613571167,0.16833262145519257,1.0385761260986328,0.9966695178300142,0.10932353767566383,1.0550040416419506,0.8848168794065714,0.45574039686471224,0.9397800788283348,0.9993215799331665,0.0371810682117939,1.0044245719909668
1p5b_countdown,1p5b,countdown,periodic8,3e-05,101,1,32,after_current_update,1.2390995230525732,0.617088550934568,0.8460051026195288,0.5228837830945849,0.8462157137691975,0.881600271910429,0.4588715620338917,0.9009605888277292,0.9900184869766235,0.14113986492156982,0.9975689053535461,0.9967774543911219,0.0915860200766474,1.0001218970865011,0.8810159489512444,0.45996403228491545,0.9004726223647594,0.9864626526832581,0.1655217558145523,1.008956789970398
1p5b_countdown,1p5b,countdown,periodic8,3e-05,101,8,32,after_current_update,1.8699656191747636,0.563753254013136,0.8394126743078232,0.5325718112289906,0.860484641045332,0.8873420767486095,0.44827829767018557,0.9290883522480726,0.9890366792678833,0.15233135223388672,1.0264323949813843,0.9967405293136835,0.09857873409055173,1.038901073858142,0.8839955050498247,0.45460350532084703,0.9257714655250311,0.998520016670227,0.05469702184200287,1.0043524503707886
1p5b_countdown,1p5b,countdown,periodic8,3e-05,101,32,32,after_current_update,7.600460380199365,0.6028859049547464,0.801873842254281,0.5974417086690664,0.8981728665530682,0.8868238311260939,0.47194327786564827,1.0223526824265718,0.9691174626350403,0.28900837898254395,1.11983060836792,0.9950980748981237,0.19206645642407238,1.1583059020340443,0.869354285299778,0.5014386205002666,1.0005254745483398,0.9985088109970093,0.05605333298444748,1.011231780052185
1p5b_countdown,1p5b,countdown,periodic8,3e-05,102,1,32,after_current_update,1.2371024570893496,0.6037903280230239,0.8495842460542917,0.5198514647781849,0.8577461745589972,0.8846581596881151,0.4562701163813472,0.9130419250577688,0.9900895357131958,0.1410374790430069,1.0030810832977295,0.9967089146375656,0.09140197886154056,1.002896150574088,0.8840838950127363,0.4573613917455077,0.9126002918928862,0.9870300889015198,0.1616138368844986,1.0056703090667725
1p5b_countdown,1p5b,countdown,periodic8,3e-05,102,8,32,after_current_update,1.8899653308326378,0.5676706390222535,0.839009877294302,0.5342769315466285,0.866004953160882,0.8866811785846949,0.45026183500885963,0.9341031201183796,0.9894256591796875,0.1500595062971115,1.0279079675674438,0.9965603463351727,0.09840377082582563,1.0379566885530949,0.8833329044282436,0.456578953191638,0.9310248158872128,0.9986519813537598,0.05221753939986229,1.0043259859085083
1p5b_countdown,1p5b,countdown,periodic8,3e-05,102,32,32,after_current_update,7.761693641892634,0.6176359259989113,0.8037904351949692,0.5928892213851213,0.878507362678647,0.8897530324757099,0.4547103000804782,0.9810148645192385,0.9781975746154785,0.22807666659355164,1.0724818706512451,0.9953143056482077,0.14292720961384475,1.0934069212526083,0.8725345693528652,0.48598202783614397,0.9632492233067751,0.9990909099578857,0.043404556810855865,1.0072609186172485
1p5b_countdown,1p5b,countdown,periodic8,3e-05,103,1,32,after_current_update,1.221815558965318,0.5972026099916548,0.8484644684940577,0.5216450523585081,0.8515288215130568,0.884274385869503,0.4564603818580508,0.9039935451000929,0.9900371432304382,0.1408270001411438,0.9924322962760925,0.9968337994068861,0.09498386236373335,0.992838541045785,0.8836898822337389,0.45755651965737343,0.9035471826791763,0.9863993525505066,0.16577863693237305,1.0079925060272217
1p5b_countdown,1p5b,countdown,periodic8,3e-05,103,8,32,after_current_update,1.8523748849984258,0.5623118369840086,0.8437931928783655,0.5298609118908644,0.8707084245979786,0.8912286479026079,0.4450234789401293,0.9365155138075352,0.9890029430389404,0.1521686166524887,1.0248085260391235,0.996753478422761,0.10250452591571957,1.0365740861743689,0.8879338316619396,0.4513439843431115,0.9334455616772175,0.9984229803085327,0.05647430568933487,1.0045621395111084
1p5b_countdown,1p5b,countdown,periodic8,3e-05,103,32,32,after_current_update,7.827738516498357,0.6238424440380186,0.8021681001409888,0.5926414746791124,0.866058848798275,0.883813165128231,0.4660817328840494,0.9731248300522566,0.9715259075164795,0.2573910057544708,1.0720880031585693,0.9948310740292072,0.1558516186196357,1.1074484512209892,0.8658422455191612,0.4972295593470335,0.9514774885028601,0.9986512660980225,0.052951835095882416,1.0090512037277222
1p5b_countdown,1p5b,countdown,periodic8,3e-06,101,1,32,after_current_update,1.2412430790718645,0.4734715080121532,0.8480093572288752,0.5218724319711328,0.8492361027747393,0.8822886254638433,0.46057470701634884,0.9026033002883196,0.9901385307312012,0.14030855894088745,0.9979419708251953,0.996847789734602,0.09144363540690392,0.9984808173030615,0.8819195367395878,0.4612665921449661,0.90230324678123,0.9868037700653076,0.16343100368976593,1.008968710899353
1p5b_countdown,1p5b,countdown,periodic8,3e-06,101,8,32,after_current_update,1.8662415971048176,0.5436433700378984,0.839928762987256,0.5288095530122519,0.8409837204962969,0.8748547621071339,0.4666717955842614,0.8944928254932165,0.9891685247421265,0.146934375166893,0.9958135485649109,0.9964443575590849,0.09402664913795888,0.998500207439065,0.8743083421140909,0.4676653640344739,0.8940417896956205,0.9986191391944885,0.05276348441839218,1.0035353899002075
1p5b_countdown,1p5b,countdown,periodic8,3e-06,101,32,32,after_current_update,7.453640230698511,0.6176859290571883,0.8425557110458612,0.5280131017789245,0.8511254172772169,0.8825737591832876,0.45729457400739193,0.910728931427002,0.9897148609161377,0.14438697695732117,1.0092798471450806,0.99692727252841,0.09102314128540456,1.0164249949157238,0.8812756594270468,0.45970746222883463,0.9095510318875313,0.9993818998336792,0.03525165468454361,1.002004623413086
1p5b_countdown_sensitivity_w0,1p5b,countdown,frozen,3e-05,101,1,32,after_current_update,0.3645896039670333,0.5765404920093715,0.8522512950003147,0.5115927448496222,0.8587383516132832,0.8783248718827963,0.4619836276397109,0.8934383448213339,0.9890990257263184,0.1472560614347458,0.9880473017692566,0.9960527196526527,0.09691279497928917,0.9906561113893986,0.8782883938401937,0.46205028239637613,0.8934088870882988,0.9794800281524658,0.20395450294017792,1.0107618570327759
1p5b_countdown_sensitivity_w0,1p5b,countdown,frozen,3e-05,101,8,32,after_current_update,1.0654848639387637,0.5878270020475611,0.850703114643693,0.5151875065639615,0.8746439646929502,0.88685342669487,0.4473804319277406,0.9191092196851969,0.9887874126434326,0.15111947059631348,1.011969804763794,0.9962065163999796,0.09580678364727646,1.0188246201723814,0.8850419223308563,0.450849324464798,0.9174886774271727,0.9983072280883789,0.058477308601140976,1.0043848752975464
1p5b_countdown_sensitivity_w0,1p5b,countdown,frozen,3e-05,101,32,32,after_current_update,3.39156479050871,0.5992921129800379,0.8100526314228773,0.593643412925303,0.9374066684395075,0.880617992952466,0.49541583843529224,1.0504567921161652,0.9587348699569702,0.34642717242240906,1.1566849946975708,0.9929565973579884,0.2518854644149542,1.213794395327568,0.8641271106898785,0.5203721728175879,1.0260154642164707,0.9979307651519775,0.0665026530623436,1.014914870262146
1p5b_countdown_sensitivity_w0.0005,1p5b,countdown,frozen,3e-05,101,1,32,after_current_update,0.3468599140178412,0.55814811703749,0.3848821895662695,0.9232515171170235,0.4815275897271931,0.632250489667058,0.7858608048409224,0.801227898336947,0.7281574606895447,0.9968395829200745,1.451968789100647,0.5735970721580088,0.8415566487237811,0.8015181133523583,0.6325688418000937,0.7855782378464937,0.8013025838881731,0.8686511516571045,0.5713549852371216,1.1532580852508545
1p5b_countdown_sensitivity_w0.0005,1p5b,countdown,frozen,3e-05,101,8,32,after_current_update,0.9997112142154947,0.5497352529782802,0.11125995428301394,1.0336977187544107,0.3629094131756574,0.3196862211334519,0.9979656245559454,0.6058724755421281,-0.3569645285606384,1.442339539527893,0.7420200109481812,0.248391825822182,1.0184388421475887,0.5807663132436574,0.32008478199713863,0.9979177303612232,0.606097194366157,0.9214114546775818,0.515161395072937,1.2596280574798584
1p5b_countdown_sensitivity_w0.0005,1p5b,countdown,frozen,3e-05,101,32,32,after_current_update,3.180463151424192,0.5767738039139658,-0.03244559343147557,1.0135566033422947,0.1323016220703721,0.01243745198007673,1.021165942773223,0.21708054281771183,-0.1687985360622406,1.0365883111953735,0.15215018391609192,-0.16240965318866074,1.0531205590814352,0.22528608469292521,0.014045613643247634,1.020895691588521,0.21707830764353275,0.9554383158683777,0.3490762710571289,1.1417620182037354
1p5b_countdown_sensitivity_w5e-05,1p5b,countdown,frozen,3e-05,101,1,32,after_current_update,0.36361736396793276,0.5528897009789944,0.8208631072193384,0.5636781062930822,0.8097485210746527,0.9211098235100508,0.3780522570014,0.926618242636323,0.9933614730834961,0.11629382520914078,0.9762935042381287,0.9965680632740259,0.09205190825741738,0.9763570576906204,0.9025728330016136,0.41892382968217134,0.9147329404950142,0.9880563020706177,0.15517985820770264,1.0063904523849487
1p5b_countdown_sensitivity_w5e-05,1p5b,countdown,frozen,3e-05,101,8,32,after_current_update,1.0302347298711538,0.5769222930539399,0.8183506727218628,0.5665203602984548,0.8071580827236176,0.9201190397143364,0.37969820853322744,0.9344916623085737,0.9897860288619995,0.14259076118469238,0.9869015216827393,0.9959972463548183,0.09513183333911002,1.007298193871975,0.9000345226377249,0.42353720404207706,0.9152846243232489,0.9982173442840576,0.06000278890132904,1.0043895244598389
1p5b_countdown_sensitivity_w5e-05,1p5b,countdown,frozen,3e-05,101,32,32,after_current_update,3.1908768196590245,0.5934364279964939,0.7744274493306875,0.6288913898169994,0.7899933736771345,0.8614960368722677,0.5140795418992639,0.9599190354347229,0.911309540271759,0.42473018169403076,1.015620470046997,0.9875874575227499,0.22297843010164797,1.1431308817118406,0.8249317072331905,0.5676862122491002,0.9048061426728964,0.9941598176956177,0.11026964336633682,1.0168119668960571
1p5b_gsm8k,1p5b,gsm8k,adaptive,0.0001,101,1,32,after_current_update,1.3614029050804675,0.6075585109647363,0.3918094476684928,0.919907433912158,0.33295053988695145,0.48869148548692465,0.8725304175168276,0.4572112914174795,0.9042418599128723,0.4358825087547302,0.8167953491210938,0.9596319831907749,0.32270167022943497,0.9024486262351274,0.47574310563504696,0.8796051107347012,0.44525299314409494,0.9367309808731079,0.36819350719451904,1.050885558128357
1p5b_gsm8k,1p5b,gsm8k,adaptive,0.0001,101,8,32,after_current_update,11.145515883108601,0.6386156040243804,0.3289215164259076,0.9432150647044182,0.3522905115969479,0.5008007008582354,0.8742180150002241,0.6036064410582185,0.9251956939697266,0.4196316599845886,1.1042977571487427,0.9497511126101017,0.4373217774555087,1.1928711831569672,0.45325116626918316,0.8976922295987606,0.5411288980394602,0.9897646903991699,0.14752431213855743,1.0271499156951904
1p5b_gsm8k,1p5b,gsm8k,adaptive,0.0001,101,32,32,after_current_update,45.22477477020584,0.5704521010629833,0.06982491433154792,1.001830043271184,0.1587960827164352,0.23514236719347537,0.9954246412962675,0.42533724708482623,0.5372127294540405,0.9773806929588318,1.0310451984405518,0.7203053120174445,0.7063037473708391,0.8072225376963615,0.20774745394010097,1.0037193894386292,0.408095168415457,0.990015983581543,0.1444527953863144,1.0216118097305298
1p5b_gsm8k,1p5b,gsm8k,adaptive,1e-05,101,1,32,after_current_update,1.343900389969349,0.6502963699167594,0.3962112362496555,0.9184105172753334,0.33180001052096486,0.4771757973358035,0.8789849169552326,0.4416230139322579,0.8984274864196777,0.4500085115432739,0.8000428080558777,0.9578892700374126,0.32880275696516037,0.8839035108685493,0.46892263926565647,0.8833700716495514,0.43423538049682975,0.9367917776107788,0.3677332401275635,1.04995858669281
1p5b_gsm8k,1p5b,gsm8k,adaptive,1e-05,101,8,32,after_current_update,11.175806899904273,0.6473665789235383,0.39171072840690613,0.9199019428342581,0.3334828354418278,0.48509392607957125,0.8744921684265137,0.45518167316913605,0.903551459312439,0.43691134452819824,0.8181309700012207,0.9595812652260065,0.3237054441124201,0.9040436781942844,0.4732172666117549,0.8809247892349958,0.4442097479477525,0.9870461821556091,0.16496223211288452,1.0254216194152832
1p5b_gsm8k,1p5b,gsm8k,adaptive,1e-05,101,32,32,after_current_update,44.70922875031829,0.6473762189270929,0.37905132165178657,0.9243825357407331,0.33893118565902114,0.5103651667013764,0.8603161666542292,0.5032385252416134,0.9191253185272217,0.39578017592430115,0.8812678456306458,0.9615129940211773,0.3211710248142481,0.9677157551050186,0.4849773682653904,0.8747640196233988,0.4774380400776863,0.9939514398574829,0.1107463389635086,1.0082409381866455
1p5b_gsm8k,1p5b,gsm8k,adaptive,3e-05,101,1,32,after_current_update,1.3434259260538965,0.6533695389516652,0.39410488680005074,0.9191242344677448,0.3328432417474687,0.47851020842790604,0.8780868239700794,0.446217046584934,0.9003964066505432,0.4445902109146118,0.8088860511779785,0.9582992624491453,0.3264104421250522,0.8924259264022112,0.4692636178806424,0.8830215781927109,0.43783251475542784,0.9372830986976624,0.36642223596572876,1.0502647161483765
1p5b_gsm8k,1p5b,gsm8k,adaptive,3e-05,101,8,32,after_current_update,11.176755079999566,0.6517609680304304,0.3836846803314984,0.9227924272418022,0.3371105878613889,0.5026366943493485,0.8648945689201355,0.48597265500575304,0.9146942496299744,0.40824201703071594,0.8570134043693542,0.9609842151403427,0.3208002280443907,0.9431199226528406,0.4817716432735324,0.8765933699905872,0.4654985722154379,0.9880690574645996,0.1585862636566162,1.025884747505188
1p5b_gsm8k,1p5b,gsm8k,adaptive,3e-05,101,32,32,after_current_update,45.532461760682054,0.5916476249694824,0.3015565983951092,0.9518228396773338,0.3111309320665896,0.456748403608799,0.8928803578019142,0.510142155457288,0.8677003383636475,0.5044606924057007,0.9536330103874207,0.9250017385929823,0.41585824731737375,0.9620724897831678,0.4048410588875413,0.9179064035415649,0.464498330373317,0.9944274425506592,0.10678011178970337,1.0113929510116577
1p5b_gsm8k,1p5b,gsm8k,adaptive,3e-06,101,1,32,after_current_update,1.3721845330437645,0.6537271710112691,0.39544377848505974,0.9187088292092085,0.3320357287302613,0.4753643302246928,0.8799751382321119,0.44109716126695275,0.8972844481468201,0.45180851221084595,0.8011062741279602,0.9576063342392445,0.33048849273473024,0.8856350313872099,0.4674627371132374,0.8841511067003012,0.43401305098086596,0.9367979764938354,0.3676924407482147,1.0498840808868408
1p5b_gsm8k,1p5b,gsm8k,adaptive,3e-06,101,8,32,after_current_update,11.363471812917851,0.6709183980710804,0.3942912411876023,0.919053927063942,0.33196948654949665,0.4777771979570389,0.8784745242446661,0.4441547398455441,0.8992795944213867,0.4473881423473358,0.8051531314849854,0.9580079726874828,0.32812274945899844,0.8891522623598576,0.4688293309882283,0.8832397777587175,0.4360870118252933,0.9867217540740967,0.16680201888084412,1.024705410003662
1p5b_gsm8k,1p5b,gsm8k,adaptive,3e-06,101,32,32,after_current_update,44.12052792799659,0.6541691980091855,0.39019332407042384,0.9204036612063646,0.33363468013703823,0.4854537323117256,0.8742313422262669,0.45791635010391474,0.905570387840271,0.43169674277305603,0.8254462480545044,0.9591093454509974,0.3250563461333513,0.910887748003006,0.47277887910604477,0.8811049088835716,0.4460862623527646,0.9925264120101929,0.12259870767593384,1.0043166875839233
1p5b_gsm8k,1p5b,gsm8k,frozen,0.0001,101,1,32,after_current_update,0.10895935189910233,0.6025720819598064,0.3912221216596663,0.9201235584914684,0.3330360618419945,0.48821516148746014,0.8727996125817299,0.4575559259392321,0.9041348695755005,0.4357565641403198,0.8184399008750916,0.9594215210527182,0.32315695146098733,0.903901943936944,0.4752713553607464,0.8798632510006428,0.44557808339595795,0.9367609024047852,0.3680901825428009,1.0508286952972412
1p5b_gsm8k,1p5b,gsm8k,frozen,0.0001,101,8,32,after_current_update,0.8107313049258664,0.6038435129448771,0.32907109847292304,0.9431191310286522,0.35255588172003627,0.5012408094480634,0.8739113789051771,0.6043042782694101,0.9251324534416199,0.42015090584754944,1.1051229238510132,0.9493725560605526,0.43910899525508285,1.1940974593162537,0.45380381774157286,0.8973584398627281,0.5418006842955947,0.9897869229316711,0.14735150337219238,1.0270787477493286
1p5b_gsm8k,1p5b,gsm8k,frozen,0.0001,101,32,32,after_current_update,3.1926414559129626,0.6128714509541169,0.0814312091388274,1.0429385136812925,0.3725239848718047,0.1299370062770322,1.3127812296152115,0.9688928350806236,0.24228692054748535,2.0865724086761475,2.089578866958618,0.48716050782240927,4.17102512717247,4.567172788083553,0.10741231130668893,1.1792462151497602,0.7205204209312797,0.9873344302177429,0.19525477290153503,1.101148247718811
1p5b_gsm8k,1p5b,gsm8k,frozen,1e-05,101,1,32,after_current_update,0.10794309608172625,0.5965404439484701,0.3964911247603595,0.9182838909327984,0.33202606393024325,0.4773375792428851,0.8788692951202393,0.441841755528003,0.89837247133255,0.450114905834198,0.8000030517578125,0.9577569607645273,0.3296268400736153,0.8843421563506126,0.46909103263169527,0.8832536302506924,0.43445346085354686,0.9367596507072449,0.3678330183029175,1.0499836206436157
1p5b_gsm8k,1p5b,gsm8k,frozen,1e-05,101,8,32,after_current_update,0.8068857982289046,0.6076625850982964,0.39255493646487594,0.9196941573172808,0.333346894942224,0.4860013350844383,0.8741734754294157,0.4551119515672326,0.9038234949111938,0.43679869174957275,0.8161303997039795,0.9594637807458639,0.3243212681263685,0.901601193472743,0.47410044725984335,0.8806275930255651,0.4441558215767145,0.9870412945747375,0.16497096419334412,1.025327205657959
1p5b_gsm8k,1p5b,gsm8k,frozen,1e-05,101,32,32,after_current_update,3.1657603780040517,0.5978082229848951,0.37851548474282026,0.9245232436805964,0.338838086463511,0.509752145037055,0.8605503588914871,0.503369071520865,0.9202008247375488,0.39305830001831055,0.8846443295478821,0.9613168742507696,0.32013669703155756,0.9683643896132708,0.48435769136995077,0.8749960623681545,0.47754969354718924,0.9940253496170044,0.11007469892501831,1.0082708597183228
1p5b_gsm8k,1p5b,gsm8k,frozen,3e-05,101,1,32,after_current_update,0.10748957900796086,0.6048381420550868,0.39408067986369133,0.919108472764492,0.3323731985874474,0.4781032921746373,0.8782878015190363,0.4457816630601883,0.9008126258850098,0.44372907280921936,0.8093855381011963,0.9581212904304266,0.32803344493731856,0.8936254791915417,0.4688808787614107,0.8832052461802959,0.43739962158724666,0.9373709559440613,0.36611753702163696,1.0500938892364502
1p5b_gsm8k,1p5b,gsm8k,frozen,3e-05,101,8,32,after_current_update,0.798241640906781,0.6137041680049151,0.3822764945216477,0.9232456963509321,0.3372597354464233,0.5017070276662707,0.8652434665709734,0.4858349710702896,0.9137458801269531,0.4100455343723297,0.8583500385284424,0.9606789965182543,0.3201912846416235,0.9439858887344599,0.4808527668938041,0.8769345711916685,0.4653608985245228,0.98801189661026,0.15900056064128876,1.0260744094848633
1p5b_gsm8k,1p5b,gsm8k,frozen,3e-05,101,32,32,after_current_update,3.16727957862895,0.580775927985087,0.2969016097486019,0.9557524491101503,0.35781246377155185,0.4708891185000539,0.9046829398721457,0.6538573363795877,0.904410719871521,0.5562061667442322,1.2612355947494507,0.9385586176067591,0.585684375371784,1.3801220748573542,0.4197245128452778,0.9236818011850119,0.57395881973207,0.995026707649231,0.10500309616327286,1.0282537937164307
1p5b_gsm8k,1p5b,gsm8k,frozen,3e-06,101,1,32,after_current_update,0.17763097397983074,0.6253572619752958,0.3948184596374631,0.9189485963433981,0.3317002053372562,0.47444914001971483,0.8804365508258343,0.4406514479778707,0.8987318873405457,0.4488046169281006,0.8031039237976074,0.9571660682559013,0.3320987392216921,0.885809862986207,0.4665446123108268,0.8846069369465113,0.4335757768712938,0.9370577335357666,0.3668273091316223,1.0494831800460815
1p5b_gsm8k,1p5b,gsm8k,frozen,3e-06,101,8,32,after_current_update,0.8881384698906913,0.6194096300750971,0.39453011006116867,0.9189629685133696,0.33175512496382,0.477897422388196,0.8784119635820389,0.4439415424130857,0.8996390104293823,0.44678735733032227,0.8049323558807373,0.9580027554184198,0.3282844298519194,0.8885828256607056,0.4689496411010623,0.8831785600632429,0.4358784179203212,0.9867461323738098,0.16663363575935364,1.024624228477478
1p5b_gsm8k,1p5b,gsm8k,frozen,3e-06,101,32,32,after_current_update,3.255833236500621,0.6145744890673086,0.39135450683534145,0.9199751056730747,0.3342435364611447,0.48762904945760965,0.8730708044022322,0.45884059835225344,0.9044488072395325,0.4344978332519531,0.8218905925750732,0.9600610323250294,0.3222505790181458,0.9082194976508617,0.47491177450865507,0.8799986783415079,0.44702127343043685,0.9924395084381104,0.12330231815576553,1.0042518377304077
1p5b_gsm8k,1p5b,gsm8k,periodic8,0.0001,101,1,32,after_current_update,1.3435228080488741,0.6489887960487977,0.3918094476684928,0.919907433912158,0.33295053988695145,0.48869148548692465,0.8725304175168276,0.4572112914174795,0.9042418599128723,0.4358825087547302,0.8167953491210938,0.9596319831907749,0.32270167022943497,0.9024486262351274,0.47574310563504696,0.8796051107347012,0.44525299314409494,0.9367309808731079,0.36819350719451904,1.050885558128357
1p5b_gsm8k,1p5b,gsm8k,periodic8,0.0001,101,8,32,after_current_update,2.0278929887572303,0.5957876830361784,0.3291618856601417,0.9431851450353861,0.35352765256538987,0.5017375703901052,0.8739081807434559,0.6057399902492762,0.9256737232208252,0.4193398952484131,1.1065537929534912,0.9493987746536732,0.4394516767933965,1.1953339073807001,0.45419953390955925,0.8973670452833176,0.5430941358208656,0.9898672103881836,0.14676883816719055,1.0269908905029297
1p5b_gsm8k,1p5b,gsm8k,periodic8,0.0001,101,32,32,after_current_update,8.274781580781564,0.655559787992388,0.08109808545486885,1.0014626942574978,0.1696215916890651,0.1675487463362515,1.0319791249930859,0.4668744928203523,0.38266265392303467,1.1598414182662964,1.0838491916656494,0.6046669646166265,0.961606016382575,1.103069243952632,0.1412122791080037,1.0345859434455633,0.4372326792217791,0.986414909362793,0.1775340586900711,1.0537405014038086
1p5b_gsm8k,1p5b,gsm8k,periodic8,1e-05,101,1,32,after_current_update,1.3403555750846863,0.6448552829679102,0.3962112362496555,0.9184105172753334,0.33180001052096486,0.4771757973358035,0.8789849169552326,0.4416230139322579,0.8984274864196777,0.4500085115432739,0.8000428080558777,0.9578892700374126,0.32880275696516037,0.8839035108685493,0.46892263926565647,0.8833700716495514,0.43423538049682975,0.9367917776107788,0.3677332401275635,1.04995858669281
1p5b_gsm8k,1p5b,gsm8k,periodic8,1e-05,101,8,32,after_current_update,2.024234119337052,0.597257970017381,0.39243736350908875,0.919681329280138,0.33361453795805573,0.4852205337956548,0.8746132683008909,0.455513215623796,0.9033464193344116,0.43743273615837097,0.8174256682395935,0.9593955874443054,0.3248707093298435,0.9037717822939157,0.4733223197981715,0.8810536060482264,0.44453772343695164,0.9870085120201111,0.16520379483699799,1.0254513025283813
1p5b_gsm8k,1p5b,gsm8k,periodic8,1e-05,101,32,32,after_current_update,8.339494221028872,0.6445963639998809,0.3788326238282025,0.924492722377181,0.3387578232213855,0.5105009498074651,0.8602007869631052,0.5031664641574025,0.9201219081878662,0.39344215393066406,0.8824247121810913,0.9614038057625294,0.3196796849370003,0.9664118625223637,0.4850707007572055,0.8746892716735601,0.47738317865878344,0.9940075874328613,0.11022485047578812,1.0081709623336792
1p5b_gsm8k,1p5b,gsm8k,periodic8,3e-05,101,1,32,after_current_update,1.3863556820433587,0.6539177829399705,0.39410488680005074,0.9191242344677448,0.3328432417474687,0.47851020842790604,0.8780868239700794,0.446217046584934,0.9003964066505432,0.4445902109146118,0.8088860511779785,0.9582992624491453,0.3264104421250522,0.8924259264022112,0.4692636178806424,0.8830215781927109,0.43783251475542784,0.9372830986976624,0.36642223596572876,1.0502647161483765
1p5b_gsm8k,1p5b,gsm8k,periodic8,3e-05,101,8,32,after_current_update,2.077461244771257,0.5977016090182588,0.38444015104323626,0.9224795158952475,0.3365785665810108,0.5030492562800646,0.8645432461053133,0.4853952908888459,0.9156016707420349,0.40632206201553345,0.8570859432220459,0.9607289005070925,0.32121457951143384,0.9416444264352322,0.48220748268067837,0.8762537017464638,0.4649586323648691,0.9881191253662109,0.15822210907936096,1.025718331336975
1p5b_gsm8k,1p5b,gsm8k,periodic8,3e-05,101,32,32,after_current_update,8.345617651590146,0.6517045859945938,0.29731078911572695,0.9558052364736795,0.35900043277069926,0.4713009912520647,0.9049345310777426,0.655857359059155,0.9045785665512085,0.5570459365844727,1.2631347179412842,0.9388466272503138,0.5849596369080245,1.3808460906147957,0.41999546345323324,0.923928888514638,0.5757065108045936,0.995036244392395,0.1049342155456543,1.028328537940979
1p5b_gsm8k,1p5b,gsm8k,periodic8,3e-06,101,1,32,after_current_update,1.3554468259681016,0.651171114994213,0.39544377848505974,0.9187088292092085,0.3320357287302613,0.4753643302246928,0.8799751382321119,0.44109716126695275,0.8972844481468201,0.45180851221084595,0.8011062741279602,0.9576063342392445,0.33048849273473024,0.8856350313872099,0.4674627371132374,0.8841511067003012,0.43401305098086596,0.9367979764938354,0.3676924407482147,1.0498840808868408
1p5b_gsm8k,1p5b,gsm8k,periodic8,3e-06,101,8,32,after_current_update,2.0428809099830687,0.5994098070077598,0.394546702504158,0.9189678691327572,0.33178606256842613,0.4779219850897789,0.8784099575132132,0.44388343999162316,0.8996767401695251,0.44680002331733704,0.8045536875724792,0.9581062272191048,0.32787909265607595,0.8881870191544294,0.46897011529654264,0.8831794317811728,0.4358241786248982,0.9867477416992188,0.16661818325519562,1.0246011018753052
1p5b_gsm8k,1p5b,gsm8k,periodic8,3e-06,101,32,32,after_current_update,8.313458069809712,0.6583643939811736,0.3906651437282562,0.9202697034925222,0.3332766620442271,0.486095012165606,0.8738337568938732,0.45750732300803065,0.9052213430404663,0.4327508211135864,0.8233741521835327,0.9594449494034052,0.3239646512083709,0.9088326413184404,0.47341430746018887,0.8807233907282352,0.44569989247247577,0.9924830198287964,0.1229449212551117,1.0042356252670288
1p5b_gsm8k_sensitivity_w0,1p5b,gsm8k,frozen,3e-06,101,1,32,after_current_update,0.33364807697944343,0.6094768529292196,0.45890300814062357,0.886687720194459,0.42655648570507765,0.4626644724048674,0.8858810160309076,0.46650694124400616,0.8831608891487122,0.477048397064209,0.7962803244590759,0.9449010901153088,0.3798656091094017,0.9118511779233813,0.4626634274609387,0.8858815524727106,0.4665060234256089,0.9125486612319946,0.43056535720825195,1.047202467918396
1p5b_gsm8k_sensitivity_w0,1p5b,gsm8k,frozen,3e-06,101,8,32,after_current_update,1.0380235250340775,0.5651126950979233,0.4588384898379445,0.8868574425578117,0.42705324525013566,0.46491617476567626,0.8847910817712545,0.46937416680157185,0.8856867551803589,0.4718077480792999,0.8017613887786865,0.9499186351895332,0.3601688570342958,0.9155254326760769,0.4648510627448559,0.8848254643380642,0.46931667206808925,0.9874967336654663,0.16260123252868652,1.0273563861846924
1p5b_gsm8k_sensitivity_w0,1p5b,gsm8k,frozen,3e-06,101,32,32,after_current_update,3.3115814530756325,0.5657343090279028,0.457380055449903,0.8875177372246981,0.427834736648947,0.4764592475257814,0.8787107784301043,0.48172655748203397,0.8904113173484802,0.4625183939933777,0.8082184791564941,0.9509799405932426,0.35840161237865686,0.91835156083107,0.47549768909811974,0.879232332110405,0.48087709303945303,0.9945524334907532,0.10486765950918198,1.0060292482376099
1p5b_gsm8k_sensitivity_w0.0005,1p5b,gsm8k,frozen,3e-06,101,1,32,after_current_update,0.3449670660775155,0.6353803970851004,0.02127987943822518,1.000130645930767,0.044188132509589195,0.16372864961158484,0.9851862248033285,0.19656391441822052,0.18667881190776825,1.0069506168365479,0.407582551240921,0.16667925496585667,0.9918343108147383,0.19856588635593653,0.16332331522426102,0.9852117095142603,0.1965174931101501,0.527069628238678,1.0859819650650024,1.2032053470611572
1p5b_gsm8k_sensitivity_w0.0005,1p5b,gsm8k,frozen,3e-06,101,8,32,after_current_update,1.0895491072442383,0.5768071829807013,0.021462850032548886,1.0001195687800646,0.04406357306288555,0.16433329427673016,0.9850029982626438,0.19575294759124517,0.18168950080871582,1.0081855058670044,0.4040607213973999,0.1636614124145126,0.9929295871406794,0.1996976665686816,0.16396695873118006,0.9850159380584955,0.195680734468624,0.8788388967514038,0.567535400390625,1.1861730813980103
1p5b_gsm8k_sensitivity_w0.0005,1p5b,gsm8k,frozen,3e-06,101,32,32,after_current_update,3.4775286723161116,0.5172744519077241,0.021099137884448282,1.0001407619565725,0.04398895366466604,0.16148497548419982,0.9857164192944765,0.1954174491111189,0.17696413397789001,1.0107991695404053,0.40724900364875793,0.15574776727589779,0.9957279097288847,0.20312490838114172,0.16119055604212917,0.9857095144689083,0.19529876438900828,0.9251279234886169,0.40627264976501465,1.069761872291565
1p5b_gsm8k_sensitivity_w3e-06,1p5b,gsm8k,frozen,3e-06,101,1,32,after_current_update,0.3344855939503759,0.6030668109888211,0.42778991628438234,0.9029758386313915,0.38552785012871027,0.4538299720734358,0.89116027392447,0.4299956778995693,0.8776568174362183,0.48959270119667053,0.7777445316314697,0.9612398874014616,0.3297243742272258,0.8502319622784853,0.45291790645569563,0.8916214443743229,0.4292841488495469,0.9341400861740112,0.37430399656295776,1.0469281673431396
1p5b_gsm8k_sensitivity_w3e-06,1p5b,gsm8k,frozen,3e-06,101,8,32,after_current_update,1.0581710907863453,0.5621611829847097,0.4274281836114824,0.903040561825037,0.3865340417250991,0.45711125805974007,0.8894096072763205,0.43422645051032305,0.8818153142929077,0.48145243525505066,0.784888505935669,0.9626123458147049,0.32249292777851224,0.8638605121523142,0.4557499336078763,0.8901049513369799,0.4331319839693606,0.9875435829162598,0.16151435673236847,1.0240025520324707
1p5b_gsm8k_sensitivity_w3e-06,1p5b,gsm8k,frozen,3e-06,101,32,32,after_current_update,3.4185641179792583,0.6076987909618765,0.42519214376807213,0.9039648752659559,0.3874149890616536,0.4678463162854314,0.8839260879904032,0.4457300826907158,0.8876509070396423,0.4696778953075409,0.7953388690948486,0.9635975826531649,0.3124281708151102,0.8872729130089283,0.4644550299271941,0.8857137113809586,0.4428371344693005,0.9933391213417053,0.11575335264205933,1.0043593645095825
1p5b_gsm8k_sensitivity_w5e-05,1p5b,gsm8k,frozen,3e-06,101,1,32,after_current_update,0.3449729180429131,0.6101114980410784,0.2547748554497957,0.9665559474378824,0.20325590181164443,0.48533743154257536,0.8754975385963917,0.42448786087334156,0.8891881704330444,0.47203493118286133,0.7731168270111084,0.9316622298210859,0.41930729104205966,0.7579710520803928,0.43717338191345334,0.8994937110692263,0.39156303787603974,0.9303766489028931,0.3851206302642822,1.0483531951904297
1p5b_gsm8k_sensitivity_w5e-05,1p5b,gsm8k,frozen,3e-06,101,8,32,after_current_update,1.0567237839568406,0.5579505009809509,0.25229905010201037,0.9670450109988451,0.20377533650025725,0.4834035597741604,0.8763048127293587,0.4271544865332544,0.8871874809265137,0.4735350012779236,0.7807121872901917,0.9314938429743052,0.41627615597099066,0.7673583533614874,0.43474225187674165,0.9005047865211964,0.39327915385365486,0.9856165647506714,0.17296388745307922,1.022448182106018
1p5b_gsm8k_sensitivity_w5e-05,1p5b,gsm8k,frozen,3e-06,101,32,32,after_current_update,3.3556666207732633,0.5737189019564539,0.2465839753858745,0.9682455491274595,0.20441700797528028,0.4785445826128125,0.8781816009432077,0.4354375721886754,0.8895420432090759,0.4637397527694702,0.8099204301834106,0.9292966965585947,0.40929341316223145,0.8002624940127134,0.42915409337729216,0.9027964603155851,0.39833435975015163,0.991407036781311,0.1313084065914154,1.0027998685836792
1p5b_math,1p5b,math,adaptive,0.0001,101,1,32,after_current_update,2.1139641880290583,0.6883940729312599,0.37531166849657893,0.9215204119682312,0.32759307138621807,0.43101810943335295,0.8930376432836056,0.3971751001663506,0.899253249168396,0.44979625940322876,0.794501006603241,0.9628546088933945,0.3322642161510885,0.8577296547591686,0.428702755831182,0.8941829539835453,0.395302873570472,0.9115003347396851,0.4360033869743347,1.0561790466308594
1p5b_math,1p5b,math,adaptive,0.0001,101,8,32,after_current_update,14.297775558196008,0.6855765460059047,0.3358994023874402,0.9368007946759462,0.3252348508685827,0.5234803594648838,0.8464847784489393,0.47189319506287575,0.9364575147628784,0.37455353140830994,0.805144727230072,0.9457828029990196,0.39130770741030574,0.8389493394643068,0.47820726316422224,0.8723607547581196,0.43585109151899815,0.98696368932724,0.16659827530384064,1.0300019979476929
1p5b_math,1p5b,math,adaptive,0.0001,101,32,32,after_current_update,57.27299904706888,0.6780681369127706,0.013763034188741585,1.0005018766969442,0.04708022251725197,0.08251002535689622,1.0030106771737337,0.19728123699314892,0.3243422508239746,0.9955403804779053,0.6346623301506042,0.29614716582000256,0.9978862907737494,0.5466414992697537,0.06721322287921794,1.0041906964033842,0.1823561852797866,0.9796421527862549,0.20539438724517822,1.0230659246444702
1p5b_math,1p5b,math,adaptive,1e-05,101,1,32,after_current_update,1.9012540229596198,0.687138300971128,0.37687235279008746,0.9209757260978222,0.32710647862404585,0.4132256442680955,0.9013321232050657,0.381710272282362,0.8876296281814575,0.4725310802459717,0.781932532787323,0.9663927182555199,0.3252531895413995,0.8435574024915695,0.4130572057329118,0.901411984115839,0.3815802768804133,0.9247049689292908,0.4030485451221466,1.057096004486084
1p5b_math,1p5b,math,adaptive,1e-05,101,8,32,after_current_update,14.347519877948798,0.6828633709810674,0.37499835062772036,0.9216760322451591,0.3277066913433373,0.4260726082138717,0.8954624943435192,0.39426315436139703,0.8968969583511353,0.453984797000885,0.7942990064620972,0.9644654951989651,0.3280112794600427,0.8599779717624187,0.42444952949881554,0.8962561618536711,0.392953101079911,0.9834742546081543,0.1890287846326828,1.0378185510635376
1p5b_math,1p5b,math,adaptive,1e-05,101,32,32,after_current_update,55.33238257688936,0.6565625939983875,0.36744253244251013,0.92436533421278,0.330481996294111,0.47941184090450406,0.868559867143631,0.44673209311440587,0.9229828119277954,0.39507877826690674,0.8336268663406372,0.966516736894846,0.32404326973482966,0.8826492736116052,0.46464502811431885,0.8766333032399416,0.43432783940806985,0.9945476055145264,0.10472982376813889,1.0042073726654053
1p5b_math,1p5b,math,adaptive,3e-05,101,1,32,after_current_update,1.9437893059803173,0.6520524680381641,0.37545985262840986,0.9215647876262665,0.3270033267326653,0.4159526680596173,0.9002029206603765,0.38456832943484187,0.889556884765625,0.4684886932373047,0.7856672406196594,0.9648286271840334,0.32773565500974655,0.8518432918936014,0.4155040942132473,0.9004168566316366,0.3842136776074767,0.9191367626190186,0.4182688891887665,1.059711217880249
1p5b_math,1p5b,math,adaptive,3e-05,101,8,32,after_current_update,14.300060858018696,0.6796603169059381,0.3715412043966353,0.9228867329657078,0.3299320638179779,0.45834604604169726,0.8795873373746872,0.42453208612278104,0.9138696193695068,0.4177873730659485,0.8153616786003113,0.964634494856,0.32669546781107783,0.8706979108974338,0.4492760831490159,0.8843377120792866,0.41701608523726463,0.984705924987793,0.18191269040107727,1.037033200263977
1p5b_math,1p5b,math,adaptive,3e-05,101,32,32,after_current_update,55.017860036110505,0.6821437730686739,0.30172089487314224,0.9503185227513313,0.3262122734449804,0.5207450073212385,0.8507487885653973,0.5105252880603075,0.9294544458389282,0.37456244230270386,0.8647814393043518,0.9391993209719658,0.4160381588153541,0.9104465041309595,0.4664156287908554,0.8810102511197329,0.464139043353498,0.9948180913925171,0.10239598900079727,1.0069801807403564
1p5b_math,1p5b,math,adaptive,3e-06,101,1,32,after_current_update,1.9040611640084535,0.7434221269795671,0.37619004817679524,0.921268992125988,0.32716846000403166,0.4111580839380622,0.902373643592,0.38068934762850404,0.8864365816116333,0.47434020042419434,0.7826651930809021,0.9662918727844954,0.3262014491483569,0.8406047141179442,0.411057255230844,0.9024211540818214,0.38061227509751916,0.9264719486236572,0.39733392000198364,1.0538475513458252
1p5b_math,1p5b,math,adaptive,3e-06,101,8,32,after_current_update,14.22366776294075,0.7359739090315998,0.3753932863473892,0.9213766045868397,0.3286825134418905,0.4148543975315988,0.9005308505147696,0.3859172062948346,0.8884406089782715,0.46959245204925537,0.7892246246337891,0.9654356744140387,0.32508328510448337,0.8550595156848431,0.4145119651220739,0.9006942640990019,0.3856462771072984,0.9834340810775757,0.18832062184810638,1.03449285030365
1p5b_math,1p5b,math,adaptive,3e-06,101,32,32,after_current_update,55.70240648731124,0.742440955946222,0.3742620460689068,0.9219502508640289,0.3280984037555754,0.4309910023584962,0.8931306824088097,0.3985677780583501,0.899015486240387,0.44971418380737305,0.796684205532074,0.9651894029229879,0.32645125361159444,0.8584167342633009,0.4287574482150376,0.8942356444895267,0.3967767143622041,0.9930707812309265,0.11789653450250626,1.0025122165679932
1p5b_math,1p5b,math,frozen,0.0001,101,1,32,after_current_update,0.17497110308613628,0.7026476360624656,0.374873373657465,0.921684367582202,0.3276878106407821,0.43053025286644697,0.8932423833757639,0.3972339676693082,0.8986326456069946,0.45084309577941895,0.7947083115577698,0.9627063535153866,0.3316838825121522,0.8580611832439899,0.4282159055583179,0.8943862188607454,0.39536053175106645,0.911188542842865,0.4367753267288208,1.056230902671814
1p5b_math,1p5b,math,frozen,0.0001,101,8,32,after_current_update,1.4330730291549116,0.6998108120169491,0.3345109191723168,0.9376009311527014,0.33995056012645364,0.5297547485679388,0.8432865645736456,0.5405714865773916,0.9402785301208496,0.34045901894569397,0.9342828392982483,0.959418311715126,0.3603886286728084,0.9827324971556664,0.4831700879149139,0.8704180866479874,0.4957187161780894,0.9871417880058289,0.16504769027233124,1.028247356414795
1p5b_math,1p5b,math,frozen,0.0001,101,32,32,after_current_update,4.8209603619761765,0.7603457800578326,-0.006040158594259992,1.0652634985744953,0.33688338147476315,0.0050392201519571245,1.4276029616594315,0.994398595765233,-0.01607407256960869,3.0013210773468018,2.8137998580932617,-0.0033603172050789,4.891202665865421,4.78258490934968,0.005726844097807771,1.24827154353261,0.7246292298659682,0.9898648262023926,0.19322745501995087,1.1208969354629517
1p5b_math,1p5b,math,frozen,1e-05,101,1,32,after_current_update,0.1568047689506784,0.6703598240856081,0.3763500014320016,0.9210797641426325,0.32738753966987133,0.41261428222060204,0.9015796929597855,0.38219350343570113,0.8871264457702637,0.4729349613189697,0.7838743925094604,0.9663371928036213,0.3252393202856183,0.8458381034433842,0.41244598757475615,0.9016593862324953,0.38206318812444806,0.9246616959571838,0.4031626284122467,1.0570979118347168
1p5b_math,1p5b,math,frozen,1e-05,101,8,32,after_current_update,1.3915787470759824,0.6775503690587357,0.37529673986136913,0.921530382707715,0.32768241222947836,0.4266184363514185,0.8951408639550209,0.39406314911320806,0.8962684869766235,0.4554812014102936,0.792536735534668,0.9646537508815527,0.32727515092119575,0.8578798053786159,0.4249929953366518,0.8959367629140615,0.3927555396221578,0.9833939075469971,0.18952132761478424,1.0379995107650757
1p5b_math,1p5b,math,frozen,1e-05,101,32,32,after_current_update,4.819677655235864,0.7174119470873848,0.3657295040320605,0.9249729570001364,0.3307911641895771,0.47794408444315195,0.8692161962389946,0.4470544746145606,0.9227739572525024,0.39484283328056335,0.8366779088973999,0.9663352221250534,0.3219826426357031,0.8849289398640394,0.4631795771420002,0.8772748783230782,0.4346201824955642,0.9945566654205322,0.1046588346362114,1.0043787956237793
1p5b_math,1p5b,math,frozen,3e-05,101,1,32,after_current_update,0.15889188298024237,0.6686715420801193,0.3749217865988612,0.9217357356101274,0.3266649176366627,0.4154369905591011,0.900416012853384,0.38422153564170003,0.889286994934082,0.4688917398452759,0.7858906984329224,0.9647426679730415,0.3278281488455832,0.8522218018770218,0.4149891007691622,0.9006293788552284,0.38386695832014084,0.919019341468811,0.41858339309692383,1.0597625970840454
1p5b_math,1p5b,math,frozen,3e-05,101,8,32,after_current_update,1.4200935349799693,0.6843963320134208,0.3714723833836615,0.922942915931344,0.32977392710745335,0.4581621177494526,0.8797850031405687,0.42412814125418663,0.9138163328170776,0.4178983271121979,0.8153311014175415,0.9643415529280901,0.32807105127722025,0.8707896433770657,0.44909719889983535,0.884526252746582,0.41661382652819157,0.9846779108047485,0.18207837641239166,1.0370519161224365
1p5b_math,1p5b,math,frozen,3e-05,101,32,32,after_current_update,4.836171651841141,0.6834714310243726,0.3000103577505797,0.9520714674144983,0.34609106881543994,0.5292801093310118,0.8528290204703808,0.6033339397981763,0.9352583885192871,0.3679255545139313,1.035645842552185,0.9542522374540567,0.4314696933142841,1.1118147671222687,0.47305443650111556,0.8833161387592554,0.5418381541967392,0.9955474734306335,0.09626597911119461,1.0150882005691528
1p5b_math,1p5b,math,frozen,3e-06,101,1,32,after_current_update,0.22314362798351794,0.7096998400520533,0.3760053040459752,0.9213432427495718,0.32706774631515145,0.41094112815335393,0.9024496618658304,0.3805585172958672,0.8863134384155273,0.47453680634498596,0.7826950550079346,0.9662725180387497,0.3260718476958573,0.840766959823668,0.41084035160019994,0.9024971351027489,0.38048147642984986,0.9264276027679443,0.3974604904651642,1.0538758039474487
1p5b_math,1p5b,math,frozen,3e-06,101,8,32,after_current_update,1.3841585660120472,0.6973528750240803,0.37521385680884123,0.9215454626828432,0.32752968091517687,0.414433719124645,0.900817945599556,0.3843117691576481,0.8885737657546997,0.4699246883392334,0.7866302728652954,0.9655284155160189,0.32614798145368695,0.8526236563920975,0.4140914329327643,0.9009808208793402,0.3840418648906052,0.9834047555923462,0.188510462641716,1.0346026420593262
1p5b_math,1p5b,math,frozen,3e-06,101,32,32,after_current_update,4.70538495387882,0.6884429060155526,0.3759949700906873,0.9212314318865538,0.32789586391299963,0.43258231319487095,0.8923886958509684,0.3982545919716358,0.8996673226356506,0.4491610825061798,0.7940882444381714,0.9655668158084154,0.32725145341828465,0.8560080071911216,0.43034916277974844,0.8934957347810268,0.3964682067744434,0.9930729269981384,0.11786126345396042,1.0023030042648315
1p5b_math,1p5b,math,periodic8,0.0001,101,1,32,after_current_update,2.0431724820518866,0.6909280479885638,0.37531166849657893,0.9215204119682312,0.32759307138621807,0.43101810943335295,0.8930376432836056,0.3971751001663506,0.899253249168396,0.44979625940322876,0.794501006603241,0.9628546088933945,0.3322642161510885,0.8577296547591686,0.428702755831182,0.8941829539835453,0.395302873570472,0.9115003347396851,0.4360033869743347,1.0561790466308594
1p5b_math,1p5b,math,periodic8,0.0001,101,8,32,after_current_update,3.2913160101743415,0.7085750750266016,0.3343697222881019,0.9376333765685558,0.3399524362757802,0.5293280985206366,0.8435571268200874,0.5405139243230224,0.9398979544639587,0.34149301052093506,0.9348486661911011,0.959503710269928,0.3614675709977746,0.9847032986581326,0.4827686231583357,0.8706372082233429,0.4956212402321398,0.9871104955673218,0.16523511707782745,1.0282162427902222
1p5b_math,1p5b,math,periodic8,0.0001,101,32,32,after_current_update,12.127146014245227,0.7257977499393746,0.008847249133395962,1.0066799353808165,0.11050552019150928,0.06424537290877197,1.0287775341421366,0.30459194257855415,0.2730814814567566,1.1816965341567993,0.9593613743782043,0.1542008521500975,1.3499289378523827,1.0374451288953424,0.057526519129169174,1.0222428403794765,0.26993296295404434,0.9862563610076904,0.18621516227722168,1.0721513032913208
1p5b_math,1p5b,math,periodic8,1e-05,101,1,32,after_current_update,1.8331022839993238,0.6705760470358655,0.37687235279008746,0.9209757260978222,0.32710647862404585,0.4132256442680955,0.9013321232050657,0.381710272282362,0.8876296281814575,0.4725310802459717,0.781932532787323,0.9663927182555199,0.3252531895413995,0.8435574024915695,0.4130572057329118,0.901411984115839,0.3815802768804133,0.9247049689292908,0.4030485451221466,1.057096004486084
1p5b_math,1p5b,math,periodic8,1e-05,101,8,32,after_current_update,3.065624640788883,0.6895920949755237,0.3755699307657778,0.92141168192029,0.32770393416285515,0.42687788140028715,0.8949946742504835,0.39403742644935846,0.8963131904602051,0.4554775357246399,0.7922118902206421,0.9644334297627211,0.3287198767066002,0.8577941106632352,0.42525270069018006,0.8957913368940353,0.3927308078855276,0.9833948612213135,0.18952037394046783,1.0380158424377441
1p5b_math,1p5b,math,periodic8,1e-05,101,32,32,after_current_update,11.571076559950598,0.6827191099291667,0.3671518957708031,0.924506863579154,0.3313058796338737,0.4793397984467447,0.8686875961720943,0.4477971252053976,0.9235554933547974,0.3935187757015228,0.8351725339889526,0.9668079521507025,0.32212368631735444,0.88368203304708,0.4645448764786124,0.8767773378640413,0.4353643171489239,0.9945958852767944,0.10426662117242813,1.00421142578125
1p5b_math,1p5b,math,periodic8,3e-05,101,1,32,after_current_update,1.7111010029911995,0.6355634789215401,0.37545985262840986,0.9215647876262665,0.3270033267326653,0.4159526680596173,0.9002029206603765,0.38456832943484187,0.889556884765625,0.4684886932373047,0.7856672406196594,0.9648286271840334,0.32773565500974655,0.8518432918936014,0.4155040942132473,0.9004168566316366,0.3842136776074767,0.9191367626190186,0.4182688891887665,1.059711217880249
1p5b_math,1p5b,math,periodic8,3e-05,101,8,32,after_current_update,2.8046532691223547,0.6306660559494048,0.36966758873313665,0.9236366469413042,0.3301759180612862,0.45631675282493234,0.8807277549058199,0.42476103315129876,0.9132108688354492,0.41816049814224243,0.8193367719650269,0.9641553163528442,0.3294304250739515,0.8755549658089876,0.44725665263831615,0.8854465186595917,0.4172182697802782,0.9847151041030884,0.1818011999130249,1.0368236303329468
1p5b_math,1p5b,math,periodic8,3e-05,101,32,32,after_current_update,10.79540591512341,0.6512553370557725,0.3002516336273402,0.9518685508519411,0.3455690932460129,0.5300815161317587,0.8510728571563959,0.5953210918232799,0.9374441504478455,0.35795527696609497,1.0207115411758423,0.9531819578260183,0.4276483217254281,1.0948840333148837,0.4742538211867213,0.8816121928393841,0.5350371208041906,0.9960710406303406,0.09033503383398056,1.0139002799987793
1p5b_math,1p5b,math,periodic8,3e-06,101,1,32,after_current_update,1.9216652150498703,0.7440040739020333,0.37619004817679524,0.921268992125988,0.32716846000403166,0.4111580839380622,0.902373643592,0.38068934762850404,0.8864365816116333,0.47434020042419434,0.7826651930809021,0.9662918727844954,0.3262014491483569,0.8406047141179442,0.411057255230844,0.9024211540818214,0.38061227509751916,0.9264719486236572,0.39733392000198364,1.0538475513458252
1p5b_math,1p5b,math,periodic8,3e-06,101,8,32,after_current_update,3.01041327114217,0.7218373880023137,0.3751906086690724,0.9215244557708502,0.3273414708673954,0.4144146451726556,0.9007977899163961,0.3840626352466643,0.8883952498435974,0.4703640639781952,0.7859814763069153,0.9654438570141792,0.3268364747054875,0.8523539565503597,0.41407253965735435,0.9009605497121811,0.38379298709332943,0.9833735227584839,0.1886998564004898,1.0346673727035522
1p5b_math,1p5b,math,periodic8,3e-06,101,32,32,after_current_update,11.648844147101045,0.740371480002068,0.37505333544686437,0.9216548204421997,0.3286066525615752,0.4315975201316178,0.8929225318133831,0.39903273759409785,0.8990265727043152,0.44986602663993835,0.7959335446357727,0.9655215051025152,0.3261643028818071,0.8581269169226289,0.42936019925400615,0.8940297141671181,0.3972414880990982,0.9930632710456848,0.1179562509059906,1.0024619102478027
1p5b_openbookqa,1p5b,openbookqa,adaptive,0.0001,101,1,32,after_current_update,0.9774745739996433,0.5722923360299319,0.040194035645981785,1.0212821308523417,0.09336012956191553,0.18172793253324926,1.0297844875603914,0.2020575869755703,-0.09827293455600739,1.0074660778045654,0.05871633440256119,0.19802906617405824,1.0130251403898,0.16841028758790344,0.1817356469691731,1.0298829544335604,0.20230439613806084,-0.09484513849020004,1.6999995708465576,1.283194899559021
1p5b_openbookqa,1p5b,openbookqa,adaptive,0.0001,101,8,32,after_current_update,8.834178392891772,0.5270057140151039,0.0271058301514131,1.197629051283002,0.3360642023562832,0.12433641008101404,1.3151879981160164,0.5449964275940147,-0.15215888619422913,1.0043525695800781,0.026380399242043495,0.1617240346968174,1.1943841632455587,0.4132129737554351,0.12401636294089258,1.3164425902068615,0.5464145516198187,0.11905313283205032,1.67222261428833,1.464601993560791
1p5b_openbookqa,1p5b,openbookqa,adaptive,0.0001,101,32,32,after_current_update,36.617922174045816,0.5947717980016023,0.009899785985908238,1.913815677165985,1.1533294785367616,0.04030263728054706,2.361497201025486,1.6463643070292164,-0.07803790271282196,1.000603199005127,0.007382748182862997,0.08579822522005998,1.7523731552064419,1.0222692655261199,0.03991976113320561,2.368139026686549,1.653158750890725,0.05085034668445587,1.3652679920196533,0.9817330837249756
1p5b_openbookqa,1p5b,openbookqa,adaptive,1e-05,101,1,32,after_current_update,1.1236843180377036,0.5915470009204,0.041206731937563745,1.009432453662157,0.07072750063889544,0.18550008861348033,1.0010573770850897,0.15403989655169426,-0.06537660956382751,1.0058484077453613,0.061134565621614456,0.2208085852325894,0.9840095676481724,0.13284955142444232,0.18536661536199972,1.001175006851554,0.1542119342557271,-0.08160054683685303,1.7041699886322021,1.3007360696792603
1p5b_openbookqa,1p5b,openbookqa,adaptive,1e-05,101,8,32,after_current_update,9.396460606949404,0.5147217859048396,0.041434441785895615,1.0148671437054873,0.08241913446909166,0.20513938675867394,1.001517117023468,0.16675232970737852,-0.06368741393089294,1.0048907995224,0.05404796823859215,0.13326949952170253,1.0017141439020634,0.1389535804191837,0.20561001038004179,1.0014774426817894,0.16695887204696191,0.2374832183122635,1.6421089172363281,1.5614619255065918
1p5b_openbookqa,1p5b,openbookqa,adaptive,1e-05,101,32,32,after_current_update,38.162461615982465,0.5841756709851325,0.027128937050292734,1.0426627602428198,0.12423483977181604,0.08387730875983834,1.0584334842860699,0.1820583311637165,-0.09752851724624634,1.0028512477874756,0.025850476697087288,0.11340290264342912,1.0240891110152006,0.13423531514308706,0.08371604406784172,1.0586344879120588,0.18237969407709897,0.211070716381073,1.3947373628616333,1.205979347229004
1p5b_openbookqa,1p5b,openbookqa,adaptive,3e-05,101,1,32,after_current_update,1.0405786799965426,0.5376308319391683,0.041134006958600366,1.014188690111041,0.07835884765881929,0.18513490137411281,1.0132817085832357,0.1697071585294907,-0.06819530576467514,1.0059224367141724,0.06037525460124016,0.2162889307073783,0.9957712944597006,0.14538763823657064,0.18503275088733062,1.0133979134261608,0.16989976693002973,-0.08349823951721191,1.7038853168487549,1.298600435256958
1p5b_openbookqa,1p5b,openbookqa,adaptive,3e-05,101,8,32,after_current_update,8.369401297881268,0.5944251180626452,0.03786449665949476,1.0413854010403156,0.1277990918224532,0.18403918971307576,1.0587200466543436,0.24543307445128448,-0.12143626064062119,1.0066269636154175,0.04602903872728348,0.1224666039342992,1.0501978266984224,0.21557719632983208,0.18444550805725157,1.0587508827447891,0.2456721863563871,0.1930076777935028,1.688186764717102,1.5667715072631836
1p5b_openbookqa,1p5b,openbookqa,adaptive,3e-05,101,32,32,after_current_update,34.94667313573882,0.5671596890315413,0.02091297336301068,1.2194023989140987,0.36221181335167785,0.07418428928940557,1.3013950251042843,0.49162245266052196,-0.10376648604869843,1.001708745956421,0.015346252359449863,0.1310594682872761,1.1185601074248552,0.2780630879660748,0.07393539891927503,1.3028493523597717,0.49331352761146263,0.12501594424247742,1.326920509338379,1.0061215162277222
1p5b_openbookqa,1p5b,openbookqa,adaptive,3e-06,101,1,32,after_current_update,1.1525116229895502,0.5520185659406707,0.04131508588397992,1.0100941453129053,0.07068058020740864,0.18577003752579913,1.0032199993729591,0.15390715405374067,-0.06436168402433395,1.0059089660644531,0.06211144104599953,0.21863312084315112,0.9869829211384058,0.13465880282456055,0.18564909580163658,1.0033288020640612,0.1540642189211212,-0.08045735955238342,1.7035161256790161,1.3010057210922241
1p5b_openbookqa,1p5b,openbookqa,adaptive,3e-06,101,8,32,after_current_update,9.457735812058672,0.6113575029885396,0.04338787091182894,1.0120700374245644,0.07704754370206501,0.21414691311656497,0.9977664183825254,0.1639306735669379,-0.04709186032414436,1.0046619176864624,0.06044010818004608,0.16847139957826585,0.9940003380179405,0.14285836400085827,0.21450763392203953,0.9977688435465097,0.16410197209188482,0.23374082148075104,1.6812927722930908,1.6053749322891235
1p5b_openbookqa,1p5b,openbookqa,adaptive,3e-06,101,32,32,after_current_update,38.054456306039356,0.5593210780061781,0.03159125190722989,1.019454214721918,0.08490734774750308,0.10224753004149534,1.022094925865531,0.1320658129043295,-0.08168867230415344,1.0033453702926636,0.03396192938089371,0.13639273410080932,1.011925209313631,0.11810419695393648,0.10208849476475734,1.0221470296382904,0.13218139609671198,0.36778390407562256,1.3087354898452759,1.2886823415756226
1p5b_openbookqa,1p5b,openbookqa,frozen,0.0001,101,1,32,after_current_update,0.08032839500810951,0.4510838919086382,0.040194035645981785,1.0212821308523417,0.09336012956191553,0.18172793125268072,1.0297844856977463,0.20205758564407006,-0.09827293455600739,1.0074660778045654,0.05871633440256119,0.19802921917289495,1.0130251161754131,0.16841025812755106,0.18173564790049568,1.0298829525709152,0.20230439522129018,-0.09484513103961945,1.6999998092651367,1.2831950187683105
1p5b_openbookqa,1p5b,openbookqa,frozen,0.0001,101,8,32,after_current_update,0.6514644579729065,0.4541982769733295,0.031059465369253303,1.2438317127525806,0.3948786114615359,0.14223759164451621,1.6234504543244839,0.9210420179442735,-0.18417301774024963,1.0091466903686523,0.04451192542910576,0.18814619141630828,1.8627845421433449,1.1783786547675845,0.1416348948914674,1.620797885581851,0.9182463350371108,0.20976345241069794,1.7782288789749146,1.6950575113296509
1p5b_openbookqa,1p5b,openbookqa,frozen,0.0001,101,32,32,after_current_update,2.6105246571823955,0.46120040700770915,-0.0002568953113950556,1.313853157684207,0.4255800654864288,0.0001463005319237709,2.3184906728565693,1.5469510427719797,-0.12908270955085754,1.005048155784607,0.03457581251859665,-0.13197659235447645,9.793387489393353,9.144725027901586,0.0034595531396917067,2.207370772957802,1.4284550006123027,0.3682299852371216,1.6616885662078857,1.7454744577407837
1p5b_openbookqa,1p5b,openbookqa,frozen,1e-05,101,1,32,after_current_update,0.07923289889004081,0.5301803370239213,0.041206731937563745,1.009432453662157,0.07072750063889544,0.18550008861348033,1.0010573770850897,0.15403989655169426,-0.06537660956382751,1.0058484077453613,0.061134565621614456,0.2208085852325894,0.9840095676481724,0.13284955142444232,0.18536661536199972,1.001175006851554,0.1542119342557271,-0.08160055428743362,1.7041699886322021,1.3007358312606812
1p5b_openbookqa,1p5b,openbookqa,frozen,1e-05,101,8,32,after_current_update,0.6579377228626981,0.5336093809455633,0.040476125257555395,1.017868310213089,0.08906778058553755,0.18254416610579938,1.0229233745485544,0.19332868446508655,-0.0886755883693695,1.0069336891174316,0.05890054628252983,0.20129262853879482,1.003109510987997,0.1610823702358175,0.1825313753215596,1.0230390261858702,0.1935665400014841,0.19073328375816345,1.8651745319366455,1.7766889333724976
1p5b_openbookqa,1p5b,openbookqa,frozen,1e-05,101,32,32,after_current_update,2.614396828925237,0.5327331749722362,0.03776849929636228,1.06141241453588,0.1590089769088081,0.17200623283861205,1.1353300996124744,0.35172866587527096,-0.13187351822853088,1.0084586143493652,0.053542785346508026,0.16993892678874545,1.1172643639147282,0.3027095681318315,0.17208869889145717,1.1354162823408842,0.3520826971507631,0.33117997646331787,1.4745557308197021,1.4643146991729736
1p5b_openbookqa,1p5b,openbookqa,frozen,3e-05,101,1,32,after_current_update,0.08382413594517857,0.5047897760523483,0.041134006958600366,1.014188690111041,0.07835884765881929,0.18513490032637492,1.0132817141711712,0.1697071565213264,-0.06819529831409454,1.0059224367141724,0.06037525460124016,0.21628884418169037,0.9957713857293129,0.1453877563471906,0.18503275042166933,1.0133979134261608,0.1698997669154778,-0.08349823951721191,1.7038853168487549,1.298600435256958
1p5b_openbookqa,1p5b,openbookqa,frozen,3e-05,101,8,32,after_current_update,0.6598825579276308,0.46971268591005355,0.038483110030938406,1.0389035698026419,0.1257066974594636,0.17450002202531323,1.0761931147426367,0.2751379250694299,-0.12925082445144653,1.0085440874099731,0.054778411984443665,0.17516761174192652,1.056109244003892,0.2262396360238199,0.17458739300491288,1.0762966014444828,0.2754805246659089,0.17869535088539124,1.8514926433563232,1.7471203804016113
1p5b_openbookqa,1p5b,openbookqa,frozen,3e-05,101,32,32,after_current_update,2.6061209025792778,0.5094121920410544,0.028327223772066645,1.346963219344616,0.514629504064942,0.12966830653022043,1.946314636617899,1.261307229520753,-0.18800170719623566,1.0090348720550537,0.043290216475725174,0.18435497960308567,2.644952017813921,1.996673535730224,0.12894393676469917,1.9384189825505018,1.2530503506641253,0.39918309450149536,1.4762890338897705,1.556238055229187
1p5b_openbookqa,1p5b,openbookqa,frozen,3e-06,101,1,32,after_current_update,0.15380008704960346,0.5579505449859425,0.04131508588397992,1.0100941453129053,0.07068058020740864,0.18577003752579913,1.0032199993729591,0.15390715405374067,-0.06436168402433395,1.0059089660644531,0.06211144104599953,0.21863312084315112,0.9869829211384058,0.13465880282456055,0.18564909580163658,1.0033288020640612,0.1540642189211212,-0.08045734465122223,1.7035160064697266,1.3010057210922241
1p5b_openbookqa,1p5b,openbookqa,frozen,3e-06,101,8,32,after_current_update,0.7231353571405634,0.49401932302862406,0.04105513303875341,1.0095737520605326,0.07199603722256143,0.1845524403033778,1.001064971089363,0.15682236615975853,-0.06759825348854065,1.0059657096862793,0.060996223241090775,0.21339811879443005,0.9849447272717953,0.13444887395598926,0.18446290906285867,1.0011717937886715,0.1569983828740078,0.20496690273284912,1.8535962104797363,1.7790793180465698
1p5b_openbookqa,1p5b,openbookqa,frozen,3e-06,101,32,32,after_current_update,2.729629469802603,0.5261050639674067,0.0403179535169329,1.0174779891967773,0.08751594484783709,0.1818343517370522,1.020240543410182,0.18994456971267937,-0.09542736411094666,1.007319450378418,0.05884150415658951,0.19993205036735162,1.0039625428617,0.15696268430474447,0.18183269078144804,1.0203373562544584,0.19019269107229775,0.308754026889801,1.505486011505127,1.475723147392273
1p5b_openbookqa,1p5b,openbookqa,periodic8,0.0001,101,1,32,after_current_update,1.1685573819559067,0.5991915030172095,0.040194035645981785,1.0212821308523417,0.09336012956191553,0.18172793253324926,1.0297844875603914,0.2020575869755703,-0.09827293455600739,1.0074660778045654,0.05871633440256119,0.19802906617405824,1.0130251403898,0.16841028758790344,0.1817356469691731,1.0298829544335604,0.20230439613806084,-0.09484513849020004,1.6999995708465576,1.283194899559021
1p5b_openbookqa,1p5b,openbookqa,periodic8,0.0001,101,8,32,after_current_update,1.7435694698942825,0.5702024950878695,0.030841694364426075,1.2491258289664984,0.39924291669194645,0.1414906890859129,1.6336570046842098,0.9282046716471086,-0.17772090435028076,1.0088669061660767,0.04453310742974281,0.18999471823917702,1.8767419941723347,1.1921615936007584,0.14086807002604473,1.6309925466775894,0.9253783924796153,0.21446457505226135,1.772094964981079,1.6930842399597168
1p5b_openbookqa,1p5b,openbookqa,periodic8,0.0001,101,32,32,after_current_update,6.989173934678547,0.6086262420285493,0.00625968822168943,2.4014641623944044,1.705994419903618,0.02498737259156769,3.6801770608872175,3.054776424447482,-0.06995204836130142,1.0006906986236572,0.00926351360976696,0.09088264079764485,4.282496752217412,3.6888258050512377,0.02413896303733054,3.678914638236165,3.0530962805823947,-0.030014052987098694,1.5323269367218018,1.131419062614441
1p5b_openbookqa,1p5b,openbookqa,periodic8,1e-05,101,1,32,after_current_update,1.1262421479914337,0.5958419650560245,0.041206731937563745,1.009432453662157,0.07072750063889544,0.18550008861348033,1.0010573770850897,0.15403989655169426,-0.06537660956382751,1.0058484077453613,0.061134565621614456,0.2208085852325894,0.9840095676481724,0.13284955142444232,0.18536661536199972,1.001175006851554,0.1542119342557271,-0.08160054683685303,1.7041699886322021,1.3007360696792603
1p5b_openbookqa,1p5b,openbookqa,periodic8,1e-05,101,8,32,after_current_update,1.6890812327619642,0.5355843610595912,0.040476125257555395,1.017868310213089,0.08906778058553755,0.18254416401032358,1.022923381999135,0.1933286880448577,-0.0886755883693695,1.0069336891174316,0.05890055373311043,0.2012927607866004,1.0031095128506422,0.16108239643654088,0.18253137537976727,1.023039024323225,0.19356654103467008,0.1907331645488739,1.8651751279830933,1.7766895294189453
1p5b_openbookqa,1p5b,openbookqa,periodic8,1e-05,101,32,32,after_current_update,6.7700217148521915,0.5871511169243604,0.037572741239273455,1.0590706523507833,0.15627309822230018,0.17055441567208618,1.128378327935934,0.3444358829729026,-0.13604816794395447,1.0087060928344727,0.053680889308452606,0.16802908809040673,1.112516425549984,0.29650899171247147,0.17063925502588972,1.1284493077546358,0.3447853179895901,0.32997748255729675,1.476412296295166,1.465177297592163
1p5b_openbookqa,1p5b,openbookqa,periodic8,3e-05,101,1,32,after_current_update,1.1668908420251682,0.5923954200698063,0.041134006958600366,1.014188690111041,0.07835884765881929,0.18513490137411281,1.0132817085832357,0.1697071585294907,-0.06819530576467514,1.0059224367141724,0.06037525460124016,0.2162889307073783,0.9957712944597006,0.14538763823657064,0.18503275088733062,1.0133979134261608,0.16989976693002973,-0.08349823951721191,1.7038853168487549,1.298600435256958
1p5b_openbookqa,1p5b,openbookqa,periodic8,3e-05,101,8,32,after_current_update,1.7262561661191285,0.5444676809711382,0.03856179726062692,1.0382831916213036,0.12512754507952195,0.17501079518115148,1.0749713461846113,0.27447976139956154,-0.1288171112537384,1.00860595703125,0.055247846990823746,0.17648175779322628,1.0553027484565973,0.2248796413114178,0.17509792116470635,1.0750718042254448,0.27483450072759297,0.17946144938468933,1.850858449935913,1.7472254037857056
1p5b_openbookqa,1p5b,openbookqa,periodic8,3e-05,101,32,32,after_current_update,7.046504835248925,0.6090988999931142,0.029265526274684817,1.3067521695047617,0.4730842743319954,0.15356059500481933,1.6034992765635252,0.9149298248303239,-0.2642100751399994,1.0088605880737305,0.031774066388607025,0.22053117956966162,1.5700724385678768,0.8932778177113505,0.15288083540508524,1.604365173727274,0.9158126766124042,0.2746889889240265,1.5229262113571167,1.4556876420974731
1p5b_openbookqa,1p5b,openbookqa,periodic8,3e-06,101,1,32,after_current_update,1.0483107579639181,0.5799418359529227,0.04131508588397992,1.0100941453129053,0.07068058020740864,0.18577003752579913,1.0032199993729591,0.15390715405374067,-0.06436168402433395,1.0059089660644531,0.06211144104599953,0.21863312084315112,0.9869829211384058,0.13465880282456055,0.18564909580163658,1.0033288020640612,0.1540642189211212,-0.08045735955238342,1.7035161256790161,1.3010057210922241
1p5b_openbookqa,1p5b,openbookqa,periodic8,3e-06,101,8,32,after_current_update,1.6057981759076938,0.5386130539700389,0.04105513303875341,1.0095737520605326,0.07199603722256143,0.18455244140932336,1.0010649748146534,0.15682236615975853,-0.06759825348854065,1.0059657096862793,0.060996223241090775,0.2133981591614429,0.984944723546505,0.13444887673540507,0.18446290906285867,1.0011717937886715,0.1569983828740078,0.20496690273284912,1.8535962104797363,1.7790793180465698
1p5b_openbookqa,1p5b,openbookqa,periodic8,3e-06,101,32,32,after_current_update,6.806765272864141,0.5881301049375907,0.04035695369748282,1.0174740869551897,0.08752992979134433,0.18205389991635457,1.0202042758464813,0.18998796176310861,-0.09562404453754425,1.0073270797729492,0.05881691724061966,0.1996520681423135,1.0039089303463697,0.15700607364851749,0.18205438187578693,1.0203012209385633,0.19023607199051185,0.3082694411277771,1.5060762166976929,1.4758721590042114
1p5b_svamp,1p5b,svamp,adaptive,0.0001,101,1,32,after_current_update,1.079027627944015,0.5274603849975392,0.37181195989251137,0.9279059525579214,0.29570952616631985,0.6982955187559128,0.6977951778098941,0.687237186357379,0.958540141582489,0.28694388270378113,0.9248356223106384,0.9340275730937719,0.36422581505030394,0.9583435654640198,0.6770564531907439,0.7191955773159862,0.664170240983367,0.9546273350715637,0.3087843954563141,1.0362430810928345
1p5b_svamp,1p5b,svamp,adaptive,0.0001,101,8,32,after_current_update,8.588147030794062,0.4737933810101822,0.3357238466851413,0.9390477240085602,0.3093721610493958,0.6478744456544518,0.7610389646142721,0.7572200847789645,0.8769635558128357,0.504248857498169,1.0297119617462158,0.9406711421906948,0.3830837612040341,1.1117041260004044,0.6169950682669878,0.7867016736418009,0.7226881086826324,0.9915719032287598,0.13204678893089294,1.0170923471450806
1p5b_svamp,1p5b,svamp,adaptive,0.0001,101,32,32,after_current_update,36.20896037877537,0.5985773849533871,0.13548810465727001,0.995814448222518,0.22952876100316644,0.46043584615108557,0.9064485132694244,0.66017338167876,0.7283307313919067,0.7365274429321289,0.9984015226364136,0.7036002210807055,0.7379949055612087,0.6237572133541107,0.45663591381162405,0.9097933787852526,0.6616682820022106,0.9898775219917297,0.14192938804626465,0.9886800646781921
1p5b_svamp,1p5b,svamp,adaptive,1e-05,101,1,32,after_current_update,1.168388111051172,0.5958437649533153,0.37287019775249064,0.9276784565299749,0.29465068038553,0.6977389538660645,0.6985293217003345,0.6793702440336347,0.9585155248641968,0.2889738380908966,0.9109968543052673,0.9308685176074505,0.3734364453703165,0.9239473547786474,0.6771597070619464,0.7190880440175533,0.6596788838505745,0.9545431137084961,0.3090423047542572,1.036149501800537
1p5b_svamp,1p5b,svamp,adaptive,1e-05,101,8,32,after_current_update,9.895242246217094,0.6016008709557354,0.37113263737410307,0.9281138144433498,0.29570871917530894,0.6966316793113947,0.6995186833664775,0.6868279250338674,0.9577183723449707,0.2894984781742096,0.9255661964416504,0.9337971247732639,0.3647358678281307,0.9505100697278976,0.6751575325615704,0.7210162822157145,0.6646630875766277,0.9921442866325378,0.1277640014886856,1.0181065797805786
1p5b_svamp,1p5b,svamp,adaptive,1e-05,101,32,32,after_current_update,36.14474676712416,0.6007240629987791,0.36427614209242165,0.9296152237802744,0.30414459109306335,0.689866391941905,0.7078783782199025,0.7229795260354877,0.9412153959274292,0.3395405411720276,0.9754835367202759,0.9398131333291531,0.36586669413372874,1.0648091901093721,0.6665587276220322,0.7305932343006134,0.6905798213556409,0.9947329163551331,0.10400929301977158,1.0123858451843262
1p5b_svamp,1p5b,svamp,adaptive,3e-05,101,1,32,after_current_update,1.1167609170079231,0.5082624510396272,0.3730473080649972,0.9275872744619846,0.29487054608762264,0.6981918718665838,0.697960764169693,0.6814572447910905,0.9595524668693542,0.28480100631713867,0.9165091514587402,0.9319374151527882,0.3693568971939385,0.9331595599651337,0.6774732498452067,0.7186705050989985,0.6608338803052902,0.9550156593322754,0.30746978521347046,1.0362108945846558
1p5b_svamp,1p5b,svamp,adaptive,3e-05,101,8,32,after_current_update,9.403057150891982,0.5979508759919554,0.3665506448596716,0.9292924702167511,0.29993983870372176,0.692763939499855,0.7042001830413938,0.7077821614220738,0.9484978914260864,0.3168640732765198,0.9556540846824646,0.9383574835956097,0.35971397161483765,1.0229639038443565,0.6700626611709595,0.726669835858047,0.6788957174867392,0.9915367364883423,0.13336166739463806,1.0220414400100708
1p5b_svamp,1p5b,svamp,adaptive,3e-05,101,32,32,after_current_update,38.886314364383,0.5988198149716482,0.33539425674825907,0.9398468639701605,0.2914431896060705,0.6357330707833171,0.7636758461594582,0.6929345270618796,0.8884201645851135,0.46311917901039124,0.9498187899589539,0.9414940867573023,0.34808419086039066,0.9866391010582447,0.6047514155507088,0.7899496033787727,0.6659307964146137,0.9965127110481262,0.08442004024982452,1.0093337297439575
1p5b_svamp,1p5b,svamp,adaptive,3e-06,101,1,32,after_current_update,1.0861371860373765,0.6106289000017568,0.3725333143956959,0.9279636535793543,0.2937947502359748,0.6963396305218339,0.7002774327993393,0.6768138324841857,0.9581899642944336,0.29037153720855713,0.9087584018707275,0.9307608902454376,0.3733778139576316,0.9171905629336834,0.6755538899451494,0.7209383584558964,0.6575109334662557,0.9544278979301453,0.30943000316619873,1.0361576080322266
1p5b_svamp,1p5b,svamp,adaptive,3e-06,101,8,32,after_current_update,9.316489296033978,0.49854229600168765,0.37275760783813894,0.9277423340827227,0.2942922445945442,0.6978937145322561,0.6982299201190472,0.6793475886806846,0.9596352577209473,0.28521496057510376,0.9122287034988403,0.9312147758901119,0.3708567270077765,0.9264841880649328,0.6771734501235187,0.7189599368721247,0.6592091023921967,0.9922251105308533,0.12686878442764282,1.0168527364730835
1p5b_svamp,1p5b,svamp,adaptive,3e-06,101,32,32,after_current_update,38.32475775491912,0.5942625988973305,0.37159742740914226,0.9279279783368111,0.2967811990529299,0.6981438063085079,0.6981572285294533,0.6902254475280643,0.9586771130561829,0.28603118658065796,0.9290848970413208,0.9345620926469564,0.3628068184480071,0.9609337151050568,0.676879579667002,0.7195291798561811,0.6671374225988984,0.9954257011413574,0.0960344597697258,1.005171298980713
1p5b_svamp,1p5b,svamp,frozen,0.0001,101,1,32,after_current_update,0.08370354305952787,0.5293748239055276,0.37221337761729956,0.9277773331850767,0.295897388830781,0.6986138392239809,0.6977267609909177,0.6876148236915469,0.9585685133934021,0.28693366050720215,0.9241542816162109,0.934032479301095,0.364081306848675,0.9578801058232784,0.6773602608591318,0.7192109180614352,0.6646484872326255,0.9546302556991577,0.3087678551673889,1.0362187623977661
1p5b_svamp,1p5b,svamp,frozen,0.0001,101,8,32,after_current_update,0.6708666222402826,0.5285396919352934,0.3274913798086345,0.9410547614097595,0.3260496989823878,0.6298967124894261,0.785962613299489,0.8174533061683178,0.8413339853286743,0.6023111343383789,1.1070815324783325,0.9382274504750967,0.5501262936741114,1.3706655111163855,0.5996456770226359,0.8043874353170395,0.7591861048713326,0.9845929145812988,0.18557947874069214,1.0467450618743896
1p5b_svamp,1p5b,svamp,frozen,0.0001,101,32,32,after_current_update,2.6989405672065914,0.5414354059612378,-0.012297373919864185,1.0317893289029598,0.2380299554206431,-0.0918217499711318,1.338292434811592,0.7896791575476527,-0.1549031287431717,1.5090131759643555,0.9857614636421204,-0.4184858785010874,5.830956935882568,5.348778434097767,-0.08592578747266089,1.251125518232584,0.6573717771098018,0.9747046232223511,0.274090975522995,1.1333707571029663
1p5b_svamp,1p5b,svamp,frozen,1e-05,101,1,32,after_current_update,0.09171616297680885,0.5464433850720525,0.37287019775249064,0.9276784565299749,0.29465068038553,0.6977389520034194,0.6985293179750443,0.6793702458962798,0.9585155248641968,0.2889738380908966,0.9109968543052673,0.930868536233902,0.37343645468354225,0.9239473752677441,0.6771597070619464,0.7190880440175533,0.6596788838505745,0.9545429944992065,0.30904269218444824,1.0361497402191162
1p5b_svamp,1p5b,svamp,frozen,1e-05,101,8,32,after_current_update,0.6879307611379772,0.5511058910051361,0.37036040239036083,0.928419278934598,0.29573859414085746,0.6963391099125147,0.6998008247464895,0.6864848472177982,0.9567858576774597,0.2924388647079468,0.925807535648346,0.9342517051845789,0.363750281278044,0.9501063115894794,0.6748018451035023,0.7212743973359466,0.6642330596223474,0.9920656681060791,0.1284201294183731,1.0182603597640991
1p5b_svamp,1p5b,svamp,frozen,1e-05,101,32,32,after_current_update,2.707776856957935,0.5400689679663628,0.36400198587216437,0.9298011213541031,0.30352279962971807,0.6893071960657835,0.7086658468469977,0.7218445185571909,0.9429080486297607,0.3346601128578186,0.9756624698638916,0.9398171491920948,0.3656219048425555,1.0624374765902758,0.6658826088532805,0.7315070573240519,0.6895812572911382,0.9947973489761353,0.10334376990795135,1.0121632814407349
1p5b_svamp,1p5b,svamp,frozen,3e-05,101,1,32,after_current_update,0.0846833580872044,0.5147107400698587,0.3724032654426992,0.9278598707169294,0.29430532921105623,0.6975098131224513,0.6987559031695127,0.6803816352039576,0.9589197635650635,0.2869042754173279,0.9160095453262329,0.9319249782711267,0.3695530593395233,0.9323986619710922,0.6767365587875247,0.7194697139784694,0.6597592048346996,0.9547079801559448,0.30854472517967224,1.0363614559173584
1p5b_svamp,1p5b,svamp,frozen,3e-05,101,8,32,after_current_update,0.6736974500818178,0.5232836699578911,0.36691102059558034,0.9290671218186617,0.30045569920912385,0.6932494137436152,0.7036618087440729,0.7076850077137351,0.9486426115036011,0.31641867756843567,0.9552515745162964,0.9384444802999496,0.3596894587390125,1.0227899681776762,0.6706167412921786,0.7261102711781859,0.6788568645715714,0.9915531873703003,0.13322928547859192,1.0220109224319458
1p5b_svamp,1p5b,svamp,frozen,3e-05,101,32,32,after_current_update,2.694628017139621,0.5453315719496459,0.2989344394300133,0.9507812950760126,0.3358748056925833,0.579189526848495,0.8517398051917553,0.863759714178741,0.7529000043869019,0.7717819213867188,1.156020164489746,0.9310985915362835,0.723229487426579,1.5580924674868584,0.5456191995181143,0.8630521334707737,0.793442826718092,0.9890086650848389,0.15783706307411194,1.0442408323287964
1p5b_svamp,1p5b,svamp,frozen,3e-06,101,1,32,after_current_update,0.1854008260415867,0.5578623319743201,0.3725333143956959,0.9279636535793543,0.2937947502359748,0.6963396305218339,0.7002774327993393,0.6768138324841857,0.9581899642944336,0.29037153720855713,0.9087584018707275,0.9307608902454376,0.3733778139576316,0.9171905629336834,0.6755538899451494,0.7209383584558964,0.6575109334662557,0.9544278383255005,0.30943042039871216,1.0361578464508057
1p5b_svamp,1p5b,svamp,frozen,3e-06,101,8,32,after_current_update,0.7759252021787688,0.5089609350543469,0.3727061504032463,0.9277461469173431,0.2943449947051704,0.6977431317791343,0.6983846668154001,0.6795101966708899,0.959740161895752,0.28481051325798035,0.912643313407898,0.9312556907534599,0.3707478982396424,0.9267531596124172,0.6770018073730171,0.7191151883453131,0.6593486061319709,0.9922380447387695,0.12676271796226501,1.016838550567627
1p5b_svamp,1p5b,svamp,frozen,3e-06,101,32,32,after_current_update,2.7673543402925134,0.5044161280384287,0.3712727464735508,0.9279921893030405,0.29722008574754,0.697761788032949,0.6985341589897871,0.6914466163143516,0.9585381150245667,0.2863462567329407,0.9304424524307251,0.9350248351693153,0.3614803967066109,0.9576379004865885,0.6761272540315986,0.7202287241816521,0.6686725886538625,0.9954159259796143,0.09613313525915146,1.005133867263794
1p5b_svamp,1p5b,svamp,periodic8,0.0001,101,1,32,after_current_update,1.189940650947392,0.6045267570298165,0.37181195989251137,0.9279059525579214,0.29570952616631985,0.6982955187559128,0.6977951778098941,0.687237186357379,0.958540141582489,0.28694388270378113,0.9248356223106384,0.9340275730937719,0.36422581505030394,0.9583435654640198,0.6770564531907439,0.7191955773159862,0.664170240983367,0.9546273350715637,0.3087843954563141,1.0362430810928345
1p5b_svamp,1p5b,svamp,periodic8,0.0001,101,8,32,after_current_update,1.7824099969584495,0.5525863110087812,0.3282989924773574,0.9408810306340456,0.32599884597584605,0.6317396480590105,0.7847919035702944,0.8185360338538885,0.8458358645439148,0.5952823162078857,1.1100319623947144,0.9391446430236101,0.5469448529183865,1.368620615452528,0.6014790525659919,0.8034024555236101,0.7603793265298009,0.9849234819412231,0.18346725404262543,1.0460331439971924
1p5b_svamp,1p5b,svamp,periodic8,0.0001,101,32,32,after_current_update,7.187363135977648,0.602393159060739,0.023512781597673893,1.007612381130457,0.16221875965129584,0.05604977020993829,1.0835995096713305,0.4969823071733117,-0.006510987877845764,1.1595401763916016,0.5804948210716248,0.40491305012255907,1.6823691306635737,1.8798699248582125,0.047370503649290185,1.0807032156735659,0.479463666677475,0.9837738871574402,0.21972906589508057,1.1106280088424683
1p5b_svamp,1p5b,svamp,periodic8,1e-05,101,1,32,after_current_update,1.1812328409869224,0.5972917230101302,0.37287019775249064,0.9276784565299749,0.29465068038553,0.6977389538660645,0.6985293217003345,0.6793702440336347,0.9585155248641968,0.2889738380908966,0.9109968543052673,0.9308685176074505,0.3734364453703165,0.9239473547786474,0.6771597070619464,0.7190880440175533,0.6596788838505745,0.9545431137084961,0.3090423047542572,1.036149501800537
1p5b_svamp,1p5b,svamp,periodic8,1e-05,101,8,32,after_current_update,1.7696039689471945,0.5443036860087886,0.37051309552043676,0.9283572621643543,0.29584552301093936,0.6965197250247002,0.6995826177299023,0.6866311356425285,0.9566202759742737,0.293009489774704,0.9253647327423096,0.9340199548751116,0.3639696603640914,0.950104795396328,0.6750133838504553,0.7210645945742726,0.6644014623016119,0.9920457005500793,0.1285877376794815,1.018303632736206
1p5b_svamp,1p5b,svamp,periodic8,1e-05,101,32,32,after_current_update,7.149913460249081,0.5684492439031601,0.3639158639125526,0.9298624638468027,0.30415148567408323,0.6890265699476004,0.7097485046833754,0.7228879733011127,0.9398652911186218,0.34331393241882324,0.9746691584587097,0.9399716332554817,0.3652455862611532,1.0640714466571808,0.6654754057526588,0.7327119568362832,0.6905529098585248,0.9946523904800415,0.10480489581823349,1.012475609779358
1p5b_svamp,1p5b,svamp,periodic8,3e-05,101,1,32,after_current_update,1.1614707770058885,0.596714524901472,0.3730473080649972,0.9275872744619846,0.29487054608762264,0.6981918718665838,0.697960764169693,0.6814572447910905,0.9595524668693542,0.28480100631713867,0.9165091514587402,0.9319374151527882,0.3693568971939385,0.9331595599651337,0.6774732498452067,0.7186705050989985,0.6608338803052902,0.9550156593322754,0.30746978521347046,1.0362108945846558
1p5b_svamp,1p5b,svamp,periodic8,3e-05,101,8,32,after_current_update,1.8455948490882292,0.5404840799747035,0.3667876578401774,0.9290913511067629,0.30071090534329414,0.6926576932892203,0.7038859613239765,0.7078961515799165,0.9476905465126038,0.31929486989974976,0.9558457136154175,0.9379222188144922,0.3608712190762162,1.0215370878577232,0.6699120863340795,0.7264658277854323,0.679267986677587,0.9914779663085938,0.1338464915752411,1.022194743156433
1p5b_svamp,1p5b,svamp,periodic8,3e-05,101,32,32,after_current_update,7.130193536402658,0.5925759080564603,0.32047058874741197,0.9438882917165756,0.32282158732414246,0.6337722633033991,0.7866982202976942,0.8154521957039833,0.870227038860321,0.5505676865577698,1.1160317659378052,0.9411217626184225,0.45493990927934647,1.2300664149224758,0.6020226245746017,0.8103434517979622,0.7758395783603191,0.9948014616966248,0.10620936006307602,1.02497398853302
1p5b_svamp,1p5b,svamp,periodic8,3e-06,101,1,32,after_current_update,1.210419976967387,0.5967904889257625,0.3725333143956959,0.9279636535793543,0.2937947502359748,0.6963396305218339,0.7002774327993393,0.6768138324841857,0.9581899642944336,0.29037153720855713,0.9087584018707275,0.9307608902454376,0.3733778139576316,0.9171905629336834,0.6755538899451494,0.7209383584558964,0.6575109334662557,0.9544278979301453,0.30943000316619873,1.0361576080322266
1p5b_svamp,1p5b,svamp,periodic8,3e-06,101,8,32,after_current_update,1.7937015790957958,0.5408817220013589,0.3727061504032463,0.9277461469173431,0.2943449947051704,0.6977431150153279,0.6983846612274647,0.6795102003961802,0.9597401022911072,0.28481048345565796,0.9126432538032532,0.9312556758522987,0.370748040266335,0.9267530720680952,0.6770017971284688,0.7191151883453131,0.6593486089259386,0.9922381043434143,0.12676279246807098,1.016838550567627
1p5b_svamp,1p5b,svamp,periodic8,3e-06,101,32,32,after_current_update,7.221492634038441,0.6076968469424173,0.3712691869586706,0.9280227664858103,0.2967356708832085,0.6973071219399571,0.6990648163482547,0.69029919244349,0.9583351612091064,0.28716811537742615,0.9288076162338257,0.934151055291295,0.3636439749971032,0.9594403393566608,0.6758635528385639,0.720568934455514,0.6673628175631166,0.9953893423080444,0.09641744196414948,1.0052013397216797
7b_aqua,7b,aqua,adaptive,0.0001,101,1,32,after_current_update,1.7182025910587981,0.8807939030230045,0.3753452240489423,0.9342332147061825,0.3060868405736983,0.7856145184487104,0.663517439737916,0.8250293144956231,0.9596191644668579,0.29169562458992004,0.8824484944343567,0.9647321663796902,0.42685074312612414,1.0329526606947184,0.7427124604582787,0.7037055920809507,0.7781954128295183,0.9248698353767395,0.4016379714012146,1.0540872812271118
7b_aqua,7b,aqua,adaptive,0.0001,101,8,32,after_current_update,14.248892082250677,0.8844362570671365,0.25511873175855726,0.9707115720957518,0.31158551294356585,0.669931584270671,0.8197923060506582,0.9518389254808426,0.927183985710144,0.46593835949897766,1.20425546169281,0.9559726361185312,0.6742791887372732,1.4670282118022442,0.5922076237620786,0.8618308492004871,0.8430385682731867,0.9934519529342651,0.11739686876535416,1.0204496383666992
7b_aqua,7b,aqua,adaptive,0.0001,101,32,32,after_current_update,58.06223386817146,0.8840185540029779,0.037400620291009545,1.0024511702358723,0.11254673055373132,0.3505016667768359,0.9562626481056213,0.5252336319535971,0.6790169477462769,0.7799531817436218,0.9424388408660889,0.8263583267107606,0.6782549219205976,0.9619029946625233,0.3257666025310755,0.9662344641983509,0.5101352264173329,0.9895442724227905,0.14581114053726196,1.0109626054763794
7b_aqua,7b,aqua,adaptive,1e-05,101,1,32,after_current_update,1.8506576899671927,0.8881425260333344,0.3735462976619601,0.9352655969560146,0.302252696827054,0.759852934628725,0.6882591331377625,0.7909706961363554,0.952215313911438,0.31817230582237244,0.8630658388137817,0.9602872915565968,0.43897366244345903,1.006968216970563,0.7239334005862474,0.7202946003526449,0.7560055982321501,0.9236146211624146,0.4080057740211487,1.063374400138855
7b_aqua,7b,aqua,adaptive,1e-05,101,8,32,after_current_update,14.29289944190532,0.808199685998261,0.37734549725428224,0.9339355360716581,0.2989185438491404,0.7806993909180164,0.66418132558465,0.7881858088076115,0.9574865102767944,0.30868712067604065,0.8476311564445496,0.9661482237279415,0.41444863518700004,1.003179826773703,0.7384702572599053,0.703887015581131,0.7418189067393541,0.9887841939926147,0.15292073786258698,1.0216304063796997
7b_aqua,7b,aqua,adaptive,1e-05,101,32,32,after_current_update,57.399330118321814,0.8760682550491765,0.38218465400859714,0.9322653468698263,0.3575233519077301,0.8163684885948896,0.6781340055167675,0.9824142726138234,0.9679769277572632,0.25601622462272644,1.018211841583252,0.978495430201292,0.4713632492348552,1.1916784746572375,0.7593186758458614,0.7270859349519014,0.9122340911999345,0.9968769550323486,0.08007805049419403,1.0101450681686401
7b_aqua,7b,aqua,adaptive,3e-05,101,1,32,after_current_update,1.819200411089696,0.881933419033885,0.37492289347574115,0.934687927365303,0.3012595367617905,0.7674346528947353,0.6791353924199939,0.7930221725255251,0.9542927742004395,0.31316056847572327,0.8607821464538574,0.9616445600986481,0.4301702077500522,1.0034345053136349,0.7298769094049931,0.7134772427380085,0.755901106633246,0.9237526655197144,0.40720683336257935,1.0620872974395752
7b_aqua,7b,aqua,adaptive,3e-05,101,8,32,after_current_update,14.29581329296343,0.8738869769731537,0.38037885539233685,0.9334222674369812,0.3034039153717458,0.8061191327869892,0.6458585448563099,0.8029130920767784,0.964809238910675,0.2891184687614441,0.8446164727210999,0.9693504627794027,0.41121480939909816,0.991641391068697,0.754519215784967,0.6961182728409767,0.7439692942425609,0.9870426654815674,0.16699662804603577,1.0333136320114136
7b_aqua,7b,aqua,adaptive,3e-05,101,32,32,after_current_update,57.9569955104962,0.8833016090793535,0.20789405424147844,0.9779814220964909,0.21222860738635063,0.5953770582564175,0.8143954239785671,0.6821902487426996,0.8893610835075378,0.46026697754859924,0.9423598051071167,0.9149406477808952,0.6328346850350499,1.2047921577468514,0.5338421855121851,0.8529881443828344,0.6139514511451125,0.9968225955963135,0.08001133799552917,1.0043699741363525
7b_aqua,7b,aqua,adaptive,3e-06,101,1,32,after_current_update,1.760571755003184,0.877138648997061,0.3744318224489689,0.9351686704903841,0.30053859343752265,0.7590303774923086,0.6887851245701313,0.7837321208789945,0.9514620900154114,0.3225543200969696,0.8549157977104187,0.9597170446068048,0.43928464502096176,0.9969639526680112,0.7238927790895104,0.720137681812048,0.7501324722543359,0.9232835173606873,0.40907469391822815,1.0639770030975342
7b_aqua,7b,aqua,adaptive,3e-06,101,8,32,after_current_update,14.189163695205934,0.8756031530210748,0.38372768741101027,0.9331130031496286,0.28681951900944114,0.7669049939140677,0.6758967749774456,0.7204575724899769,0.95756995677948,0.33459508419036865,0.7875871658325195,0.9659982044249773,0.4068081765435636,0.9211488040164113,0.7293254937976599,0.7107760570943356,0.6853348016738892,0.9860809445381165,0.17170952260494232,1.0289757251739502
7b_aqua,7b,aqua,adaptive,3e-06,101,32,32,after_current_update,56.475661074742675,0.8076717619551346,0.3733131745830178,0.93503637611866,0.3155593522824347,0.7849099561572075,0.669107991270721,0.8174391305074096,0.9618183970451355,0.28875842690467834,0.8697527647018433,0.972024779766798,0.4211288010701537,1.0336119579151273,0.740150261670351,0.7105765528976917,0.7698537781834602,0.9952906966209412,0.0969385877251625,0.9962012767791748
7b_aqua,7b,aqua,frozen,0.0001,101,1,32,after_current_update,0.18137826095335186,0.8077121319947764,0.41210759803652763,0.9285981487482786,0.250023998785764,0.7952897753566504,0.6578316260129213,0.5980148939415812,0.9690628051757812,0.4058840572834015,0.6468445062637329,0.9741743952035904,0.3888747561722994,0.7377230431884527,0.7523690089583397,0.6996907610446215,0.5661324812099338,0.9268724918365479,0.4028335511684418,1.0730485916137695
7b_aqua,7b,aqua,frozen,0.0001,101,8,32,after_current_update,1.3843239147681743,0.8306232129689306,0.2260622875764966,0.9882450047880411,0.35723961237818,0.6103688143193722,1.0429042484611273,1.2153108343482018,0.8424980640411377,0.8864992260932922,1.5465465784072876,0.9539125524461269,1.1781977345235646,2.0703174006193876,0.5066782794892788,1.0270015727728605,0.9913029614835978,0.9775583148002625,0.2273864448070526,1.0631437301635742
7b_aqua,7b,aqua,frozen,0.0001,101,32,32,after_current_update,5.348595658433624,0.8544184779748321,-0.010631002485752106,1.0992702916264534,0.4194713803008199,-0.06269976057228632,2.5475246757268906,2.247943850234151,-0.10794048011302948,3.613062620162964,3.3656563758850098,-0.30593526604934596,15.558000341057777,15.221489921212196,-0.0535640093148686,1.9004490785300732,1.524683689698577,0.9674485921859741,0.3037862181663513,1.135504961013794
7b_aqua,7b,aqua,frozen,1e-05,101,1,32,after_current_update,0.1830654739169404,0.8077087650308385,0.4092395422048867,0.9298591185361147,0.24698547599837184,0.7702049594372511,0.6835167789831758,0.57694305293262,0.9636444449424744,0.4217380881309509,0.6373413801193237,0.9712964128702879,0.40517036942765117,0.7284447886049747,0.7345075253397226,0.7157913353294134,0.5523316720500588,0.9254032373428345,0.40613213181495667,1.0713982582092285
7b_aqua,7b,aqua,frozen,1e-05,101,8,32,after_current_update,1.3809516668552533,0.844547490007244,0.4126093341037631,0.9285038448870182,0.2490589963272214,0.7918116971850395,0.6609999295324087,0.5923297889530659,0.9683656096458435,0.40973979234695435,0.6433753967285156,0.9738037064671516,0.3910834463313222,0.7326501263305545,0.7504697870463133,0.70095394551754,0.562262331135571,0.9827125072479248,0.19431662559509277,1.0417277812957764
7b_aqua,7b,aqua,frozen,1e-05,101,32,32,after_current_update,5.384296040865593,0.8561815159628168,0.3917257315479219,0.9328251611441374,0.27395199285820127,0.8076107390224934,0.6507692653685808,0.7061193017289042,0.9622865319252014,0.34964901208877563,0.7426282167434692,0.977774566039443,0.39567811181768775,0.8768615396693349,0.7480981918051839,0.7081810683012009,0.647817394696176,0.991204559803009,0.13298359513282776,1.0042864084243774
7b_aqua,7b,aqua,frozen,3e-05,101,1,32,after_current_update,0.1983820010209456,0.8159123809309676,0.40971044450998306,0.9296921547502279,0.2471814826130867,0.7759850295260549,0.6779662640765309,0.5808936432003975,0.9653224945068359,0.41854560375213623,0.6381711959838867,0.9719859175384045,0.4048942681401968,0.7321558436378837,0.7386519350111485,0.7122257500886917,0.5545464148744941,0.9258990287780762,0.405313104391098,1.0727572441101074
7b_aqua,7b,aqua,frozen,3e-05,101,8,32,after_current_update,1.4211676609702408,0.8440447410102934,0.4040579181164503,0.9296314660459757,0.2627536728978157,0.8097729552537203,0.6412947373464704,0.6549071632325649,0.9683046936988831,0.3717533051967621,0.6929606199264526,0.9763907585293055,0.37889990489929914,0.8041635574772954,0.7571403924375772,0.6947037139907479,0.6089277993887663,0.9831799864768982,0.19296889007091522,1.0454694032669067
7b_aqua,7b,aqua,frozen,3e-05,101,32,32,after_current_update,5.38290687953122,0.8377925059758127,0.1425731031340547,1.0269822478294373,0.39354764483869076,0.4367668239865452,1.4521405044943094,1.5386787429451942,0.6613562107086182,1.7313398122787476,2.2217822074890137,0.9005115274339914,2.8404819928109646,3.710797868669033,0.33822321689513046,1.2921503856778145,1.1805479135364294,0.9878065586090088,0.1736961454153061,1.0648256540298462
7b_aqua,7b,aqua,frozen,3e-06,101,1,32,after_current_update,0.3051418690010905,0.8540550640318543,0.40898773446679115,0.9300000537186861,0.24644667003303766,0.7681259391829371,0.6859457064419985,0.5745562352240086,0.9630749225616455,0.42362919449806213,0.6360044479370117,0.9711825978010893,0.4072255319915712,0.7270285943523049,0.7330935075879097,0.717398140579462,0.5505459681153297,0.9252036809921265,0.4064028263092041,1.0706857442855835
7b_aqua,7b,aqua,frozen,3e-06,101,8,32,after_current_update,1.5623794419225305,0.8659545269329101,0.4106422564946115,0.9294905625283718,0.24641053378582,0.7757752053439617,0.6783524202182889,0.5773181784898043,0.96477210521698,0.42157796025276184,0.6353588104248047,0.9719914086163044,0.40233020251616836,0.7241722345352173,0.7388069648295641,0.7122612688690424,0.5517585268244147,0.9818810224533081,0.19794951379299164,1.039103627204895
7b_aqua,7b,aqua,frozen,3e-06,101,32,32,after_current_update,5.537696116836742,0.8481542690424249,0.41325031872838736,0.9281325377523899,0.25084063271060586,0.7964128479361534,0.6560057802125812,0.5992280226200819,0.9690330028533936,0.40499332547187805,0.6480274796485901,0.9743194151669741,0.3882330288179219,0.7381682628765702,0.7538412734866142,0.6977488622069359,0.5677074082195759,0.9903724193572998,0.13842912018299103,0.9904195666313171
7b_aqua,7b,aqua,periodic8,0.0001,101,1,32,after_current_update,1.8127657370641828,0.883963624946773,0.3753452240489423,0.9342332147061825,0.3060868405736983,0.7856145184487104,0.663517439737916,0.8250293144956231,0.9596191644668579,0.29169562458992004,0.8824484944343567,0.9647321663796902,0.42685074312612414,1.0329526606947184,0.7427124604582787,0.7037055920809507,0.7781954128295183,0.9248698353767395,0.4016379714012146,1.0540872812271118
7b_aqua,7b,aqua,periodic8,0.0001,101,8,32,after_current_update,3.009172143996693,0.8334785350598395,0.2043431889032945,1.0119808595627546,0.43673019437119365,0.5939438128843904,1.3990426696836948,1.707290731370449,0.8265155553817749,1.4667598009109497,2.180957317352295,0.935446223244071,2.128323200158775,3.0345541685819626,0.4924563142703846,1.266781758517027,1.3740971628576517,0.9809228777885437,0.21182967722415924,1.0650726556777954
7b_aqua,7b,aqua,periodic8,0.0001,101,32,32,after_current_update,11.884835898992606,0.8889564690180123,0.029649769770912826,1.0047716293483973,0.12532557686790824,0.3168082486372441,0.9870887864381075,0.5470820860937238,0.5149641036987305,0.8891637325286865,0.7511845827102661,0.3474736959906295,2.044990571215749,2.1272664070129395,0.337310588452965,0.9602483958005905,0.48446177784353495,0.9791920185089111,0.21627768874168396,1.0539793968200684
7b_aqua,7b,aqua,periodic8,1e-05,101,1,32,after_current_update,1.7257589700166136,0.8746606259373948,0.3735462976619601,0.9352655969560146,0.302252696827054,0.759852934628725,0.6882591331377625,0.7909706961363554,0.952215313911438,0.31817230582237244,0.8630658388137817,0.9602872915565968,0.43897366244345903,1.006968216970563,0.7239334005862474,0.7202946003526449,0.7560055982321501,0.9236146211624146,0.4080057740211487,1.063374400138855
7b_aqua,7b,aqua,periodic8,1e-05,101,8,32,after_current_update,2.9184757850598544,0.8357888840837404,0.37538168113678694,0.9342623203992844,0.3046023976057768,0.7814358677715063,0.6664860174059868,0.8162910118699074,0.9585544466972351,0.29623943567276,0.8774107694625854,0.9642336051911116,0.4247470567934215,1.0241506854072213,0.7398691354319453,0.7053560949862003,0.7721156291663647,0.9845941662788391,0.18261009454727173,1.037245273590088
7b_aqua,7b,aqua,periodic8,1e-05,101,32,32,after_current_update,11.654554212116636,0.8801682819612324,0.3616653811186552,0.9394671116024256,0.3288283902220428,0.806823056191206,0.6841288469731808,0.9580485075712204,0.9601531624794006,0.28206148743629456,0.9982682466506958,0.9725738409906626,0.48774783266708255,1.1888491697609425,0.7486613905057311,0.7308545671403408,0.8783773081377149,0.9949872493743896,0.10174690186977386,1.0137529373168945
7b_aqua,7b,aqua,periodic8,3e-05,101,1,32,after_current_update,1.7910002389689907,0.8800572820473462,0.37492289347574115,0.934687927365303,0.3012595367617905,0.7674346528947353,0.6791353924199939,0.7930221725255251,0.9542927742004395,0.31316056847572327,0.8607821464538574,0.9616445600986481,0.4301702077500522,1.0034345053136349,0.7298769094049931,0.7134772427380085,0.755901106633246,0.9237526655197144,0.40720683336257935,1.0620872974395752
7b_aqua,7b,aqua,periodic8,3e-05,101,8,32,after_current_update,2.987798153073527,0.8418688379460946,0.36901853419840336,0.9361637867987156,0.3203940433450043,0.8031561765819788,0.6642992794513702,0.9035603329539299,0.9606950283050537,0.277884840965271,0.948240339756012,0.9675304628908634,0.4586265105754137,1.1229317160323262,0.7509778747335076,0.7103115990757942,0.8353549893945456,0.9853252172470093,0.1783888041973114,1.0371736288070679
7b_aqua,7b,aqua,periodic8,3e-05,101,32,32,after_current_update,11.863348515937105,0.8858225289732218,0.16062122961739078,1.0008029770106077,0.3017252297140658,0.49443772091763094,1.0194934662431479,0.9860868658870459,0.7419687509536743,0.9274559020996094,1.3828212022781372,0.8687790117692202,1.3742680605500937,2.11425699852407,0.4188215957256034,1.006126593798399,0.817245495505631,0.9933909177780151,0.12695881724357605,1.0476491451263428
7b_aqua,7b,aqua,periodic8,3e-06,101,1,32,after_current_update,1.756922047934495,0.8812620909884572,0.3744318224489689,0.9351686704903841,0.30053859343752265,0.7590303774923086,0.6887851245701313,0.7837321208789945,0.9514620900154114,0.3225543200969696,0.8549157977104187,0.9597170446068048,0.43928464502096176,0.9969639526680112,0.7238927790895104,0.720137681812048,0.7501324722543359,0.9232835173606873,0.40907469391822815,1.0639770030975342
7b_aqua,7b,aqua,periodic8,3e-06,101,8,32,after_current_update,2.9576321041677147,0.840339795104228,0.3744318848475814,0.9349926430732012,0.3014507656916976,0.765394413843751,0.6825567847117782,0.7925904542207718,0.9537848830223083,0.314510315656662,0.8609285950660706,0.9613943975418806,0.43413783935829997,1.0042419591918588,0.7282487312331796,0.7161340713500977,0.7560102883726358,0.9837653636932373,0.18738028407096863,1.0376708507537842
7b_aqua,7b,aqua,periodic8,3e-06,101,32,32,after_current_update,11.64041154005099,0.8495466409949586,0.37696808855980635,0.934177041053772,0.30522012431174517,0.784379942342639,0.6665999833494425,0.8087354218587279,0.9591505527496338,0.2987152636051178,0.8632311224937439,0.9659927804023027,0.4203240475617349,1.00586155988276,0.7411852655932307,0.7073398996144533,0.7649223394691944,0.9940108060836792,0.10970234870910645,1.003607153892517
7b_arc_challenge,7b,arc_challenge,adaptive,0.0001,101,1,32,after_current_update,1.1469975430518389,0.5427007169928402,0.0008107616295092157,5066.99398836121,5066.806291294633,0.008396159944823012,6953.6284667775035,6953.462066323147,-0.012788830325007439,1.047396183013916,0.2989838719367981,0.07952377102628816,9456.445722762495,9456.362222479016,0.007786374684656039,6932.970587711781,6932.803518079163,0.33045488595962524,1.3173002004623413,1.2494111061096191
7b_arc_challenge,7b,arc_challenge,adaptive,0.0001,101,8,32,after_current_update,10.329063499113545,0.6633073890116066,0.0002877654605981661,3721.5776994489133,3721.3820869982883,0.0017645065090619028,6172.126129625365,6171.946019099618,-0.0016718283295631409,1.0255500078201294,0.22582678496837616,0.0787236251635477,9910.042677206919,9909.939335727715,0.0007751416560495272,6142.629306543618,6142.448111513484,0.6654039025306702,0.8710114359855652,1.1142058372497559
7b_arc_challenge,7b,arc_challenge,adaptive,0.0001,101,32,32,after_current_update,43.133575618849136,0.6681872330373153,-0.00024567582568124635,2250.6677759736776,2250.467508694579,0.002445160469505936,4840.018490994349,4839.83924948264,0.00938678253442049,1.0138349533081055,0.17656785249710083,-0.041005705497809686,7558.956070134416,7558.739903014066,0.0028466487128753215,4822.980330923572,4822.801427134749,0.6882796287536621,0.7918493747711182,1.0056976079940796
7b_arc_challenge,7b,arc_challenge,adaptive,1e-05,101,1,32,after_current_update,1.3633455539820716,0.6681533290538937,0.0008484546378895175,4953.234331723303,4953.046384293324,0.008789779574726708,6730.783168327063,6730.615156774817,-0.013406968675553799,1.0457974672317505,0.29297807812690735,0.09056443218287313,7972.683939194307,7972.603509103996,0.008099940634565428,6721.606157682836,6721.43700528983,0.3329322934150696,1.3483710289001465,1.2967519760131836
7b_arc_challenge,7b,arc_challenge,adaptive,1e-05,101,8,32,after_current_update,10.937313746195287,0.6674341030884534,0.000640427653252118,4793.219880435616,4793.028810010059,0.002993530772073427,6000.556648876518,6000.375393339666,0.0018730927258729935,1.0278493165969849,0.23952323198318481,-0.03811072974349372,5127.258488934487,5127.028464339528,0.0032359384895244148,6007.419088896364,6007.238086155121,0.6788828372955322,0.890306293964386,1.1823976039886475
7b_arc_challenge,7b,arc_challenge,adaptive,1e-05,101,32,32,after_current_update,41.20210974290967,0.6694555559661239,9.216815988111193e-05,4220.810747344047,4220.617379933945,-0.00881211417436134,6201.035597804934,6200.846224078181,-0.01490593422204256,1.0321142673492432,0.24098891019821167,0.03259694164444227,5604.091100269929,5603.944883018034,-0.009075797133846208,6206.8238581568,6206.634287410096,0.7943607568740845,0.6871815323829651,1.1156511306762695
7b_arc_challenge,7b,arc_challenge,adaptive,3e-05,101,1,32,after_current_update,1.3688875809311867,0.6558670940576121,0.0007984163362380059,5564.3675475902855,5564.179720284534,0.008485428552376106,7561.305797565728,7561.138212446822,-0.01231823954731226,1.0461167097091675,0.2951095402240753,0.08966345607768744,9569.735413074493,9569.65502429544,0.007808238500729203,7547.374226309359,7547.205511707754,0.3375447392463684,1.3363038301467896,1.2860405445098877
7b_arc_challenge,7b,arc_challenge,adaptive,3e-05,101,8,32,after_current_update,10.95102578192018,0.6743960609892383,0.0005313307210599305,4604.519993327558,4604.329791604861,-0.001359417088679038,5721.52385526523,5721.343370252987,-0.03398039564490318,1.0376092195510864,0.2449241280555725,0.03055121039506048,7245.76958906278,7245.6185477942345,-0.0017209727957379073,5710.110003132373,5709.929120715882,0.7119230031967163,0.9021602869033813,1.2782511711120605
7b_arc_challenge,7b,arc_challenge,adaptive,3e-05,101,32,32,after_current_update,43.960710883606225,0.6687668180093169,0.0008281485224870266,3254.5393748655915,3254.3422668762796,0.008350138894456904,6415.143698323518,6414.974416609679,-0.006323027890175581,1.0340604782104492,0.25696566700935364,0.03785056575725321,6339.905042251572,6339.772750471922,0.008157615608070046,6418.044291678816,6417.874676273001,0.8082190752029419,0.6611600518226624,1.1088029146194458
7b_arc_challenge,7b,arc_challenge,adaptive,3e-06,101,1,32,after_current_update,1.3525579690467566,0.672313546994701,0.0008222899236898229,5071.045234601945,5070.859172755998,0.008634864847408608,6866.013913907111,6865.848651884124,-0.012704271823167801,1.0459314584732056,0.2941083610057831,0.08939464138529729,8257.735091220587,8257.655463401461,0.007956626868690364,6856.072724144906,6855.906491262605,0.339214026927948,1.3420252799987793,1.2963440418243408
7b_arc_challenge,7b,arc_challenge,adaptive,3e-06,101,8,32,after_current_update,11.221580127137713,0.6741532390005887,0.0005980746764180367,4920.489712189883,4920.301557895495,-6.137554737506434e-05,6960.192990440875,6960.017967161519,-0.023752611130475998,1.048478603363037,0.2922723591327667,-0.007682085648411885,4182.3458863999695,4182.147208976094,-5.503662396222353e-05,6978.044456362724,6977.86978227229,0.669370174407959,0.8997836709022522,1.1769795417785645
7b_arc_challenge,7b,arc_challenge,adaptive,3e-06,101,32,32,after_current_update,43.681708138319664,0.670892984024249,0.0005656284733959183,5165.9947862401605,5165.805558790627,-0.0004751217711600475,7286.171398021281,7285.995685556671,-0.02367965131998062,1.0488210916519165,0.29347407817840576,-0.008579699991969392,5382.607899084687,5382.41857263766,-0.00041915776091627777,7299.6521977595985,7299.476511386078,0.82575923204422,0.6588647961616516,1.1663191318511963
7b_arc_challenge,7b,arc_challenge,frozen,0.0001,101,1,32,after_current_update,0.10996457398869097,0.600423360010609,0.00046689240207342664,5112.719116933644,5112.528791302728,-0.0018554151538410224,4611.727038819343,4611.538849917008,-0.00709008751437068,1.0138691663742065,0.16018465161323547,-0.04411189124220982,21294.67849281989,21294.493499967153,0.0006112550981924869,4256.539747938514,4256.351100527245,0.35791951417922974,1.292675495147705,1.2518525123596191
7b_arc_challenge,7b,arc_challenge,frozen,0.0001,101,8,32,after_current_update,0.8636200788896531,0.5477510310010985,0.00029686572634091135,3514.2165818549693,3514.025105259556,-0.003834523377008736,5337.5444976091385,5337.361876694544,-0.03917138651013374,1.0560181140899658,0.3024551570415497,-0.1047779329092009,29049.71620550193,29049.492759063374,0.0012673923010879662,4731.508968904614,4731.328253938875,0.8186138868331909,0.7650536298751831,1.324020504951477
7b_arc_challenge,7b,arc_challenge,frozen,0.0001,101,32,32,after_current_update,3.4880289478460327,0.5435238109203056,-0.0002525207191865775,722.449152301997,722.2308382679184,-0.011368990555638447,3048.65031472221,3048.4667770399246,-0.038874730467796326,1.2752835750579834,0.7535012364387512,-0.24359049403574318,26781.03982887417,26780.716295413673,0.0004853836362599395,2444.843175947666,2444.6643540424993,0.9705158472061157,0.2983880937099457,1.1464039087295532
7b_arc_challenge,7b,arc_challenge,frozen,1e-05,101,1,32,after_current_update,0.11919820704497397,0.6142156489659101,0.0004921739910059841,5056.4723661616445,5056.283377655025,-0.0007907479011919349,4478.027998719364,4477.842024356563,-0.001193758100271225,1.0131515264511108,0.16152514517307281,-0.022464896144811064,18263.749077796936,18263.5868166663,0.0007367305406660307,4199.103008273989,4198.915798678296,0.38037317991256714,1.2904043197631836,1.2802770137786865
7b_arc_challenge,7b,arc_challenge,frozen,1e-05,101,8,32,after_current_update,0.8861599250230938,0.6160063639981672,0.0005003299825148133,4832.395953610539,4832.208753878105,-0.0014405222609639168,4293.181425249204,4292.996916497184,-0.005688004195690155,1.013503909111023,0.15930518507957458,-0.03962241709814407,18670.277394222096,18670.09905952064,0.0007935839530546218,3983.503762073815,3983.318696162052,0.7897653579711914,0.8005725741386414,1.304202675819397
7b_arc_challenge,7b,arc_challenge,frozen,1e-05,101,32,32,after_current_update,3.505875305039808,0.6198029079241678,0.00042751711384880764,4908.425697050989,4908.235514677159,-0.0025238750968128443,5083.507897544652,5083.321992780489,-0.019281908869743347,1.025223731994629,0.2075563222169876,-0.0663977783115115,26337.926238672808,26337.723698480753,0.0008812950400169939,4595.875261172652,4595.690202314145,0.8913794159889221,0.5364047884941101,1.1782370805740356
7b_arc_challenge,7b,arc_challenge,frozen,3e-05,101,1,32,after_current_update,0.12023546698037535,0.6172742140479386,0.0004795471322722733,5402.6717774271965,5402.482631674531,-0.0009048809224623255,4851.456675877795,4851.269851416204,-0.0025565875694155693,1.013288974761963,0.16103143990039825,-0.025196588612743653,20570.8316674307,20570.66436580941,0.0007871891284594312,4535.279429931194,4535.091772351734,0.37517231702804565,1.2915798425674438,1.2745792865753174
7b_arc_challenge,7b,arc_challenge,frozen,3e-05,101,8,32,after_current_update,0.890498312888667,0.6239325529895723,0.00043920632901972567,4981.776086710393,4981.586409062031,-0.0023590347918798216,4801.972008556128,4801.7863970412,-0.016757313162088394,1.0196819305419922,0.1833232045173645,-0.06425703078275546,24432.76800210215,24432.56837419863,0.0009770069664227776,4356.241169136018,4356.055573989055,0.8051138520240784,0.7701532244682312,1.2963818311691284
7b_arc_challenge,7b,arc_challenge,frozen,3e-05,101,32,32,after_current_update,3.516221126774326,0.6170633480651304,0.0002547349190535897,3174.0079481117427,3173.814722308074,-0.004022646266093943,5705.972170423716,5705.790318183426,-0.03876987099647522,1.062957763671875,0.32369691133499146,-0.107595254201442,31904.08122787252,31903.859667726327,0.001327238274825504,5014.684891588986,5014.505048575345,0.9124432802200317,0.5031712055206299,1.2052466869354248
7b_arc_challenge,7b,arc_challenge,frozen,3e-06,101,1,32,after_current_update,0.23842988500837237,0.6417905230773613,0.00047992691247600305,5378.039292152971,5377.851098946179,-0.0006572004422196187,4844.868043614551,4844.68253696282,-0.000310397706925869,1.0128530263900757,0.16053572297096252,-0.01880166566115804,20127.44177626632,20127.2818711187,0.0007716000181972049,4548.704793602228,4548.5182987554,0.3787837028503418,1.2942384481430054,1.2835103273391724
7b_arc_challenge,7b,arc_challenge,frozen,3e-06,101,8,32,after_current_update,1.0238718278706074,0.6282744499621913,0.00046558544863728457,5402.085745893419,5401.898615854676,-0.0005513066134881228,4858.924475213513,4858.74031399138,-0.0010947114787995815,1.0128295421600342,0.15960602462291718,-0.022078669266193174,21203.514695731923,21203.352862488595,0.0009895675611915067,4548.4990005381405,4548.3140178833855,0.7883839011192322,0.8007358312606812,1.3009529113769531
7b_arc_challenge,7b,arc_challenge,frozen,3e-06,101,32,32,after_current_update,3.6483981339260936,0.6213634019950405,0.0004705154351540841,5033.86339648813,5033.673723860353,-0.0013348488355404697,4585.930512737483,4585.743514202302,-0.004904554225504398,1.01409113407135,0.16363303363323212,-0.03862060591200134,20828.878495827317,20828.69926827296,0.0009259033213311341,4248.798403598368,4248.61071428837,0.8645120859146118,0.5879034996032715,1.169490098953247
7b_arc_challenge,7b,arc_challenge,periodic8,0.0001,101,1,32,after_current_update,1.330690011032857,0.676992762950249,0.0008107616295092157,5066.99398836121,5066.806291294633,0.008396159944823012,6953.6284667775035,6953.462066323147,-0.012788830325007439,1.047396183013916,0.2989838719367981,0.07952377102628816,9456.445722762495,9456.362222479016,0.007786374684656039,6932.970587711781,6932.803518079163,0.33045488595962524,1.3173002004623413,1.2494111061096191
7b_arc_challenge,7b,arc_challenge,periodic8,0.0001,101,8,32,after_current_update,2.090960295055993,0.6191049210028723,0.00040587062221675296,5171.984103441238,5171.793988945981,0.0025820807204581797,9107.638551626354,9107.467580393015,-0.014699778519570827,1.0731546878814697,0.37501442432403564,-0.02133017053711228,36292.95820823498,36292.80263460125,0.0037438653598655947,8689.500360049307,8689.329177888692,0.8426408171653748,0.7048826217651367,1.29750657081604
7b_arc_challenge,7b,arc_challenge,periodic8,0.0001,101,32,32,after_current_update,8.573679121909663,0.5577791499672458,0.0005120060141052818,3031.2148389555514,3031.016518097633,0.010188211279455572,10117.311594679952,10117.145714230486,0.003488452173769474,1.0536673069000244,0.3354930579662323,-0.0981522875954397,35543.55556232482,35543.345156400464,0.01216774778731633,9906.83542853035,9906.669885452604,0.9028639793395996,0.5284600257873535,1.2101638317108154
7b_arc_challenge,7b,arc_challenge,periodic8,1e-05,101,1,32,after_current_update,1.2945665599545464,0.666069602011703,0.0008484546378895175,4953.234331723303,4953.046384293324,0.008789779574726708,6730.783168327063,6730.615156774817,-0.013406968675553799,1.0457974672317505,0.29297807812690735,0.09056443218287313,7972.683939194307,7972.603509103996,0.008099940634565428,6721.606157682836,6721.43700528983,0.3329322934150696,1.3483710289001465,1.2967519760131836
7b_arc_challenge,7b,arc_challenge,periodic8,1e-05,101,8,32,after_current_update,2.051447131903842,0.6158420350402594,0.0008332619922839513,5229.786086112261,5229.596745086106,0.008509592502377927,7197.028930716217,7196.858753038861,-0.012087187729775906,1.0456490516662598,0.29373595118522644,0.08649103908101097,9358.284566326067,9358.201140444726,0.007847584143746644,7179.577930428088,7179.406937334221,0.7704483270645142,0.8531913161277771,1.3374810218811035
7b_arc_challenge,7b,arc_challenge,periodic8,1e-05,101,32,32,after_current_update,8.524389720871113,0.6714435070753098,0.00045137990127841476,5201.721298795193,5201.532577281556,-0.0015466337208636105,6119.085075404495,6118.903148980462,-0.00683345552533865,1.026023268699646,0.22288474440574646,-0.0005526626628125086,11880.58967441693,11880.435005026811,-0.0014358886983245611,6065.008964709938,6064.826499026327,0.852897584438324,0.6200822591781616,1.1874662637710571
7b_arc_challenge,7b,arc_challenge,periodic8,3e-05,101,1,32,after_current_update,1.3640015120618045,0.6755151459947228,0.0007984163362380059,5564.3675475902855,5564.179720284534,0.008485428552376106,7561.305797565728,7561.138212446822,-0.01231823954731226,1.0461167097091675,0.2951095402240753,0.08966345607768744,9569.735413074493,9569.65502429544,0.007808238500729203,7547.374226309359,7547.205511707754,0.3375447392463684,1.3363038301467896,1.2860405445098877
7b_arc_challenge,7b,arc_challenge,periodic8,3e-05,101,8,32,after_current_update,2.1248928729910403,0.620238856994547,0.0007292596214938385,5573.41940049082,5573.230758645135,0.006994969779043458,7966.688734669238,7966.519236660155,-0.012473195791244507,1.0490802526474,0.30489861965179443,0.04934325540671125,15151.815784813836,15151.709670515032,0.006619148160098121,7900.535027783364,7900.3646280656685,0.7897249460220337,0.8144795298576355,1.325488567352295
7b_arc_challenge,7b,arc_challenge,periodic8,3e-05,101,32,32,after_current_update,8.480474277865142,0.6728318620007485,0.0006458582779487188,4918.610743269324,4918.420727785546,0.006130511217634194,11758.145285774022,11757.980799978191,-0.0058030616492033005,1.0986881256103516,0.44933345913887024,-0.0005723333160858601,21978.977919066325,21978.825737336767,0.006351822667056695,11674.328876547515,11674.164236914949,0.910764753818512,0.48728057742118835,1.169482707977295
7b_arc_challenge,7b,arc_challenge,periodic8,3e-06,101,1,32,after_current_update,1.3324353469070047,0.6683206239249557,0.0008222899236898229,5071.045234601945,5070.859172755998,0.008634864847408608,6866.013913907111,6865.848651884124,-0.012704271823167801,1.0459314584732056,0.2941083610057831,0.08939464138529729,8257.735091220587,8257.655463401461,0.007956626868690364,6856.072724144906,6855.906491262605,0.339214026927948,1.3420252799987793,1.2963440418243408
7b_arc_challenge,7b,arc_challenge,periodic8,3e-06,101,8,32,after_current_update,2.0872313420986757,0.6204018539283425,0.0008585764235249371,4940.36889886111,4940.1802503645595,0.008801525371382013,6707.373964719474,6707.204737465479,-0.012591425329446793,1.0460370779037476,0.2945764362812042,0.08997234227717854,8034.083871815354,8034.001084138465,0.00812524018692784,6697.1822769753635,6697.012159275357,0.7652217149734497,0.8675423264503479,1.3467659950256348
7b_arc_challenge,7b,arc_challenge,periodic8,3e-06,101,32,32,after_current_update,8.418459453852847,0.6695487789111212,0.0005537589131563436,5196.033767241985,5195.842597117677,-0.0017124076766776852,7011.291450280696,7011.111185203888,-0.017549466341733932,1.0468709468841553,0.2926870882511139,0.06592245044885203,6942.645757030696,6942.527070879703,-0.0022263097489485517,7013.447505455464,7013.266874723544,0.8309916853904724,0.6564462184906006,1.1795154809951782
7b_countdown,7b,countdown,adaptive,0.0001,101,1,32,after_current_update,1.633627156028524,0.8171730400063097,0.8946192376315594,0.43906855396926403,0.9129869621247053,0.9337431769818068,0.3527495521120727,0.9744940977543592,0.9941062331199646,0.11616642773151398,1.0358436107635498,0.9993272721767426,0.06419042841298506,1.0439015924930573,0.9307039491832256,0.3603399111889303,0.971322875469923,0.987007200717926,0.16127468645572662,1.0008902549743652
7b_countdown,7b,countdown,adaptive,0.0001,101,8,32,after_current_update,13.632932203938253,0.8304483289830387,0.8300101440399885,0.5518930917605758,0.8793722148984671,0.9422060754150152,0.3395213517360389,1.0268826819956303,0.9850975275039673,0.19118571281433105,1.0685784816741943,0.9982262477278709,0.12424391158856452,1.1024463791400194,0.918616808950901,0.3945701802149415,0.9962303694337606,0.9978374242782593,0.06620471179485321,1.0057480335235596
7b_countdown,7b,countdown,adaptive,0.0001,101,32,32,after_current_update,55.179952934151515,0.8168350870255381,0.3595069842413068,0.9348741602152586,0.42520385328680277,0.7665921915322542,0.6591613432392478,0.9349009189754725,0.9171444773674011,0.4428737759590149,1.1102536916732788,0.9834646191447973,0.21629483299329877,1.076233223080635,0.7414882741868496,0.6897686114534736,0.920222170650959,0.9983388781547546,0.058700837194919586,1.0095736980438232
7b_countdown,7b,countdown,adaptive,1e-05,101,1,32,after_current_update,1.7060248620109633,0.81266879895702,0.896400511264801,0.43486602511256933,0.9033713322132826,0.9206193629652262,0.38191550923511386,0.9457043670117855,0.9939759373664856,0.11222432553768158,1.0181127786636353,0.9993748310953379,0.052695637568831444,1.0232657454907894,0.9202586561441422,0.3827471532858908,0.9453549291938543,0.9889166951179504,0.14949484169483185,1.006384253501892
7b_countdown,7b,countdown,adaptive,1e-05,101,8,32,after_current_update,13.496228055213578,0.7953759679803625,0.8952558971941471,0.43752235174179077,0.9108087718486786,0.9314474686980247,0.3577066040597856,0.9681785274296999,0.9943040609359741,0.11294079571962357,1.0316654443740845,0.9993868321180344,0.060045447607990354,1.0392610430717468,0.9289651047438383,0.3638220950961113,0.9656230192631483,0.9988398551940918,0.04830748215317726,1.0026578903198242
7b_countdown,7b,countdown,adaptive,1e-05,101,32,32,after_current_update,53.89133611205034,0.8155100210569799,0.8805824536830187,0.4681651024147868,0.9313311018049717,0.9491966143250465,0.3160424320958555,1.0116301607340574,0.9937684535980225,0.13025666773319244,1.0611672401428223,0.9992914069443941,0.08525562600698322,1.0680881962180138,0.9379026833921671,0.3465693281032145,0.9992199148982763,0.9996260404586792,0.027727767825126648,1.0042277574539185
7b_countdown,7b,countdown,adaptive,3e-05,101,1,32,after_current_update,1.593878838000819,0.7706657249946147,0.8971844837069511,0.43356968834996223,0.9031117595732212,0.9248554613441229,0.3722945493645966,0.948824156075716,0.9943302869796753,0.10866550356149673,1.0167053937911987,0.9993774145841599,0.05236796650569886,1.0216960534453392,0.9240345247089863,0.37424166686832905,0.9480348955839872,0.988598644733429,0.1514260321855545,1.00462806224823
7b_countdown,7b,countdown,adaptive,3e-05,101,8,32,after_current_update,13.413446044898592,0.7325079890433699,0.8865881692618132,0.4554533464834094,0.9195945784449577,0.9440417848527431,0.3275278089568019,0.9890062659978867,0.9936339855194092,0.12345345318317413,1.0441248416900635,0.9991330839693546,0.07747380016371608,1.054262638092041,0.9354090206325054,0.3503181850537658,0.9789821058511734,0.9987905025482178,0.04930232837796211,1.0024034976959229
7b_countdown,7b,countdown,adaptive,3e-05,101,32,32,after_current_update,54.203587779193185,0.821668783086352,0.8125284314155579,0.5759660191833973,0.7966447751969099,0.9429926797747612,0.32921417336910963,0.9503196161240339,0.9912040829658508,0.13243861496448517,0.9962659478187561,0.9986803587526083,0.07290356641169637,1.0116911083459854,0.9201502520591021,0.3866395754739642,0.9260456245392561,0.9996558427810669,0.026254866272211075,1.000675082206726
7b_countdown,7b,countdown,adaptive,3e-06,101,1,32,after_current_update,1.6861277889693156,0.8127996700350195,0.8969561662524939,0.433949226513505,0.9034560658037663,0.9200139958411455,0.383406984154135,0.9447383265942335,0.99405837059021,0.11131716519594193,1.0173722505569458,0.9993847385048866,0.05141883488977328,1.021764712408185,0.9197807610034943,0.3839432494714856,0.9445159379392862,0.9893089532852173,0.1469249278306961,1.0071686506271362
7b_countdown,7b,countdown,adaptive,3e-06,101,8,32,after_current_update,13.8501889759209,0.8298835100140423,0.8967321012169123,0.43441678024828434,0.9048064071685076,0.9234694223850965,0.3757493491284549,0.9499879404902458,0.9941598176956177,0.11083495616912842,1.0194207429885864,0.9993820041418076,0.05389386770548299,1.0253272131085396,0.9227930884808302,0.3773373533040285,0.9493282083421946,0.9988201856613159,0.04876580089330673,1.003274917602539
7b_countdown,7b,countdown,adaptive,3e-06,101,32,32,after_current_update,53.78723491099663,0.8103538079885766,0.8952982872724533,0.43755750078707933,0.9122511055320501,0.9356467239558697,0.34765575360506773,0.9740127585828304,0.9944313764572144,0.11244679987430573,1.033649206161499,0.999431312084198,0.060695982654578984,1.0414619762450457,0.932555390521884,0.35550474328920245,0.970797112211585,0.9995549321174622,0.030021242797374725,1.0029296875
7b_countdown,7b,countdown,frozen,0.0001,101,1,32,after_current_update,0.1435141769470647,0.7542772759916261,0.8951103612780571,0.4380176095291972,0.9135227166116238,0.9341050926595926,0.35161927342414856,0.9752350356429815,0.9940707683563232,0.11665081232786179,1.0363078117370605,0.999335503205657,0.06358060543425381,1.0442949291318655,0.931080911308527,0.35920112393796444,0.9720796272158623,0.9870221614837646,0.16117501258850098,1.0008089542388916
7b_countdown,7b,countdown,frozen,0.0001,101,8,32,after_current_update,1.1456889561377466,0.7457705890992656,0.7715762443840504,0.7211794555187225,1.114790877327323,0.8620359022170305,0.7867727745324373,1.463202890008688,0.8948994874954224,0.7893659472465515,1.5460089445114136,0.9934600666165352,0.7397314254194498,1.7244543470442295,0.8076633103191853,0.806105213239789,1.355907328426838,0.9871904850006104,0.16626982390880585,1.0339975357055664
7b_countdown,7b,countdown,frozen,0.0001,101,32,32,after_current_update,4.5824926507193595,0.7722718029981479,0.10499313415493816,1.1748463809490204,0.72458999697119,0.026931837070151232,1.8953368104994297,1.6346359141170979,0.01167704164981842,2.070836067199707,1.825098991394043,0.14219511876581237,11.309280082583427,11.412688687443733,0.017932494985871017,1.5616742298007011,1.214693820104003,0.9757608771324158,0.25870856642723083,1.1137441396713257
7b_countdown,7b,countdown,frozen,1e-05,101,1,32,after_current_update,0.14225773105863482,0.7505967130418867,0.8965484965592623,0.43436139170080423,0.9021142013370991,0.9207617752254009,0.38131351489573717,0.9446659926325083,0.994025468826294,0.1115240678191185,1.0169247388839722,0.9993678741157055,0.0518318900722079,1.0215624459087849,0.9204016458243132,0.3821457573212683,0.9443203471601009,0.9889668226242065,0.14916163682937622,1.0064159631729126
7b_countdown,7b,countdown,frozen,1e-05,101,8,32,after_current_update,1.1518728430382907,0.7716232179664075,0.8951505236327648,0.43760339822620153,0.9099753852933645,0.931321969255805,0.3579055187292397,0.9674983341246843,0.9940828680992126,0.11473336070775986,1.031023383140564,0.999379500746727,0.06123818678315729,1.0392323415726423,0.9288409631699324,0.3640115559101105,0.9649280123412609,0.9988049268722534,0.049029748886823654,1.002685308456421
7b_countdown,7b,countdown,frozen,1e-05,101,32,32,after_current_update,4.566279051243328,0.7657487839460373,0.8769846800714731,0.48142450489103794,0.9642638675868511,0.9453986827284098,0.3541973792016506,1.0901321917772293,0.9851685166358948,0.23145203292369843,1.1404973268508911,0.9991702605038881,0.1693042223341763,1.163328904658556,0.9331224989145994,0.3830223213881254,1.0736667960882187,0.998999834060669,0.045912906527519226,1.0094252824783325
7b_countdown,7b,countdown,frozen,3e-05,101,1,32,after_current_update,0.16478125203866512,0.7717153109842911,0.8969642762094736,0.4337925426661968,0.9027698524296284,0.9247556384652853,0.3724509682506323,0.9489917084574699,0.9942173957824707,0.109830841422081,1.0172672271728516,0.9993723388761282,0.05212843813933432,1.022739663720131,0.9239357765763998,0.3743960913270712,0.9481952711939812,0.9884607195854187,0.15233057737350464,1.0045584440231323
7b_countdown,7b,countdown,frozen,3e-05,101,8,32,after_current_update,1.1918001329759136,0.7924957249779254,0.8876301366835833,0.45568164344877005,0.9392788149416447,0.9448469523340464,0.334709623362869,1.0334331821650267,0.991541862487793,0.16063807904720306,1.0861984491348267,0.9992873203009367,0.10881331260316074,1.1001521162688732,0.9362310692667961,0.35682322969660163,1.023044340312481,0.9983301162719727,0.05792796611785889,1.0026381015777588
7b_countdown,7b,countdown,frozen,3e-05,101,32,32,after_current_update,4.6040360109182075,0.7711784179555252,0.6789863351732492,0.9007622022181749,1.2016964927315712,0.7606888096779585,1.175950326025486,1.7396508306264877,0.7872735261917114,1.2233105897903442,1.843819260597229,0.9867614153772593,1.340089838951826,2.316976271569729,0.6791326086968184,1.124807195737958,1.5291649177670479,0.9923185110092163,0.1377575695514679,1.05292546749115
7b_countdown,7b,countdown,frozen,3e-06,101,1,32,after_current_update,0.2731460889335722,0.821378986001946,0.8969547916203737,0.43399069644510746,0.9011384937912226,0.9200669433921576,0.3833255711942911,0.9418690148741007,0.9940340518951416,0.11100299656391144,1.0146591663360596,0.9993828870356083,0.05058024206664413,1.0184579137712717,0.9198337960988283,0.383862285874784,0.9416480958461761,0.989264726638794,0.14722493290901184,1.0071526765823364
7b_countdown,7b,countdown,frozen,3e-06,101,8,32,after_current_update,1.342983704060316,0.8233490900602192,0.89652419090271,0.4345876555889845,0.9040749222040176,0.9233831316232681,0.37552307453006506,0.9486849810928106,0.9942176342010498,0.11007089912891388,1.0183908939361572,0.9993886966258287,0.05306175572331995,1.0241278056055307,0.9227070584893227,0.3771095131523907,0.9480257108807564,0.9988318085670471,0.0485258512198925,1.0032730102539062
7b_countdown,7b,countdown,frozen,3e-06,101,32,32,after_current_update,4.780808636802249,0.7755080029601231,0.894538875669241,0.43903633765876293,0.9133860226720572,0.934629937633872,0.35050073452293873,0.9764789417386055,0.994038999080658,0.11720331013202667,1.0370529890060425,0.9994109719991684,0.0643947955686599,1.04591672308743,0.9315036591142416,0.3583539160899818,0.9731786698102951,0.9995296001434326,0.030887335538864136,1.0031658411026
7b_countdown,7b,countdown,periodic8,0.0001,101,1,32,after_current_update,1.6173483930760995,0.8189688370330259,0.8946192376315594,0.43906855396926403,0.9129869621247053,0.9337431769818068,0.3527495521120727,0.9744940977543592,0.9941062331199646,0.11616642773151398,1.0358436107635498,0.9993272721767426,0.06419042841298506,1.0439015924930573,0.9307039491832256,0.3603399111889303,0.971322875469923,0.987007200717926,0.16127468645572662,1.0008902549743652
7b_countdown,7b,countdown,periodic8,0.0001,101,8,32,after_current_update,2.6110805241623893,0.7634410429745913,0.7735780216753483,0.7158656436949968,1.110834190621972,0.8643434755504131,0.7755211107432842,1.4545208774507046,0.8970452547073364,0.7768519520759583,1.5359421968460083,0.9936864376068115,0.7243924383074045,1.7094893045723438,0.8105207458138466,0.7963105775415897,1.3491741009056568,0.9873136878013611,0.16533951461315155,1.0334155559539795
7b_countdown,7b,countdown,periodic8,0.0001,101,32,32,after_current_update,10.482024178141728,0.8199738890398294,0.20966905588284135,1.0146303977817297,0.4762843009084463,0.2836217158474028,2.1125600822269917,2.1631682105362415,0.3382264971733093,2.415893793106079,2.5632972717285156,0.8159214593470097,1.649624403566122,2.357890658080578,0.25717557466123253,2.1362168677151203,2.1591973304748535,0.9847620129585266,0.1850937306880951,1.0481339693069458
7b_countdown,7b,countdown,periodic8,1e-05,101,1,32,after_current_update,1.6079497230239213,0.8207621449837461,0.896400511264801,0.43486602511256933,0.9033713322132826,0.9206193629652262,0.38191550923511386,0.9457043670117855,0.9939759373664856,0.11222432553768158,1.0181127786636353,0.9993748310953379,0.052695637568831444,1.0232657454907894,0.9202586561441422,0.3827471532858908,0.9453549291938543,0.9889166951179504,0.14949484169483185,1.006384253501892
7b_countdown,7b,countdown,periodic8,1e-05,101,8,32,after_current_update,2.616136083146557,0.7613779789535329,0.8964802902191877,0.43549258448183537,0.9101504944264889,0.9324007444083691,0.3556235316209495,0.9672919660806656,0.9941378831863403,0.11351904273033142,1.028733730316162,0.9993927832692862,0.05898588715353981,1.0368502140045166,0.9299425762146711,0.36172760697081685,0.9647758714854717,0.9988141059875488,0.04883507266640663,1.0026063919067383
7b_countdown,7b,countdown,periodic8,1e-05,101,32,32,after_current_update,10.619529076036997,0.8155422810232267,0.8797427508980036,0.47079000156372786,0.9394723791629076,0.9492331221699715,0.3189956140704453,1.0231966394931078,0.993030846118927,0.14238716661930084,1.0729341506958008,0.9991608448326588,0.09957644657697529,1.0844365507364273,0.938022630289197,0.34877112461254,1.0096652135252953,0.9995132684707642,0.0317176878452301,1.005252480506897
7b_countdown,7b,countdown,periodic8,3e-05,101,1,32,after_current_update,1.6454739730106667,0.8101517289178446,0.8971844837069511,0.43356968834996223,0.9031117595732212,0.9248554613441229,0.3722945493645966,0.948824156075716,0.9943302869796753,0.10866550356149673,1.0167053937911987,0.9993774145841599,0.05236796650569886,1.0216960534453392,0.9240345247089863,0.37424166686832905,0.9480348955839872,0.988598644733429,0.1514260321855545,1.00462806224823
7b_countdown,7b,countdown,periodic8,3e-05,101,8,32,after_current_update,2.6513430731138214,0.7770842990139499,0.8873939830809832,0.4557916084304452,0.9377652816474438,0.94476074911654,0.33422449650242925,1.0320223923772573,0.9915214776992798,0.15996074676513672,1.084807276725769,0.9992861747741699,0.10748039395548403,1.0986505150794983,0.936134222894907,0.3563889442011714,1.02164345420897,0.9983233213424683,0.05804595723748207,1.002651333808899
7b_countdown,7b,countdown,periodic8,3e-05,101,32,32,after_current_update,10.723021622630768,0.8163040949730203,0.7799937576055527,0.631679829210043,0.892230024561286,0.9160989467054605,0.4407201576977968,1.100351009517908,0.9620468616485596,0.3342551290988922,1.1550772190093994,0.9975438378751278,0.2682579639367759,1.2564340680837631,0.8844383712857962,0.4899444803595543,1.0372879020869732,0.9987339377403259,0.05245140194892883,1.0135955810546875
7b_countdown,7b,countdown,periodic8,3e-06,101,1,32,after_current_update,1.6151159199653193,0.8179641480091959,0.8969561662524939,0.433949226513505,0.9034560658037663,0.9200139958411455,0.383406984154135,0.9447383265942335,0.99405837059021,0.11131716519594193,1.0173722505569458,0.9993847385048866,0.05141883488977328,1.021764712408185,0.9197807610034943,0.3839432494714856,0.9445159379392862,0.9893089532852173,0.1469249278306961,1.0071686506271362
7b_countdown,7b,countdown,periodic8,3e-06,101,8,32,after_current_update,2.6190896298503503,0.76927575096488,0.89707469381392,0.43382128048688173,0.9045814592391253,0.9238667842000723,0.37486292561516166,0.9494392890483141,0.9942111968994141,0.11016819626092911,1.018560767173767,0.9993899241089821,0.0530003237654455,1.0241926927119493,0.9231927301734686,0.37645090371370316,0.9487834237515926,0.9988308548927307,0.04854482412338257,1.0032492876052856
7b_countdown,7b,countdown,periodic8,3e-06,101,32,32,after_current_update,10.549195157829672,0.8230272550135851,0.8951433952897787,0.43807247933000326,0.9140754956752062,0.9353942591696978,0.3486354239284992,0.976472795009613,0.994316041469574,0.11447224766016006,1.0363649129867554,0.9994266219437122,0.06241977197350934,1.0446263514459133,0.9322922322899103,0.3564838021993637,0.9732207097113132,0.9995483756065369,0.030260896310210228,1.0031005144119263
7b_gsm8k,7b,gsm8k,adaptive,0.0001,101,1,32,after_current_update,1.868921396904625,0.9070931100286543,0.27161454723682255,0.9624794647097588,0.2180089072789997,0.5944945961236954,0.8197465036064386,0.5839203130453825,0.9564200639724731,0.30716779828071594,0.8610706329345703,0.9449037872254848,0.4672669298015535,1.0163833471015096,0.5604174821637571,0.8395956251770258,0.5450785765424371,0.9535390734672546,0.31200718879699707,1.03468918800354
7b_gsm8k,7b,gsm8k,adaptive,0.0001,101,8,32,after_current_update,15.24022760882508,0.9046905059367418,0.11238983742077835,0.9944097753614187,0.16087555140256882,0.3116395566612482,0.9632401652634144,0.3914705063216388,0.6521503925323486,0.7611241936683655,0.5842519402503967,0.6110658389516175,0.8689595041796565,0.7236053585074842,0.29665492684580386,0.9694346096366644,0.38495601946488023,0.9782791137695312,0.20948518812656403,1.0085095167160034
7b_gsm8k,7b,gsm8k,adaptive,0.0001,101,32,32,after_current_update,62.00350187753793,0.9090384129667655,0.007456968269252684,1.0074120722711086,0.12222557084169239,0.15602976409718394,0.9962211810052395,0.274491832125932,0.33658766746520996,0.9598066806793213,0.5223839282989502,0.4669296129141003,1.0528430938720703,0.908351369202137,0.15324531635269523,0.996041739359498,0.268510146997869,0.9654731750488281,0.26695331931114197,1.0238028764724731
7b_gsm8k,7b,gsm8k,adaptive,1e-05,101,1,32,after_current_update,1.9389433480100706,0.9099716310156509,0.27497210865840316,0.9620367921888828,0.21760856546461582,0.6005643596872687,0.8165610618889332,0.5728421900421381,0.9596473574638367,0.30792349576950073,0.8341882824897766,0.9410633258521557,0.45828431053087115,0.946166405454278,0.567748706554994,0.8364423923194408,0.5412580585107207,0.9547723531723022,0.30710548162460327,1.031609058380127
7b_gsm8k,7b,gsm8k,adaptive,1e-05,101,8,32,after_current_update,15.741209122934379,0.9065593279665336,0.27054168190807104,0.9621357675641775,0.23481271811760962,0.6026983549818397,0.8186597637832165,0.6733014332130551,0.9608103036880493,0.2801562249660492,1.0013576745986938,0.9488474521785975,0.4952983157709241,1.1216652430593967,0.5693750015925616,0.8376399744302034,0.6350250653922558,0.9939173460006714,0.11241281777620316,1.016465187072754
7b_gsm8k,7b,gsm8k,adaptive,1e-05,101,32,32,after_current_update,61.42554164817557,0.9046841219533235,0.21924648876301944,0.9735374599695206,0.2005344273056835,0.4835186174022965,0.8783020880073309,0.47674881387501955,0.8718471527099609,0.49740439653396606,0.7850799560546875,0.8967641908675432,0.621581457555294,0.970572886057198,0.4452599984651897,0.8953031599521637,0.4442058075219393,0.9938812255859375,0.11050465703010559,0.9971947073936462
7b_gsm8k,7b,gsm8k,adaptive,3e-05,101,1,32,after_current_update,1.7171609320212156,0.8801677270093933,0.2744883412960917,0.9621136542409658,0.21780738700181246,0.5989742688834667,0.8177777994424105,0.575691039673984,0.9596160054206848,0.3058215081691742,0.8396590948104858,0.9424257408827543,0.45950353890657425,0.964029866270721,0.5659383605234325,0.8376025017350912,0.542454362846911,0.954835832118988,0.30704396963119507,1.032216191291809
7b_gsm8k,7b,gsm8k,adaptive,3e-05,101,8,32,after_current_update,14.164867772138678,0.8609507390065119,0.24687335651833564,0.9670244082808495,0.22307241265662014,0.5420391398947686,0.8534533642232418,0.6115708462893963,0.9292683005332947,0.37328144907951355,0.9829211235046387,0.9381063040345907,0.5860223737545311,1.2121989838778973,0.5049912089889403,0.8702871706336737,0.5599032919853926,0.9899883270263672,0.14576740562915802,1.026389479637146
7b_gsm8k,7b,gsm8k,adaptive,3e-05,101,32,32,after_current_update,56.67730415414553,0.9075296210357919,0.10556733765406534,0.9939980935305357,0.1279981923289597,0.31177517597097903,0.9503228571265936,0.3368199891410768,0.6378953456878662,0.7710095643997192,0.6009320616722107,0.7775567914359272,0.768217658624053,0.9845247874036431,0.2841627757297829,0.9580282736569643,0.31105370447039604,0.9892425537109375,0.1480768918991089,1.0122114419937134
7b_gsm8k,7b,gsm8k,adaptive,3e-06,101,1,32,after_current_update,1.9232328330399469,0.9040892280172557,0.2740125097334385,0.9623700007796288,0.21665611886419356,0.5985360848717391,0.8180680833756924,0.5702492566779256,0.9599317908287048,0.3075159788131714,0.8333020806312561,0.9406788256019354,0.4589574448764324,0.9389137243852019,0.565618762280792,0.8379404172301292,0.5392553824931383,0.9549422860145569,0.30648425221443176,1.031410574913025
7b_gsm8k,7b,gsm8k,adaptive,3e-06,101,8,32,after_current_update,15.162234372925013,0.8979309540009126,0.2702632665168494,0.9624718371778727,0.23354176501743495,0.6025088187307119,0.8199121449142694,0.6675372133031487,0.9616220593452454,0.2756311893463135,0.9878803491592407,0.946432426571846,0.4854632504284382,1.0881580635905266,0.5695675648748875,0.8392914924770594,0.6326719289645553,0.9938446283340454,0.11290525645017624,1.0156404972076416
7b_gsm8k,7b,gsm8k,adaptive,3e-06,101,32,32,after_current_update,58.53746597236022,0.8627997389994562,0.2681000696029514,0.9632718283683062,0.2186631541699171,0.5845735096372664,0.826072296127677,0.5721906814724207,0.9464337825775146,0.3401872515678406,0.8393626809120178,0.9369243253022432,0.47535649687051773,0.9514861553907394,0.5497223881538957,0.8461995776742697,0.5399595871567726,0.9961838722229004,0.08728506416082382,0.9971038103103638
7b_gsm8k,7b,gsm8k,frozen,0.0001,101,1,32,after_current_update,0.17369961901567876,0.8579562091035768,0.2719513578340411,0.9623163845390081,0.21836905484087765,0.5942607158794999,0.81963761895895,0.5843757828697562,0.9561223387718201,0.3079158365726471,0.861348569393158,0.9449674189090729,0.46963057154789567,1.0168770691379905,0.5600226070964709,0.8394878599792719,0.5455075465142727,0.9533963203430176,0.3125440180301666,1.03493332862854
7b_gsm8k,7b,gsm8k,frozen,0.0001,101,8,32,after_current_update,1.376646746066399,0.8723001349717379,-0.015538364386884496,1.0254418011754751,0.20744019304402173,-0.0023982379643712193,1.1393472347408533,0.5245075463317335,-0.12113972008228302,1.181154727935791,0.5190174579620361,0.02817611792124808,3.0981435161083937,2.9830231592059135,-0.010194329835940152,1.1027769073843956,0.4383482653647661,0.9155687093734741,0.5153179168701172,1.2377773523330688
7b_gsm8k,7b,gsm8k,frozen,0.0001,101,32,32,after_current_update,5.661649129237048,0.8732822770252824,0.0066652234381763265,1.0254294611513615,0.22203325666487217,0.000948180299019441,1.3833256363868713,0.9252958903089166,-0.032978955656290054,1.5063039064407349,1.0939812660217285,-0.2325888229679549,6.254244361072779,5.934345461428165,0.019668721623020247,1.2515523433685303,0.7421679366379976,0.9792203903198242,0.2452986091375351,1.1172199249267578
7b_gsm8k,7b,gsm8k,frozen,1e-05,101,1,32,after_current_update,0.17444368998985738,0.8600738730747253,0.27497210865840316,0.9620367921888828,0.21760856546461582,0.6005643731914461,0.8165610544383526,0.5728421863168478,0.9596474170684814,0.30792349576950073,0.8341882824897766,0.9410633370280266,0.4582842974923551,0.9461662424728274,0.5677487109787762,0.8364423923194408,0.5412580547854304,0.9547722339630127,0.30710548162460327,1.0316091775894165
7b_gsm8k,7b,gsm8k,frozen,1e-05,101,8,32,after_current_update,1.3867683069547638,0.8755689219105989,0.2725043814862147,0.9623802583664656,0.21715757180936635,0.5963681885041296,0.8185026627033949,0.5796914789825678,0.957394003868103,0.3075430989265442,0.8516298532485962,0.9442121256142855,0.46295704040676355,0.999115277081728,0.5627662411425263,0.8383662756532431,0.5425199866294861,0.9917676448822021,0.1301293671131134,1.0149352550506592
7b_gsm8k,7b,gsm8k,frozen,1e-05,101,32,32,after_current_update,5.6950985309667885,0.8782979679526761,0.21676954391296022,0.9730545543134212,0.22676400816999376,0.48148224758915603,0.8868973590433598,0.623466182500124,0.8364909887313843,0.5974128246307373,1.0744390487670898,0.8873452823609114,0.8339455048553646,1.463828081265092,0.44613288139225915,0.8984510973095894,0.5638781348243356,0.9913527965545654,0.13615591824054718,1.027668833732605
7b_gsm8k,7b,gsm8k,frozen,3e-05,101,1,32,after_current_update,0.17389066505711526,0.8543907169951126,0.27488274895586073,0.9620296973735094,0.21811258583329618,0.5997329046949744,0.8173953648656607,0.5764826247468591,0.9596472978591919,0.3056885600090027,0.8397789597511292,0.9427348058670759,0.45853858394548297,0.9622557209804654,0.566491165664047,0.837392034009099,0.5432748636230826,0.9548781514167786,0.306924045085907,1.032301425933838
7b_gsm8k,7b,gsm8k,frozen,3e-05,101,8,32,after_current_update,1.3776387769030407,0.8587818630039692,0.24848129984457046,0.9667558949440718,0.22282651788555086,0.5457126114051789,0.8508556392043829,0.6112136682495475,0.931222140789032,0.36725035309791565,0.9764716625213623,0.9392375703901052,0.5791764864698052,1.2076643407344818,0.5090262269659434,0.8678136747330427,0.5595409916713834,0.9901002049446106,0.14485837519168854,1.025908350944519
7b_gsm8k,7b,gsm8k,frozen,3e-05,101,32,32,after_current_update,5.659222502959892,0.8559291979763657,-0.07345806568628177,1.0292163267731667,0.1727655502036214,-0.11934224840661045,1.1324069127440453,0.4061343465000391,-0.2101733684539795,1.1439883708953857,0.3838655650615692,-0.43439161218702793,2.80240061879158,2.2340472359210253,-0.11205571290338412,1.0976886451244354,0.33551396522670984,0.9563048481941223,0.3607432246208191,1.1676212549209595
7b_gsm8k,7b,gsm8k,frozen,3e-06,101,1,32,after_current_update,0.2975334629882127,0.907544082030654,0.2740125097334385,0.9623700007796288,0.21665611886419356,0.5985360848717391,0.8180680833756924,0.5702492417767644,0.9599317312240601,0.3075159788131714,0.8333020806312561,0.9406788311898708,0.45895744347944856,0.9389137215912342,0.5656187641434371,0.8379404153674841,0.5392553638666868,0.9549422860145569,0.30648428201675415,1.0314104557037354
7b_gsm8k,7b,gsm8k,frozen,3e-06,101,8,32,after_current_update,1.5689137080917135,0.9275170939508826,0.27447604667395353,0.9621474537998438,0.21749803400598466,0.5990532236173749,0.8180383909493685,0.5741705764085054,0.9594013690948486,0.30729565024375916,0.8374114036560059,0.9425325617194176,0.459689375013113,0.9571859873831272,0.5658624605275691,0.8378741424530745,0.5414545182138681,0.9919164776802063,0.12860238552093506,1.0128134489059448
7b_gsm8k,7b,gsm8k,frozen,3e-06,101,32,32,after_current_update,5.837765146396123,0.879347916925326,0.2723017205717042,0.9623014889657497,0.21809477359056473,0.5959692196920514,0.8185070212930441,0.5834747087210417,0.9567792415618896,0.3071792423725128,0.8578569293022156,0.9455019198358059,0.46355681773275137,1.0084998281672597,0.561712208786048,0.8385882806032896,0.5451447535306215,0.9950884580612183,0.09914031624794006,1.0005532503128052
7b_gsm8k,7b,gsm8k,periodic8,0.0001,101,1,32,after_current_update,1.8604728849604726,0.9076318410225213,0.27161454723682255,0.9624794647097588,0.2180089072789997,0.5944945961236954,0.8197465036064386,0.5839203130453825,0.9564200639724731,0.30716779828071594,0.8610706329345703,0.9449037872254848,0.4672669298015535,1.0163833471015096,0.5604174821637571,0.8395956251770258,0.5450785765424371,0.9535390734672546,0.31200718879699707,1.03468918800354
7b_gsm8k,7b,gsm8k,periodic8,0.0001,101,8,32,after_current_update,3.064137286855839,0.8756473620887846,-0.014755631651496515,1.02533576823771,0.2079445905983448,-0.001069470337824896,1.1388658434152603,0.5252725565806031,-0.12021433562040329,1.1818166971206665,0.5209895372390747,0.0304160084342584,3.1177028249949217,3.0054684802889824,-0.008794571069302037,1.102253645658493,0.43901494797319174,0.9156430959701538,0.5149534344673157,1.237480640411377
7b_gsm8k,7b,gsm8k,periodic8,0.0001,101,32,32,after_current_update,12.59909469075501,0.9098296250449494,0.010368743449362228,1.0027802642434835,0.0817923319991678,0.10224242266849615,1.0035170931369066,0.2163444992620498,0.23194687068462372,0.9752271175384521,0.301713764667511,0.12429462824366055,1.2594701666384935,0.8666711747646332,0.10374982599751092,1.0021451525390148,0.20838216389529407,0.9486634731292725,0.3360711932182312,1.0622690916061401
7b_gsm8k,7b,gsm8k,periodic8,1e-05,101,1,32,after_current_update,1.8435553130693734,0.9051500359782949,0.27497210865840316,0.9620367921888828,0.21760856546461582,0.6005643596872687,0.8165610618889332,0.5728421900421381,0.9596473574638367,0.30792349576950073,0.8341882824897766,0.9410633258521557,0.45828431053087115,0.946166405454278,0.567748706554994,0.8364423923194408,0.5412580585107207,0.9547723531723022,0.30710548162460327,1.031609058380127
7b_gsm8k,7b,gsm8k,periodic8,1e-05,101,8,32,after_current_update,3.0491762371966615,0.8695145689416677,0.2732497638789937,0.9621483366936445,0.2181435760576278,0.5970638375729322,0.8179753851145506,0.5819082586094737,0.9573951959609985,0.30703091621398926,0.8531179428100586,0.9443648159503937,0.4640268124639988,1.000397234223783,0.563275049906224,0.8379268851131201,0.5447125183418393,0.9917683601379395,0.1301218867301941,1.0149250030517578
7b_gsm8k,7b,gsm8k,periodic8,1e-05,101,32,32,after_current_update,12.401771328295581,0.9070800140034407,0.21677443114458583,0.9731076546013355,0.22802558983676136,0.4828692494193092,0.8869653865695,0.6285365447402,0.838953971862793,0.5961086750030518,1.0822421312332153,0.8917022235691547,0.8271356043405831,1.4628812037408352,0.4470111652626656,0.8985747117549181,0.5685373954474926,0.9914872050285339,0.13510499894618988,1.0275464057922363
7b_gsm8k,7b,gsm8k,periodic8,3e-05,101,1,32,after_current_update,1.7521776809589937,0.8782852010335773,0.2744883412960917,0.9621136542409658,0.21780738700181246,0.5989742688834667,0.8177777994424105,0.575691039673984,0.9596160054206848,0.3058215081691742,0.8396590948104858,0.9424257408827543,0.45950353890657425,0.964029866270721,0.5659383605234325,0.8376025017350912,0.542454362846911,0.954835832118988,0.30704396963119507,1.032216191291809
7b_gsm8k,7b,gsm8k,periodic8,3e-05,101,8,32,after_current_update,2.9545504498528317,0.8676587669178843,0.24841316032689065,0.9666489958763123,0.22367911646142602,0.5437425768468529,0.8519656322896481,0.6121121644973755,0.9294196367263794,0.37255552411079407,0.9805927872657776,0.93778364546597,0.5902492259629071,1.2196918744593859,0.5074679511308204,0.868536239489913,0.5602377261966467,0.990017294883728,0.1455693542957306,1.0264108180999756
7b_gsm8k,7b,gsm8k,periodic8,3e-05,101,32,32,after_current_update,12.073777850717306,0.890487008029595,0.0642404868194717,1.0061551854014397,0.17470761318691075,0.2576989901717752,1.0645268876105547,0.6274823597632349,0.5856092572212219,0.9202415347099304,1.021249532699585,0.544729960616678,1.2128257425501943,1.4060076344758272,0.24540106335189193,1.067398639395833,0.6112261773087084,0.9889441728591919,0.16304931044578552,1.0567352771759033
7b_gsm8k,7b,gsm8k,periodic8,3e-06,101,1,32,after_current_update,1.8092159300576895,0.906572138890624,0.2740125097334385,0.9623700007796288,0.21665611886419356,0.5985360848717391,0.8180680833756924,0.5702492566779256,0.9599317908287048,0.3075159788131714,0.8333020806312561,0.9406788256019354,0.4589574448764324,0.9389137243852019,0.565618762280792,0.8379404172301292,0.5392553824931383,0.9549422860145569,0.30648425221443176,1.031410574913025
7b_gsm8k,7b,gsm8k,periodic8,3e-06,101,8,32,after_current_update,3.0048273612046614,0.8743801999371499,0.2746181134134531,0.9620857052505016,0.21742274868302047,0.5993441729806364,0.8176583368331194,0.574130292981863,0.9593799114227295,0.3074833154678345,0.8370859026908875,0.9425403121858835,0.45846124086529016,0.955477874726057,0.5661510243080556,0.8375972397625446,0.5414869096130133,0.9918972849845886,0.12876003980636597,1.012853980064392
7b_gsm8k,7b,gsm8k,periodic8,3e-06,101,32,32,after_current_update,12.463450156268664,0.9143004160141572,0.2719551264308393,0.9623885545879602,0.21775132114998996,0.5936968913301826,0.8197128139436245,0.5826247055083513,0.9563736915588379,0.3077602684497833,0.8595906496047974,0.9449865352362394,0.46556275663897395,1.0125282183289528,0.5595993753522635,0.8396718446165323,0.5442143641412258,0.9950568675994873,0.0994720309972763,1.0007985830307007
