condition,model,task,method,lr,seed,steps,online_seconds,label_seconds,calibration_seconds,prediction_update_seconds,true_gradient_examples,true_gradient_supervised_tokens,true_gradient_input_tokens,model_input_tokens,diagnostic_examples,diagnostic_seconds,calibration_calls,epoch0_calls,warmup_ce,final_ce,delta_ce,unique_update_questions,start_sha256,deployed_gradient_question_count
1p5b_aqua,1p5b,aqua,adaptive,0.0001,101,32,42.0210178848356,11.555348238209262,27.763847542461008,2.699969812761992,640,52070,126265,319741,96,1.834120246116072,32,21,1.4103887384705864,1.2381330861051092,-0.17225565236547724,1024,fc436016aa6cabb883eaca5aaddd357a0599207a11648f89b918578facded772,144
1p5b_aqua,1p5b,aqua,adaptive,1e-05,101,32,41.52168057591189,11.19380539713893,27.561645257053897,2.7643202180042863,640,52070,126265,319741,96,1.8084885929711163,32,32,1.4103887384705864,1.4008221130832854,-0.00956662538730102,1024,fc436016aa6cabb883eaca5aaddd357a0599207a11648f89b918578facded772,144
1p5b_aqua,1p5b,aqua,adaptive,1e-05,102,32,42.25700249278452,11.35186024790164,27.96493912418373,2.9383020900422707,640,50648,124527,319741,96,1.7896547679556534,32,32,1.4103887384705864,1.3999084709425689,-0.010480267528017562,1024,fc436016aa6cabb883eaca5aaddd357a0599207a11648f89b918578facded772,144
1p5b_aqua,1p5b,aqua,adaptive,1e-05,103,32,43.18916231964249,11.99980298394803,28.264530269312672,2.922922885627486,640,51574,125635,319741,96,1.7861223869258538,32,26,1.4103887384705864,1.3999983430026548,-0.010390395467931635,1024,fc436016aa6cabb883eaca5aaddd357a0599207a11648f89b918578facded772,144
1p5b_aqua,1p5b,aqua,adaptive,3e-05,101,32,42.64684896171093,11.777781903976575,28.11543348163832,2.7517478748923168,640,52070,126265,319741,96,1.8701746840961277,32,29,1.4103887384705864,1.3725872123312102,-0.03780152613937626,1024,fc436016aa6cabb883eaca5aaddd357a0599207a11648f89b918578facded772,144
1p5b_aqua,1p5b,aqua,adaptive,3e-06,101,32,42.95265849714633,11.851015005027875,28.365607866086066,2.734068332007155,640,52070,126265,319741,96,1.88192513899412,32,32,1.4103887384705864,1.4074164074989175,-0.002972330971668935,1024,fc436016aa6cabb883eaca5aaddd357a0599207a11648f89b918578facded772,144
1p5b_aqua,1p5b,aqua,frozen,0.0001,101,32,2.9799537328071892,0,0,2.9791923543671146,0,0,0,221693,96,1.6964098310563713,0,0,1.4103887384705864,1.247158486016183,-0.16323025245440337,1024,fc436016aa6cabb883eaca5aaddd357a0599207a11648f89b918578facded772,0
1p5b_aqua,1p5b,aqua,frozen,1e-05,101,32,3.042423928156495,0,0,3.0416280527133495,0,0,0,221693,96,1.6676582950167358,0,0,1.4103887384705864,1.4007634533959414,-0.009625285074644996,1024,fc436016aa6cabb883eaca5aaddd357a0599207a11648f89b918578facded772,0
1p5b_aqua,1p5b,aqua,frozen,3e-05,101,32,2.993743538041599,0,0,2.9929772212635726,0,0,0,221693,96,1.7164532040478662,0,0,1.4103887384705864,1.373118785530211,-0.037269952940375495,1024,fc436016aa6cabb883eaca5aaddd357a0599207a11648f89b918578facded772,0
1p5b_aqua,1p5b,aqua,frozen,3e-06,101,32,3.122404550900683,0,0,3.1216390292393044,0,0,0,221693,96,1.7006045080488548,0,0,1.4103887384705864,1.407863343162499,-0.002525395308087486,1024,fc436016aa6cabb883eaca5aaddd357a0599207a11648f89b918578facded772,0
1p5b_aqua,1p5b,aqua,mean,0.0001,101,32,9.248160372837447,0,0,0,640,52070,126265,126265,0,0,0,0,1.4103887384705864,1.233659111581772,-0.17672962688881433,1024,fc436016aa6cabb883eaca5aaddd357a0599207a11648f89b918578facded772,144
1p5b_aqua,1p5b,aqua,mean,1e-05,101,32,9.633085029083304,0,0,0,640,52070,126265,126265,0,0,0,0,1.4103887384705864,1.4013443379534092,-0.009044400517177253,1024,fc436016aa6cabb883eaca5aaddd357a0599207a11648f89b918578facded772,144
1p5b_aqua,1p5b,aqua,mean,3e-05,101,32,9.646426878171042,0,0,0,640,52070,126265,126265,0,0,0,0,1.4103887384705864,1.3747673219018304,-0.03562141656875606,1024,fc436016aa6cabb883eaca5aaddd357a0599207a11648f89b918578facded772,144
1p5b_aqua,1p5b,aqua,mean,3e-06,101,32,9.511239644140005,0,0,0,640,52070,126265,126265,0,0,0,0,1.4103887384705864,1.4072918809096333,-0.0030968575609531257,1024,fc436016aa6cabb883eaca5aaddd357a0599207a11648f89b918578facded772,144
1p5b_aqua,1p5b,aqua,oracle20,0.0001,101,32,9.221834407071583,0,0,0,640,58133,137256,137256,0,0,0,0,1.4103887384705864,1.2340556509056582,-0.17633308756492827,1024,fc436016aa6cabb883eaca5aaddd357a0599207a11648f89b918578facded772,640
1p5b_aqua,1p5b,aqua,oracle20,1e-05,101,32,8.8900853038067,0,0,0,640,58133,137256,137256,0,0,0,0,1.4103887384705864,1.4009003747828865,-0.009488363687699897,1024,fc436016aa6cabb883eaca5aaddd357a0599207a11648f89b918578facded772,640
1p5b_aqua,1p5b,aqua,oracle20,3e-05,101,32,9.543759343214333,0,0,0,640,58133,137256,137256,0,0,0,0,1.4103887384705864,1.3745336877498702,-0.035855050720716264,1024,fc436016aa6cabb883eaca5aaddd357a0599207a11648f89b918578facded772,640
1p5b_aqua,1p5b,aqua,oracle20,3e-06,101,32,9.496646626037546,0,0,0,640,58133,137256,137256,0,0,0,0,1.4103887384705864,1.4076910066392583,-0.002697731831328154,1024,fc436016aa6cabb883eaca5aaddd357a0599207a11648f89b918578facded772,640
1p5b_aqua,1p5b,aqua,oracle,0.0001,101,32,15.44141844206024,0,0,0,1024,96090,221693,221693,0,0,0,0,1.4103887384705864,1.2303935115987605,-0.1799952268718259,1024,fc436016aa6cabb883eaca5aaddd357a0599207a11648f89b918578facded772,1024
1p5b_aqua,1p5b,aqua,oracle,1e-05,101,32,15.344520838931203,0,0,0,1024,96090,221693,221693,0,0,0,0,1.4103887384705864,1.4009978684158664,-0.009390870054720057,1024,fc436016aa6cabb883eaca5aaddd357a0599207a11648f89b918578facded772,1024
1p5b_aqua,1p5b,aqua,oracle,1e-05,102,32,15.595148126012646,0,0,0,1024,96090,221693,221693,0,0,0,0,1.4103887384705864,1.400016632994173,-0.010372105476413429,1024,fc436016aa6cabb883eaca5aaddd357a0599207a11648f89b918578facded772,1024
1p5b_aqua,1p5b,aqua,oracle,1e-05,103,32,15.922643825993873,0,0,0,1024,96090,221693,221693,0,0,0,0,1.4103887384705864,1.4006943704229098,-0.00969436804767665,1024,fc436016aa6cabb883eaca5aaddd357a0599207a11648f89b918578facded772,1024
1p5b_aqua,1p5b,aqua,oracle,3e-05,101,32,15.445666966727003,0,0,0,1024,96090,221693,221693,0,0,0,0,1.4103887384705864,1.374364569912786,-0.03602416855780044,1024,fc436016aa6cabb883eaca5aaddd357a0599207a11648f89b918578facded772,1024
1p5b_aqua,1p5b,aqua,oracle,3e-06,101,32,15.086932210833766,0,0,0,1024,96090,221693,221693,0,0,0,0,1.4103887384705864,1.4085019870355666,-0.0018867514350198178,1024,fc436016aa6cabb883eaca5aaddd357a0599207a11648f89b918578facded772,1024
1p5b_aqua,1p5b,aqua,periodic8,0.0001,101,32,7.81483928009402,1.3831592861097306,3.4184882108820602,3.0122506491607055,80,6165,15452,233949,96,1.7971100431168452,4,1,1.4103887384705864,1.242234060757245,-0.16815467771334136,1024,fc436016aa6cabb883eaca5aaddd357a0599207a11648f89b918578facded772,32
1p5b_aqua,1p5b,aqua,periodic8,1e-05,101,32,7.892526026233099,1.4038492680992931,3.482778684934601,3.004915942437947,80,6165,15452,233949,96,1.7677516831317917,4,4,1.4103887384705864,1.4003472921523181,-0.01004144631826831,1024,fc436016aa6cabb883eaca5aaddd357a0599207a11648f89b918578facded772,32
1p5b_aqua,1p5b,aqua,periodic8,3e-05,101,32,7.8080830433173105,1.3478474010480568,3.485663643106818,2.973647485021502,80,6165,15452,233949,96,1.8659158260561526,4,3,1.4103887384705864,1.372831381227188,-0.03755735724339848,1024,fc436016aa6cabb883eaca5aaddd357a0599207a11648f89b918578facded772,32
1p5b_aqua,1p5b,aqua,periodic8,3e-06,101,32,7.863574018934742,1.3695244221016765,3.5228971819160506,2.9702173962723464,80,6165,15452,233949,96,1.817711962154135,4,4,1.4103887384705864,1.4072521042800232,-0.0031366341905632034,1024,fc436016aa6cabb883eaca5aaddd357a0599207a11648f89b918578facded772,32
1p5b_aqua_mean_control,1p5b,aqua,train_mean_matrix,0.0001,101,32,0.044659481034614146,0,0,0,0,0,0,0,0,0,0,0,1.4103887384705864,1.2425786388839186,-0.16781009958666782,0,fc436016aa6cabb883eaca5aaddd357a0599207a11648f89b918578facded772,0
1p5b_aqua_mean_control,1p5b,aqua,train_mean_matrix,1e-05,101,32,0.045171775738708675,0,0,0,0,0,0,0,0,0,0,0,1.4103887384705864,1.3995939761635814,-0.010794762307005046,0,fc436016aa6cabb883eaca5aaddd357a0599207a11648f89b918578facded772,0
1p5b_aqua_mean_control,1p5b,aqua,train_mean_matrix,3e-05,101,32,0.04501196974888444,0,0,0,0,0,0,0,0,0,0,0,1.4103887384705864,1.3720907406255662,-0.03829799784502019,0,fc436016aa6cabb883eaca5aaddd357a0599207a11648f89b918578facded772,0
1p5b_aqua_mean_control,1p5b,aqua,train_mean_matrix,3e-06,101,32,0.1917695018928498,0,0,0,0,0,0,0,0,0,0,0,1.4103887384705864,1.4074336741988367,-0.002955064271749741,0,fc436016aa6cabb883eaca5aaddd357a0599207a11648f89b918578facded772,0
1p5b_aqua_sensitivity_w0,1p5b,aqua,frozen,1e-05,101,32,3.4372102678753436,0,0,3.4364120501559228,0,0,0,221693,96,1.6735621779225767,0,0,1.4260206651075085,1.4200042054587203,-0.006016459648788164,1024,74a2934f3622bcd01547f1649341779f9efdd4a0f986f4587abb3bd86d4e3b56,0
1p5b_aqua_sensitivity_w0,1p5b,aqua,oracle,1e-05,101,32,15.493190004955977,0,0,0,1024,96090,221693,221693,0,0,0,0,1.4260206651075085,1.4198786386152502,-0.006142026492258257,1024,74a2934f3622bcd01547f1649341779f9efdd4a0f986f4587abb3bd86d4e3b56,1024
1p5b_aqua_sensitivity_w0.0005,1p5b,aqua,frozen,1e-05,101,32,3.444840671145357,0,0,3.44402697798796,0,0,0,221693,96,1.7458007249515504,0,0,1.1197964140313417,1.1152864219348422,-0.004509992096499493,1024,58ab2bd7754d6397943243d7a44f33c7f8d4e8a2fde5aa6aa132a9b80245396b,0
1p5b_aqua_sensitivity_w0.0005,1p5b,aqua,oracle,1e-05,101,32,15.544344606227241,0,0,0,1024,96090,221693,221693,0,0,0,0,1.1197964140313417,1.1150446876883506,-0.004751726342991036,1024,58ab2bd7754d6397943243d7a44f33c7f8d4e8a2fde5aa6aa132a9b80245396b,1024
1p5b_aqua_sensitivity_w3e-06,1p5b,aqua,frozen,1e-05,101,32,3.4482767019653693,0,0,3.447480887756683,0,0,0,221693,96,1.7380088560748845,0,0,1.4253643880130744,1.4180275313585644,-0.0073368566545100045,1024,ef3909fbd1d61bc282eb5cc30d5bacdbb75a59f1537be9f087699a4be3684b10,0
1p5b_aqua_sensitivity_w3e-06,1p5b,aqua,oracle,1e-05,101,32,15.601797392242588,0,0,0,1024,96090,221693,221693,0,0,0,0,1.4253643880130744,1.4181261295857637,-0.00723825842731074,1024,ef3909fbd1d61bc282eb5cc30d5bacdbb75a59f1537be9f087699a4be3684b10,1024
1p5b_aqua_sensitivity_w5e-05,1p5b,aqua,frozen,1e-05,101,32,3.393649036763236,0,0,3.3928162609227,0,0,0,221693,96,1.7243930228287354,0,0,1.3788864323037415,1.361505256493101,-0.01738117581064058,1024,9a77b9dab2c2a94e52556bad60e7307b0c1aa1ef2c6d11861778bcb18c6a98e7,0
1p5b_aqua_sensitivity_w5e-05,1p5b,aqua,oracle,1e-05,101,32,15.559392702649347,0,0,0,1024,96090,221693,221693,0,0,0,0,1.3788864323037415,1.3619332232494128,-0.016953209054328733,1024,9a77b9dab2c2a94e52556bad60e7307b0c1aa1ef2c6d11861778bcb18c6a98e7,1024
1p5b_arc_challenge,1p5b,arc_challenge,adaptive,0.0001,101,32,38.40756910596974,11.393575949012302,24.60331445885822,2.408909676130861,640,3840,62357,154256,96,1.7189777219900861,32,18,0.14440784046018962,0.1463680865108472,0.001960246050657588,256,37ba4a3be4a726bcd899ad1ee65aa50d85c18e8591c01678fef235d8802176e8,126
1p5b_arc_challenge,1p5b,arc_challenge,adaptive,1e-05,101,32,38.06818906299304,11.111745693953708,24.52132362802513,2.4332969589158893,640,3840,62357,154256,96,1.623262025997974,32,29,0.14440784046018962,0.1448187920577766,0.00041095159758697264,256,37ba4a3be4a726bcd899ad1ee65aa50d85c18e8591c01678fef235d8802176e8,126
1p5b_arc_challenge,1p5b,arc_challenge,adaptive,3e-05,101,32,38.635740263271146,11.34532070462592,24.88238536787685,2.4062463224399835,640,3840,62357,154256,96,1.8010004790266976,32,25,0.14440784046018962,0.14441634061586228,8.500155672663823e-06,256,37ba4a3be4a726bcd899ad1ee65aa50d85c18e8591c01678fef235d8802176e8,126
1p5b_arc_challenge,1p5b,arc_challenge,adaptive,3e-06,101,32,38.387338427244686,11.305415636161342,24.63834297726862,2.441776850144379,640,3840,62357,154256,96,1.778569758986123,32,28,0.14440784046018962,0.14427423061351874,-0.00013360984667087905,256,37ba4a3be4a726bcd899ad1ee65aa50d85c18e8591c01678fef235d8802176e8,126
1p5b_arc_challenge,1p5b,arc_challenge,frozen,0.0001,101,32,2.6536360969766974,0,0,2.6529238141374663,0,0,0,105104,96,1.6241505458019674,0,0,0.14440784046018962,0.12840844223319436,-0.015999398226995254,256,37ba4a3be4a726bcd899ad1ee65aa50d85c18e8591c01678fef235d8802176e8,0
1p5b_arc_challenge,1p5b,arc_challenge,frozen,1e-05,101,32,2.680037876474671,0,0,2.6793403070187196,0,0,0,105104,96,1.55372415704187,0,0,0.14440784046018962,0.13947301805455936,-0.004934822405630257,256,37ba4a3be4a726bcd899ad1ee65aa50d85c18e8591c01678fef235d8802176e8,0
1p5b_arc_challenge,1p5b,arc_challenge,frozen,1e-05,102,32,2.9559708398301154,0,0,2.955216010217555,0,0,0,105104,96,1.6023664529202506,0,0,0.14440784046018962,0.14535701502973097,0.0009491745695413556,256,37ba4a3be4a726bcd899ad1ee65aa50d85c18e8591c01678fef235d8802176e8,0
1p5b_arc_challenge,1p5b,arc_challenge,frozen,1e-05,103,32,2.9331090060295537,0,0,2.9323670261073858,0,0,0,105104,96,1.609453847981058,0,0,0.14440784046018962,0.14835953343754227,0.00395169297735265,256,37ba4a3be4a726bcd899ad1ee65aa50d85c18e8591c01678fef235d8802176e8,0
1p5b_arc_challenge,1p5b,arc_challenge,frozen,3e-05,101,32,2.656626103213057,0,0,2.6559101190650836,0,0,0,105104,96,1.614040148211643,0,0,0.14440784046018962,0.13362325210255221,-0.010784588357637404,256,37ba4a3be4a726bcd899ad1ee65aa50d85c18e8591c01678fef235d8802176e8,0
1p5b_arc_challenge,1p5b,arc_challenge,frozen,3e-05,102,32,2.681184026761912,0,0,2.680464412900619,0,0,0,105104,96,1.6116579889785498,0,0,0.14440784046018962,0.14429739471052017,-0.0001104457496694522,256,37ba4a3be4a726bcd899ad1ee65aa50d85c18e8591c01678fef235d8802176e8,0
1p5b_arc_challenge,1p5b,arc_challenge,frozen,3e-05,103,32,2.64770951832179,0,0,2.646985109313391,0,0,0,105104,96,1.5583670189371333,0,0,0.14440784046018962,0.15325870070955716,0.008850860249367543,256,37ba4a3be4a726bcd899ad1ee65aa50d85c18e8591c01678fef235d8802176e8,0
1p5b_arc_challenge,1p5b,arc_challenge,frozen,3e-06,101,32,2.780250532203354,0,0,2.7795262009603903,0,0,0,105104,96,1.6297261918662116,0,0,0.14440784046018962,0.14348407354736992,-0.0009237669128197012,256,37ba4a3be4a726bcd899ad1ee65aa50d85c18e8591c01678fef235d8802176e8,0
1p5b_arc_challenge,1p5b,arc_challenge,mean,0.0001,101,32,9.511108839767985,0,0,0,640,3840,62357,62357,0,0,0,0,0.14440784046018962,0.1264517344206979,-0.017956106039491715,256,37ba4a3be4a726bcd899ad1ee65aa50d85c18e8591c01678fef235d8802176e8,126
1p5b_arc_challenge,1p5b,arc_challenge,mean,1e-05,101,32,9.085680522373877,0,0,0,640,3840,62357,62357,0,0,0,0,0.14440784046018962,0.14007055578258587,-0.004337284677603748,256,37ba4a3be4a726bcd899ad1ee65aa50d85c18e8591c01678fef235d8802176e8,126
1p5b_arc_challenge,1p5b,arc_challenge,mean,1e-05,102,32,9.204508373979479,0,0,0,640,3840,61863,61863,0,0,0,0,0.14440784046018962,0.14147115736705018,-0.002936683093139436,256,37ba4a3be4a726bcd899ad1ee65aa50d85c18e8591c01678fef235d8802176e8,120
1p5b_arc_challenge,1p5b,arc_challenge,mean,1e-05,103,32,9.325098335859366,0,0,0,640,3840,62233,62233,0,0,0,0,0.14440784046018962,0.14135003846968175,-0.003057801990507869,256,37ba4a3be4a726bcd899ad1ee65aa50d85c18e8591c01678fef235d8802176e8,121
1p5b_arc_challenge,1p5b,arc_challenge,mean,3e-05,101,32,9.448298529838212,0,0,0,640,3840,62357,62357,0,0,0,0,0.14440784046018962,0.13594368597114226,-0.00846415448904736,256,37ba4a3be4a726bcd899ad1ee65aa50d85c18e8591c01678fef235d8802176e8,126
1p5b_arc_challenge,1p5b,arc_challenge,mean,3e-05,102,32,9.435559781850316,0,0,0,640,3840,61863,61863,0,0,0,0,0.14440784046018962,0.13504015784928924,-0.009367682610900374,256,37ba4a3be4a726bcd899ad1ee65aa50d85c18e8591c01678fef235d8802176e8,120
1p5b_arc_challenge,1p5b,arc_challenge,mean,3e-05,103,32,7.870737175107934,0,0,0,640,3840,62233,62233,0,0,0,0,0.14440784046018962,0.13610813450213755,-0.008299705958052073,256,37ba4a3be4a726bcd899ad1ee65aa50d85c18e8591c01678fef235d8802176e8,121
1p5b_arc_challenge,1p5b,arc_challenge,mean,3e-06,101,32,9.48045956005808,0,0,0,640,3840,62357,62357,0,0,0,0,0.14440784046018962,0.14328375645709457,-0.0011240840030950494,256,37ba4a3be4a726bcd899ad1ee65aa50d85c18e8591c01678fef235d8802176e8,126
1p5b_arc_challenge,1p5b,arc_challenge,oracle20,0.0001,101,32,9.510841038660146,0,0,0,640,3840,65209,65209,0,0,0,0,0.14440784046018962,0.11606043382926146,-0.028347406630928162,256,37ba4a3be4a726bcd899ad1ee65aa50d85c18e8591c01678fef235d8802176e8,252
1p5b_arc_challenge,1p5b,arc_challenge,oracle20,1e-05,101,32,9.542572512989864,0,0,0,640,3840,65209,65209,0,0,0,0,0.14440784046018962,0.1417207526646962,-0.002687087795493426,256,37ba4a3be4a726bcd899ad1ee65aa50d85c18e8591c01678fef235d8802176e8,252
1p5b_arc_challenge,1p5b,arc_challenge,oracle20,3e-05,101,32,9.4830739707686,0,0,0,640,3840,65209,65209,0,0,0,0,0.14440784046018962,0.13535424756992143,-0.009053592890268192,256,37ba4a3be4a726bcd899ad1ee65aa50d85c18e8591c01678fef235d8802176e8,252
1p5b_arc_challenge,1p5b,arc_challenge,oracle20,3e-06,101,32,9.664720969973132,0,0,0,640,3840,65209,65209,0,0,0,0,0.14440784046018962,0.1428114718528377,-0.0015963686073519057,256,37ba4a3be4a726bcd899ad1ee65aa50d85c18e8591c01678fef235d8802176e8,252
1p5b_arc_challenge,1p5b,arc_challenge,oracle,0.0001,101,32,14.723278371384367,0,0,0,1024,6144,105104,105104,0,0,0,0,0.14440784046018962,0.10606218367320253,-0.03834565678698709,256,37ba4a3be4a726bcd899ad1ee65aa50d85c18e8591c01678fef235d8802176e8,256
1p5b_arc_challenge,1p5b,arc_challenge,oracle,1e-05,101,32,15.208026680047624,0,0,0,1024,6144,105104,105104,0,0,0,0,0.14440784046018962,0.13879667782020988,-0.005611162639979739,256,37ba4a3be4a726bcd899ad1ee65aa50d85c18e8591c01678fef235d8802176e8,256
1p5b_arc_challenge,1p5b,arc_challenge,oracle,3e-05,101,32,15.308490673894994,0,0,0,1024,6144,105104,105104,0,0,0,0,0.14440784046018962,0.1286470032937359,-0.01576083716645371,256,37ba4a3be4a726bcd899ad1ee65aa50d85c18e8591c01678fef235d8802176e8,256
1p5b_arc_challenge,1p5b,arc_challenge,oracle,3e-06,101,32,15.64621453511063,0,0,0,1024,6144,105104,105104,0,0,0,0,0.14440784046018962,0.14417275438972865,-0.00023508607046096586,256,37ba4a3be4a726bcd899ad1ee65aa50d85c18e8591c01678fef235d8802176e8,256
1p5b_arc_challenge,1p5b,arc_challenge,periodic8,0.0001,101,32,7.072380034835078,1.357270997017622,3.064952355227433,2.6493020659545437,80,480,7883,111248,96,1.7912040329538286,4,0,0.14440784046018962,0.14396026300073572,-0.00044757745945389615,256,37ba4a3be4a726bcd899ad1ee65aa50d85c18e8591c01678fef235d8802176e8,32
1p5b_arc_challenge,1p5b,arc_challenge,periodic8,1e-05,101,32,6.941093185683712,1.2877830009674653,3.003464000998065,2.6489616809412837,80,480,7883,111248,96,1.705308916978538,4,1,0.14440784046018962,0.1428066786920681,-0.0016011617681215284,256,37ba4a3be4a726bcd899ad1ee65aa50d85c18e8591c01678fef235d8802176e8,32
1p5b_arc_challenge,1p5b,arc_challenge,periodic8,3e-05,101,32,7.104236323270015,1.3873715839581564,3.0856262191664428,2.6303685309831053,80,480,7883,111248,96,1.7237006201175973,4,1,0.14440784046018962,0.1399320816180989,-0.004475758842090727,256,37ba4a3be4a726bcd899ad1ee65aa50d85c18e8591c01678fef235d8802176e8,32
1p5b_arc_challenge,1p5b,arc_challenge,periodic8,3e-06,101,32,7.0284076211974025,1.3374886348610744,3.069852417916991,2.6202088714344427,80,480,7883,111248,96,1.6912057431181893,4,2,0.14440784046018962,0.1438168943477649,-0.0005909461124247173,256,37ba4a3be4a726bcd899ad1ee65aa50d85c18e8591c01678fef235d8802176e8,32
1p5b_arc_challenge_mean_control,1p5b,arc_challenge,train_mean_matrix,0.0001,101,32,0.04515654488932341,0,0,0,0,0,0,0,0,0,0,0,0.14440784046018962,0.48192770406603813,0.3375198636058485,0,37ba4a3be4a726bcd899ad1ee65aa50d85c18e8591c01678fef235d8802176e8,0
1p5b_arc_challenge_mean_control,1p5b,arc_challenge,train_mean_matrix,1e-05,101,32,0.04527202504687011,0,0,0,0,0,0,0,0,0,0,0,0.14440784046018962,0.13539596581904334,-0.009011874641146278,0,37ba4a3be4a726bcd899ad1ee65aa50d85c18e8591c01678fef235d8802176e8,0
1p5b_arc_challenge_mean_control,1p5b,arc_challenge,train_mean_matrix,3e-05,101,32,0.04510903754271567,0,0,0,0,0,0,0,0,0,0,0,0.14440784046018962,0.11960310491122073,-0.024804735548968893,0,37ba4a3be4a726bcd899ad1ee65aa50d85c18e8591c01678fef235d8802176e8,0
1p5b_arc_challenge_mean_control,1p5b,arc_challenge,train_mean_matrix,3e-06,101,32,0.19563124363776296,0,0,0,0,0,0,0,0,0,0,0,0.14440784046018962,0.14142499945228337,-0.002982841007906245,0,37ba4a3be4a726bcd899ad1ee65aa50d85c18e8591c01678fef235d8802176e8,0
1p5b_arc_easy,1p5b,arc_easy,adaptive,0.0001,101,32,34.19444980297703,9.377017789054662,22.366078667226247,2.4495353987440467,640,3840,58738,141594,96,1.6061632479541004,32,23,0.1651218546248856,0.16663768526063905,0.0015158306357534457,512,cb9335abc1c185e370db6289e0f9da258c5abe5837422fe00a2b14fa3033b964,137
1p5b_arc_easy,1p5b,arc_easy,adaptive,1e-05,101,32,37.404851209023036,10.11205607058946,24.524055180721916,2.7665706109255552,640,3840,58738,141594,96,1.7554749910486862,32,27,0.1651218546248856,0.16327979884590604,-0.0018420557789795566,512,cb9335abc1c185e370db6289e0f9da258c5abe5837422fe00a2b14fa3033b964,137
1p5b_arc_easy,1p5b,arc_easy,adaptive,3e-05,101,32,39.20618464984,10.610731011722237,25.85407147638034,2.73926946206484,640,3840,58738,141594,96,1.8127656859578565,32,26,0.1651218546248856,0.1606175126025846,-0.004504342022300989,512,cb9335abc1c185e370db6289e0f9da258c5abe5837422fe00a2b14fa3033b964,137
1p5b_arc_easy,1p5b,arc_easy,adaptive,3e-06,101,32,38.090273698209785,9.982996179023758,25.299953794805333,2.80519975500647,640,3840,58738,141594,96,1.6288754509296268,32,29,0.1651218546248856,0.16412144408968743,-0.0010004105351981707,512,cb9335abc1c185e370db6289e0f9da258c5abe5837422fe00a2b14fa3033b964,137
1p5b_arc_easy,1p5b,arc_easy,frozen,0.0001,101,32,2.766714416560717,0,0,2.7659377170493826,0,0,0,94522,96,1.5729599479818717,0,0,0.1651218546248856,0.166166399279291,0.0010445446544053993,512,cb9335abc1c185e370db6289e0f9da258c5abe5837422fe00a2b14fa3033b964,0
1p5b_arc_easy,1p5b,arc_easy,frozen,1e-05,101,32,3.095542534138076,0,0,3.094662671792321,0,0,0,94522,96,1.7296714679105207,0,0,0.1651218546248856,0.1624900990682363,-0.0026317555566492956,512,cb9335abc1c185e370db6289e0f9da258c5abe5837422fe00a2b14fa3033b964,0
1p5b_arc_easy,1p5b,arc_easy,frozen,3e-05,101,32,3.097312106983736,0,0,3.0964248969685286,0,0,0,94522,96,1.6662358479807153,0,0,0.1651218546248856,0.15906784576054633,-0.0060540088643392664,512,cb9335abc1c185e370db6289e0f9da258c5abe5837422fe00a2b14fa3033b964,0
1p5b_arc_easy,1p5b,arc_easy,frozen,3e-06,101,32,3.186202146112919,0,0,3.1853225071681663,0,0,0,94522,96,1.6924134730361402,0,0,0.1651218546248856,0.1642646619984589,-0.0008571926264266949,512,cb9335abc1c185e370db6289e0f9da258c5abe5837422fe00a2b14fa3033b964,0
1p5b_arc_easy,1p5b,arc_easy,mean,0.0001,101,32,9.096111250226386,0,0,0,640,3840,58738,58738,0,0,0,0,0.1651218546248856,0.15555378125191055,-0.00956807337297505,512,cb9335abc1c185e370db6289e0f9da258c5abe5837422fe00a2b14fa3033b964,137
1p5b_arc_easy,1p5b,arc_easy,mean,1e-05,101,32,9.580522615811788,0,0,0,640,3840,58738,58738,0,0,0,0,0.1651218546248856,0.16068572139920434,-0.00443613322568126,512,cb9335abc1c185e370db6289e0f9da258c5abe5837422fe00a2b14fa3033b964,137
1p5b_arc_easy,1p5b,arc_easy,mean,3e-05,101,32,9.255552172893658,0,0,0,640,3840,58738,58738,0,0,0,0,0.1651218546248856,0.15896767360027297,-0.006154181024612626,512,cb9335abc1c185e370db6289e0f9da258c5abe5837422fe00a2b14fa3033b964,137
1p5b_arc_easy,1p5b,arc_easy,mean,3e-06,101,32,8.335685615777038,0,0,0,640,3840,58738,58738,0,0,0,0,0.1651218546248856,0.1647161050241266,-0.0004057496007590089,512,cb9335abc1c185e370db6289e0f9da258c5abe5837422fe00a2b14fa3033b964,137
1p5b_arc_easy,1p5b,arc_easy,oracle20,0.0001,101,32,9.84595967142377,0,0,0,640,3840,59532,59532,0,0,0,0,0.1651218546248856,0.12959913266695366,-0.035522721957931935,512,cb9335abc1c185e370db6289e0f9da258c5abe5837422fe00a2b14fa3033b964,445
1p5b_arc_easy,1p5b,arc_easy,oracle20,1e-05,101,32,9.390030891168863,0,0,0,640,3840,59532,59532,0,0,0,0,0.1651218546248856,0.16169800864736317,-0.003423845977522433,512,cb9335abc1c185e370db6289e0f9da258c5abe5837422fe00a2b14fa3033b964,445
1p5b_arc_easy,1p5b,arc_easy,oracle20,3e-05,101,32,9.177811443107203,0,0,0,640,3840,59532,59532,0,0,0,0,0.1651218546248856,0.15594189357034338,-0.009179961054542218,512,cb9335abc1c185e370db6289e0f9da258c5abe5837422fe00a2b14fa3033b964,445
1p5b_arc_easy,1p5b,arc_easy,oracle20,3e-06,101,32,9.304764841101132,0,0,0,640,3840,59532,59532,0,0,0,0,0.1651218546248856,0.16303809888995602,-0.002083755734929582,512,cb9335abc1c185e370db6289e0f9da258c5abe5837422fe00a2b14fa3033b964,445
1p5b_arc_easy,1p5b,arc_easy,oracle,0.0001,101,32,15.745616198983043,0,0,0,1024,6144,94522,94522,0,0,0,0,0.1651218546248856,0.12526865918789554,-0.03985319543699006,512,cb9335abc1c185e370db6289e0f9da258c5abe5837422fe00a2b14fa3033b964,512
1p5b_arc_easy,1p5b,arc_easy,oracle,1e-05,101,32,14.736518058227375,0,0,0,1024,6144,94522,94522,0,0,0,0,0.1651218546248856,0.16108129409622052,-0.0040405605286650825,512,cb9335abc1c185e370db6289e0f9da258c5abe5837422fe00a2b14fa3033b964,512
1p5b_arc_easy,1p5b,arc_easy,oracle,3e-05,101,32,14.766615394502878,0,0,0,1024,6144,94522,94522,0,0,0,0,0.1651218546248856,0.1541754835507163,-0.010946371074169292,512,cb9335abc1c185e370db6289e0f9da258c5abe5837422fe00a2b14fa3033b964,512
1p5b_arc_easy,1p5b,arc_easy,oracle,3e-06,101,32,14.602129486040212,0,0,0,1024,6144,94522,94522,0,0,0,0,0.1651218546248856,0.16409671461951802,-0.0010251400053675752,512,cb9335abc1c185e370db6289e0f9da258c5abe5837422fe00a2b14fa3033b964,512
1p5b_arc_easy,1p5b,arc_easy,periodic8,0.0001,101,32,6.970595598919317,1.267061059945263,3.0865229431074113,2.616100094281137,80,480,7263,100406,96,1.5328335959929973,4,0,0.1651218546248856,0.16441376133207086,-0.0007080932928147377,512,cb9335abc1c185e370db6289e0f9da258c5abe5837422fe00a2b14fa3033b964,32
1p5b_arc_easy,1p5b,arc_easy,periodic8,1e-05,101,32,7.257934369030409,1.2054896589834243,3.088800283963792,2.962625346146524,80,480,7263,100406,96,1.596442983718589,4,1,0.1651218546248856,0.16369057837073342,-0.0014312762541521806,512,cb9335abc1c185e370db6289e0f9da258c5abe5837422fe00a2b14fa3033b964,32
1p5b_arc_easy,1p5b,arc_easy,periodic8,3e-05,101,32,7.2826478676870465,1.2319989380193874,3.0481442339951172,3.001490340800956,80,480,7263,100406,96,1.6629891140619293,4,0,0.1651218546248856,0.16115336376424239,-0.0039684908606432145,512,cb9335abc1c185e370db6289e0f9da258c5abe5837422fe00a2b14fa3033b964,32
1p5b_arc_easy,1p5b,arc_easy,periodic8,3e-06,101,32,7.01109461102169,1.1957952540833503,3.013940925942734,2.8003728401381522,80,480,7263,100406,96,1.5760564169613644,4,2,0.1651218546248856,0.16543094178268802,0.00030908715780242346,512,cb9335abc1c185e370db6289e0f9da258c5abe5837422fe00a2b14fa3033b964,32
1p5b_arc_easy_mean_control,1p5b,arc_easy,train_mean_matrix,0.0001,101,32,0.044881290988996625,0,0,0,0,0,0,0,0,0,0,0,0.1651218546248856,0.11484948665020056,-0.05027236797468504,0,cb9335abc1c185e370db6289e0f9da258c5abe5837422fe00a2b14fa3033b964,0
1p5b_arc_easy_mean_control,1p5b,arc_easy,train_mean_matrix,1e-05,101,32,0.0445856221485883,0,0,0,0,0,0,0,0,0,0,0,0.1651218546248856,0.15798366960552812,-0.007138185019357479,0,cb9335abc1c185e370db6289e0f9da258c5abe5837422fe00a2b14fa3033b964,0
1p5b_arc_easy_mean_control,1p5b,arc_easy,train_mean_matrix,3e-05,101,32,0.04473241325467825,0,0,0,0,0,0,0,0,0,0,0,0.1651218546248856,0.14812847719622368,-0.016993377428661915,0,cb9335abc1c185e370db6289e0f9da258c5abe5837422fe00a2b14fa3033b964,0
1p5b_arc_easy_mean_control,1p5b,arc_easy,train_mean_matrix,3e-06,101,32,0.1785753690637648,0,0,0,0,0,0,0,0,0,0,0,0.1651218546248856,0.16308135194776696,-0.0020405026771186385,0,cb9335abc1c185e370db6289e0f9da258c5abe5837422fe00a2b14fa3033b964,0
1p5b_boolq,1p5b,boolq,adaptive,0.0001,101,32,42.813974901800975,12.079092060448602,28.070781519869342,2.662225042586215,640,3840,117131,280652,96,1.8897020601434633,32,16,0.1054777991885203,0.10477442107682577,-0.0007033781116945192,1024,cabe8bda53a07c0c8225066dfe62daaf051dd863e695b59b2772bb3bc1d866f4,144
1p5b_boolq,1p5b,boolq,adaptive,1e-05,101,32,42.218265936826356,11.925043121329509,27.611636594170704,2.6797086781589314,640,3840,117131,280652,96,1.8560364880831912,32,24,0.1054777991885203,0.09180612157069845,-0.013671677617821842,1024,cabe8bda53a07c0c8225066dfe62daaf051dd863e695b59b2772bb3bc1d866f4,144
1p5b_boolq,1p5b,boolq,adaptive,3e-05,101,32,42.44243759231176,11.974478869116865,27.788327974500135,2.677749580820091,640,3840,117131,280652,96,1.8751570079475641,32,16,0.1054777991885203,0.08858116260535098,-0.01689663658316931,1024,cabe8bda53a07c0c8225066dfe62daaf051dd863e695b59b2772bb3bc1d866f4,144
1p5b_boolq,1p5b,boolq,adaptive,3e-06,101,32,43.71007262566127,12.17192247719504,28.674057588912547,2.862126492895186,640,3840,117131,280652,96,1.9146248119650409,32,26,0.1054777991885203,0.10044308344004094,-0.005034715748479357,1024,cabe8bda53a07c0c8225066dfe62daaf051dd863e695b59b2772bb3bc1d866f4,144
1p5b_boolq,1p5b,boolq,frozen,0.0001,101,32,2.948996082879603,0,0,2.9482314696069807,0,0,0,187180,96,1.7476353498641402,0,0,0.1054777991885203,2.018258667550981,1.9127808683624608,1024,cabe8bda53a07c0c8225066dfe62daaf051dd863e695b59b2772bb3bc1d866f4,0
1p5b_boolq,1p5b,boolq,frozen,1e-05,101,32,2.9876619570422918,0,0,2.986860150587745,0,0,0,187180,96,1.7437270518857986,0,0,0.1054777991885203,0.09222617177147185,-0.01325162741704844,1024,cabe8bda53a07c0c8225066dfe62daaf051dd863e695b59b2772bb3bc1d866f4,0
1p5b_boolq,1p5b,boolq,frozen,3e-05,101,32,2.9243985797511414,0,0,2.9236244928324595,0,0,0,187180,96,1.6845592630561441,0,0,0.1054777991885203,0.11258245873614214,0.00710465954762185,1024,cabe8bda53a07c0c8225066dfe62daaf051dd863e695b59b2772bb3bc1d866f4,0
1p5b_boolq,1p5b,boolq,frozen,3e-06,101,32,3.1620448329485953,0,0,3.16115940886084,0,0,0,187180,96,1.7834228659048676,0,0,0.1054777991885203,0.1005017925199354,-0.004976006668584887,1024,cabe8bda53a07c0c8225066dfe62daaf051dd863e695b59b2772bb3bc1d866f4,0
1p5b_boolq,1p5b,boolq,mean,0.0001,101,32,9.543378219939768,0,0,0,640,3840,117131,117131,0,0,0,0,0.1054777991885203,0.08937361479422634,-0.016104184394293952,1024,cabe8bda53a07c0c8225066dfe62daaf051dd863e695b59b2772bb3bc1d866f4,144
1p5b_boolq,1p5b,boolq,mean,1e-05,101,32,9.703035399899818,0,0,0,640,3840,117131,117131,0,0,0,0,0.1054777991885203,0.09173583174379019,-0.013741967444730108,1024,cabe8bda53a07c0c8225066dfe62daaf051dd863e695b59b2772bb3bc1d866f4,144
1p5b_boolq,1p5b,boolq,mean,3e-05,101,32,9.676317253150046,0,0,0,640,3840,117131,117131,0,0,0,0,0.1054777991885203,0.08701064726255936,-0.018467151925960934,1024,cabe8bda53a07c0c8225066dfe62daaf051dd863e695b59b2772bb3bc1d866f4,144
1p5b_boolq,1p5b,boolq,mean,3e-06,101,32,9.861366923782043,0,0,0,640,3840,117131,117131,0,0,0,0,0.1054777991885203,0.09976947617178666,-0.00570832301673363,1024,cabe8bda53a07c0c8225066dfe62daaf051dd863e695b59b2772bb3bc1d866f4,144
1p5b_boolq,1p5b,boolq,oracle20,0.0001,101,32,9.822383580263704,0,0,0,640,3840,117532,117532,0,0,0,0,0.1054777991885203,0.06633874471026502,-0.039139054478255275,1024,cabe8bda53a07c0c8225066dfe62daaf051dd863e695b59b2772bb3bc1d866f4,640
1p5b_boolq,1p5b,boolq,oracle20,1e-05,101,32,10.021242411341518,0,0,0,640,3840,117532,117532,0,0,0,0,0.1054777991885203,0.09233354121897719,-0.013144257969543105,1024,cabe8bda53a07c0c8225066dfe62daaf051dd863e695b59b2772bb3bc1d866f4,640
1p5b_boolq,1p5b,boolq,oracle20,3e-05,101,32,9.855564201017842,0,0,0,640,3840,117532,117532,0,0,0,0,0.1054777991885203,0.0812692790868823,-0.024208520101637987,1024,cabe8bda53a07c0c8225066dfe62daaf051dd863e695b59b2772bb3bc1d866f4,640
1p5b_boolq,1p5b,boolq,oracle20,3e-06,101,32,9.90718247089535,0,0,0,640,3840,117532,117532,0,0,0,0,0.1054777991885203,0.10040601225045975,-0.005071786938060541,1024,cabe8bda53a07c0c8225066dfe62daaf051dd863e695b59b2772bb3bc1d866f4,640
1p5b_boolq,1p5b,boolq,oracle,0.0001,101,32,15.688042204943486,0,0,0,1024,6144,187180,187180,0,0,0,0,0.1054777991885203,0.06545245788947796,-0.04002534129904234,1024,cabe8bda53a07c0c8225066dfe62daaf051dd863e695b59b2772bb3bc1d866f4,1024
1p5b_boolq,1p5b,boolq,oracle,1e-05,101,32,15.706435266882181,0,0,0,1024,6144,187180,187180,0,0,0,0,0.1054777991885203,0.09112302104585979,-0.014354778142660507,1024,cabe8bda53a07c0c8225066dfe62daaf051dd863e695b59b2772bb3bc1d866f4,1024
1p5b_boolq,1p5b,boolq,oracle,3e-05,101,32,15.598832163028419,0,0,0,1024,6144,187180,187180,0,0,0,0,0.1054777991885203,0.0795112277237422,-0.0259665714647781,1024,cabe8bda53a07c0c8225066dfe62daaf051dd863e695b59b2772bb3bc1d866f4,1024
1p5b_boolq,1p5b,boolq,oracle,3e-06,101,32,15.907635319745168,0,0,0,1024,6144,187180,187180,0,0,0,0,0.1054777991885203,0.09930768344202079,-0.006170115746499505,1024,cabe8bda53a07c0c8225066dfe62daaf051dd863e695b59b2772bb3bc1d866f4,1024
1p5b_boolq,1p5b,boolq,periodic8,0.0001,101,32,7.86104844417423,1.4267627920489758,3.4525607969844714,2.980791019508615,80,480,14196,198864,96,1.8412062101997435,4,1,0.1054777991885203,0.10155754810304529,-0.003920251085475002,1024,cabe8bda53a07c0c8225066dfe62daaf051dd863e695b59b2772bb3bc1d866f4,32
1p5b_boolq,1p5b,boolq,periodic8,1e-05,101,32,7.725275377044454,1.3918488678755239,3.3967682810034603,2.9357542007928714,80,480,14196,198864,96,1.8104588729329407,4,2,0.1054777991885203,0.09193977853283286,-0.013538020655687433,1024,cabe8bda53a07c0c8225066dfe62daaf051dd863e695b59b2772bb3bc1d866f4,32
1p5b_boolq,1p5b,boolq,periodic8,3e-05,101,32,7.855975836282596,1.3894311260664836,3.524782702908851,2.9408302166266367,80,480,14196,198864,96,1.790821050060913,4,1,0.1054777991885203,0.09446862018194224,-0.011009179006578051,1024,cabe8bda53a07c0c8225066dfe62daaf051dd863e695b59b2772bb3bc1d866f4,32
1p5b_boolq,1p5b,boolq,periodic8,3e-06,101,32,7.805648029083386,1.4056702760281041,3.475858350051567,2.923176624928601,80,480,14196,198864,96,1.8268998861312866,4,2,0.1054777991885203,0.1009148227130936,-0.004562976475426694,1024,cabe8bda53a07c0c8225066dfe62daaf051dd863e695b59b2772bb3bc1d866f4,32
1p5b_boolq_mean_control,1p5b,boolq,train_mean_matrix,0.0001,101,32,0.047665024641901255,0,0,0,0,0,0,0,0,0,0,0,0.1054777991885203,1.3239023610949516,1.2184245619064313,0,cabe8bda53a07c0c8225066dfe62daaf051dd863e695b59b2772bb3bc1d866f4,0
1p5b_boolq_mean_control,1p5b,boolq,train_mean_matrix,1e-05,101,32,0.04706086416263133,0,0,0,0,0,0,0,0,0,0,0,0.1054777991885203,0.08880600030715868,-0.01667179888136161,0,cabe8bda53a07c0c8225066dfe62daaf051dd863e695b59b2772bb3bc1d866f4,0
1p5b_boolq_mean_control,1p5b,boolq,train_mean_matrix,3e-05,101,32,0.0491426958469674,0,0,0,0,0,0,0,0,0,0,0,0.1054777991885203,0.09436473066307371,-0.011113068525446579,0,cabe8bda53a07c0c8225066dfe62daaf051dd863e695b59b2772bb3bc1d866f4,0
1p5b_boolq_mean_control,1p5b,boolq,train_mean_matrix,3e-06,101,32,0.1850574502022937,0,0,0,0,0,0,0,0,0,0,0,0.1054777991885203,0.09966200609051157,-0.005815793098008726,0,cabe8bda53a07c0c8225066dfe62daaf051dd863e695b59b2772bb3bc1d866f4,0
1p5b_countdown,1p5b,countdown,adaptive,0.0001,101,32,41.915280164103024,11.706606815918349,27.582587204058655,2.6243116449331865,640,43940,133997,320030,96,1.8620896519860253,32,16,1.399966666243331,1.0698681530587797,-0.3300985131845513,1024,a14ba20e893ec8dda60db4b8a2a135b1b935b9d4b7722494b228636c7584fa0f,144
1p5b_countdown,1p5b,countdown,adaptive,1e-05,101,32,37.87025733408518,10.128186942776665,25.058990877121687,2.681314531946555,640,43940,133997,320030,96,1.645018316921778,32,32,1.399966666243331,1.384084846468189,-0.015881819775142025,1024,a14ba20e893ec8dda60db4b8a2a135b1b935b9d4b7722494b228636c7584fa0f,144
1p5b_countdown,1p5b,countdown,adaptive,3e-05,101,32,41.37329965271056,11.650190279935487,27.107041293405928,2.6143397606210783,640,43940,133997,320030,96,1.8648867380106822,32,27,1.399966666243331,1.3411918068795057,-0.058774859363825316,1024,a14ba20e893ec8dda60db4b8a2a135b1b935b9d4b7722494b228636c7584fa0f,144
1p5b_countdown,1p5b,countdown,adaptive,3e-06,101,32,40.96889686153736,11.398957344237715,26.921485703089274,2.646705797291361,640,43940,133997,320030,96,1.820129253086634,32,32,1.399966666243331,1.3956252702828813,-0.00434139596044969,1024,a14ba20e893ec8dda60db4b8a2a135b1b935b9d4b7722494b228636c7584fa0f,144
1p5b_countdown,1p5b,countdown,frozen,0.0001,101,32,2.9164840899175033,0,0,2.9157322969986126,0,0,0,212382,96,1.69692108000163,0,0,1.399966666243331,1.1636994401265917,-0.23626722611673934,1024,a14ba20e893ec8dda60db4b8a2a135b1b935b9d4b7722494b228636c7584fa0f,0
1p5b_countdown,1p5b,countdown,frozen,1e-05,101,32,2.9157713300082833,0,0,2.9150250194361433,0,0,0,212382,96,1.5786167731275782,0,0,1.399966666243331,1.3836797538168306,-0.016286912426500377,1024,a14ba20e893ec8dda60db4b8a2a135b1b935b9d4b7722494b228636c7584fa0f,0
1p5b_countdown,1p5b,countdown,frozen,3e-05,101,32,2.8884030145127326,0,0,2.8876786939799786,0,0,0,212382,96,1.6914387348806486,0,0,1.399966666243331,1.3411056056749173,-0.05886106056841367,1024,a14ba20e893ec8dda60db4b8a2a135b1b935b9d4b7722494b228636c7584fa0f,0
1p5b_countdown,1p5b,countdown,frozen,3e-06,101,32,3.234116589068435,0,0,3.2333211199147627,0,0,0,212382,96,1.657773084123619,0,0,1.399966666243331,1.395554350136458,-0.004412316106872982,1024,a14ba20e893ec8dda60db4b8a2a135b1b935b9d4b7722494b228636c7584fa0f,0
1p5b_countdown,1p5b,countdown,mean,0.0001,101,32,9.114439558936283,0,0,0,640,43940,133997,133997,0,0,0,0,1.399966666243331,1.0544758725917902,-0.3454907936515408,1024,a14ba20e893ec8dda60db4b8a2a135b1b935b9d4b7722494b228636c7584fa0f,144
1p5b_countdown,1p5b,countdown,mean,1e-05,101,32,9.403663295088336,0,0,0,640,43940,133997,133997,0,0,0,0,1.399966666243331,1.384069848881781,-0.01589681736154991,1024,a14ba20e893ec8dda60db4b8a2a135b1b935b9d4b7722494b228636c7584fa0f,144
1p5b_countdown,1p5b,countdown,mean,3e-05,101,32,9.448620427283458,0,0,0,640,43940,133997,133997,0,0,0,0,1.399966666243331,1.3403420890066544,-0.05962457723667658,1024,a14ba20e893ec8dda60db4b8a2a135b1b935b9d4b7722494b228636c7584fa0f,144
1p5b_countdown,1p5b,countdown,mean,3e-06,101,32,9.400622633518651,0,0,0,640,43940,133997,133997,0,0,0,0,1.399966666243331,1.3951125307105399,-0.004854135532791126,1024,a14ba20e893ec8dda60db4b8a2a135b1b935b9d4b7722494b228636c7584fa0f,144
1p5b_countdown,1p5b,countdown,oracle20,0.0001,101,32,8.980902139446698,0,0,0,640,42791,132627,132627,0,0,0,0,1.399966666243331,1.0603491253763768,-0.33961754086695417,1024,a14ba20e893ec8dda60db4b8a2a135b1b935b9d4b7722494b228636c7584fa0f,640
1p5b_countdown,1p5b,countdown,oracle20,1e-05,101,32,9.448672803351656,0,0,0,640,42791,132627,132627,0,0,0,0,1.399966666243331,1.3834626340754743,-0.016504032167856675,1024,a14ba20e893ec8dda60db4b8a2a135b1b935b9d4b7722494b228636c7584fa0f,640
1p5b_countdown,1p5b,countdown,oracle20,1e-05,102,32,9.487386914901435,0,0,0,640,42827,132682,132682,0,0,0,0,1.399966666243331,1.3843565992215052,-0.015610067021825769,1024,a14ba20e893ec8dda60db4b8a2a135b1b935b9d4b7722494b228636c7584fa0f,640
1p5b_countdown,1p5b,countdown,oracle20,1e-05,103,32,8.98489847406745,0,0,0,640,42925,132804,132804,0,0,0,0,1.399966666243331,1.3848843744186652,-0.015082291824665806,1024,a14ba20e893ec8dda60db4b8a2a135b1b935b9d4b7722494b228636c7584fa0f,640
1p5b_countdown,1p5b,countdown,oracle20,3e-05,101,32,9.402595087885857,0,0,0,640,42791,132627,132627,0,0,0,0,1.399966666243331,1.341695112313573,-0.058271553929758024,1024,a14ba20e893ec8dda60db4b8a2a135b1b935b9d4b7722494b228636c7584fa0f,640
1p5b_countdown,1p5b,countdown,oracle20,3e-05,102,32,9.548600389622152,0,0,0,640,42827,132682,132682,0,0,0,0,1.399966666243331,1.3409539294674322,-0.0590127367758988,1024,a14ba20e893ec8dda60db4b8a2a135b1b935b9d4b7722494b228636c7584fa0f,640
1p5b_countdown,1p5b,countdown,oracle20,3e-05,103,32,9.230516246170737,0,0,0,640,42925,132804,132804,0,0,0,0,1.399966666243331,1.341550157784163,-0.058416508459167904,1024,a14ba20e893ec8dda60db4b8a2a135b1b935b9d4b7722494b228636c7584fa0f,640
1p5b_countdown,1p5b,countdown,oracle20,3e-06,101,32,9.6287060509203,0,0,0,640,42791,132627,132627,0,0,0,0,1.399966666243331,1.395230815748826,-0.004735850494504978,1024,a14ba20e893ec8dda60db4b8a2a135b1b935b9d4b7722494b228636c7584fa0f,640
1p5b_countdown,1p5b,countdown,oracle,0.0001,101,32,15.10665861913003,0,0,0,1024,68590,212382,212382,0,0,0,0,1.399966666243331,1.0583799127034812,-0.3415867535398498,1024,a14ba20e893ec8dda60db4b8a2a135b1b935b9d4b7722494b228636c7584fa0f,1024
1p5b_countdown,1p5b,countdown,oracle,1e-05,101,32,15.078247596742585,0,0,0,1024,68590,212382,212382,0,0,0,0,1.399966666243331,1.3841347793076932,-0.01583188693563775,1024,a14ba20e893ec8dda60db4b8a2a135b1b935b9d4b7722494b228636c7584fa0f,1024
1p5b_countdown,1p5b,countdown,oracle,3e-05,101,32,15.050168574089184,0,0,0,1024,68590,212382,212382,0,0,0,0,1.399966666243331,1.3405020790077828,-0.05946458723554815,1024,a14ba20e893ec8dda60db4b8a2a135b1b935b9d4b7722494b228636c7584fa0f,1024
1p5b_countdown,1p5b,countdown,oracle,3e-06,101,32,14.860225763986818,0,0,0,1024,68590,212382,212382,0,0,0,0,1.399966666243331,1.396032696304722,-0.00393396993860895,1024,a14ba20e893ec8dda60db4b8a2a135b1b935b9d4b7722494b228636c7584fa0f,1024
1p5b_countdown,1p5b,countdown,periodic8,0.0001,101,32,7.760279183741659,1.3822583319852129,3.5041230261558667,2.872991427895613,80,5502,16758,225838,96,1.8104693569475785,4,1,1.399966666243331,1.0905896883433976,-0.30937697789993335,1024,a14ba20e893ec8dda60db4b8a2a135b1b935b9d4b7722494b228636c7584fa0f,32
1p5b_countdown,1p5b,countdown,periodic8,1e-05,101,32,7.158996755955741,1.2550356270512566,3.0242761650588363,2.878780073369853,80,5502,16758,225838,96,1.7709641580004245,4,4,1.399966666243331,1.3843564969645699,-0.015610169278761132,1024,a14ba20e893ec8dda60db4b8a2a135b1b935b9d4b7722494b228636c7584fa0f,32
1p5b_countdown,1p5b,countdown,periodic8,1e-05,102,32,7.9663105476647615,1.3887256630696356,3.6776755758328363,2.8989863242022693,80,5502,16766,225838,96,1.815599642926827,4,4,1.399966666243331,1.3830989967781553,-0.016867669465175705,1024,a14ba20e893ec8dda60db4b8a2a135b1b935b9d4b7722494b228636c7584fa0f,32
1p5b_countdown,1p5b,countdown,periodic8,1e-05,103,32,7.646593918441795,1.1810329189756885,3.57492662477307,2.8897210608702153,80,5532,16800,225838,96,1.7984309190651402,4,4,1.399966666243331,1.3838751340844933,-0.01609153215883774,1024,a14ba20e893ec8dda60db4b8a2a135b1b935b9d4b7722494b228636c7584fa0f,32
1p5b_countdown,1p5b,countdown,periodic8,3e-05,101,32,7.600460380199365,1.3738479431485757,3.3786736929323524,2.8470705851214007,80,5502,16758,225838,96,1.7837277099024504,4,3,1.399966666243331,1.3409853693343572,-0.0589812969089738,1024,a14ba20e893ec8dda60db4b8a2a135b1b935b9d4b7722494b228636c7584fa0f,32
1p5b_countdown,1p5b,countdown,periodic8,3e-05,102,32,7.761693641892634,1.3806594219058752,3.492026502150111,2.8881059184204787,80,5502,16766,225838,96,1.7890968930441886,4,3,1.399966666243331,1.340349673083562,-0.05961699315976898,1024,a14ba20e893ec8dda60db4b8a2a135b1b935b9d4b7722494b228636c7584fa0f,32
1p5b_countdown,1p5b,countdown,periodic8,3e-05,103,32,7.827738516498357,1.3719137070002034,3.511037854012102,2.9438649364747107,80,5532,16800,225838,96,1.7833568910136819,4,3,1.399966666243331,1.341581251463971,-0.0583854147793601,1024,a14ba20e893ec8dda60db4b8a2a135b1b935b9d4b7722494b228636c7584fa0f,32
1p5b_countdown,1p5b,countdown,periodic8,3e-06,101,32,7.453640230698511,1.256602974026464,3.3628301370190457,2.833314207615331,80,5502,16758,225838,96,1.63480080710724,4,4,1.399966666243331,1.3960625642652895,-0.0039041019780414743,1024,a14ba20e893ec8dda60db4b8a2a135b1b935b9d4b7722494b228636c7584fa0f,32
1p5b_countdown_mean_control,1p5b,countdown,train_mean_matrix,0.0001,101,32,0.04502703214529902,0,0,0,0,0,0,0,0,0,0,0,1.399966666243331,1.1598338410928106,-0.24013282515052037,0,a14ba20e893ec8dda60db4b8a2a135b1b935b9d4b7722494b228636c7584fa0f,0
1p5b_countdown_mean_control,1p5b,countdown,train_mean_matrix,1e-05,101,32,0.04518266499508172,0,0,0,0,0,0,0,0,0,0,0,1.399966666243331,1.3831399467070757,-0.016826719536255252,0,a14ba20e893ec8dda60db4b8a2a135b1b935b9d4b7722494b228636c7584fa0f,0
1p5b_countdown_mean_control,1p5b,countdown,train_mean_matrix,3e-05,101,32,0.04531967604998499,0,0,0,0,0,0,0,0,0,0,0,1.399966666243331,1.3394437988390369,-0.060522867404294134,0,a14ba20e893ec8dda60db4b8a2a135b1b935b9d4b7722494b228636c7584fa0f,0
1p5b_countdown_mean_control,1p5b,countdown,train_mean_matrix,3e-06,101,32,0.19398362410720438,0,0,0,0,0,0,0,0,0,0,0,1.399966666243331,1.3957972752024956,-0.004169391040835357,0,a14ba20e893ec8dda60db4b8a2a135b1b935b9d4b7722494b228636c7584fa0f,0
1p5b_countdown_sensitivity_w0,1p5b,countdown,frozen,3e-05,101,32,3.39156479050871,0,0,3.3907846816582605,0,0,0,212382,96,1.7636596070369706,0,0,1.4016504912368053,1.349853448274883,-0.051797042961922335,1024,74a2934f3622bcd01547f1649341779f9efdd4a0f986f4587abb3bd86d4e3b56,0
1p5b_countdown_sensitivity_w0,1p5b,countdown,oracle,3e-05,101,32,15.412004144745879,0,0,0,1024,68590,212382,212382,0,0,0,0,1.4016504912368053,1.349225331897702,-0.05242515933910319,1024,74a2934f3622bcd01547f1649341779f9efdd4a0f986f4587abb3bd86d4e3b56,1024
1p5b_countdown_sensitivity_w0.0005,1p5b,countdown,frozen,3e-05,101,32,3.180463151424192,0,0,3.1796754624228925,0,0,0,212382,96,1.684657173929736,0,0,0.17598564253518684,0.2865269859457879,0.11054134341060107,1024,f5c619d8ed16185c1f23777fee974fe10d2f83a221466878977cae51f36be101,0
1p5b_countdown_sensitivity_w0.0005,1p5b,countdown,oracle,3e-05,101,32,15.442439047968946,0,0,0,1024,68590,212382,212382,0,0,0,0,0.17598564253518684,0.14354273244016572,-0.03244291009502112,1024,f5c619d8ed16185c1f23777fee974fe10d2f83a221466878977cae51f36be101,1024
1p5b_countdown_sensitivity_w5e-05,1p5b,countdown,frozen,3e-05,101,32,3.1908768196590245,0,0,3.190084451925941,0,0,0,212382,96,1.7232484220294282,0,0,1.293056855532974,1.1782100138438771,-0.11484684168909687,1024,c112ed4ebbf607d32c5bf1242a889ea53e81706f317129d75b6544d7f2136040,0
1p5b_countdown_sensitivity_w5e-05,1p5b,countdown,oracle,3e-05,101,32,15.601899910368957,0,0,0,1024,68590,212382,212382,0,0,0,0,1.293056855532974,1.1737340644863148,-0.11932279104665922,1024,c112ed4ebbf607d32c5bf1242a889ea53e81706f317129d75b6544d7f2136040,1024
1p5b_gsm8k,1p5b,gsm8k,adaptive,0.0001,101,32,45.22477477020584,12.239110603695735,30.09388241439592,2.8898432686692104,640,82341,151620,359862,96,1.8166262160521,32,25,0.5377183276165257,0.47411738200386194,-0.06360094561266377,1024,2b8037835bb30ed9cd9ec0a57bdc069e50c24d87af461d70ac10b22728e45dba,144
1p5b_gsm8k,1p5b,gsm8k,adaptive,1e-05,101,32,44.70922875031829,12.178945347084664,29.68842147232499,2.8399404912488535,640,82341,151620,359862,96,1.9450391677673906,32,32,0.5377183276165257,0.5322004390658683,-0.005517888550657379,1024,2b8037835bb30ed9cd9ec0a57bdc069e50c24d87af461d70ac10b22728e45dba,144
1p5b_gsm8k,1p5b,gsm8k,adaptive,3e-05,101,32,45.532461760682054,12.307701812242158,30.303742680465803,2.919049157295376,640,82341,151620,359862,96,1.896778131951578,32,31,0.5377183276165257,0.5184762130981041,-0.019242114518421616,1024,2b8037835bb30ed9cd9ec0a57bdc069e50c24d87af461d70ac10b22728e45dba,144
1p5b_gsm8k,1p5b,gsm8k,adaptive,3e-06,101,32,44.12052792799659,11.570579183287919,29.625798179768026,2.922189903096296,640,82341,151620,359862,96,1.978814767091535,32,32,0.5377183276165257,0.5356618866089949,-0.0020564410075307737,1024,2b8037835bb30ed9cd9ec0a57bdc069e50c24d87af461d70ac10b22728e45dba,144
1p5b_gsm8k,1p5b,gsm8k,frozen,0.0001,101,32,3.1926414559129626,0,0,3.1918393381638452,0,0,0,238582,96,1.8192870458588004,0,0,0.5377183276165257,0.4793990454056673,-0.058319282210858414,1024,2b8037835bb30ed9cd9ec0a57bdc069e50c24d87af461d70ac10b22728e45dba,0
1p5b_gsm8k,1p5b,gsm8k,frozen,1e-05,101,32,3.1657603780040517,0,0,3.164920945186168,0,0,0,238582,96,1.8020112520316616,0,0,0.5377183276165257,0.5320294121024837,-0.005688915514042048,1024,2b8037835bb30ed9cd9ec0a57bdc069e50c24d87af461d70ac10b22728e45dba,0
1p5b_gsm8k,1p5b,gsm8k,frozen,3e-05,101,32,3.16727957862895,0,0,3.166464636917226,0,0,0,238582,96,1.799318238045089,0,0,0.5377183276165257,0.5175244271637058,-0.02019390045281988,1024,2b8037835bb30ed9cd9ec0a57bdc069e50c24d87af461d70ac10b22728e45dba,0
1p5b_gsm8k,1p5b,gsm8k,frozen,3e-06,101,32,3.255833236500621,0,0,3.255000997101888,0,0,0,238582,96,1.8593413811177015,0,0,0.5377183276165257,0.5358793360528826,-0.0018389915636430887,1024,2b8037835bb30ed9cd9ec0a57bdc069e50c24d87af461d70ac10b22728e45dba,0
1p5b_gsm8k,1p5b,gsm8k,mean,0.0001,101,32,9.743124442989938,0,0,0,640,82341,151620,151620,0,0,0,0,0.5377183276165257,0.46884383267111795,-0.06887449494540776,1024,2b8037835bb30ed9cd9ec0a57bdc069e50c24d87af461d70ac10b22728e45dba,144
1p5b_gsm8k,1p5b,gsm8k,mean,1e-05,101,32,9.825394644285552,0,0,0,640,82341,151620,151620,0,0,0,0,0.5377183276165257,0.532743404136022,-0.004974923480503768,1024,2b8037835bb30ed9cd9ec0a57bdc069e50c24d87af461d70ac10b22728e45dba,144
1p5b_gsm8k,1p5b,gsm8k,mean,3e-05,101,32,9.727662845049053,0,0,0,640,82341,151620,151620,0,0,0,0,0.5377183276165257,0.5195012322966605,-0.018217095319865262,1024,2b8037835bb30ed9cd9ec0a57bdc069e50c24d87af461d70ac10b22728e45dba,144
1p5b_gsm8k,1p5b,gsm8k,mean,3e-06,101,32,9.868432917748578,0,0,0,640,82341,151620,151620,0,0,0,0,0.5377183276165257,0.5362582817634912,-0.0014600458530344973,1024,2b8037835bb30ed9cd9ec0a57bdc069e50c24d87af461d70ac10b22728e45dba,144
1p5b_gsm8k,1p5b,gsm8k,oracle20,0.0001,101,32,9.791195026715286,0,0,0,640,78764,147094,147094,0,0,0,0,0.5377183276165257,0.46764046034432155,-0.07007786727220416,1024,2b8037835bb30ed9cd9ec0a57bdc069e50c24d87af461d70ac10b22728e45dba,640
1p5b_gsm8k,1p5b,gsm8k,oracle20,1e-05,101,32,9.985292284982279,0,0,0,640,78764,147094,147094,0,0,0,0,0.5377183276165257,0.5325551616031875,-0.005163166013338216,1024,2b8037835bb30ed9cd9ec0a57bdc069e50c24d87af461d70ac10b22728e45dba,640
1p5b_gsm8k,1p5b,gsm8k,oracle20,3e-05,101,32,9.71616621944122,0,0,0,640,78764,147094,147094,0,0,0,0,0.5377183276165257,0.5193081764210528,-0.018410151195472957,1024,2b8037835bb30ed9cd9ec0a57bdc069e50c24d87af461d70ac10b22728e45dba,640
1p5b_gsm8k,1p5b,gsm8k,oracle20,3e-06,101,32,9.762873859144747,0,0,0,640,78764,147094,147094,0,0,0,0,0.5377183276165257,0.5362561227493666,-0.0014622048671590893,1024,2b8037835bb30ed9cd9ec0a57bdc069e50c24d87af461d70ac10b22728e45dba,640
1p5b_gsm8k,1p5b,gsm8k,oracle,0.0001,101,32,15.821960313711315,0,0,0,1024,128800,238582,238582,0,0,0,0,0.5377183276165257,0.4660069005571471,-0.07171142705937861,1024,2b8037835bb30ed9cd9ec0a57bdc069e50c24d87af461d70ac10b22728e45dba,1024
1p5b_gsm8k,1p5b,gsm8k,oracle,1e-05,101,32,15.954501037951559,0,0,0,1024,128800,238582,238582,0,0,0,0,0.5377183276165257,0.5319351681807334,-0.005783159435792329,1024,2b8037835bb30ed9cd9ec0a57bdc069e50c24d87af461d70ac10b22728e45dba,1024
1p5b_gsm8k,1p5b,gsm8k,oracle,3e-05,101,32,15.862167547806166,0,0,0,1024,128800,238582,238582,0,0,0,0,0.5377183276165257,0.5185697277233128,-0.019148599893212936,1024,2b8037835bb30ed9cd9ec0a57bdc069e50c24d87af461d70ac10b22728e45dba,1024
1p5b_gsm8k,1p5b,gsm8k,oracle,3e-06,101,32,16.056183253065683,0,0,0,1024,128800,238582,238582,0,0,0,0,0.5377183276165257,0.536245362349653,-0.0014729652668726834,1024,2b8037835bb30ed9cd9ec0a57bdc069e50c24d87af461d70ac10b22728e45dba,1024
1p5b_gsm8k,1p5b,gsm8k,periodic8,0.0001,101,32,8.274781580781564,1.453960066079162,3.6996977410744876,3.120135953882709,80,10370,19091,253742,96,1.900336267077364,4,2,0.5377183276165257,0.4763549295201087,-0.061363398096417,1024,2b8037835bb30ed9cd9ec0a57bdc069e50c24d87af461d70ac10b22728e45dba,32
1p5b_gsm8k,1p5b,gsm8k,periodic8,1e-05,101,32,8.339494221028872,1.4422089450526983,3.79024736804422,3.1060836669057608,80,10370,19091,253742,96,1.886709616985172,4,4,0.5377183276165257,0.5320528893555101,-0.005665438261015621,1024,2b8037835bb30ed9cd9ec0a57bdc069e50c24d87af461d70ac10b22728e45dba,32
1p5b_gsm8k,1p5b,gsm8k,periodic8,3e-05,101,32,8.345617651590146,1.4711216851137578,3.747166105080396,3.1263735530665144,80,10370,19091,253742,96,1.903323977952823,4,4,0.5377183276165257,0.5174477919890024,-0.020270535627523345,1024,2b8037835bb30ed9cd9ec0a57bdc069e50c24d87af461d70ac10b22728e45dba,32
1p5b_gsm8k,1p5b,gsm8k,periodic8,3e-06,101,32,8.313458069809712,1.4338755551725626,3.753895888919942,3.124729415285401,80,10370,19091,253742,96,1.9089453159831464,4,4,0.5377183276165257,0.5356740014616729,-0.002044326154852838,1024,2b8037835bb30ed9cd9ec0a57bdc069e50c24d87af461d70ac10b22728e45dba,32
1p5b_gsm8k_mean_control,1p5b,gsm8k,train_mean_matrix,0.0001,101,32,0.04496420209761709,0,0,0,0,0,0,0,0,0,0,0,0.5377183276165257,0.4778333345471727,-0.05988499306935302,0,2b8037835bb30ed9cd9ec0a57bdc069e50c24d87af461d70ac10b22728e45dba,0
1p5b_gsm8k_mean_control,1p5b,gsm8k,train_mean_matrix,1e-05,101,32,0.04521897132508457,0,0,0,0,0,0,0,0,0,0,0,0.5377183276165257,0.5311715957688925,-0.006546731847633214,0,2b8037835bb30ed9cd9ec0a57bdc069e50c24d87af461d70ac10b22728e45dba,0
1p5b_gsm8k_mean_control,1p5b,gsm8k,train_mean_matrix,3e-05,101,32,0.04583204968366772,0,0,0,0,0,0,0,0,0,0,0,0.5377183276165257,0.517257614625961,-0.020460712990564733,0,2b8037835bb30ed9cd9ec0a57bdc069e50c24d87af461d70ac10b22728e45dba,0
1p5b_gsm8k_mean_control,1p5b,gsm8k,train_mean_matrix,3e-06,101,32,0.18581917858682573,0,0,0,0,0,0,0,0,0,0,0,0.5377183276165257,0.5358598969665369,-0.001858430649988807,0,2b8037835bb30ed9cd9ec0a57bdc069e50c24d87af461d70ac10b22728e45dba,0
1p5b_gsm8k_sensitivity_w0,1p5b,gsm8k,frozen,3e-06,101,32,3.3115814530756325,0,0,3.3107698406092823,0,0,0,238582,96,1.7403238570550457,0,0,0.540943027476871,0.5401723700678344,-0.0007706574090365903,1024,74a2934f3622bcd01547f1649341779f9efdd4a0f986f4587abb3bd86d4e3b56,0
1p5b_gsm8k_sensitivity_w0,1p5b,gsm8k,oracle,3e-06,101,32,15.44096719159279,0,0,0,1024,128800,238582,238582,0,0,0,0,0.540943027476871,0.5407429974387236,-0.00020003003814739184,1024,74a2934f3622bcd01547f1649341779f9efdd4a0f986f4587abb3bd86d4e3b56,1024
1p5b_gsm8k_sensitivity_w0.0005,1p5b,gsm8k,frozen,3e-06,101,32,3.4775286723161116,0,0,3.476721815764904,0,0,0,238582,96,1.7294620319735259,0,0,0.38090921839644454,0.38030001886300685,-0.0006091995334376876,1024,584f6b447e1ff871b7de9d8cf386590e693186c2cb2627fa19d61eaeba610de3,0
1p5b_gsm8k_sensitivity_w0.0005,1p5b,gsm8k,oracle,3e-06,101,32,13.402833609026857,0,0,0,1024,128800,238582,238582,0,0,0,0,0.38090921839644454,0.3802704706117871,-0.0006387477846574452,1024,584f6b447e1ff871b7de9d8cf386590e693186c2cb2627fa19d61eaeba610de3,1024
1p5b_gsm8k_sensitivity_w3e-06,1p5b,gsm8k,frozen,3e-06,101,32,3.4185641179792583,0,0,3.4177277978742495,0,0,0,238582,96,1.7729267849354073,0,0,0.5402701334496322,0.5391010981837313,-0.0011690352659008418,1024,484e7ca8c21ca08e3fe2c4a54e8b553781639685fb12d71198b176e16e20498a,0
1p5b_gsm8k_sensitivity_w3e-06,1p5b,gsm8k,oracle,3e-06,101,32,15.608129137777723,0,0,0,1024,128800,238582,238582,0,0,0,0,0.5402701334496322,0.5391419894126487,-0.0011281440369834694,1024,484e7ca8c21ca08e3fe2c4a54e8b553781639685fb12d71198b176e16e20498a,1024
1p5b_gsm8k_sensitivity_w5e-05,1p5b,gsm8k,frozen,3e-06,101,32,3.3556666207732633,0,0,3.3548582760849968,0,0,0,238582,96,1.7417809009784833,0,0,0.5110808158933327,0.5088999087025339,-0.0021809071907987754,1024,6fe1fad18ce06c518380b1996563586d138fc36362cfaad0987f01008dda5255,0
1p5b_gsm8k_sensitivity_w5e-05,1p5b,gsm8k,oracle,3e-06,101,32,14.857812184956856,0,0,0,1024,128800,238582,238582,0,0,0,0,0.5110808158933327,0.5090060305889322,-0.002074785304400417,1024,6fe1fad18ce06c518380b1996563586d138fc36362cfaad0987f01008dda5255,1024
1p5b_math,1p5b,math,adaptive,0.0001,101,32,57.27299904706888,16.070994091103785,36.67884151090402,4.52082338812761,640,135734,220007,528701,96,2.052038755849935,32,17,0.6460833438556436,0.6226446384353794,-0.02343870542026416,1024,da5dcdc9566808301e4643ee7848beb9b66052697fdbcdb766f3aec977a52842,144
1p5b_math,1p5b,math,adaptive,1e-05,101,32,55.33238257688936,16.110078539932147,34.66524587478489,4.5547987358877435,640,135734,220007,528701,96,2.026564265950583,32,32,0.6460833438556436,0.6441732613406801,-0.001910082514963496,1024,da5dcdc9566808301e4643ee7848beb9b66052697fdbcdb766f3aec977a52842,144
1p5b_math,1p5b,math,adaptive,3e-05,101,32,55.017860036110505,15.962935406132601,34.53648851357866,4.516195598640479,640,135734,220007,528701,96,2.013856558012776,32,31,0.6460833438556436,0.6375037197515968,-0.008579624104046779,1024,da5dcdc9566808301e4643ee7848beb9b66052697fdbcdb766f3aec977a52842,144
1p5b_math,1p5b,math,adaptive,3e-06,101,32,55.70240648731124,17.43974508892279,34.06707330583595,4.193604320869781,640,135734,220007,528701,96,2.221836991957389,32,32,0.6460833438556436,0.6456804495336519,-0.00040289432199169806,1024,da5dcdc9566808301e4643ee7848beb9b66052697fdbcdb766f3aec977a52842,144
1p5b_math,1p5b,math,frozen,0.0001,101,32,4.8209603619761765,0,0,4.820047168061137,0,0,0,353949,96,2.1628042281372473,0,0,0.6460833438556436,0.6249882843951846,-0.021095059460458976,1024,da5dcdc9566808301e4643ee7848beb9b66052697fdbcdb766f3aec977a52842,0
1p5b_math,1p5b,math,frozen,1e-05,101,32,4.819677655235864,0,0,4.81878254422918,0,0,0,353949,96,2.0653221402317286,0,0,0.6460833438556436,0.6441854311545262,-0.001897912701117388,1024,da5dcdc9566808301e4643ee7848beb9b66052697fdbcdb766f3aec977a52842,0
1p5b_math,1p5b,math,frozen,3e-05,101,32,4.836171651841141,0,0,4.835290254093707,0,0,0,353949,96,2.0365393051179126,0,0,0.6460833438556436,0.637335507335882,-0.008747836519761631,1024,da5dcdc9566808301e4643ee7848beb9b66052697fdbcdb766f3aec977a52842,0
1p5b_math,1p5b,math,frozen,3e-06,101,32,4.70538495387882,0,0,4.704562302911654,0,0,0,353949,96,2.095495621091686,0,0,0.6460833438556436,0.6457020979490864,-0.0003812459065571927,1024,da5dcdc9566808301e4643ee7848beb9b66052697fdbcdb766f3aec977a52842,0
1p5b_math,1p5b,math,mean,0.0001,101,32,15.144504183903337,0,0,0,640,135734,220007,220007,0,0,0,0,0.6460833438556436,0.6223734940131213,-0.023709849842522335,1024,da5dcdc9566808301e4643ee7848beb9b66052697fdbcdb766f3aec977a52842,144
1p5b_math,1p5b,math,mean,1e-05,101,32,13.815286792232655,0,0,0,640,135734,220007,220007,0,0,0,0,0.6460833438556436,0.6441462362017134,-0.0019371076539301813,1024,da5dcdc9566808301e4643ee7848beb9b66052697fdbcdb766f3aec977a52842,144
1p5b_math,1p5b,math,mean,3e-05,101,32,14.847514139954,0,0,0,640,135734,220007,220007,0,0,0,0,0.6460833438556436,0.6383195443470845,-0.007763799508559099,1024,da5dcdc9566808301e4643ee7848beb9b66052697fdbcdb766f3aec977a52842,144
1p5b_math,1p5b,math,mean,3e-06,101,32,14.822514956467785,0,0,0,640,135734,220007,220007,0,0,0,0,0.6460833438556436,0.645749625209476,-0.0003337186461676023,1024,da5dcdc9566808301e4643ee7848beb9b66052697fdbcdb766f3aec977a52842,144
1p5b_math,1p5b,math,oracle20,0.0001,101,32,14.427729519316927,0,0,0,640,145945,224678,224678,0,0,0,0,0.6460833438556436,0.6223847081215964,-0.02369863573404718,1024,da5dcdc9566808301e4643ee7848beb9b66052697fdbcdb766f3aec977a52842,640
1p5b_math,1p5b,math,oracle20,1e-05,101,32,13.790425995946862,0,0,0,640,145945,224678,224678,0,0,0,0,0.6460833438556436,0.6444287957865544,-0.0016545480690891567,1024,da5dcdc9566808301e4643ee7848beb9b66052697fdbcdb766f3aec977a52842,640
1p5b_math,1p5b,math,oracle20,3e-05,101,32,13.97660764574539,0,0,0,640,145945,224678,224678,0,0,0,0,0.6460833438556436,0.638392901266764,-0.007690442588879631,1024,da5dcdc9566808301e4643ee7848beb9b66052697fdbcdb766f3aec977a52842,640
1p5b_math,1p5b,math,oracle20,3e-06,101,32,12.36842438369058,0,0,0,640,145945,224678,224678,0,0,0,0,0.6460833438556436,0.645827238110406,-0.0002561057452376003,1024,da5dcdc9566808301e4643ee7848beb9b66052697fdbcdb766f3aec977a52842,640
1p5b_math,1p5b,math,oracle,0.0001,101,32,21.8553801078815,0,0,0,1024,229024,353949,353949,0,0,0,0,0.6460833438556436,0.6219808736064862,-0.02410247024915735,1024,da5dcdc9566808301e4643ee7848beb9b66052697fdbcdb766f3aec977a52842,1024
1p5b_math,1p5b,math,oracle,1e-05,101,32,21.60085819067899,0,0,0,1024,229024,353949,353949,0,0,0,0,0.6460833438556436,0.6444392585155981,-0.0016440853400454536,1024,da5dcdc9566808301e4643ee7848beb9b66052697fdbcdb766f3aec977a52842,1024
1p5b_math,1p5b,math,oracle,3e-05,101,32,21.649513987009414,0,0,0,1024,229024,353949,353949,0,0,0,0,0.6460833438556436,0.6380363853695848,-0.008046958486058742,1024,da5dcdc9566808301e4643ee7848beb9b66052697fdbcdb766f3aec977a52842,1024
1p5b_math,1p5b,math,oracle,3e-06,101,32,22.380746120819822,0,0,0,1024,229024,353949,353949,0,0,0,0,0.6460833438556436,0.6457290292149637,-0.00035431464067992025,1024,da5dcdc9566808301e4643ee7848beb9b66052697fdbcdb766f3aec977a52842,1024
1p5b_math,1p5b,math,periodic8,0.0001,101,32,12.127146014245227,2.136447298922576,4.82306395098567,5.166389410500415,80,16976,28218,375793,96,2.12530087295454,4,1,0.6460833438556436,0.6234057383093047,-0.022677605546338908,1024,da5dcdc9566808301e4643ee7848beb9b66052697fdbcdb766f3aec977a52842,32
1p5b_math,1p5b,math,periodic8,1e-05,101,32,11.571076559950598,2.0553881051018834,4.42301519587636,5.091510405531153,80,16976,28218,375793,96,2.042887251940556,4,4,0.6460833438556436,0.6440818482698261,-0.0020014955858175254,1024,da5dcdc9566808301e4643ee7848beb9b66052697fdbcdb766f3aec977a52842,32
1p5b_math,1p5b,math,periodic8,3e-05,101,32,10.79540591512341,2.037172355921939,4.011634002206847,4.745539837051183,80,16976,28218,375793,96,1.9174848719267175,4,3,0.6460833438556436,0.6373542336403681,-0.008729110215275449,1024,da5dcdc9566808301e4643ee7848beb9b66052697fdbcdb766f3aec977a52842,32
1p5b_math,1p5b,math,periodic8,3e-06,101,32,11.648844147101045,2.158708600094542,4.546382136992179,4.942603119881824,80,16976,28218,375793,96,2.206212941906415,4,4,0.6460833438556436,0.6457404653735616,-0.00034287848208203187,1024,da5dcdc9566808301e4643ee7848beb9b66052697fdbcdb766f3aec977a52842,32
1p5b_math_mean_control,1p5b,math,train_mean_matrix,0.0001,101,32,0.04657836991827935,0,0,0,0,0,0,0,0,0,0,0,0.6460833438556436,0.6251424801473041,-0.020940863708339474,0,da5dcdc9566808301e4643ee7848beb9b66052697fdbcdb766f3aec977a52842,0
1p5b_math_mean_control,1p5b,math,train_mean_matrix,1e-05,101,32,0.04746544675435871,0,0,0,0,0,0,0,0,0,0,0,0.6460833438556436,0.643953760344402,-0.002129583511241595,0,da5dcdc9566808301e4643ee7848beb9b66052697fdbcdb766f3aec977a52842,0
1p5b_math_mean_control,1p5b,math,train_mean_matrix,3e-05,101,32,0.048297407804057,0,0,0,0,0,0,0,0,0,0,0,0.6460833438556436,0.6370428513293908,-0.00904049252625283,0,da5dcdc9566808301e4643ee7848beb9b66052697fdbcdb766f3aec977a52842,0
1p5b_math_mean_control,1p5b,math,train_mean_matrix,3e-06,101,32,0.1961597182089463,0,0,0,0,0,0,0,0,0,0,0,0.6460833438556436,0.6456979270616648,-0.0003854167939787434,0,da5dcdc9566808301e4643ee7848beb9b66052697fdbcdb766f3aec977a52842,0
1p5b_openbookqa,1p5b,openbookqa,adaptive,0.0001,101,32,36.617922174045816,10.595493629109114,23.668068263563327,2.3525337500032037,640,3840,48467,117910,96,1.694069848046638,32,25,0.10924955256632529,0.14002731936034252,0.030777766794017225,1024,04ea35eb9c7184d05038223c70c10caea0748627354b6dec589a1211c491058b,144
1p5b_openbookqa,1p5b,openbookqa,adaptive,1e-05,101,32,38.162461615982465,11.248209949349985,24.583184507093392,2.329237902769819,640,3840,48467,117910,96,1.6904444578103721,32,29,0.10924955256632529,0.11101152079936583,0.001761968233040534,1024,04ea35eb9c7184d05038223c70c10caea0748627354b6dec589a1211c491058b,144
1p5b_openbookqa,1p5b,openbookqa,adaptive,3e-05,101,32,34.94667313573882,9.92388394579757,22.702529641450383,2.3184492730069906,640,3840,48467,117910,96,1.6992156390333548,32,28,0.10924955256632529,0.1175244919868419,0.008274939420516603,1024,04ea35eb9c7184d05038223c70c10caea0748627354b6dec589a1211c491058b,144
1p5b_openbookqa,1p5b,openbookqa,adaptive,3e-06,101,32,38.054456306039356,11.090538440155797,24.587453137384728,2.3745720982551575,640,3840,48467,117910,96,1.7226971469353884,32,30,0.10924955256632529,0.10886889306129888,-0.000380659505026415,1024,04ea35eb9c7184d05038223c70c10caea0748627354b6dec589a1211c491058b,144
1p5b_openbookqa,1p5b,openbookqa,frozen,0.0001,101,32,2.6105246571823955,0,0,2.6097700427053496,0,0,0,79286,96,1.3664825758896768,0,0,0.10924955256632529,0.15524284879847983,0.045993296232154535,1024,04ea35eb9c7184d05038223c70c10caea0748627354b6dec589a1211c491058b,0
1p5b_openbookqa,1p5b,openbookqa,frozen,1e-05,101,32,2.614396828925237,0,0,2.6136434730142355,0,0,0,79286,96,1.5965228929417208,0,0,0.10924955256632529,0.11042373040982056,0.001174177843495272,1024,04ea35eb9c7184d05038223c70c10caea0748627354b6dec589a1211c491058b,0
1p5b_openbookqa,1p5b,openbookqa,frozen,3e-05,101,32,2.6061209025792778,0,0,2.605382841662504,0,0,0,79286,96,1.4839146540034562,0,0,0.10924955256632529,0.11667377599223983,0.0074242234259145334,1024,04ea35eb9c7184d05038223c70c10caea0748627354b6dec589a1211c491058b,0
1p5b_openbookqa,1p5b,openbookqa,frozen,3e-06,101,32,2.729629469802603,0,0,2.728862736141309,0,0,0,79286,96,1.5780749319819734,0,0,0.10924955256632529,0.10978122957749292,0.0005316770111676306,1024,04ea35eb9c7184d05038223c70c10caea0748627354b6dec589a1211c491058b,0
1p5b_openbookqa,1p5b,openbookqa,mean,0.0001,101,32,7.774032530840486,0,0,0,640,3840,48467,48467,0,0,0,0,0.10924955256632529,0.11962223780574277,0.010372685239417478,1024,04ea35eb9c7184d05038223c70c10caea0748627354b6dec589a1211c491058b,144
1p5b_openbookqa,1p5b,openbookqa,mean,1e-05,101,32,9.470691928407177,0,0,0,640,3840,48467,48467,0,0,0,0,0.10924955256632529,0.10997415499878116,0.0007246024324558675,1024,04ea35eb9c7184d05038223c70c10caea0748627354b6dec589a1211c491058b,144
1p5b_openbookqa,1p5b,openbookqa,mean,3e-05,101,32,8.779524004086852,0,0,0,640,3840,48467,48467,0,0,0,0,0.10924955256632529,0.11293557357566897,0.0036860210093436763,1024,04ea35eb9c7184d05038223c70c10caea0748627354b6dec589a1211c491058b,144
1p5b_openbookqa,1p5b,openbookqa,mean,3e-06,101,32,9.491526419529691,0,0,0,640,3840,48467,48467,0,0,0,0,0.10924955256632529,0.11022275610594079,0.000973203539615497,1024,04ea35eb9c7184d05038223c70c10caea0748627354b6dec589a1211c491058b,144
1p5b_openbookqa,1p5b,openbookqa,oracle20,0.0001,101,32,7.891114276950248,0,0,0,640,3840,49545,49545,0,0,0,0,0.10924955256632529,0.10600336428615265,-0.003246188280172646,1024,04ea35eb9c7184d05038223c70c10caea0748627354b6dec589a1211c491058b,640
1p5b_openbookqa,1p5b,openbookqa,oracle20,1e-05,101,32,9.431673821760342,0,0,0,640,3840,49545,49545,0,0,0,0,0.10924955256632529,0.10879069243674167,-0.000458860129583627,1024,04ea35eb9c7184d05038223c70c10caea0748627354b6dec589a1211c491058b,640
1p5b_openbookqa,1p5b,openbookqa,oracle20,3e-05,101,32,9.453430839814246,0,0,0,640,3840,49545,49545,0,0,0,0,0.10924955256632529,0.10808713527512737,-0.0011624172911979258,1024,04ea35eb9c7184d05038223c70c10caea0748627354b6dec589a1211c491058b,640
1p5b_openbookqa,1p5b,openbookqa,oracle20,3e-06,101,32,9.24385083199013,0,0,0,640,3840,49545,49545,0,0,0,0,0.10924955256632529,0.11013118893606588,0.0008816363697405905,1024,04ea35eb9c7184d05038223c70c10caea0748627354b6dec589a1211c491058b,640
1p5b_openbookqa,1p5b,openbookqa,oracle,0.0001,101,32,13.714929130277596,0,0,0,1024,6144,79286,79286,0,0,0,0,0.10924955256632529,0.10601465936633758,-0.0032348931999877095,1024,04ea35eb9c7184d05038223c70c10caea0748627354b6dec589a1211c491058b,1024
1p5b_openbookqa,1p5b,openbookqa,oracle,1e-05,101,32,14.727873903233558,0,0,0,1024,6144,79286,79286,0,0,0,0,0.10924955256632529,0.10927571848151274,2.6165915187448263e-05,1024,04ea35eb9c7184d05038223c70c10caea0748627354b6dec589a1211c491058b,1024
1p5b_openbookqa,1p5b,openbookqa,oracle,3e-05,101,32,15.43164838233497,0,0,0,1024,6144,79286,79286,0,0,0,0,0.10924955256632529,0.1087028972688131,-0.0005466552975121886,1024,04ea35eb9c7184d05038223c70c10caea0748627354b6dec589a1211c491058b,1024
1p5b_openbookqa,1p5b,openbookqa,oracle,3e-06,101,32,15.597484129015356,0,0,0,1024,6144,79286,79286,0,0,0,0,0.10924955256632529,0.10943172086263075,0.00018216829630546272,1024,04ea35eb9c7184d05038223c70c10caea0748627354b6dec589a1211c491058b,1024
1p5b_openbookqa,1p5b,openbookqa,periodic8,0.0001,101,32,6.989173934678547,1.2908816180424765,3.115463219815865,2.581915408023633,80,480,6048,84114,96,1.7780202401336282,4,1,0.10924955256632529,0.16467859799649887,0.055429045430173574,1024,04ea35eb9c7184d05038223c70c10caea0748627354b6dec589a1211c491058b,32
1p5b_openbookqa,1p5b,openbookqa,periodic8,1e-05,101,32,6.7700217148521915,1.2292709428584203,2.987849914119579,2.5520221879705787,80,480,6048,84114,96,1.718577443039976,4,4,0.10924955256632529,0.11055832021520473,0.0013087676488794386,1024,04ea35eb9c7184d05038223c70c10caea0748627354b6dec589a1211c491058b,32
1p5b_openbookqa,1p5b,openbookqa,periodic8,3e-05,101,32,7.046504835248925,1.3728694731835276,3.082410820061341,2.590306115685962,80,480,6048,84114,96,1.7459620010340586,4,3,0.10924955256632529,0.11822523460432421,0.008975682037998922,1024,04ea35eb9c7184d05038223c70c10caea0748627354b6dec589a1211c491058b,32
1p5b_openbookqa,1p5b,openbookqa,periodic8,3e-06,101,32,6.806765272864141,1.353529095184058,2.917988490080461,2.534337173914537,80,480,6048,84114,96,1.7066849948605523,4,4,0.10924955256632529,0.10975535435136408,0.0005058017850387841,1024,04ea35eb9c7184d05038223c70c10caea0748627354b6dec589a1211c491058b,32
1p5b_openbookqa_mean_control,1p5b,openbookqa,train_mean_matrix,0.0001,101,32,0.045636363909579813,0,0,0,0,0,0,0,0,0,0,0,0.10924955256632529,0.13520670373691246,0.025957151170587167,0,04ea35eb9c7184d05038223c70c10caea0748627354b6dec589a1211c491058b,0
1p5b_openbookqa_mean_control,1p5b,openbookqa,train_mean_matrix,1e-05,101,32,0.0498726210789755,0,0,0,0,0,0,0,0,0,0,0,0.10924955256632529,0.10873575456207618,-0.0005137980042491108,0,04ea35eb9c7184d05038223c70c10caea0748627354b6dec589a1211c491058b,0
1p5b_openbookqa_mean_control,1p5b,openbookqa,train_mean_matrix,3e-05,101,32,0.04646895872429013,0,0,0,0,0,0,0,0,0,0,0,0.10924955256632529,0.11001138662686571,0.0007618340605404228,0,04ea35eb9c7184d05038223c70c10caea0748627354b6dec589a1211c491058b,0
1p5b_openbookqa_mean_control,1p5b,openbookqa,train_mean_matrix,3e-06,101,32,0.18405988032463938,0,0,0,0,0,0,0,0,0,0,0,0.10924955256632529,0.1088696772349067,-0.00037987533141858876,0,04ea35eb9c7184d05038223c70c10caea0748627354b6dec589a1211c491058b,0
1p5b_svamp,1p5b,svamp,adaptive,0.0001,101,32,36.20896037877537,10.114034859579988,23.64954105997458,2.443645798484795,640,16350,74187,176456,96,1.5998311509611085,32,16,1.2465398809686081,0.7223214431929147,-0.5242184377756934,128,781b3bba135717882f8fac9b6a3ac9aa2a7ed6d963fa50abbbe28ccbaeae29c9,96
1p5b_svamp,1p5b,svamp,adaptive,1e-05,101,32,36.14474676712416,9.956499185296707,23.748334100237116,2.4381840931018814,640,16350,74187,176456,96,1.7981686989078298,32,32,1.2465398809686081,1.1883723180021843,-0.05816756296642378,128,781b3bba135717882f8fac9b6a3ac9aa2a7ed6d963fa50abbbe28ccbaeae29c9,96
1p5b_svamp,1p5b,svamp,adaptive,3e-05,101,32,38.886314364383,11.230808392167091,25.221066553960554,2.4327394630527124,640,16350,74187,176456,96,1.7050331420032308,32,26,1.2465398809686081,1.069733864877727,-0.1768060160908811,128,781b3bba135717882f8fac9b6a3ac9aa2a7ed6d963fa50abbbe28ccbaeae29c9,96
1p5b_svamp,1p5b,svamp,adaptive,3e-06,101,32,38.32475775491912,11.13134034909308,24.75443949806504,2.4372817111434415,640,16350,74187,176456,96,1.703433794900775,32,32,1.2465398809686081,1.2286763545359527,-0.01786352643265543,128,781b3bba135717882f8fac9b6a3ac9aa2a7ed6d963fa50abbbe28ccbaeae29c9,96
1p5b_svamp,1p5b,svamp,frozen,0.0001,101,32,2.6989405672065914,0,0,2.698250682791695,0,0,0,116776,96,1.5993499218020588,0,0,1.2465398809686081,0.9561066495681051,-0.29043323140050303,128,781b3bba135717882f8fac9b6a3ac9aa2a7ed6d963fa50abbbe28ccbaeae29c9,0
1p5b_svamp,1p5b,svamp,frozen,1e-05,101,32,2.707776856957935,0,0,2.7070695833535865,0,0,0,116776,96,1.6376182440435514,0,0,1.2465398809686081,1.1885256662528385,-0.05801421471576962,128,781b3bba135717882f8fac9b6a3ac9aa2a7ed6d963fa50abbbe28ccbaeae29c9,0
1p5b_svamp,1p5b,svamp,frozen,3e-05,101,32,2.694628017139621,0,0,2.6939473419915885,0,0,0,116776,96,1.5833259819773957,0,0,1.2465398809686081,1.072080812087974,-0.17445906888063423,128,781b3bba135717882f8fac9b6a3ac9aa2a7ed6d963fa50abbbe28ccbaeae29c9,0
1p5b_svamp,1p5b,svamp,frozen,3e-06,101,32,2.7673543402925134,0,0,2.76668388012331,0,0,0,116776,96,1.5712393950670958,0,0,1.2465398809686081,1.2297033742025665,-0.016836506766041648,128,781b3bba135717882f8fac9b6a3ac9aa2a7ed6d963fa50abbbe28ccbaeae29c9,0
1p5b_svamp,1p5b,svamp,mean,0.0001,101,32,9.109287385712378,0,0,0,640,16350,74187,74187,0,0,0,0,1.2465398809686081,0.6095403054483052,-0.636999575520303,128,781b3bba135717882f8fac9b6a3ac9aa2a7ed6d963fa50abbbe28ccbaeae29c9,96
1p5b_svamp,1p5b,svamp,mean,1e-05,101,32,9.417351327836514,0,0,0,640,16350,74187,74187,0,0,0,0,1.2465398809686081,1.1903721592915109,-0.05616772167709727,128,781b3bba135717882f8fac9b6a3ac9aa2a7ed6d963fa50abbbe28ccbaeae29c9,96
1p5b_svamp,1p5b,svamp,mean,3e-05,101,32,9.456878637196496,0,0,0,640,16350,74187,74187,0,0,0,0,1.2465398809686081,1.06780085183159,-0.1787390291370181,128,781b3bba135717882f8fac9b6a3ac9aa2a7ed6d963fa50abbbe28ccbaeae29c9,96
1p5b_svamp,1p5b,svamp,mean,3e-06,101,32,9.465693631209433,0,0,0,640,16350,74187,74187,0,0,0,0,1.2465398809686081,1.2299354014393817,-0.01660447952922639,128,781b3bba135717882f8fac9b6a3ac9aa2a7ed6d963fa50abbbe28ccbaeae29c9,96
1p5b_svamp,1p5b,svamp,oracle20,0.0001,101,32,8.884137123939581,0,0,0,640,16378,72563,72563,0,0,0,0,1.2465398809686081,0.6338589589394856,-0.6126809220291225,128,781b3bba135717882f8fac9b6a3ac9aa2a7ed6d963fa50abbbe28ccbaeae29c9,128
1p5b_svamp,1p5b,svamp,oracle20,1e-05,101,32,9.993109163362533,0,0,0,640,16378,72563,72563,0,0,0,0,1.2465398809686081,1.1914661550550352,-0.05507372591357296,128,781b3bba135717882f8fac9b6a3ac9aa2a7ed6d963fa50abbbe28ccbaeae29c9,128
1p5b_svamp,1p5b,svamp,oracle20,3e-05,101,32,9.447411663364619,0,0,0,640,16378,72563,72563,0,0,0,0,1.2465398809686081,1.0679100195733073,-0.1786298613953008,128,781b3bba135717882f8fac9b6a3ac9aa2a7ed6d963fa50abbbe28ccbaeae29c9,128
1p5b_svamp,1p5b,svamp,oracle20,3e-06,101,32,9.369959498057142,0,0,0,640,16378,72563,72563,0,0,0,0,1.2465398809686081,1.2313612968851833,-0.015178584083424873,128,781b3bba135717882f8fac9b6a3ac9aa2a7ed6d963fa50abbbe28ccbaeae29c9,128
1p5b_svamp,1p5b,svamp,oracle,0.0001,101,32,14.045541374362074,0,0,0,1024,26280,116776,116776,0,0,0,0,1.2465398809686081,0.6205503781327785,-0.6259895028358297,128,781b3bba135717882f8fac9b6a3ac9aa2a7ed6d963fa50abbbe28ccbaeae29c9,128
1p5b_svamp,1p5b,svamp,oracle,1e-05,101,32,16.105735822115093,0,0,0,1024,26280,116776,116776,0,0,0,0,1.2465398809686081,1.1916667818666857,-0.054873099101922396,128,781b3bba135717882f8fac9b6a3ac9aa2a7ed6d963fa50abbbe28ccbaeae29c9,128
1p5b_svamp,1p5b,svamp,oracle,3e-05,101,32,15.19924211059697,0,0,0,1024,26280,116776,116776,0,0,0,0,1.2465398809686081,1.0650568774055735,-0.1814830035630346,128,781b3bba135717882f8fac9b6a3ac9aa2a7ed6d963fa50abbbe28ccbaeae29c9,128
1p5b_svamp,1p5b,svamp,oracle,3e-06,101,32,15.26715984835755,0,0,0,1024,26280,116776,116776,0,0,0,0,1.2465398809686081,1.2302751412879045,-0.016264739680703633,128,781b3bba135717882f8fac9b6a3ac9aa2a7ed6d963fa50abbbe28ccbaeae29c9,128
1p5b_svamp,1p5b,svamp,periodic8,0.0001,101,32,7.187363135977648,1.3617045741993934,3.172884622006677,2.6519313376629725,80,2018,9151,124236,96,1.7595062270993367,4,1,1.2465398809686081,0.7912632916690486,-0.4552765892995595,128,781b3bba135717882f8fac9b6a3ac9aa2a7ed6d963fa50abbbe28ccbaeae29c9,31
1p5b_svamp,1p5b,svamp,periodic8,1e-05,101,32,7.149913460249081,1.342109321965836,3.1427021219860762,2.6642823691945523,80,2018,9151,124236,96,1.710044652922079,4,4,1.2465398809686081,1.18902812606905,-0.057511754899558065,128,781b3bba135717882f8fac9b6a3ac9aa2a7ed6d963fa50abbbe28ccbaeae29c9,31
1p5b_svamp,1p5b,svamp,periodic8,3e-05,101,32,7.130193536402658,1.3082730070455,3.066017191973515,2.7550192954950035,80,2018,9151,124236,96,1.7297745129326358,4,3,1.2465398809686081,1.0708516445690048,-0.1756882363996033,128,781b3bba135717882f8fac9b6a3ac9aa2a7ed6d963fa50abbbe28ccbaeae29c9,31
1p5b_svamp,1p5b,svamp,periodic8,3e-06,101,32,7.221492634038441,1.3421346881659701,3.2229263939661905,2.655594564625062,80,2018,9151,124236,96,1.7453690578695387,4,4,1.2465398809686081,1.2305392381750175,-0.01600064279359059,128,781b3bba135717882f8fac9b6a3ac9aa2a7ed6d963fa50abbbe28ccbaeae29c9,31
1p5b_svamp_mean_control,1p5b,svamp,train_mean_matrix,0.0001,101,32,0.04474061576183885,0,0,0,0,0,0,0,0,0,0,0,1.2465398809686081,0.8867816067853518,-0.35975827418325634,0,781b3bba135717882f8fac9b6a3ac9aa2a7ed6d963fa50abbbe28ccbaeae29c9,0
1p5b_svamp_mean_control,1p5b,svamp,train_mean_matrix,1e-05,101,32,0.04501972999423742,0,0,0,0,0,0,0,0,0,0,0,1.2465398809686081,1.1885022244906611,-0.05803765647794701,0,781b3bba135717882f8fac9b6a3ac9aa2a7ed6d963fa50abbbe28ccbaeae29c9,0
1p5b_svamp_mean_control,1p5b,svamp,train_mean_matrix,3e-05,101,32,0.04493005864787847,0,0,0,0,0,0,0,0,0,0,0,1.2465398809686081,1.0683469814379203,-0.17819289953068784,0,781b3bba135717882f8fac9b6a3ac9aa2a7ed6d963fa50abbbe28ccbaeae29c9,0
1p5b_svamp_mean_control,1p5b,svamp,train_mean_matrix,3e-06,101,32,0.2008734771516174,0,0,0,0,0,0,0,0,0,0,0,1.2465398809686081,1.2304252894139902,-0.01611459155461792,0,781b3bba135717882f8fac9b6a3ac9aa2a7ed6d963fa50abbbe28ccbaeae29c9,0
7b_aqua,7b,aqua,adaptive,0.0001,101,32,58.06223386817146,16.33990265999455,36.79823529499117,4.922182355541736,640,52070,126265,319741,96,2.649248714093119,32,14,1.9979738809845664,1.3725594467089581,-0.6254144342756083,1024,bc8e8588c92fa17cfd08e8712f27c30c9856b3a5921ede0caf42ae049c747d5d,144
7b_aqua,7b,aqua,adaptive,1e-05,101,32,57.399330118321814,16.374537496012636,36.11894461000338,4.9038842329755425,640,52070,126265,319741,96,2.572410467080772,32,26,1.9979738809845664,1.8829058235341853,-0.11506805745038107,1024,bc8e8588c92fa17cfd08e8712f27c30c9856b3a5921ede0caf42ae049c747d5d,144
7b_aqua,7b,aqua,adaptive,3e-05,101,32,57.9569955104962,16.334086705814116,36.78369505691808,4.837277872371487,640,52070,126265,319741,96,2.639122005086392,32,20,1.9979738809845664,1.6614346901300867,-0.3365391908544797,1024,bc8e8588c92fa17cfd08e8712f27c30c9856b3a5921ede0caf42ae049c747d5d,144
7b_aqua,7b,aqua,adaptive,3e-06,101,32,56.475661074742675,16.30084483907558,35.298207997810096,4.874694968573749,640,52070,126265,319741,96,2.5604135639732704,32,25,1.9979738809845664,1.9693537675227102,-0.028620113461856223,1024,bc8e8588c92fa17cfd08e8712f27c30c9856b3a5921ede0caf42ae049c747d5d,144
7b_aqua,7b,aqua,frozen,0.0001,101,32,5.348595658433624,0,0,5.347788035403937,0,0,0,221693,96,2.492753822938539,0,0,1.9979738809845664,1.6223201793997655,-0.37565370158480094,1024,bc8e8588c92fa17cfd08e8712f27c30c9856b3a5921ede0caf42ae049c747d5d,0
7b_aqua,7b,aqua,frozen,1e-05,101,32,5.384296040865593,0,0,5.383510829880834,0,0,0,221693,96,2.5084377710008994,0,0,1.9979738809845664,1.8821750186413173,-0.1157988623432491,1024,bc8e8588c92fa17cfd08e8712f27c30c9856b3a5921ede0caf42ae049c747d5d,0
7b_aqua,7b,aqua,frozen,3e-05,101,32,5.38290687953122,0,0,5.382114643114619,0,0,0,221693,96,2.4977496279170737,0,0,1.9979738809845664,1.6690429429409532,-0.3289309380436132,1024,bc8e8588c92fa17cfd08e8712f27c30c9856b3a5921ede0caf42ae049c747d5d,0
7b_aqua,7b,aqua,frozen,3e-06,101,32,5.537696116836742,0,0,5.536890517687425,0,0,0,221693,96,2.568163860007189,0,0,1.9979738809845664,1.9692148982182793,-0.028758982766287078,1024,bc8e8588c92fa17cfd08e8712f27c30c9856b3a5921ede0caf42ae049c747d5d,0
7b_aqua,7b,aqua,mean,0.0001,101,32,13.803803516551852,0,0,0,640,52070,126265,126265,0,0,0,0,1.9979738809845664,1.337253658408704,-0.6607202225758624,1024,bc8e8588c92fa17cfd08e8712f27c30c9856b3a5921ede0caf42ae049c747d5d,144
7b_aqua,7b,aqua,mean,1e-05,101,32,13.845530106220394,0,0,0,640,52070,126265,126265,0,0,0,0,1.9979738809845664,1.8840716168343314,-0.11390226415023497,1024,bc8e8588c92fa17cfd08e8712f27c30c9856b3a5921ede0caf42ae049c747d5d,144
7b_aqua,7b,aqua,mean,3e-05,101,32,13.828656447934918,0,0,0,640,52070,126265,126265,0,0,0,0,1.9979738809845664,1.656314512769224,-0.3416593682153424,1024,bc8e8588c92fa17cfd08e8712f27c30c9856b3a5921ede0caf42ae049c747d5d,144
7b_aqua,7b,aqua,mean,3e-06,101,32,13.815926670911722,0,0,0,640,52070,126265,126265,0,0,0,0,1.9979738809845664,1.9698364436037457,-0.02813743738082075,1024,bc8e8588c92fa17cfd08e8712f27c30c9856b3a5921ede0caf42ae049c747d5d,144
7b_aqua,7b,aqua,oracle20,0.0001,101,32,14.313038341002539,0,0,0,640,58133,137256,137256,0,0,0,0,1.9979738809845664,1.3204855715568828,-0.6774883094276836,1024,bc8e8588c92fa17cfd08e8712f27c30c9856b3a5921ede0caf42ae049c747d5d,640
7b_aqua,7b,aqua,oracle20,1e-05,101,32,14.329130973783322,0,0,0,640,58133,137256,137256,0,0,0,0,1.9979738809845664,1.8819741179113803,-0.11599976307318616,1024,bc8e8588c92fa17cfd08e8712f27c30c9856b3a5921ede0caf42ae049c747d5d,640
7b_aqua,7b,aqua,oracle20,3e-05,101,32,14.322291175136343,0,0,0,640,58133,137256,137256,0,0,0,0,1.9979738809845664,1.6556825014442322,-0.3422913795403342,1024,bc8e8588c92fa17cfd08e8712f27c30c9856b3a5921ede0caf42ae049c747d5d,640
7b_aqua,7b,aqua,oracle20,3e-06,101,32,14.321594932465814,0,0,0,640,58133,137256,137256,0,0,0,0,1.9979738809845664,1.9707629968879723,-0.027210884096594112,1024,bc8e8588c92fa17cfd08e8712f27c30c9856b3a5921ede0caf42ae049c747d5d,640
7b_aqua,7b,aqua,oracle,0.0001,101,32,23.374698594096117,0,0,0,1024,96090,221693,221693,0,0,0,0,1.9979738809845664,1.3166904673628186,-0.6812834136217478,1024,bc8e8588c92fa17cfd08e8712f27c30c9856b3a5921ede0caf42ae049c747d5d,1024
7b_aqua,7b,aqua,oracle,1e-05,101,32,23.40265646390617,0,0,0,1024,96090,221693,221693,0,0,0,0,1.9979738809845664,1.8819237324795703,-0.11605014850499606,1024,bc8e8588c92fa17cfd08e8712f27c30c9856b3a5921ede0caf42ae049c747d5d,1024
7b_aqua,7b,aqua,oracle,3e-05,101,32,23.404958974104375,0,0,0,1024,96090,221693,221693,0,0,0,0,1.9979738809845664,1.6536056159631065,-0.3443682650214599,1024,bc8e8588c92fa17cfd08e8712f27c30c9856b3a5921ede0caf42ae049c747d5d,1024
7b_aqua,7b,aqua,oracle,3e-06,101,32,23.67771625809837,0,0,0,1024,96090,221693,221693,0,0,0,0,1.9979738809845664,1.9693152774464,-0.028658603538166405,1024,bc8e8588c92fa17cfd08e8712f27c30c9856b3a5921ede0caf42ae049c747d5d,1024
7b_aqua,7b,aqua,periodic8,0.0001,101,32,11.884835898992606,1.9812582290032879,4.58465818001423,5.3179788088891655,80,6165,15452,233949,96,2.606398629024625,4,0,1.9979738809845664,1.474577192732468,-0.5233966882520984,1024,bc8e8588c92fa17cfd08e8712f27c30c9856b3a5921ede0caf42ae049c747d5d,32
7b_aqua,7b,aqua,periodic8,1e-05,101,32,11.654554212116636,1.9513587011024356,4.419853172963485,5.282395650050603,80,6165,15452,233949,96,2.5906177919823676,4,2,1.9979738809845664,1.883434120727622,-0.11453976025694446,1024,bc8e8588c92fa17cfd08e8712f27c30c9856b3a5921ede0caf42ae049c747d5d,32
7b_aqua,7b,aqua,periodic8,3e-05,101,32,11.863348515937105,1.9779463401064277,4.578766562975943,5.305692345951684,80,6165,15452,233949,96,2.6077486489666626,4,1,1.9979738809845664,1.665854375117381,-0.3321195058671853,1024,bc8e8588c92fa17cfd08e8712f27c30c9856b3a5921ede0caf42ae049c747d5d,32
7b_aqua,7b,aqua,periodic8,3e-06,101,32,11.64041154005099,1.959107297938317,4.357242725091055,5.323138143401593,80,6165,15452,233949,96,2.5711485270876437,4,2,1.9979738809845664,1.9694859010310983,-0.02848797995346808,1024,bc8e8588c92fa17cfd08e8712f27c30c9856b3a5921ede0caf42ae049c747d5d,32
7b_aqua_mean_control,7b,aqua,train_mean_matrix,0.0001,101,32,0.4527249737875536,0,0,0,0,0,0,0,0,0,0,0,1.9979738809845664,1.641303173920854,-0.3566707070637125,0,bc8e8588c92fa17cfd08e8712f27c30c9856b3a5921ede0caf42ae049c747d5d,0
7b_aqua_mean_control,7b,aqua,train_mean_matrix,1e-05,101,32,0.4400343287270516,0,0,0,0,0,0,0,0,0,0,0,1.9979738809845664,1.8802217594130708,-0.11775212157149562,0,bc8e8588c92fa17cfd08e8712f27c30c9856b3a5921ede0caf42ae049c747d5d,0
7b_aqua_mean_control,7b,aqua,train_mean_matrix,3e-05,101,32,0.5367600951576605,0,0,0,0,0,0,0,0,0,0,0,1.9979738809845664,1.6836524672776814,-0.31432141370688504,0,bc8e8588c92fa17cfd08e8712f27c30c9856b3a5921ede0caf42ae049c747d5d,0
7b_aqua_mean_control,7b,aqua,train_mean_matrix,3e-06,101,32,0.6680166806327179,0,0,0,0,0,0,0,0,0,0,0,1.9979738809845664,1.9676506266881355,-0.0303232542964309,0,bc8e8588c92fa17cfd08e8712f27c30c9856b3a5921ede0caf42ae049c747d5d,0
7b_arc_challenge,7b,arc_challenge,adaptive,0.0001,101,32,43.133575618849136,12.403030437068082,27.588043033028953,3.140736356144771,640,3840,62357,154256,96,1.874195339041762,32,19,0.07749815632562296,0.07707363417292612,-0.0004245221526968379,256,ca37aa913a3bb290c928b5cb58ac8a59fa258f5ea267ece1b5d6d3b8f4378cd7,126
7b_arc_challenge,7b,arc_challenge,adaptive,1e-05,101,32,41.20210974290967,11.544325447874144,26.516884883400053,3.1391611768631265,640,3840,62357,154256,96,2.005042988108471,32,26,0.07749815632562296,0.07922855645066207,0.001730400125039111,256,ca37aa913a3bb290c928b5cb58ac8a59fa258f5ea267ece1b5d6d3b8f4378cd7,126
7b_arc_challenge,7b,arc_challenge,adaptive,3e-05,101,32,43.960710883606225,12.652874513994902,28.171278720139526,3.134758056141436,640,3840,62357,154256,96,1.9990299730561674,32,25,0.07749815632562296,0.07848392425419348,0.0009857679285705245,256,ca37aa913a3bb290c928b5cb58ac8a59fa258f5ea267ece1b5d6d3b8f4378cd7,126
7b_arc_challenge,7b,arc_challenge,adaptive,3e-06,101,32,43.681708138319664,12.605907819932327,27.892397362040356,3.1816030375193805,640,3840,62357,154256,96,2.0173597700195387,32,28,0.07749815632562296,0.07847357795977672,0.0009754216341537614,256,ca37aa913a3bb290c928b5cb58ac8a59fa258f5ea267ece1b5d6d3b8f4378cd7,126
7b_arc_challenge,7b,arc_challenge,frozen,0.0001,101,32,3.4880289478460327,0,0,3.4873030657181516,0,0,0,105104,96,1.691698201932013,0,0,0.07749815632562296,0.09292469095944966,0.015426534633826705,256,ca37aa913a3bb290c928b5cb58ac8a59fa258f5ea267ece1b5d6d3b8f4378cd7,0
7b_arc_challenge,7b,arc_challenge,frozen,1e-05,101,32,3.505875305039808,0,0,3.505147229647264,0,0,0,105104,96,1.850024920888245,0,0,0.07749815632562296,0.07989157100869271,0.00239341468306975,256,ca37aa913a3bb290c928b5cb58ac8a59fa258f5ea267ece1b5d6d3b8f4378cd7,0
7b_arc_challenge,7b,arc_challenge,frozen,3e-05,101,32,3.516221126774326,0,0,3.5155022125691175,0,0,0,105104,96,1.8582701151026413,0,0,0.07749815632562296,0.08125736118159743,0.003759204855974474,256,ca37aa913a3bb290c928b5cb58ac8a59fa258f5ea267ece1b5d6d3b8f4378cd7,0
7b_arc_challenge,7b,arc_challenge,frozen,3e-06,101,32,3.6483981339260936,0,0,3.647661777562462,0,0,0,105104,96,1.891428375034593,0,0,0.07749815632562296,0.07775364786065886,0.00025549153503590105,256,ca37aa913a3bb290c928b5cb58ac8a59fa258f5ea267ece1b5d6d3b8f4378cd7,0
7b_arc_challenge,7b,arc_challenge,mean,0.0001,101,32,9.097107156878337,0,0,0,640,3840,62357,62357,0,0,0,0,0.07749815632562296,0.06415500834743426,-0.013343147978188696,256,ca37aa913a3bb290c928b5cb58ac8a59fa258f5ea267ece1b5d6d3b8f4378cd7,126
7b_arc_challenge,7b,arc_challenge,mean,1e-05,101,32,9.427984424983151,0,0,0,640,3840,62357,62357,0,0,0,0,0.07749815632562296,0.07657168630363209,-0.0009264700219908661,256,ca37aa913a3bb290c928b5cb58ac8a59fa258f5ea267ece1b5d6d3b8f4378cd7,126
7b_arc_challenge,7b,arc_challenge,mean,3e-05,101,32,9.568196398206055,0,0,0,640,3840,62357,62357,0,0,0,0,0.07749815632562296,0.07462728524724938,-0.0028708710783735825,256,ca37aa913a3bb290c928b5cb58ac8a59fa258f5ea267ece1b5d6d3b8f4378cd7,126
7b_arc_challenge,7b,arc_challenge,mean,3e-06,101,32,9.531764094950631,0,0,0,640,3840,62357,62357,0,0,0,0,0.07749815632562296,0.07785210975446333,0.00035395342884037007,256,ca37aa913a3bb290c928b5cb58ac8a59fa258f5ea267ece1b5d6d3b8f4378cd7,126
7b_arc_challenge,7b,arc_challenge,oracle20,0.0001,101,32,9.58027620811481,0,0,0,640,3840,65209,65209,0,0,0,0,0.07749815632562296,0.05321728563188799,-0.02428087069373497,256,ca37aa913a3bb290c928b5cb58ac8a59fa258f5ea267ece1b5d6d3b8f4378cd7,252
7b_arc_challenge,7b,arc_challenge,oracle20,1e-05,101,32,9.540003532427363,0,0,0,640,3840,65209,65209,0,0,0,0,0.07749815632562296,0.07456221605031743,-0.0029359402753055264,256,ca37aa913a3bb290c928b5cb58ac8a59fa258f5ea267ece1b5d6d3b8f4378cd7,252
7b_arc_challenge,7b,arc_challenge,oracle20,3e-05,101,32,9.562607350293547,0,0,0,640,3840,65209,65209,0,0,0,0,0.07749815632562296,0.06663402317731482,-0.010864133148308142,256,ca37aa913a3bb290c928b5cb58ac8a59fa258f5ea267ece1b5d6d3b8f4378cd7,252
7b_arc_challenge,7b,arc_challenge,oracle20,3e-06,101,32,9.648636499769054,0,0,0,640,3840,65209,65209,0,0,0,0,0.07749815632562296,0.07714654376812113,-0.00035161255750182363,256,ca37aa913a3bb290c928b5cb58ac8a59fa258f5ea267ece1b5d6d3b8f4378cd7,252
7b_arc_challenge,7b,arc_challenge,oracle,0.0001,101,32,15.46206669230014,0,0,0,1024,6144,105104,105104,0,0,0,0,0.07749815632562296,0.05427880711226862,-0.023219349213354334,256,ca37aa913a3bb290c928b5cb58ac8a59fa258f5ea267ece1b5d6d3b8f4378cd7,256
7b_arc_challenge,7b,arc_challenge,oracle,1e-05,101,32,15.27231862640474,0,0,0,1024,6144,105104,105104,0,0,0,0,0.07749815632562296,0.07353394045276929,-0.003964215872853671,256,ca37aa913a3bb290c928b5cb58ac8a59fa258f5ea267ece1b5d6d3b8f4378cd7,256
7b_arc_challenge,7b,arc_challenge,oracle,3e-05,101,32,15.290635540965013,0,0,0,1024,6144,105104,105104,0,0,0,0,0.07749815632562296,0.06377296063481452,-0.013725195690808434,256,ca37aa913a3bb290c928b5cb58ac8a59fa258f5ea267ece1b5d6d3b8f4378cd7,256
7b_arc_challenge,7b,arc_challenge,oracle,3e-06,101,32,15.575562579091638,0,0,0,1024,6144,105104,105104,0,0,0,0,0.07749815632562296,0.07670333906561844,-0.0007948172600045211,256,ca37aa913a3bb290c928b5cb58ac8a59fa258f5ea267ece1b5d6d3b8f4378cd7,256
7b_arc_challenge,7b,arc_challenge,periodic8,0.0001,101,32,8.573679121909663,1.5216386350803077,3.586983871180564,3.464191480888985,80,480,7883,111248,96,1.853876833920367,4,0,0.07749815632562296,0.08184171258915995,0.004343556263536996,256,ca37aa913a3bb290c928b5cb58ac8a59fa258f5ea267ece1b5d6d3b8f4378cd7,32
7b_arc_challenge,7b,arc_challenge,periodic8,1e-05,101,32,8.524389720871113,1.5264910730766132,3.547355966991745,3.4496716988505796,80,480,7883,111248,96,1.953355144127272,4,2,0.07749815632562296,0.07925635376625628,0.0017581974406333245,256,ca37aa913a3bb290c928b5cb58ac8a59fa258f5ea267ece1b5d6d3b8f4378cd7,32
7b_arc_challenge,7b,arc_challenge,periodic8,3e-05,101,32,8.480474277865142,1.5222490340238437,3.502621170016937,3.4547312626382336,80,480,7883,111248,96,1.9685858649900183,4,1,0.07749815632562296,0.07849837522053704,0.0010002188949140844,256,ca37aa913a3bb290c928b5cb58ac8a59fa258f5ea267ece1b5d6d3b8f4378cd7,32
7b_arc_challenge,7b,arc_challenge,periodic8,3e-06,101,32,8.418459453852847,1.4771992061287165,3.4912697488907725,3.4491131107788533,80,480,7883,111248,96,1.9582712567644194,4,2,0.07749815632562296,0.07804515804713041,0.0005470017215074563,256,ca37aa913a3bb290c928b5cb58ac8a59fa258f5ea267ece1b5d6d3b8f4378cd7,32
7b_arc_challenge_mean_control,7b,arc_challenge,train_mean_matrix,0.0001,101,32,0.4933108852710575,0,0,0,0,0,0,0,0,0,0,0,0.07749815632562296,0.3587521486915648,0.28125399236594184,0,ca37aa913a3bb290c928b5cb58ac8a59fa258f5ea267ece1b5d6d3b8f4378cd7,0
7b_arc_challenge_mean_control,7b,arc_challenge,train_mean_matrix,1e-05,101,32,0.4424838291015476,0,0,0,0,0,0,0,0,0,0,0,0.07749815632562296,0.06719348038733841,-0.010304675938284547,0,ca37aa913a3bb290c928b5cb58ac8a59fa258f5ea267ece1b5d6d3b8f4378cd7,0
7b_arc_challenge_mean_control,7b,arc_challenge,train_mean_matrix,3e-05,101,32,0.5023491319734603,0,0,0,0,0,0,0,0,0,0,0,0.07749815632562296,0.054192730566796854,-0.023305425758826104,0,ca37aa913a3bb290c928b5cb58ac8a59fa258f5ea267ece1b5d6d3b8f4378cd7,0
7b_arc_challenge_mean_control,7b,arc_challenge,train_mean_matrix,3e-06,101,32,0.6524126197909936,0,0,0,0,0,0,0,0,0,0,0,0.07749815632562296,0.07524678374536009,-0.002251372580262867,0,ca37aa913a3bb290c928b5cb58ac8a59fa258f5ea267ece1b5d6d3b8f4378cd7,0
7b_countdown,7b,countdown,adaptive,0.0001,101,32,55.179952934151515,15.1035009638872,35.925657232059166,4.148965965141542,640,43940,133997,320030,96,2.4644564560148865,32,7,1.8916517272582891,1.007145411670382,-0.8845063155879072,1024,9f3a3cb55a42f268f3bec21469b0a507fb6f58b69d42f9f1a3f0276b7ae91f84,144
7b_countdown,7b,countdown,adaptive,1e-05,101,32,53.89133611205034,15.029665591544472,34.74318053375464,4.116652080323547,640,43940,133997,320030,96,2.4235547879943624,32,30,1.8916517272582891,1.8442943844402735,-0.047357342818015624,1024,9f3a3cb55a42f268f3bec21469b0a507fb6f58b69d42f9f1a3f0276b7ae91f84,144
7b_countdown,7b,countdown,adaptive,3e-05,101,32,54.203587779193185,14.991319772903807,35.06235118501354,4.148031211458147,640,43940,133997,320030,96,2.3248424971243367,32,19,1.8916517272582891,1.6691920230629427,-0.22245970419534644,1024,9f3a3cb55a42f268f3bec21469b0a507fb6f58b69d42f9f1a3f0276b7ae91f84,144
7b_countdown,7b,countdown,adaptive,3e-06,101,32,53.78723491099663,14.92916375619825,34.670399420545436,4.185795714263804,640,43940,133997,320030,96,2.4530369880376384,32,32,1.8916517272582891,1.8829172904910363,-0.008734436767252829,1024,9f3a3cb55a42f268f3bec21469b0a507fb6f58b69d42f9f1a3f0276b7ae91f84,144
7b_countdown,7b,countdown,frozen,0.0001,101,32,4.5824926507193595,0,0,4.581735295942053,0,0,0,212382,96,2.2723196680890396,0,0,1.8916517272582891,1.3977961179323526,-0.49385560932593653,1024,9f3a3cb55a42f268f3bec21469b0a507fb6f58b69d42f9f1a3f0276b7ae91f84,0
7b_countdown,7b,countdown,frozen,1e-05,101,32,4.566279051243328,0,0,4.56551089102868,0,0,0,212382,96,2.2879687149543315,0,0,1.8916517272582891,1.8440774837851315,-0.04757424347315764,1024,9f3a3cb55a42f268f3bec21469b0a507fb6f58b69d42f9f1a3f0276b7ae91f84,0
7b_countdown,7b,countdown,frozen,3e-05,101,32,4.6040360109182075,0,0,4.603288393002003,0,0,0,212382,96,2.3353894539177418,0,0,1.8916517272582891,1.6880723070833883,-0.20357942017490083,1024,9f3a3cb55a42f268f3bec21469b0a507fb6f58b69d42f9f1a3f0276b7ae91f84,0
7b_countdown,7b,countdown,frozen,3e-06,101,32,4.780808636802249,0,0,4.780031645321287,0,0,0,212382,96,2.4202360790222883,0,0,1.8916517272582891,1.8823994612039632,-0.009252266054325942,1024,9f3a3cb55a42f268f3bec21469b0a507fb6f58b69d42f9f1a3f0276b7ae91f84,0
7b_countdown,7b,countdown,mean,0.0001,101,32,11.843578821979463,0,0,0,640,43940,133997,133997,0,0,0,0,1.8916517272582891,0.9855316954611062,-0.9061200317971829,1024,9f3a3cb55a42f268f3bec21469b0a507fb6f58b69d42f9f1a3f0276b7ae91f84,144
7b_countdown,7b,countdown,mean,1e-05,101,32,11.84362521301955,0,0,0,640,43940,133997,133997,0,0,0,0,1.8916517272582891,1.843045400515399,-0.04860632674289023,1024,9f3a3cb55a42f268f3bec21469b0a507fb6f58b69d42f9f1a3f0276b7ae91f84,144
7b_countdown,7b,countdown,mean,3e-05,101,32,11.84939359081909,0,0,0,640,43940,133997,133997,0,0,0,0,1.8916517272582891,1.666384173970576,-0.22526755328771308,1024,9f3a3cb55a42f268f3bec21469b0a507fb6f58b69d42f9f1a3f0276b7ae91f84,144
7b_countdown,7b,countdown,mean,3e-06,101,32,11.869883791194297,0,0,0,640,43940,133997,133997,0,0,0,0,1.8916517272582891,1.8824351547478377,-0.009216572510451382,1024,9f3a3cb55a42f268f3bec21469b0a507fb6f58b69d42f9f1a3f0276b7ae91f84,144
7b_countdown,7b,countdown,oracle20,0.0001,101,32,11.940485829953104,0,0,0,640,42791,132627,132627,0,0,0,0,1.8916517272582891,0.982862625808237,-0.9087891014500521,1024,9f3a3cb55a42f268f3bec21469b0a507fb6f58b69d42f9f1a3f0276b7ae91f84,640
7b_countdown,7b,countdown,oracle20,1e-05,101,32,11.921827403246425,0,0,0,640,42791,132627,132627,0,0,0,0,1.8916517272582891,1.8446145437505603,-0.047037183507728786,1024,9f3a3cb55a42f268f3bec21469b0a507fb6f58b69d42f9f1a3f0276b7ae91f84,640
7b_countdown,7b,countdown,oracle20,3e-05,101,32,11.934824424912222,0,0,0,640,42791,132627,132627,0,0,0,0,1.8916517272582891,1.667749093432073,-0.22390263382621622,1024,9f3a3cb55a42f268f3bec21469b0a507fb6f58b69d42f9f1a3f0276b7ae91f84,640
7b_countdown,7b,countdown,oracle20,3e-06,101,32,11.959439225844108,0,0,0,640,42791,132627,132627,0,0,0,0,1.8916517272582891,1.8813383511611752,-0.010313376097113913,1024,9f3a3cb55a42f268f3bec21469b0a507fb6f58b69d42f9f1a3f0276b7ae91f84,640
7b_countdown,7b,countdown,oracle,0.0001,101,32,19.045766574330628,0,0,0,1024,68590,212382,212382,0,0,0,0,1.8916517272582891,0.9817313507782112,-0.909920376480078,1024,9f3a3cb55a42f268f3bec21469b0a507fb6f58b69d42f9f1a3f0276b7ae91f84,1024
7b_countdown,7b,countdown,oracle,1e-05,101,32,19.04508785600774,0,0,0,1024,68590,212382,212382,0,0,0,0,1.8916517272582891,1.8453965690354472,-0.046255158222841875,1024,9f3a3cb55a42f268f3bec21469b0a507fb6f58b69d42f9f1a3f0276b7ae91f84,1024
7b_countdown,7b,countdown,oracle,3e-05,101,32,19.080961241154,0,0,0,1024,68590,212382,212382,0,0,0,0,1.8916517272582891,1.6674031233968474,-0.22424860386144174,1024,9f3a3cb55a42f268f3bec21469b0a507fb6f58b69d42f9f1a3f0276b7ae91f84,1024
7b_countdown,7b,countdown,oracle,3e-06,101,32,19.284083043807186,0,0,0,1024,68590,212382,212382,0,0,0,0,1.8916517272582891,1.8826466048452775,-0.009005122413011657,1024,9f3a3cb55a42f268f3bec21469b0a507fb6f58b69d42f9f1a3f0276b7ae91f84,1024
7b_countdown,7b,countdown,periodic8,0.0001,101,32,10.482024178141728,1.7611872559646145,4.195374073111452,4.524507008842193,80,5502,16758,225838,96,2.4023837690474465,4,1,1.8916517272582891,1.1548625426618104,-0.7367891845964787,1024,9f3a3cb55a42f268f3bec21469b0a507fb6f58b69d42f9f1a3f0276b7ae91f84,32
7b_countdown,7b,countdown,periodic8,1e-05,101,32,10.619529076036997,1.808828808949329,4.270640840288252,4.539114085258916,80,5502,16758,225838,96,2.3976824049605057,4,3,1.8916517272582891,1.8445602932661094,-0.04709143399217974,1024,9f3a3cb55a42f268f3bec21469b0a507fb6f58b69d42f9f1a3f0276b7ae91f84,32
7b_countdown,7b,countdown,periodic8,3e-05,101,32,10.723021622630768,1.837150804931298,4.334457558114082,4.55049265595153,80,5502,16758,225838,96,2.403540122904815,4,1,1.8916517272582891,1.6739777729515437,-0.2176739543067454,1024,9f3a3cb55a42f268f3bec21469b0a507fb6f58b69d42f9f1a3f0276b7ae91f84,32
7b_countdown,7b,countdown,periodic8,3e-06,101,32,10.549195157829672,1.7721370260696858,4.252251612022519,4.523912847507745,80,5502,16758,225838,96,2.410267153987661,4,4,1.8916517272582891,1.883189349708958,-0.008462377549331102,1024,9f3a3cb55a42f268f3bec21469b0a507fb6f58b69d42f9f1a3f0276b7ae91f84,32
7b_countdown_mean_control,7b,countdown,train_mean_matrix,0.0001,101,32,0.45654904551338404,0,0,0,0,0,0,0,0,0,0,0,1.8916517272582891,1.3958959879265567,-0.49575573933173245,0,9f3a3cb55a42f268f3bec21469b0a507fb6f58b69d42f9f1a3f0276b7ae91f84,0
7b_countdown_mean_control,7b,countdown,train_mean_matrix,1e-05,101,32,0.48545220925007015,0,0,0,0,0,0,0,0,0,0,0,1.8916517272582891,1.8422041412688666,-0.04944758598942256,0,9f3a3cb55a42f268f3bec21469b0a507fb6f58b69d42f9f1a3f0276b7ae91f84,0
7b_countdown_mean_control,7b,countdown,train_mean_matrix,3e-05,101,32,0.43011797580402344,0,0,0,0,0,0,0,0,0,0,0,1.8916517272582891,1.6839132805560948,-0.20773844670219432,0,9f3a3cb55a42f268f3bec21469b0a507fb6f58b69d42f9f1a3f0276b7ae91f84,0
7b_countdown_mean_control,7b,countdown,train_mean_matrix,3e-06,101,32,0.566988610313274,0,0,0,0,0,0,0,0,0,0,0,1.8916517272582891,1.8819187967664515,-0.009732930491837655,0,9f3a3cb55a42f268f3bec21469b0a507fb6f58b69d42f9f1a3f0276b7ae91f84,0
7b_gsm8k,7b,gsm8k,adaptive,0.0001,101,32,62.00350187753793,17.084952152566984,39.84179554542061,5.074797442066483,640,82341,151620,359862,96,2.7208220289321616,32,13,0.6006614596109499,0.3111719258259758,-0.28948953378497405,1024,b85a08c2df25830ada380513704950ebafb2ab81d12d234b51efc107af830946,144
7b_gsm8k,7b,gsm8k,adaptive,1e-05,101,32,61.42554164817557,17.124055722961202,39.21978220087476,5.079733368824236,640,82341,151620,359862,96,2.721215080935508,32,28,0.6006614596109499,0.5349164978528227,-0.06574496175812716,1024,b85a08c2df25830ada380513704950ebafb2ab81d12d234b51efc107af830946,144
7b_gsm8k,7b,gsm8k,adaptive,3e-05,101,32,56.67730415414553,16.306071338709444,35.2913092476083,5.078031964832917,640,82341,151620,359862,96,2.648648087051697,32,20,0.6006614596109499,0.4511690580417285,-0.14949240156922133,1024,b85a08c2df25830ada380513704950ebafb2ab81d12d234b51efc107af830946,144
7b_gsm8k,7b,gsm8k,adaptive,3e-06,101,32,58.53746597236022,16.73387118370738,36.71433086541947,5.087330674403347,640,82341,151620,359862,96,2.6648199210176244,32,29,0.6006614596109499,0.581419943286176,-0.01924151632477389,1024,b85a08c2df25830ada380513704950ebafb2ab81d12d234b51efc107af830946,144
7b_gsm8k,7b,gsm8k,frozen,0.0001,101,32,5.661649129237048,0,0,5.660848924890161,0,0,0,238582,96,2.603538621100597,0,0,0.6006614596109499,0.5226727364848588,-0.07798872312609106,1024,b85a08c2df25830ada380513704950ebafb2ab81d12d234b51efc107af830946,0
7b_gsm8k,7b,gsm8k,frozen,1e-05,101,32,5.6950985309667885,0,0,5.6942675929749385,0,0,0,238582,96,2.6139407629380003,0,0,0.6006614596109499,0.5327547832634824,-0.0679066763474675,1024,b85a08c2df25830ada380513704950ebafb2ab81d12d234b51efc107af830946,0
7b_gsm8k,7b,gsm8k,frozen,3e-05,101,32,5.659222502959892,0,0,5.658414554898627,0,0,0,238582,96,2.5691017779754475,0,0,0.6006614596109499,0.5035969940145845,-0.09706446559636539,1024,b85a08c2df25830ada380513704950ebafb2ab81d12d234b51efc107af830946,0
7b_gsm8k,7b,gsm8k,frozen,3e-06,101,32,5.837765146396123,0,0,5.836929174605757,0,0,0,238582,96,2.7144090929068625,0,0,0.6006614596109499,0.5801412525222494,-0.020520207088700504,1024,b85a08c2df25830ada380513704950ebafb2ab81d12d234b51efc107af830946,0
7b_gsm8k,7b,gsm8k,mean,0.0001,101,32,14.84587544715032,0,0,0,640,82341,151620,151620,0,0,0,0,0.6006614596109499,0.271369941612001,-0.32929151799894885,1024,b85a08c2df25830ada380513704950ebafb2ab81d12d234b51efc107af830946,144
7b_gsm8k,7b,gsm8k,mean,1e-05,101,32,14.869746045442298,0,0,0,640,82341,151620,151620,0,0,0,0,0.6006614596109499,0.5355983761983532,-0.0650630834125967,1024,b85a08c2df25830ada380513704950ebafb2ab81d12d234b51efc107af830946,144
7b_gsm8k,7b,gsm8k,mean,3e-05,101,32,14.837169683538377,0,0,0,640,82341,151620,151620,0,0,0,0,0.6006614596109499,0.4342584246290674,-0.16640303498188247,1024,b85a08c2df25830ada380513704950ebafb2ab81d12d234b51efc107af830946,144
7b_gsm8k,7b,gsm8k,mean,3e-06,101,32,14.828071596683003,0,0,0,640,82341,151620,151620,0,0,0,0,0.6006614596109499,0.581286603475264,-0.019374856135685903,1024,b85a08c2df25830ada380513704950ebafb2ab81d12d234b51efc107af830946,144
7b_gsm8k,7b,gsm8k,oracle20,0.0001,101,32,15.366156402276829,0,0,0,640,78764,147094,147094,0,0,0,0,0.6006614596109499,0.2723881135635948,-0.32827334604735503,1024,b85a08c2df25830ada380513704950ebafb2ab81d12d234b51efc107af830946,640
7b_gsm8k,7b,gsm8k,oracle20,1e-05,101,32,15.394851652090438,0,0,0,640,78764,147094,147094,0,0,0,0,0.6006614596109499,0.5355695247144271,-0.06509193489652276,1024,b85a08c2df25830ada380513704950ebafb2ab81d12d234b51efc107af830946,640
7b_gsm8k,7b,gsm8k,oracle20,3e-05,101,32,15.360731723951176,0,0,0,640,78764,147094,147094,0,0,0,0,0.6006614596109499,0.43361148357450435,-0.1670499760364455,1024,b85a08c2df25830ada380513704950ebafb2ab81d12d234b51efc107af830946,640
7b_gsm8k,7b,gsm8k,oracle20,3e-06,101,32,15.340319543611258,0,0,0,640,78764,147094,147094,0,0,0,0,0.6006614596109499,0.5812767468787026,-0.01938471273224729,1024,b85a08c2df25830ada380513704950ebafb2ab81d12d234b51efc107af830946,640
7b_gsm8k,7b,gsm8k,oracle,0.0001,101,32,24.976001839735545,0,0,0,1024,128800,238582,238582,0,0,0,0,0.6006614596109499,0.267593629521599,-0.33306783008935087,1024,b85a08c2df25830ada380513704950ebafb2ab81d12d234b51efc107af830946,1024
7b_gsm8k,7b,gsm8k,oracle,1e-05,101,32,24.986210596514866,0,0,0,1024,128800,238582,238582,0,0,0,0,0.6006614596109499,0.5346951517802073,-0.06596630783074253,1024,b85a08c2df25830ada380513704950ebafb2ab81d12d234b51efc107af830946,1024
7b_gsm8k,7b,gsm8k,oracle,3e-05,101,32,24.962606546469033,0,0,0,1024,128800,238582,238582,0,0,0,0,0.6006614596109499,0.4314692106581195,-0.16919224895283036,1024,b85a08c2df25830ada380513704950ebafb2ab81d12d234b51efc107af830946,1024
7b_gsm8k,7b,gsm8k,oracle,3e-06,101,32,25.169625542941503,0,0,0,1024,128800,238582,238582,0,0,0,0,0.6006614596109499,0.5819508890309693,-0.0187105705799806,1024,b85a08c2df25830ada380513704950ebafb2ab81d12d234b51efc107af830946,1024
7b_gsm8k,7b,gsm8k,periodic8,0.0001,101,32,12.59909469075501,2.0867076521972194,4.923215176095255,5.588207301800139,80,10370,19091,253742,96,2.693108828156255,4,1,0.6006614596109499,0.39877287540024003,-0.20188858421070982,1024,b85a08c2df25830ada380513704950ebafb2ab81d12d234b51efc107af830946,32
7b_gsm8k,7b,gsm8k,periodic8,1e-05,101,32,12.401771328295581,2.091990612098016,4.713670540950261,5.595148765598424,80,10370,19091,253742,96,2.6817446189234033,4,4,0.6006614596109499,0.5320873322735458,-0.06857412733740409,1024,b85a08c2df25830ada380513704950ebafb2ab81d12d234b51efc107af830946,32
7b_gsm8k,7b,gsm8k,periodic8,3e-05,101,32,12.073777850717306,2.0357699500164017,4.4432029579766095,5.593844465096481,80,10370,19091,253742,96,2.6364309759810567,4,2,0.6006614596109499,0.4502465676259203,-0.15041489198502955,1024,b85a08c2df25830ada380513704950ebafb2ab81d12d234b51efc107af830946,32
7b_gsm8k,7b,gsm8k,periodic8,3e-06,101,32,12.463450156268664,2.0857467622263357,4.7949071797775105,5.5818132169079036,80,10370,19091,253742,96,2.695252754841931,4,4,0.6006614596109499,0.5806304611982931,-0.020030998412656764,1024,b85a08c2df25830ada380513704950ebafb2ab81d12d234b51efc107af830946,32
7b_gsm8k_mean_control,7b,gsm8k,train_mean_matrix,0.0001,101,32,0.4226005974924192,0,0,0,0,0,0,0,0,0,0,0,0.6006614596109499,0.5544131169024785,-0.046248342708471335,0,b85a08c2df25830ada380513704950ebafb2ab81d12d234b51efc107af830946,0
7b_gsm8k_mean_control,7b,gsm8k,train_mean_matrix,1e-05,101,32,0.4505654851673171,0,0,0,0,0,0,0,0,0,0,0,0.6006614596109499,0.5321553000053381,-0.0685061596056118,0,b85a08c2df25830ada380513704950ebafb2ab81d12d234b51efc107af830946,0
7b_gsm8k_mean_control,7b,gsm8k,train_mean_matrix,3e-05,101,32,0.2745788694592193,0,0,0,0,0,0,0,0,0,0,0,0.6006614596109499,0.5325812972041698,-0.06808016240678005,0,b85a08c2df25830ada380513704950ebafb2ab81d12d234b51efc107af830946,0
7b_gsm8k_mean_control,7b,gsm8k,train_mean_matrix,3e-06,101,32,0.6614325748523697,0,0,0,0,0,0,0,0,0,0,0,0.6006614596109499,0.5803788625005748,-0.020282597110375056,0,b85a08c2df25830ada380513704950ebafb2ab81d12d234b51efc107af830946,0
