condition,variant,stage,model,task,seed,lr,planned_steps,completed_steps,planned_epochs,completed_epochs,status,reported_seconds,config,summary,history
1p5b_aqua,adaptive_lr0.0001_s101,update,1p5b,aqua,101,0.0001,32,32,,,complete,42.0210178848356,models/1p5b_aqua/adaptive_lr0.0001_s101/config.json,models/1p5b_aqua/adaptive_lr0.0001_s101/summary.json,models/1p5b_aqua/adaptive_lr0.0001_s101/history.json
1p5b_aqua,adaptive_lr1e-05_s101,update,1p5b,aqua,101,1e-05,32,32,,,complete,41.52168057591189,models/1p5b_aqua/adaptive_lr1e-05_s101/config.json,models/1p5b_aqua/adaptive_lr1e-05_s101/summary.json,models/1p5b_aqua/adaptive_lr1e-05_s101/history.json
1p5b_aqua,adaptive_lr1e-05_s102,update,1p5b,aqua,102,1e-05,32,32,,,complete,42.25700249278452,models/1p5b_aqua/adaptive_lr1e-05_s102/config.json,models/1p5b_aqua/adaptive_lr1e-05_s102/summary.json,models/1p5b_aqua/adaptive_lr1e-05_s102/history.json
1p5b_aqua,adaptive_lr1e-05_s103,update,1p5b,aqua,103,1e-05,32,32,,,complete,43.18916231964249,models/1p5b_aqua/adaptive_lr1e-05_s103/config.json,models/1p5b_aqua/adaptive_lr1e-05_s103/summary.json,models/1p5b_aqua/adaptive_lr1e-05_s103/history.json
1p5b_aqua,adaptive_lr3e-05_s101,update,1p5b,aqua,101,3e-05,32,32,,,complete,42.64684896171093,models/1p5b_aqua/adaptive_lr3e-05_s101/config.json,models/1p5b_aqua/adaptive_lr3e-05_s101/summary.json,models/1p5b_aqua/adaptive_lr3e-05_s101/history.json
1p5b_aqua,adaptive_lr3e-06_s101,update,1p5b,aqua,101,3e-06,32,32,,,complete,42.95265849714633,models/1p5b_aqua/adaptive_lr3e-06_s101/config.json,models/1p5b_aqua/adaptive_lr3e-06_s101/summary.json,models/1p5b_aqua/adaptive_lr3e-06_s101/history.json
1p5b_aqua,frozen_lr0.0001_s101,update,1p5b,aqua,101,0.0001,32,32,,,complete,2.9799537328071892,models/1p5b_aqua/frozen_lr0.0001_s101/config.json,models/1p5b_aqua/frozen_lr0.0001_s101/summary.json,models/1p5b_aqua/frozen_lr0.0001_s101/history.json
1p5b_aqua,frozen_lr1e-05_s101,update,1p5b,aqua,101,1e-05,32,32,,,complete,3.042423928156495,models/1p5b_aqua/frozen_lr1e-05_s101/config.json,models/1p5b_aqua/frozen_lr1e-05_s101/summary.json,models/1p5b_aqua/frozen_lr1e-05_s101/history.json
1p5b_aqua,frozen_lr3e-05_s101,update,1p5b,aqua,101,3e-05,32,32,,,complete,2.993743538041599,models/1p5b_aqua/frozen_lr3e-05_s101/config.json,models/1p5b_aqua/frozen_lr3e-05_s101/summary.json,models/1p5b_aqua/frozen_lr3e-05_s101/history.json
1p5b_aqua,frozen_lr3e-06_s101,update,1p5b,aqua,101,3e-06,32,32,,,complete,3.122404550900683,models/1p5b_aqua/frozen_lr3e-06_s101/config.json,models/1p5b_aqua/frozen_lr3e-06_s101/summary.json,models/1p5b_aqua/frozen_lr3e-06_s101/history.json
1p5b_aqua,init,initialization,1p5b,aqua,101,0,0,,,,initialized,,models/1p5b_aqua/init/config.json,,
1p5b_aqua,mean_lr0.0001_s101,update,1p5b,aqua,101,0.0001,32,32,,,complete,9.248160372837447,models/1p5b_aqua/mean_lr0.0001_s101/config.json,models/1p5b_aqua/mean_lr0.0001_s101/summary.json,models/1p5b_aqua/mean_lr0.0001_s101/history.json
1p5b_aqua,mean_lr1e-05_s101,update,1p5b,aqua,101,1e-05,32,32,,,complete,9.633085029083304,models/1p5b_aqua/mean_lr1e-05_s101/config.json,models/1p5b_aqua/mean_lr1e-05_s101/summary.json,models/1p5b_aqua/mean_lr1e-05_s101/history.json
1p5b_aqua,mean_lr3e-05_s101,update,1p5b,aqua,101,3e-05,32,32,,,complete,9.646426878171042,models/1p5b_aqua/mean_lr3e-05_s101/config.json,models/1p5b_aqua/mean_lr3e-05_s101/summary.json,models/1p5b_aqua/mean_lr3e-05_s101/history.json
1p5b_aqua,mean_lr3e-06_s101,update,1p5b,aqua,101,3e-06,32,32,,,complete,9.511239644140005,models/1p5b_aqua/mean_lr3e-06_s101/config.json,models/1p5b_aqua/mean_lr3e-06_s101/summary.json,models/1p5b_aqua/mean_lr3e-06_s101/history.json
1p5b_aqua,oracle20_lr0.0001_s101,update,1p5b,aqua,101,0.0001,32,32,,,complete,9.221834407071583,models/1p5b_aqua/oracle20_lr0.0001_s101/config.json,models/1p5b_aqua/oracle20_lr0.0001_s101/summary.json,models/1p5b_aqua/oracle20_lr0.0001_s101/history.json
1p5b_aqua,oracle20_lr1e-05_s101,update,1p5b,aqua,101,1e-05,32,32,,,complete,8.8900853038067,models/1p5b_aqua/oracle20_lr1e-05_s101/config.json,models/1p5b_aqua/oracle20_lr1e-05_s101/summary.json,models/1p5b_aqua/oracle20_lr1e-05_s101/history.json
1p5b_aqua,oracle20_lr3e-05_s101,update,1p5b,aqua,101,3e-05,32,32,,,complete,9.543759343214333,models/1p5b_aqua/oracle20_lr3e-05_s101/config.json,models/1p5b_aqua/oracle20_lr3e-05_s101/summary.json,models/1p5b_aqua/oracle20_lr3e-05_s101/history.json
1p5b_aqua,oracle20_lr3e-06_s101,update,1p5b,aqua,101,3e-06,32,32,,,complete,9.496646626037546,models/1p5b_aqua/oracle20_lr3e-06_s101/config.json,models/1p5b_aqua/oracle20_lr3e-06_s101/summary.json,models/1p5b_aqua/oracle20_lr3e-06_s101/history.json
1p5b_aqua,oracle_lr0.0001_s101,update,1p5b,aqua,101,0.0001,32,32,,,complete,15.44141844206024,models/1p5b_aqua/oracle_lr0.0001_s101/config.json,models/1p5b_aqua/oracle_lr0.0001_s101/summary.json,models/1p5b_aqua/oracle_lr0.0001_s101/history.json
1p5b_aqua,oracle_lr1e-05_s101,update,1p5b,aqua,101,1e-05,32,32,,,complete,15.344520838931203,models/1p5b_aqua/oracle_lr1e-05_s101/config.json,models/1p5b_aqua/oracle_lr1e-05_s101/summary.json,models/1p5b_aqua/oracle_lr1e-05_s101/history.json
1p5b_aqua,oracle_lr1e-05_s102,update,1p5b,aqua,102,1e-05,32,32,,,complete,15.595148126012646,models/1p5b_aqua/oracle_lr1e-05_s102/config.json,models/1p5b_aqua/oracle_lr1e-05_s102/summary.json,models/1p5b_aqua/oracle_lr1e-05_s102/history.json
1p5b_aqua,oracle_lr1e-05_s103,update,1p5b,aqua,103,1e-05,32,32,,,complete,15.922643825993873,models/1p5b_aqua/oracle_lr1e-05_s103/config.json,models/1p5b_aqua/oracle_lr1e-05_s103/summary.json,models/1p5b_aqua/oracle_lr1e-05_s103/history.json
1p5b_aqua,oracle_lr3e-05_s101,update,1p5b,aqua,101,3e-05,32,32,,,complete,15.445666966727003,models/1p5b_aqua/oracle_lr3e-05_s101/config.json,models/1p5b_aqua/oracle_lr3e-05_s101/summary.json,models/1p5b_aqua/oracle_lr3e-05_s101/history.json
1p5b_aqua,oracle_lr3e-06_s101,update,1p5b,aqua,101,3e-06,32,32,,,complete,15.086932210833766,models/1p5b_aqua/oracle_lr3e-06_s101/config.json,models/1p5b_aqua/oracle_lr3e-06_s101/summary.json,models/1p5b_aqua/oracle_lr3e-06_s101/history.json
1p5b_aqua,periodic8_lr0.0001_s101,update,1p5b,aqua,101,0.0001,32,32,,,complete,7.81483928009402,models/1p5b_aqua/periodic8_lr0.0001_s101/config.json,models/1p5b_aqua/periodic8_lr0.0001_s101/summary.json,models/1p5b_aqua/periodic8_lr0.0001_s101/history.json
1p5b_aqua,periodic8_lr1e-05_s101,update,1p5b,aqua,101,1e-05,32,32,,,complete,7.892526026233099,models/1p5b_aqua/periodic8_lr1e-05_s101/config.json,models/1p5b_aqua/periodic8_lr1e-05_s101/summary.json,models/1p5b_aqua/periodic8_lr1e-05_s101/history.json
1p5b_aqua,periodic8_lr3e-05_s101,update,1p5b,aqua,101,3e-05,32,32,,,complete,7.8080830433173105,models/1p5b_aqua/periodic8_lr3e-05_s101/config.json,models/1p5b_aqua/periodic8_lr3e-05_s101/summary.json,models/1p5b_aqua/periodic8_lr3e-05_s101/history.json
1p5b_aqua,periodic8_lr3e-06_s101,update,1p5b,aqua,101,3e-06,32,32,,,complete,7.863574018934742,models/1p5b_aqua/periodic8_lr3e-06_s101/config.json,models/1p5b_aqua/periodic8_lr3e-06_s101/summary.json,models/1p5b_aqua/periodic8_lr3e-06_s101/history.json
1p5b_aqua,predictor,predictor_fit,1p5b,aqua,123,,,,100,100,complete,194.4261119365692,models/1p5b_aqua/predictor/config.json,models/1p5b_aqua/predictor/summary.json,models/1p5b_aqua/predictor/history.json
1p5b_aqua,predictor_s124,predictor_fit,1p5b,aqua,124,,,,100,100,complete,191.97619438171387,models/1p5b_aqua/predictor_s124/config.json,models/1p5b_aqua/predictor_s124/summary.json,models/1p5b_aqua/predictor_s124/history.json
1p5b_aqua,predictor_s125,predictor_fit,1p5b,aqua,125,,,,100,100,complete,190.6100914478302,models/1p5b_aqua/predictor_s125/config.json,models/1p5b_aqua/predictor_s125/summary.json,models/1p5b_aqua/predictor_s125/history.json
1p5b_aqua,warmup_lr0.0001_s101,warmup,1p5b,aqua,101,0.0001,32,32,,,complete,16.94016671180725,models/1p5b_aqua/warmup_lr0.0001_s101/config.json,models/1p5b_aqua/warmup_lr0.0001_s101/summary.json,models/1p5b_aqua/warmup_lr0.0001_s101/history.json
1p5b_aqua,warmup_lr0.0005_s101,warmup,1p5b,aqua,101,0.0005,32,32,,,complete,16.776034832000732,models/1p5b_aqua/warmup_lr0.0005_s101/config.json,models/1p5b_aqua/warmup_lr0.0005_s101/summary.json,models/1p5b_aqua/warmup_lr0.0005_s101/history.json
1p5b_aqua,warmup_lr1e-05_s101,warmup,1p5b,aqua,101,1e-05,32,32,,,complete,17.247430562973022,models/1p5b_aqua/warmup_lr1e-05_s101/config.json,models/1p5b_aqua/warmup_lr1e-05_s101/summary.json,models/1p5b_aqua/warmup_lr1e-05_s101/history.json
1p5b_aqua,warmup_lr3e-06_s101,warmup,1p5b,aqua,101,3e-06,32,32,,,complete,17.125742435455322,models/1p5b_aqua/warmup_lr3e-06_s101/config.json,models/1p5b_aqua/warmup_lr3e-06_s101/summary.json,models/1p5b_aqua/warmup_lr3e-06_s101/history.json
1p5b_aqua,warmup_lr5e-05_s101,warmup,1p5b,aqua,101,5e-05,32,32,,,complete,17.65809965133667,models/1p5b_aqua/warmup_lr5e-05_s101/config.json,models/1p5b_aqua/warmup_lr5e-05_s101/summary.json,models/1p5b_aqua/warmup_lr5e-05_s101/history.json
1p5b_aqua_mean_control,train_mean_matrix_lr0.0001_s101,update,1p5b,aqua,101,0.0001,32,32,,,complete,0.044659481034614146,models/1p5b_aqua_mean_control/train_mean_matrix_lr0.0001_s101/config.json,models/1p5b_aqua_mean_control/train_mean_matrix_lr0.0001_s101/summary.json,models/1p5b_aqua_mean_control/train_mean_matrix_lr0.0001_s101/history.json
1p5b_aqua_mean_control,train_mean_matrix_lr1e-05_s101,update,1p5b,aqua,101,1e-05,32,32,,,complete,0.045171775738708675,models/1p5b_aqua_mean_control/train_mean_matrix_lr1e-05_s101/config.json,models/1p5b_aqua_mean_control/train_mean_matrix_lr1e-05_s101/summary.json,models/1p5b_aqua_mean_control/train_mean_matrix_lr1e-05_s101/history.json
1p5b_aqua_mean_control,train_mean_matrix_lr3e-05_s101,update,1p5b,aqua,101,3e-05,32,32,,,complete,0.04501196974888444,models/1p5b_aqua_mean_control/train_mean_matrix_lr3e-05_s101/config.json,models/1p5b_aqua_mean_control/train_mean_matrix_lr3e-05_s101/summary.json,models/1p5b_aqua_mean_control/train_mean_matrix_lr3e-05_s101/history.json
1p5b_aqua_mean_control,train_mean_matrix_lr3e-06_s101,update,1p5b,aqua,101,3e-06,32,32,,,complete,0.1917695018928498,models/1p5b_aqua_mean_control/train_mean_matrix_lr3e-06_s101/config.json,models/1p5b_aqua_mean_control/train_mean_matrix_lr3e-06_s101/summary.json,models/1p5b_aqua_mean_control/train_mean_matrix_lr3e-06_s101/history.json
1p5b_aqua_sensitivity_w0,frozen_lr1e-05_s101,update,1p5b,aqua,101,1e-05,32,32,,,complete,3.4372102678753436,models/1p5b_aqua_sensitivity_w0/frozen_lr1e-05_s101/config.json,models/1p5b_aqua_sensitivity_w0/frozen_lr1e-05_s101/summary.json,models/1p5b_aqua_sensitivity_w0/frozen_lr1e-05_s101/history.json
1p5b_aqua_sensitivity_w0,oracle_lr1e-05_s101,update,1p5b,aqua,101,1e-05,32,32,,,complete,15.493190004955977,models/1p5b_aqua_sensitivity_w0/oracle_lr1e-05_s101/config.json,models/1p5b_aqua_sensitivity_w0/oracle_lr1e-05_s101/summary.json,models/1p5b_aqua_sensitivity_w0/oracle_lr1e-05_s101/history.json
1p5b_aqua_sensitivity_w0,predictor,predictor_fit,1p5b,aqua,123,,,,100,100,complete,202.93965888023376,models/1p5b_aqua_sensitivity_w0/predictor/config.json,models/1p5b_aqua_sensitivity_w0/predictor/summary.json,models/1p5b_aqua_sensitivity_w0/predictor/history.json
1p5b_aqua_sensitivity_w0.0005,frozen_lr1e-05_s101,update,1p5b,aqua,101,1e-05,32,32,,,complete,3.444840671145357,models/1p5b_aqua_sensitivity_w0.0005/frozen_lr1e-05_s101/config.json,models/1p5b_aqua_sensitivity_w0.0005/frozen_lr1e-05_s101/summary.json,models/1p5b_aqua_sensitivity_w0.0005/frozen_lr1e-05_s101/history.json
1p5b_aqua_sensitivity_w0.0005,oracle_lr1e-05_s101,update,1p5b,aqua,101,1e-05,32,32,,,complete,15.544344606227241,models/1p5b_aqua_sensitivity_w0.0005/oracle_lr1e-05_s101/config.json,models/1p5b_aqua_sensitivity_w0.0005/oracle_lr1e-05_s101/summary.json,models/1p5b_aqua_sensitivity_w0.0005/oracle_lr1e-05_s101/history.json
1p5b_aqua_sensitivity_w0.0005,predictor,predictor_fit,1p5b,aqua,123,,,,100,100,complete,192.57019639015198,models/1p5b_aqua_sensitivity_w0.0005/predictor/config.json,models/1p5b_aqua_sensitivity_w0.0005/predictor/summary.json,models/1p5b_aqua_sensitivity_w0.0005/predictor/history.json
1p5b_aqua_sensitivity_w3e-06,frozen_lr1e-05_s101,update,1p5b,aqua,101,1e-05,32,32,,,complete,3.4482767019653693,models/1p5b_aqua_sensitivity_w3e-06/frozen_lr1e-05_s101/config.json,models/1p5b_aqua_sensitivity_w3e-06/frozen_lr1e-05_s101/summary.json,models/1p5b_aqua_sensitivity_w3e-06/frozen_lr1e-05_s101/history.json
1p5b_aqua_sensitivity_w3e-06,oracle_lr1e-05_s101,update,1p5b,aqua,101,1e-05,32,32,,,complete,15.601797392242588,models/1p5b_aqua_sensitivity_w3e-06/oracle_lr1e-05_s101/config.json,models/1p5b_aqua_sensitivity_w3e-06/oracle_lr1e-05_s101/summary.json,models/1p5b_aqua_sensitivity_w3e-06/oracle_lr1e-05_s101/history.json
1p5b_aqua_sensitivity_w3e-06,predictor,predictor_fit,1p5b,aqua,123,,,,100,100,complete,186.2430112361908,models/1p5b_aqua_sensitivity_w3e-06/predictor/config.json,models/1p5b_aqua_sensitivity_w3e-06/predictor/summary.json,models/1p5b_aqua_sensitivity_w3e-06/predictor/history.json
1p5b_aqua_sensitivity_w5e-05,frozen_lr1e-05_s101,update,1p5b,aqua,101,1e-05,32,32,,,complete,3.393649036763236,models/1p5b_aqua_sensitivity_w5e-05/frozen_lr1e-05_s101/config.json,models/1p5b_aqua_sensitivity_w5e-05/frozen_lr1e-05_s101/summary.json,models/1p5b_aqua_sensitivity_w5e-05/frozen_lr1e-05_s101/history.json
1p5b_aqua_sensitivity_w5e-05,oracle_lr1e-05_s101,update,1p5b,aqua,101,1e-05,32,32,,,complete,15.559392702649347,models/1p5b_aqua_sensitivity_w5e-05/oracle_lr1e-05_s101/config.json,models/1p5b_aqua_sensitivity_w5e-05/oracle_lr1e-05_s101/summary.json,models/1p5b_aqua_sensitivity_w5e-05/oracle_lr1e-05_s101/history.json
1p5b_aqua_sensitivity_w5e-05,predictor,predictor_fit,1p5b,aqua,123,,,,100,100,complete,187.51770615577698,models/1p5b_aqua_sensitivity_w5e-05/predictor/config.json,models/1p5b_aqua_sensitivity_w5e-05/predictor/summary.json,models/1p5b_aqua_sensitivity_w5e-05/predictor/history.json
1p5b_arc_challenge,adaptive_lr0.0001_s101,update,1p5b,arc_challenge,101,0.0001,32,32,,,complete,38.40756910596974,models/1p5b_arc_challenge/adaptive_lr0.0001_s101/config.json,models/1p5b_arc_challenge/adaptive_lr0.0001_s101/summary.json,models/1p5b_arc_challenge/adaptive_lr0.0001_s101/history.json
1p5b_arc_challenge,adaptive_lr1e-05_s101,update,1p5b,arc_challenge,101,1e-05,32,32,,,complete,38.06818906299304,models/1p5b_arc_challenge/adaptive_lr1e-05_s101/config.json,models/1p5b_arc_challenge/adaptive_lr1e-05_s101/summary.json,models/1p5b_arc_challenge/adaptive_lr1e-05_s101/history.json
1p5b_arc_challenge,adaptive_lr3e-05_s101,update,1p5b,arc_challenge,101,3e-05,32,32,,,complete,38.635740263271146,models/1p5b_arc_challenge/adaptive_lr3e-05_s101/config.json,models/1p5b_arc_challenge/adaptive_lr3e-05_s101/summary.json,models/1p5b_arc_challenge/adaptive_lr3e-05_s101/history.json
1p5b_arc_challenge,adaptive_lr3e-06_s101,update,1p5b,arc_challenge,101,3e-06,32,32,,,complete,38.387338427244686,models/1p5b_arc_challenge/adaptive_lr3e-06_s101/config.json,models/1p5b_arc_challenge/adaptive_lr3e-06_s101/summary.json,models/1p5b_arc_challenge/adaptive_lr3e-06_s101/history.json
1p5b_arc_challenge,frozen_lr0.0001_s101,update,1p5b,arc_challenge,101,0.0001,32,32,,,complete,2.6536360969766974,models/1p5b_arc_challenge/frozen_lr0.0001_s101/config.json,models/1p5b_arc_challenge/frozen_lr0.0001_s101/summary.json,models/1p5b_arc_challenge/frozen_lr0.0001_s101/history.json
1p5b_arc_challenge,frozen_lr1e-05_s101,update,1p5b,arc_challenge,101,1e-05,32,32,,,complete,2.680037876474671,models/1p5b_arc_challenge/frozen_lr1e-05_s101/config.json,models/1p5b_arc_challenge/frozen_lr1e-05_s101/summary.json,models/1p5b_arc_challenge/frozen_lr1e-05_s101/history.json
1p5b_arc_challenge,frozen_lr1e-05_s102,update,1p5b,arc_challenge,102,1e-05,32,32,,,complete,2.9559708398301154,models/1p5b_arc_challenge/frozen_lr1e-05_s102/config.json,models/1p5b_arc_challenge/frozen_lr1e-05_s102/summary.json,models/1p5b_arc_challenge/frozen_lr1e-05_s102/history.json
1p5b_arc_challenge,frozen_lr1e-05_s103,update,1p5b,arc_challenge,103,1e-05,32,32,,,complete,2.9331090060295537,models/1p5b_arc_challenge/frozen_lr1e-05_s103/config.json,models/1p5b_arc_challenge/frozen_lr1e-05_s103/summary.json,models/1p5b_arc_challenge/frozen_lr1e-05_s103/history.json
1p5b_arc_challenge,frozen_lr3e-05_s101,update,1p5b,arc_challenge,101,3e-05,32,32,,,complete,2.656626103213057,models/1p5b_arc_challenge/frozen_lr3e-05_s101/config.json,models/1p5b_arc_challenge/frozen_lr3e-05_s101/summary.json,models/1p5b_arc_challenge/frozen_lr3e-05_s101/history.json
1p5b_arc_challenge,frozen_lr3e-05_s102,update,1p5b,arc_challenge,102,3e-05,32,32,,,complete,2.681184026761912,models/1p5b_arc_challenge/frozen_lr3e-05_s102/config.json,models/1p5b_arc_challenge/frozen_lr3e-05_s102/summary.json,models/1p5b_arc_challenge/frozen_lr3e-05_s102/history.json
1p5b_arc_challenge,frozen_lr3e-05_s103,update,1p5b,arc_challenge,103,3e-05,32,32,,,complete,2.64770951832179,models/1p5b_arc_challenge/frozen_lr3e-05_s103/config.json,models/1p5b_arc_challenge/frozen_lr3e-05_s103/summary.json,models/1p5b_arc_challenge/frozen_lr3e-05_s103/history.json
1p5b_arc_challenge,frozen_lr3e-06_s101,update,1p5b,arc_challenge,101,3e-06,32,32,,,complete,2.780250532203354,models/1p5b_arc_challenge/frozen_lr3e-06_s101/config.json,models/1p5b_arc_challenge/frozen_lr3e-06_s101/summary.json,models/1p5b_arc_challenge/frozen_lr3e-06_s101/history.json
1p5b_arc_challenge,init,initialization,1p5b,arc_challenge,101,0,0,,,,initialized,,models/1p5b_arc_challenge/init/config.json,,
1p5b_arc_challenge,mean_lr0.0001_s101,update,1p5b,arc_challenge,101,0.0001,32,32,,,complete,9.511108839767985,models/1p5b_arc_challenge/mean_lr0.0001_s101/config.json,models/1p5b_arc_challenge/mean_lr0.0001_s101/summary.json,models/1p5b_arc_challenge/mean_lr0.0001_s101/history.json
1p5b_arc_challenge,mean_lr1e-05_s101,update,1p5b,arc_challenge,101,1e-05,32,32,,,complete,9.085680522373877,models/1p5b_arc_challenge/mean_lr1e-05_s101/config.json,models/1p5b_arc_challenge/mean_lr1e-05_s101/summary.json,models/1p5b_arc_challenge/mean_lr1e-05_s101/history.json
1p5b_arc_challenge,mean_lr1e-05_s102,update,1p5b,arc_challenge,102,1e-05,32,32,,,complete,9.204508373979479,models/1p5b_arc_challenge/mean_lr1e-05_s102/config.json,models/1p5b_arc_challenge/mean_lr1e-05_s102/summary.json,models/1p5b_arc_challenge/mean_lr1e-05_s102/history.json
1p5b_arc_challenge,mean_lr1e-05_s103,update,1p5b,arc_challenge,103,1e-05,32,32,,,complete,9.325098335859366,models/1p5b_arc_challenge/mean_lr1e-05_s103/config.json,models/1p5b_arc_challenge/mean_lr1e-05_s103/summary.json,models/1p5b_arc_challenge/mean_lr1e-05_s103/history.json
1p5b_arc_challenge,mean_lr3e-05_s101,update,1p5b,arc_challenge,101,3e-05,32,32,,,complete,9.448298529838212,models/1p5b_arc_challenge/mean_lr3e-05_s101/config.json,models/1p5b_arc_challenge/mean_lr3e-05_s101/summary.json,models/1p5b_arc_challenge/mean_lr3e-05_s101/history.json
1p5b_arc_challenge,mean_lr3e-05_s102,update,1p5b,arc_challenge,102,3e-05,32,32,,,complete,9.435559781850316,models/1p5b_arc_challenge/mean_lr3e-05_s102/config.json,models/1p5b_arc_challenge/mean_lr3e-05_s102/summary.json,models/1p5b_arc_challenge/mean_lr3e-05_s102/history.json
1p5b_arc_challenge,mean_lr3e-05_s103,update,1p5b,arc_challenge,103,3e-05,32,32,,,complete,7.870737175107934,models/1p5b_arc_challenge/mean_lr3e-05_s103/config.json,models/1p5b_arc_challenge/mean_lr3e-05_s103/summary.json,models/1p5b_arc_challenge/mean_lr3e-05_s103/history.json
1p5b_arc_challenge,mean_lr3e-06_s101,update,1p5b,arc_challenge,101,3e-06,32,32,,,complete,9.48045956005808,models/1p5b_arc_challenge/mean_lr3e-06_s101/config.json,models/1p5b_arc_challenge/mean_lr3e-06_s101/summary.json,models/1p5b_arc_challenge/mean_lr3e-06_s101/history.json
1p5b_arc_challenge,oracle20_lr0.0001_s101,update,1p5b,arc_challenge,101,0.0001,32,32,,,complete,9.510841038660146,models/1p5b_arc_challenge/oracle20_lr0.0001_s101/config.json,models/1p5b_arc_challenge/oracle20_lr0.0001_s101/summary.json,models/1p5b_arc_challenge/oracle20_lr0.0001_s101/history.json
1p5b_arc_challenge,oracle20_lr1e-05_s101,update,1p5b,arc_challenge,101,1e-05,32,32,,,complete,9.542572512989864,models/1p5b_arc_challenge/oracle20_lr1e-05_s101/config.json,models/1p5b_arc_challenge/oracle20_lr1e-05_s101/summary.json,models/1p5b_arc_challenge/oracle20_lr1e-05_s101/history.json
1p5b_arc_challenge,oracle20_lr3e-05_s101,update,1p5b,arc_challenge,101,3e-05,32,32,,,complete,9.4830739707686,models/1p5b_arc_challenge/oracle20_lr3e-05_s101/config.json,models/1p5b_arc_challenge/oracle20_lr3e-05_s101/summary.json,models/1p5b_arc_challenge/oracle20_lr3e-05_s101/history.json
1p5b_arc_challenge,oracle20_lr3e-06_s101,update,1p5b,arc_challenge,101,3e-06,32,32,,,complete,9.664720969973132,models/1p5b_arc_challenge/oracle20_lr3e-06_s101/config.json,models/1p5b_arc_challenge/oracle20_lr3e-06_s101/summary.json,models/1p5b_arc_challenge/oracle20_lr3e-06_s101/history.json
1p5b_arc_challenge,oracle_lr0.0001_s101,update,1p5b,arc_challenge,101,0.0001,32,32,,,complete,14.723278371384367,models/1p5b_arc_challenge/oracle_lr0.0001_s101/config.json,models/1p5b_arc_challenge/oracle_lr0.0001_s101/summary.json,models/1p5b_arc_challenge/oracle_lr0.0001_s101/history.json
1p5b_arc_challenge,oracle_lr1e-05_s101,update,1p5b,arc_challenge,101,1e-05,32,32,,,complete,15.208026680047624,models/1p5b_arc_challenge/oracle_lr1e-05_s101/config.json,models/1p5b_arc_challenge/oracle_lr1e-05_s101/summary.json,models/1p5b_arc_challenge/oracle_lr1e-05_s101/history.json
1p5b_arc_challenge,oracle_lr3e-05_s101,update,1p5b,arc_challenge,101,3e-05,32,32,,,complete,15.308490673894994,models/1p5b_arc_challenge/oracle_lr3e-05_s101/config.json,models/1p5b_arc_challenge/oracle_lr3e-05_s101/summary.json,models/1p5b_arc_challenge/oracle_lr3e-05_s101/history.json
1p5b_arc_challenge,oracle_lr3e-06_s101,update,1p5b,arc_challenge,101,3e-06,32,32,,,complete,15.64621453511063,models/1p5b_arc_challenge/oracle_lr3e-06_s101/config.json,models/1p5b_arc_challenge/oracle_lr3e-06_s101/summary.json,models/1p5b_arc_challenge/oracle_lr3e-06_s101/history.json
1p5b_arc_challenge,periodic8_lr0.0001_s101,update,1p5b,arc_challenge,101,0.0001,32,32,,,complete,7.072380034835078,models/1p5b_arc_challenge/periodic8_lr0.0001_s101/config.json,models/1p5b_arc_challenge/periodic8_lr0.0001_s101/summary.json,models/1p5b_arc_challenge/periodic8_lr0.0001_s101/history.json
1p5b_arc_challenge,periodic8_lr1e-05_s101,update,1p5b,arc_challenge,101,1e-05,32,32,,,complete,6.941093185683712,models/1p5b_arc_challenge/periodic8_lr1e-05_s101/config.json,models/1p5b_arc_challenge/periodic8_lr1e-05_s101/summary.json,models/1p5b_arc_challenge/periodic8_lr1e-05_s101/history.json
1p5b_arc_challenge,periodic8_lr3e-05_s101,update,1p5b,arc_challenge,101,3e-05,32,32,,,complete,7.104236323270015,models/1p5b_arc_challenge/periodic8_lr3e-05_s101/config.json,models/1p5b_arc_challenge/periodic8_lr3e-05_s101/summary.json,models/1p5b_arc_challenge/periodic8_lr3e-05_s101/history.json
1p5b_arc_challenge,periodic8_lr3e-06_s101,update,1p5b,arc_challenge,101,3e-06,32,32,,,complete,7.0284076211974025,models/1p5b_arc_challenge/periodic8_lr3e-06_s101/config.json,models/1p5b_arc_challenge/periodic8_lr3e-06_s101/summary.json,models/1p5b_arc_challenge/periodic8_lr3e-06_s101/history.json
1p5b_arc_challenge,predictor,predictor_fit,1p5b,arc_challenge,123,,,,100,100,complete,38.835484981536865,models/1p5b_arc_challenge/predictor/config.json,models/1p5b_arc_challenge/predictor/summary.json,models/1p5b_arc_challenge/predictor/history.json
1p5b_arc_challenge,predictor_s124,predictor_fit,1p5b,arc_challenge,124,,,,100,100,complete,39.054015159606934,models/1p5b_arc_challenge/predictor_s124/config.json,models/1p5b_arc_challenge/predictor_s124/summary.json,models/1p5b_arc_challenge/predictor_s124/history.json
1p5b_arc_challenge,predictor_s125,predictor_fit,1p5b,arc_challenge,125,,,,100,100,complete,38.36228370666504,models/1p5b_arc_challenge/predictor_s125/config.json,models/1p5b_arc_challenge/predictor_s125/summary.json,models/1p5b_arc_challenge/predictor_s125/history.json
1p5b_arc_challenge,warmup_lr0.0001_s101,warmup,1p5b,arc_challenge,101,0.0001,32,32,,,complete,16.838310480117798,models/1p5b_arc_challenge/warmup_lr0.0001_s101/config.json,models/1p5b_arc_challenge/warmup_lr0.0001_s101/summary.json,models/1p5b_arc_challenge/warmup_lr0.0001_s101/history.json
1p5b_arc_challenge,warmup_lr0.0005_s101,warmup,1p5b,arc_challenge,101,0.0005,32,32,,,complete,16.9308602809906,models/1p5b_arc_challenge/warmup_lr0.0005_s101/config.json,models/1p5b_arc_challenge/warmup_lr0.0005_s101/summary.json,models/1p5b_arc_challenge/warmup_lr0.0005_s101/history.json
1p5b_arc_challenge,warmup_lr1e-05_s101,warmup,1p5b,arc_challenge,101,1e-05,32,32,,,complete,16.81695246696472,models/1p5b_arc_challenge/warmup_lr1e-05_s101/config.json,models/1p5b_arc_challenge/warmup_lr1e-05_s101/summary.json,models/1p5b_arc_challenge/warmup_lr1e-05_s101/history.json
1p5b_arc_challenge,warmup_lr3e-06_s101,warmup,1p5b,arc_challenge,101,3e-06,32,32,,,complete,16.774467706680298,models/1p5b_arc_challenge/warmup_lr3e-06_s101/config.json,models/1p5b_arc_challenge/warmup_lr3e-06_s101/summary.json,models/1p5b_arc_challenge/warmup_lr3e-06_s101/history.json
1p5b_arc_challenge,warmup_lr5e-05_s101,warmup,1p5b,arc_challenge,101,5e-05,32,32,,,complete,16.29161810874939,models/1p5b_arc_challenge/warmup_lr5e-05_s101/config.json,models/1p5b_arc_challenge/warmup_lr5e-05_s101/summary.json,models/1p5b_arc_challenge/warmup_lr5e-05_s101/history.json
1p5b_arc_challenge_mean_control,train_mean_matrix_lr0.0001_s101,update,1p5b,arc_challenge,101,0.0001,32,32,,,complete,0.04515654488932341,models/1p5b_arc_challenge_mean_control/train_mean_matrix_lr0.0001_s101/config.json,models/1p5b_arc_challenge_mean_control/train_mean_matrix_lr0.0001_s101/summary.json,models/1p5b_arc_challenge_mean_control/train_mean_matrix_lr0.0001_s101/history.json
1p5b_arc_challenge_mean_control,train_mean_matrix_lr1e-05_s101,update,1p5b,arc_challenge,101,1e-05,32,32,,,complete,0.04527202504687011,models/1p5b_arc_challenge_mean_control/train_mean_matrix_lr1e-05_s101/config.json,models/1p5b_arc_challenge_mean_control/train_mean_matrix_lr1e-05_s101/summary.json,models/1p5b_arc_challenge_mean_control/train_mean_matrix_lr1e-05_s101/history.json
1p5b_arc_challenge_mean_control,train_mean_matrix_lr3e-05_s101,update,1p5b,arc_challenge,101,3e-05,32,32,,,complete,0.04510903754271567,models/1p5b_arc_challenge_mean_control/train_mean_matrix_lr3e-05_s101/config.json,models/1p5b_arc_challenge_mean_control/train_mean_matrix_lr3e-05_s101/summary.json,models/1p5b_arc_challenge_mean_control/train_mean_matrix_lr3e-05_s101/history.json
1p5b_arc_challenge_mean_control,train_mean_matrix_lr3e-06_s101,update,1p5b,arc_challenge,101,3e-06,32,32,,,complete,0.19563124363776296,models/1p5b_arc_challenge_mean_control/train_mean_matrix_lr3e-06_s101/config.json,models/1p5b_arc_challenge_mean_control/train_mean_matrix_lr3e-06_s101/summary.json,models/1p5b_arc_challenge_mean_control/train_mean_matrix_lr3e-06_s101/history.json
1p5b_arc_easy,adaptive_lr0.0001_s101,update,1p5b,arc_easy,101,0.0001,32,32,,,complete,34.19444980297703,models/1p5b_arc_easy/adaptive_lr0.0001_s101/config.json,models/1p5b_arc_easy/adaptive_lr0.0001_s101/summary.json,models/1p5b_arc_easy/adaptive_lr0.0001_s101/history.json
1p5b_arc_easy,adaptive_lr1e-05_s101,update,1p5b,arc_easy,101,1e-05,32,32,,,complete,37.404851209023036,models/1p5b_arc_easy/adaptive_lr1e-05_s101/config.json,models/1p5b_arc_easy/adaptive_lr1e-05_s101/summary.json,models/1p5b_arc_easy/adaptive_lr1e-05_s101/history.json
1p5b_arc_easy,adaptive_lr3e-05_s101,update,1p5b,arc_easy,101,3e-05,32,32,,,complete,39.20618464984,models/1p5b_arc_easy/adaptive_lr3e-05_s101/config.json,models/1p5b_arc_easy/adaptive_lr3e-05_s101/summary.json,models/1p5b_arc_easy/adaptive_lr3e-05_s101/history.json
1p5b_arc_easy,adaptive_lr3e-06_s101,update,1p5b,arc_easy,101,3e-06,32,32,,,complete,38.090273698209785,models/1p5b_arc_easy/adaptive_lr3e-06_s101/config.json,models/1p5b_arc_easy/adaptive_lr3e-06_s101/summary.json,models/1p5b_arc_easy/adaptive_lr3e-06_s101/history.json
1p5b_arc_easy,frozen_lr0.0001_s101,update,1p5b,arc_easy,101,0.0001,32,32,,,complete,2.766714416560717,models/1p5b_arc_easy/frozen_lr0.0001_s101/config.json,models/1p5b_arc_easy/frozen_lr0.0001_s101/summary.json,models/1p5b_arc_easy/frozen_lr0.0001_s101/history.json
1p5b_arc_easy,frozen_lr1e-05_s101,update,1p5b,arc_easy,101,1e-05,32,32,,,complete,3.095542534138076,models/1p5b_arc_easy/frozen_lr1e-05_s101/config.json,models/1p5b_arc_easy/frozen_lr1e-05_s101/summary.json,models/1p5b_arc_easy/frozen_lr1e-05_s101/history.json
1p5b_arc_easy,frozen_lr3e-05_s101,update,1p5b,arc_easy,101,3e-05,32,32,,,complete,3.097312106983736,models/1p5b_arc_easy/frozen_lr3e-05_s101/config.json,models/1p5b_arc_easy/frozen_lr3e-05_s101/summary.json,models/1p5b_arc_easy/frozen_lr3e-05_s101/history.json
1p5b_arc_easy,frozen_lr3e-06_s101,update,1p5b,arc_easy,101,3e-06,32,32,,,complete,3.186202146112919,models/1p5b_arc_easy/frozen_lr3e-06_s101/config.json,models/1p5b_arc_easy/frozen_lr3e-06_s101/summary.json,models/1p5b_arc_easy/frozen_lr3e-06_s101/history.json
1p5b_arc_easy,init,initialization,1p5b,arc_easy,101,0,0,,,,initialized,,models/1p5b_arc_easy/init/config.json,,
1p5b_arc_easy,mean_lr0.0001_s101,update,1p5b,arc_easy,101,0.0001,32,32,,,complete,9.096111250226386,models/1p5b_arc_easy/mean_lr0.0001_s101/config.json,models/1p5b_arc_easy/mean_lr0.0001_s101/summary.json,models/1p5b_arc_easy/mean_lr0.0001_s101/history.json
1p5b_arc_easy,mean_lr1e-05_s101,update,1p5b,arc_easy,101,1e-05,32,32,,,complete,9.580522615811788,models/1p5b_arc_easy/mean_lr1e-05_s101/config.json,models/1p5b_arc_easy/mean_lr1e-05_s101/summary.json,models/1p5b_arc_easy/mean_lr1e-05_s101/history.json
1p5b_arc_easy,mean_lr3e-05_s101,update,1p5b,arc_easy,101,3e-05,32,32,,,complete,9.255552172893658,models/1p5b_arc_easy/mean_lr3e-05_s101/config.json,models/1p5b_arc_easy/mean_lr3e-05_s101/summary.json,models/1p5b_arc_easy/mean_lr3e-05_s101/history.json
1p5b_arc_easy,mean_lr3e-06_s101,update,1p5b,arc_easy,101,3e-06,32,32,,,complete,8.335685615777038,models/1p5b_arc_easy/mean_lr3e-06_s101/config.json,models/1p5b_arc_easy/mean_lr3e-06_s101/summary.json,models/1p5b_arc_easy/mean_lr3e-06_s101/history.json
1p5b_arc_easy,oracle20_lr0.0001_s101,update,1p5b,arc_easy,101,0.0001,32,32,,,complete,9.84595967142377,models/1p5b_arc_easy/oracle20_lr0.0001_s101/config.json,models/1p5b_arc_easy/oracle20_lr0.0001_s101/summary.json,models/1p5b_arc_easy/oracle20_lr0.0001_s101/history.json
1p5b_arc_easy,oracle20_lr1e-05_s101,update,1p5b,arc_easy,101,1e-05,32,32,,,complete,9.390030891168863,models/1p5b_arc_easy/oracle20_lr1e-05_s101/config.json,models/1p5b_arc_easy/oracle20_lr1e-05_s101/summary.json,models/1p5b_arc_easy/oracle20_lr1e-05_s101/history.json
1p5b_arc_easy,oracle20_lr3e-05_s101,update,1p5b,arc_easy,101,3e-05,32,32,,,complete,9.177811443107203,models/1p5b_arc_easy/oracle20_lr3e-05_s101/config.json,models/1p5b_arc_easy/oracle20_lr3e-05_s101/summary.json,models/1p5b_arc_easy/oracle20_lr3e-05_s101/history.json
1p5b_arc_easy,oracle20_lr3e-06_s101,update,1p5b,arc_easy,101,3e-06,32,32,,,complete,9.304764841101132,models/1p5b_arc_easy/oracle20_lr3e-06_s101/config.json,models/1p5b_arc_easy/oracle20_lr3e-06_s101/summary.json,models/1p5b_arc_easy/oracle20_lr3e-06_s101/history.json
1p5b_arc_easy,oracle_lr0.0001_s101,update,1p5b,arc_easy,101,0.0001,32,32,,,complete,15.745616198983043,models/1p5b_arc_easy/oracle_lr0.0001_s101/config.json,models/1p5b_arc_easy/oracle_lr0.0001_s101/summary.json,models/1p5b_arc_easy/oracle_lr0.0001_s101/history.json
1p5b_arc_easy,oracle_lr1e-05_s101,update,1p5b,arc_easy,101,1e-05,32,32,,,complete,14.736518058227375,models/1p5b_arc_easy/oracle_lr1e-05_s101/config.json,models/1p5b_arc_easy/oracle_lr1e-05_s101/summary.json,models/1p5b_arc_easy/oracle_lr1e-05_s101/history.json
1p5b_arc_easy,oracle_lr3e-05_s101,update,1p5b,arc_easy,101,3e-05,32,32,,,complete,14.766615394502878,models/1p5b_arc_easy/oracle_lr3e-05_s101/config.json,models/1p5b_arc_easy/oracle_lr3e-05_s101/summary.json,models/1p5b_arc_easy/oracle_lr3e-05_s101/history.json
1p5b_arc_easy,oracle_lr3e-06_s101,update,1p5b,arc_easy,101,3e-06,32,32,,,complete,14.602129486040212,models/1p5b_arc_easy/oracle_lr3e-06_s101/config.json,models/1p5b_arc_easy/oracle_lr3e-06_s101/summary.json,models/1p5b_arc_easy/oracle_lr3e-06_s101/history.json
1p5b_arc_easy,periodic8_lr0.0001_s101,update,1p5b,arc_easy,101,0.0001,32,32,,,complete,6.970595598919317,models/1p5b_arc_easy/periodic8_lr0.0001_s101/config.json,models/1p5b_arc_easy/periodic8_lr0.0001_s101/summary.json,models/1p5b_arc_easy/periodic8_lr0.0001_s101/history.json
1p5b_arc_easy,periodic8_lr1e-05_s101,update,1p5b,arc_easy,101,1e-05,32,32,,,complete,7.257934369030409,models/1p5b_arc_easy/periodic8_lr1e-05_s101/config.json,models/1p5b_arc_easy/periodic8_lr1e-05_s101/summary.json,models/1p5b_arc_easy/periodic8_lr1e-05_s101/history.json
1p5b_arc_easy,periodic8_lr3e-05_s101,update,1p5b,arc_easy,101,3e-05,32,32,,,complete,7.2826478676870465,models/1p5b_arc_easy/periodic8_lr3e-05_s101/config.json,models/1p5b_arc_easy/periodic8_lr3e-05_s101/summary.json,models/1p5b_arc_easy/periodic8_lr3e-05_s101/history.json
1p5b_arc_easy,periodic8_lr3e-06_s101,update,1p5b,arc_easy,101,3e-06,32,32,,,complete,7.01109461102169,models/1p5b_arc_easy/periodic8_lr3e-06_s101/config.json,models/1p5b_arc_easy/periodic8_lr3e-06_s101/summary.json,models/1p5b_arc_easy/periodic8_lr3e-06_s101/history.json
1p5b_arc_easy,predictor,predictor_fit,1p5b,arc_easy,123,,,,100,100,complete,65.95091485977173,models/1p5b_arc_easy/predictor/config.json,models/1p5b_arc_easy/predictor/summary.json,models/1p5b_arc_easy/predictor/history.json
1p5b_arc_easy,warmup_lr0.0001_s101,warmup,1p5b,arc_easy,101,0.0001,32,32,,,complete,16.682225465774536,models/1p5b_arc_easy/warmup_lr0.0001_s101/config.json,models/1p5b_arc_easy/warmup_lr0.0001_s101/summary.json,models/1p5b_arc_easy/warmup_lr0.0001_s101/history.json
1p5b_arc_easy,warmup_lr0.0005_s101,warmup,1p5b,arc_easy,101,0.0005,32,32,,,complete,16.297799587249756,models/1p5b_arc_easy/warmup_lr0.0005_s101/config.json,models/1p5b_arc_easy/warmup_lr0.0005_s101/summary.json,models/1p5b_arc_easy/warmup_lr0.0005_s101/history.json
1p5b_arc_easy,warmup_lr1e-05_s101,warmup,1p5b,arc_easy,101,1e-05,32,32,,,complete,16.571316242218018,models/1p5b_arc_easy/warmup_lr1e-05_s101/config.json,models/1p5b_arc_easy/warmup_lr1e-05_s101/summary.json,models/1p5b_arc_easy/warmup_lr1e-05_s101/history.json
1p5b_arc_easy,warmup_lr3e-06_s101,warmup,1p5b,arc_easy,101,3e-06,32,32,,,complete,16.939457416534424,models/1p5b_arc_easy/warmup_lr3e-06_s101/config.json,models/1p5b_arc_easy/warmup_lr3e-06_s101/summary.json,models/1p5b_arc_easy/warmup_lr3e-06_s101/history.json
1p5b_arc_easy,warmup_lr5e-05_s101,warmup,1p5b,arc_easy,101,5e-05,32,32,,,complete,16.5010187625885,models/1p5b_arc_easy/warmup_lr5e-05_s101/config.json,models/1p5b_arc_easy/warmup_lr5e-05_s101/summary.json,models/1p5b_arc_easy/warmup_lr5e-05_s101/history.json
1p5b_arc_easy_mean_control,train_mean_matrix_lr0.0001_s101,update,1p5b,arc_easy,101,0.0001,32,32,,,complete,0.044881290988996625,models/1p5b_arc_easy_mean_control/train_mean_matrix_lr0.0001_s101/config.json,models/1p5b_arc_easy_mean_control/train_mean_matrix_lr0.0001_s101/summary.json,models/1p5b_arc_easy_mean_control/train_mean_matrix_lr0.0001_s101/history.json
1p5b_arc_easy_mean_control,train_mean_matrix_lr1e-05_s101,update,1p5b,arc_easy,101,1e-05,32,32,,,complete,0.0445856221485883,models/1p5b_arc_easy_mean_control/train_mean_matrix_lr1e-05_s101/config.json,models/1p5b_arc_easy_mean_control/train_mean_matrix_lr1e-05_s101/summary.json,models/1p5b_arc_easy_mean_control/train_mean_matrix_lr1e-05_s101/history.json
1p5b_arc_easy_mean_control,train_mean_matrix_lr3e-05_s101,update,1p5b,arc_easy,101,3e-05,32,32,,,complete,0.04473241325467825,models/1p5b_arc_easy_mean_control/train_mean_matrix_lr3e-05_s101/config.json,models/1p5b_arc_easy_mean_control/train_mean_matrix_lr3e-05_s101/summary.json,models/1p5b_arc_easy_mean_control/train_mean_matrix_lr3e-05_s101/history.json
1p5b_arc_easy_mean_control,train_mean_matrix_lr3e-06_s101,update,1p5b,arc_easy,101,3e-06,32,32,,,complete,0.1785753690637648,models/1p5b_arc_easy_mean_control/train_mean_matrix_lr3e-06_s101/config.json,models/1p5b_arc_easy_mean_control/train_mean_matrix_lr3e-06_s101/summary.json,models/1p5b_arc_easy_mean_control/train_mean_matrix_lr3e-06_s101/history.json
1p5b_boolq,adaptive_lr0.0001_s101,update,1p5b,boolq,101,0.0001,32,32,,,complete,42.813974901800975,models/1p5b_boolq/adaptive_lr0.0001_s101/config.json,models/1p5b_boolq/adaptive_lr0.0001_s101/summary.json,models/1p5b_boolq/adaptive_lr0.0001_s101/history.json
1p5b_boolq,adaptive_lr1e-05_s101,update,1p5b,boolq,101,1e-05,32,32,,,complete,42.218265936826356,models/1p5b_boolq/adaptive_lr1e-05_s101/config.json,models/1p5b_boolq/adaptive_lr1e-05_s101/summary.json,models/1p5b_boolq/adaptive_lr1e-05_s101/history.json
1p5b_boolq,adaptive_lr3e-05_s101,update,1p5b,boolq,101,3e-05,32,32,,,complete,42.44243759231176,models/1p5b_boolq/adaptive_lr3e-05_s101/config.json,models/1p5b_boolq/adaptive_lr3e-05_s101/summary.json,models/1p5b_boolq/adaptive_lr3e-05_s101/history.json
1p5b_boolq,adaptive_lr3e-06_s101,update,1p5b,boolq,101,3e-06,32,32,,,complete,43.71007262566127,models/1p5b_boolq/adaptive_lr3e-06_s101/config.json,models/1p5b_boolq/adaptive_lr3e-06_s101/summary.json,models/1p5b_boolq/adaptive_lr3e-06_s101/history.json
1p5b_boolq,frozen_lr0.0001_s101,update,1p5b,boolq,101,0.0001,32,32,,,complete,2.948996082879603,models/1p5b_boolq/frozen_lr0.0001_s101/config.json,models/1p5b_boolq/frozen_lr0.0001_s101/summary.json,models/1p5b_boolq/frozen_lr0.0001_s101/history.json
1p5b_boolq,frozen_lr1e-05_s101,update,1p5b,boolq,101,1e-05,32,32,,,complete,2.9876619570422918,models/1p5b_boolq/frozen_lr1e-05_s101/config.json,models/1p5b_boolq/frozen_lr1e-05_s101/summary.json,models/1p5b_boolq/frozen_lr1e-05_s101/history.json
1p5b_boolq,frozen_lr3e-05_s101,update,1p5b,boolq,101,3e-05,32,32,,,complete,2.9243985797511414,models/1p5b_boolq/frozen_lr3e-05_s101/config.json,models/1p5b_boolq/frozen_lr3e-05_s101/summary.json,models/1p5b_boolq/frozen_lr3e-05_s101/history.json
1p5b_boolq,frozen_lr3e-06_s101,update,1p5b,boolq,101,3e-06,32,32,,,complete,3.1620448329485953,models/1p5b_boolq/frozen_lr3e-06_s101/config.json,models/1p5b_boolq/frozen_lr3e-06_s101/summary.json,models/1p5b_boolq/frozen_lr3e-06_s101/history.json
1p5b_boolq,init,initialization,1p5b,boolq,101,0,0,,,,initialized,,models/1p5b_boolq/init/config.json,,
1p5b_boolq,mean_lr0.0001_s101,update,1p5b,boolq,101,0.0001,32,32,,,complete,9.543378219939768,models/1p5b_boolq/mean_lr0.0001_s101/config.json,models/1p5b_boolq/mean_lr0.0001_s101/summary.json,models/1p5b_boolq/mean_lr0.0001_s101/history.json
1p5b_boolq,mean_lr1e-05_s101,update,1p5b,boolq,101,1e-05,32,32,,,complete,9.703035399899818,models/1p5b_boolq/mean_lr1e-05_s101/config.json,models/1p5b_boolq/mean_lr1e-05_s101/summary.json,models/1p5b_boolq/mean_lr1e-05_s101/history.json
1p5b_boolq,mean_lr3e-05_s101,update,1p5b,boolq,101,3e-05,32,32,,,complete,9.676317253150046,models/1p5b_boolq/mean_lr3e-05_s101/config.json,models/1p5b_boolq/mean_lr3e-05_s101/summary.json,models/1p5b_boolq/mean_lr3e-05_s101/history.json
1p5b_boolq,mean_lr3e-06_s101,update,1p5b,boolq,101,3e-06,32,32,,,complete,9.861366923782043,models/1p5b_boolq/mean_lr3e-06_s101/config.json,models/1p5b_boolq/mean_lr3e-06_s101/summary.json,models/1p5b_boolq/mean_lr3e-06_s101/history.json
1p5b_boolq,oracle20_lr0.0001_s101,update,1p5b,boolq,101,0.0001,32,32,,,complete,9.822383580263704,models/1p5b_boolq/oracle20_lr0.0001_s101/config.json,models/1p5b_boolq/oracle20_lr0.0001_s101/summary.json,models/1p5b_boolq/oracle20_lr0.0001_s101/history.json
1p5b_boolq,oracle20_lr1e-05_s101,update,1p5b,boolq,101,1e-05,32,32,,,complete,10.021242411341518,models/1p5b_boolq/oracle20_lr1e-05_s101/config.json,models/1p5b_boolq/oracle20_lr1e-05_s101/summary.json,models/1p5b_boolq/oracle20_lr1e-05_s101/history.json
1p5b_boolq,oracle20_lr3e-05_s101,update,1p5b,boolq,101,3e-05,32,32,,,complete,9.855564201017842,models/1p5b_boolq/oracle20_lr3e-05_s101/config.json,models/1p5b_boolq/oracle20_lr3e-05_s101/summary.json,models/1p5b_boolq/oracle20_lr3e-05_s101/history.json
1p5b_boolq,oracle20_lr3e-06_s101,update,1p5b,boolq,101,3e-06,32,32,,,complete,9.90718247089535,models/1p5b_boolq/oracle20_lr3e-06_s101/config.json,models/1p5b_boolq/oracle20_lr3e-06_s101/summary.json,models/1p5b_boolq/oracle20_lr3e-06_s101/history.json
1p5b_boolq,oracle_lr0.0001_s101,update,1p5b,boolq,101,0.0001,32,32,,,complete,15.688042204943486,models/1p5b_boolq/oracle_lr0.0001_s101/config.json,models/1p5b_boolq/oracle_lr0.0001_s101/summary.json,models/1p5b_boolq/oracle_lr0.0001_s101/history.json
1p5b_boolq,oracle_lr1e-05_s101,update,1p5b,boolq,101,1e-05,32,32,,,complete,15.706435266882181,models/1p5b_boolq/oracle_lr1e-05_s101/config.json,models/1p5b_boolq/oracle_lr1e-05_s101/summary.json,models/1p5b_boolq/oracle_lr1e-05_s101/history.json
1p5b_boolq,oracle_lr3e-05_s101,update,1p5b,boolq,101,3e-05,32,32,,,complete,15.598832163028419,models/1p5b_boolq/oracle_lr3e-05_s101/config.json,models/1p5b_boolq/oracle_lr3e-05_s101/summary.json,models/1p5b_boolq/oracle_lr3e-05_s101/history.json
1p5b_boolq,oracle_lr3e-06_s101,update,1p5b,boolq,101,3e-06,32,32,,,complete,15.907635319745168,models/1p5b_boolq/oracle_lr3e-06_s101/config.json,models/1p5b_boolq/oracle_lr3e-06_s101/summary.json,models/1p5b_boolq/oracle_lr3e-06_s101/history.json
1p5b_boolq,periodic8_lr0.0001_s101,update,1p5b,boolq,101,0.0001,32,32,,,complete,7.86104844417423,models/1p5b_boolq/periodic8_lr0.0001_s101/config.json,models/1p5b_boolq/periodic8_lr0.0001_s101/summary.json,models/1p5b_boolq/periodic8_lr0.0001_s101/history.json
1p5b_boolq,periodic8_lr1e-05_s101,update,1p5b,boolq,101,1e-05,32,32,,,complete,7.725275377044454,models/1p5b_boolq/periodic8_lr1e-05_s101/config.json,models/1p5b_boolq/periodic8_lr1e-05_s101/summary.json,models/1p5b_boolq/periodic8_lr1e-05_s101/history.json
1p5b_boolq,periodic8_lr3e-05_s101,update,1p5b,boolq,101,3e-05,32,32,,,complete,7.855975836282596,models/1p5b_boolq/periodic8_lr3e-05_s101/config.json,models/1p5b_boolq/periodic8_lr3e-05_s101/summary.json,models/1p5b_boolq/periodic8_lr3e-05_s101/history.json
1p5b_boolq,periodic8_lr3e-06_s101,update,1p5b,boolq,101,3e-06,32,32,,,complete,7.805648029083386,models/1p5b_boolq/periodic8_lr3e-06_s101/config.json,models/1p5b_boolq/periodic8_lr3e-06_s101/summary.json,models/1p5b_boolq/periodic8_lr3e-06_s101/history.json
1p5b_boolq,predictor,predictor_fit,1p5b,boolq,123,,,,100,100,complete,174.5883629322052,models/1p5b_boolq/predictor/config.json,models/1p5b_boolq/predictor/summary.json,models/1p5b_boolq/predictor/history.json
1p5b_boolq,warmup_lr0.0001_s101,warmup,1p5b,boolq,101,0.0001,32,32,,,complete,17.414747953414917,models/1p5b_boolq/warmup_lr0.0001_s101/config.json,models/1p5b_boolq/warmup_lr0.0001_s101/summary.json,models/1p5b_boolq/warmup_lr0.0001_s101/history.json
1p5b_boolq,warmup_lr0.0005_s101,warmup,1p5b,boolq,101,0.0005,32,32,,,complete,17.319324731826782,models/1p5b_boolq/warmup_lr0.0005_s101/config.json,models/1p5b_boolq/warmup_lr0.0005_s101/summary.json,models/1p5b_boolq/warmup_lr0.0005_s101/history.json
1p5b_boolq,warmup_lr1e-05_s101,warmup,1p5b,boolq,101,1e-05,32,32,,,complete,16.52195715904236,models/1p5b_boolq/warmup_lr1e-05_s101/config.json,models/1p5b_boolq/warmup_lr1e-05_s101/summary.json,models/1p5b_boolq/warmup_lr1e-05_s101/history.json
1p5b_boolq,warmup_lr3e-06_s101,warmup,1p5b,boolq,101,3e-06,32,32,,,complete,16.472377061843872,models/1p5b_boolq/warmup_lr3e-06_s101/config.json,models/1p5b_boolq/warmup_lr3e-06_s101/summary.json,models/1p5b_boolq/warmup_lr3e-06_s101/history.json
1p5b_boolq,warmup_lr5e-05_s101,warmup,1p5b,boolq,101,5e-05,32,32,,,complete,16.996228456497192,models/1p5b_boolq/warmup_lr5e-05_s101/config.json,models/1p5b_boolq/warmup_lr5e-05_s101/summary.json,models/1p5b_boolq/warmup_lr5e-05_s101/history.json
1p5b_boolq_mean_control,train_mean_matrix_lr0.0001_s101,update,1p5b,boolq,101,0.0001,32,32,,,complete,0.047665024641901255,models/1p5b_boolq_mean_control/train_mean_matrix_lr0.0001_s101/config.json,models/1p5b_boolq_mean_control/train_mean_matrix_lr0.0001_s101/summary.json,models/1p5b_boolq_mean_control/train_mean_matrix_lr0.0001_s101/history.json
1p5b_boolq_mean_control,train_mean_matrix_lr1e-05_s101,update,1p5b,boolq,101,1e-05,32,32,,,complete,0.04706086416263133,models/1p5b_boolq_mean_control/train_mean_matrix_lr1e-05_s101/config.json,models/1p5b_boolq_mean_control/train_mean_matrix_lr1e-05_s101/summary.json,models/1p5b_boolq_mean_control/train_mean_matrix_lr1e-05_s101/history.json
1p5b_boolq_mean_control,train_mean_matrix_lr3e-05_s101,update,1p5b,boolq,101,3e-05,32,32,,,complete,0.0491426958469674,models/1p5b_boolq_mean_control/train_mean_matrix_lr3e-05_s101/config.json,models/1p5b_boolq_mean_control/train_mean_matrix_lr3e-05_s101/summary.json,models/1p5b_boolq_mean_control/train_mean_matrix_lr3e-05_s101/history.json
1p5b_boolq_mean_control,train_mean_matrix_lr3e-06_s101,update,1p5b,boolq,101,3e-06,32,32,,,complete,0.1850574502022937,models/1p5b_boolq_mean_control/train_mean_matrix_lr3e-06_s101/config.json,models/1p5b_boolq_mean_control/train_mean_matrix_lr3e-06_s101/summary.json,models/1p5b_boolq_mean_control/train_mean_matrix_lr3e-06_s101/history.json
1p5b_countdown,adaptive_lr0.0001_s101,update,1p5b,countdown,101,0.0001,32,32,,,complete,41.915280164103024,models/1p5b_countdown/adaptive_lr0.0001_s101/config.json,models/1p5b_countdown/adaptive_lr0.0001_s101/summary.json,models/1p5b_countdown/adaptive_lr0.0001_s101/history.json
1p5b_countdown,adaptive_lr1e-05_s101,update,1p5b,countdown,101,1e-05,32,32,,,complete,37.87025733408518,models/1p5b_countdown/adaptive_lr1e-05_s101/config.json,models/1p5b_countdown/adaptive_lr1e-05_s101/summary.json,models/1p5b_countdown/adaptive_lr1e-05_s101/history.json
1p5b_countdown,adaptive_lr3e-05_s101,update,1p5b,countdown,101,3e-05,32,32,,,complete,41.37329965271056,models/1p5b_countdown/adaptive_lr3e-05_s101/config.json,models/1p5b_countdown/adaptive_lr3e-05_s101/summary.json,models/1p5b_countdown/adaptive_lr3e-05_s101/history.json
1p5b_countdown,adaptive_lr3e-06_s101,update,1p5b,countdown,101,3e-06,32,32,,,complete,40.96889686153736,models/1p5b_countdown/adaptive_lr3e-06_s101/config.json,models/1p5b_countdown/adaptive_lr3e-06_s101/summary.json,models/1p5b_countdown/adaptive_lr3e-06_s101/history.json
1p5b_countdown,frozen_lr0.0001_s101,update,1p5b,countdown,101,0.0001,32,32,,,complete,2.9164840899175033,models/1p5b_countdown/frozen_lr0.0001_s101/config.json,models/1p5b_countdown/frozen_lr0.0001_s101/summary.json,models/1p5b_countdown/frozen_lr0.0001_s101/history.json
1p5b_countdown,frozen_lr1e-05_s101,update,1p5b,countdown,101,1e-05,32,32,,,complete,2.9157713300082833,models/1p5b_countdown/frozen_lr1e-05_s101/config.json,models/1p5b_countdown/frozen_lr1e-05_s101/summary.json,models/1p5b_countdown/frozen_lr1e-05_s101/history.json
1p5b_countdown,frozen_lr3e-05_s101,update,1p5b,countdown,101,3e-05,32,32,,,complete,2.8884030145127326,models/1p5b_countdown/frozen_lr3e-05_s101/config.json,models/1p5b_countdown/frozen_lr3e-05_s101/summary.json,models/1p5b_countdown/frozen_lr3e-05_s101/history.json
1p5b_countdown,frozen_lr3e-06_s101,update,1p5b,countdown,101,3e-06,32,32,,,complete,3.234116589068435,models/1p5b_countdown/frozen_lr3e-06_s101/config.json,models/1p5b_countdown/frozen_lr3e-06_s101/summary.json,models/1p5b_countdown/frozen_lr3e-06_s101/history.json
1p5b_countdown,init,initialization,1p5b,countdown,101,0,0,,,,initialized,,models/1p5b_countdown/init/config.json,,
1p5b_countdown,mean_lr0.0001_s101,update,1p5b,countdown,101,0.0001,32,32,,,complete,9.114439558936283,models/1p5b_countdown/mean_lr0.0001_s101/config.json,models/1p5b_countdown/mean_lr0.0001_s101/summary.json,models/1p5b_countdown/mean_lr0.0001_s101/history.json
1p5b_countdown,mean_lr1e-05_s101,update,1p5b,countdown,101,1e-05,32,32,,,complete,9.403663295088336,models/1p5b_countdown/mean_lr1e-05_s101/config.json,models/1p5b_countdown/mean_lr1e-05_s101/summary.json,models/1p5b_countdown/mean_lr1e-05_s101/history.json
1p5b_countdown,mean_lr3e-05_s101,update,1p5b,countdown,101,3e-05,32,32,,,complete,9.448620427283458,models/1p5b_countdown/mean_lr3e-05_s101/config.json,models/1p5b_countdown/mean_lr3e-05_s101/summary.json,models/1p5b_countdown/mean_lr3e-05_s101/history.json
1p5b_countdown,mean_lr3e-06_s101,update,1p5b,countdown,101,3e-06,32,32,,,complete,9.400622633518651,models/1p5b_countdown/mean_lr3e-06_s101/config.json,models/1p5b_countdown/mean_lr3e-06_s101/summary.json,models/1p5b_countdown/mean_lr3e-06_s101/history.json
1p5b_countdown,oracle20_lr0.0001_s101,update,1p5b,countdown,101,0.0001,32,32,,,complete,8.980902139446698,models/1p5b_countdown/oracle20_lr0.0001_s101/config.json,models/1p5b_countdown/oracle20_lr0.0001_s101/summary.json,models/1p5b_countdown/oracle20_lr0.0001_s101/history.json
1p5b_countdown,oracle20_lr1e-05_s101,update,1p5b,countdown,101,1e-05,32,32,,,complete,9.448672803351656,models/1p5b_countdown/oracle20_lr1e-05_s101/config.json,models/1p5b_countdown/oracle20_lr1e-05_s101/summary.json,models/1p5b_countdown/oracle20_lr1e-05_s101/history.json
1p5b_countdown,oracle20_lr1e-05_s102,update,1p5b,countdown,102,1e-05,32,32,,,complete,9.487386914901435,models/1p5b_countdown/oracle20_lr1e-05_s102/config.json,models/1p5b_countdown/oracle20_lr1e-05_s102/summary.json,models/1p5b_countdown/oracle20_lr1e-05_s102/history.json
1p5b_countdown,oracle20_lr1e-05_s103,update,1p5b,countdown,103,1e-05,32,32,,,complete,8.98489847406745,models/1p5b_countdown/oracle20_lr1e-05_s103/config.json,models/1p5b_countdown/oracle20_lr1e-05_s103/summary.json,models/1p5b_countdown/oracle20_lr1e-05_s103/history.json
1p5b_countdown,oracle20_lr3e-05_s101,update,1p5b,countdown,101,3e-05,32,32,,,complete,9.402595087885857,models/1p5b_countdown/oracle20_lr3e-05_s101/config.json,models/1p5b_countdown/oracle20_lr3e-05_s101/summary.json,models/1p5b_countdown/oracle20_lr3e-05_s101/history.json
1p5b_countdown,oracle20_lr3e-05_s102,update,1p5b,countdown,102,3e-05,32,32,,,complete,9.548600389622152,models/1p5b_countdown/oracle20_lr3e-05_s102/config.json,models/1p5b_countdown/oracle20_lr3e-05_s102/summary.json,models/1p5b_countdown/oracle20_lr3e-05_s102/history.json
1p5b_countdown,oracle20_lr3e-05_s103,update,1p5b,countdown,103,3e-05,32,32,,,complete,9.230516246170737,models/1p5b_countdown/oracle20_lr3e-05_s103/config.json,models/1p5b_countdown/oracle20_lr3e-05_s103/summary.json,models/1p5b_countdown/oracle20_lr3e-05_s103/history.json
1p5b_countdown,oracle20_lr3e-06_s101,update,1p5b,countdown,101,3e-06,32,32,,,complete,9.6287060509203,models/1p5b_countdown/oracle20_lr3e-06_s101/config.json,models/1p5b_countdown/oracle20_lr3e-06_s101/summary.json,models/1p5b_countdown/oracle20_lr3e-06_s101/history.json
1p5b_countdown,oracle_lr0.0001_s101,update,1p5b,countdown,101,0.0001,32,32,,,complete,15.10665861913003,models/1p5b_countdown/oracle_lr0.0001_s101/config.json,models/1p5b_countdown/oracle_lr0.0001_s101/summary.json,models/1p5b_countdown/oracle_lr0.0001_s101/history.json
1p5b_countdown,oracle_lr1e-05_s101,update,1p5b,countdown,101,1e-05,32,32,,,complete,15.078247596742585,models/1p5b_countdown/oracle_lr1e-05_s101/config.json,models/1p5b_countdown/oracle_lr1e-05_s101/summary.json,models/1p5b_countdown/oracle_lr1e-05_s101/history.json
1p5b_countdown,oracle_lr3e-05_s101,update,1p5b,countdown,101,3e-05,32,32,,,complete,15.050168574089184,models/1p5b_countdown/oracle_lr3e-05_s101/config.json,models/1p5b_countdown/oracle_lr3e-05_s101/summary.json,models/1p5b_countdown/oracle_lr3e-05_s101/history.json
1p5b_countdown,oracle_lr3e-06_s101,update,1p5b,countdown,101,3e-06,32,32,,,complete,14.860225763986818,models/1p5b_countdown/oracle_lr3e-06_s101/config.json,models/1p5b_countdown/oracle_lr3e-06_s101/summary.json,models/1p5b_countdown/oracle_lr3e-06_s101/history.json
1p5b_countdown,periodic8_lr0.0001_s101,update,1p5b,countdown,101,0.0001,32,32,,,complete,7.760279183741659,models/1p5b_countdown/periodic8_lr0.0001_s101/config.json,models/1p5b_countdown/periodic8_lr0.0001_s101/summary.json,models/1p5b_countdown/periodic8_lr0.0001_s101/history.json
1p5b_countdown,periodic8_lr1e-05_s101,update,1p5b,countdown,101,1e-05,32,32,,,complete,7.158996755955741,models/1p5b_countdown/periodic8_lr1e-05_s101/config.json,models/1p5b_countdown/periodic8_lr1e-05_s101/summary.json,models/1p5b_countdown/periodic8_lr1e-05_s101/history.json
1p5b_countdown,periodic8_lr1e-05_s102,update,1p5b,countdown,102,1e-05,32,32,,,complete,7.9663105476647615,models/1p5b_countdown/periodic8_lr1e-05_s102/config.json,models/1p5b_countdown/periodic8_lr1e-05_s102/summary.json,models/1p5b_countdown/periodic8_lr1e-05_s102/history.json
1p5b_countdown,periodic8_lr1e-05_s103,update,1p5b,countdown,103,1e-05,32,32,,,complete,7.646593918441795,models/1p5b_countdown/periodic8_lr1e-05_s103/config.json,models/1p5b_countdown/periodic8_lr1e-05_s103/summary.json,models/1p5b_countdown/periodic8_lr1e-05_s103/history.json
1p5b_countdown,periodic8_lr3e-05_s101,update,1p5b,countdown,101,3e-05,32,32,,,complete,7.600460380199365,models/1p5b_countdown/periodic8_lr3e-05_s101/config.json,models/1p5b_countdown/periodic8_lr3e-05_s101/summary.json,models/1p5b_countdown/periodic8_lr3e-05_s101/history.json
1p5b_countdown,periodic8_lr3e-05_s102,update,1p5b,countdown,102,3e-05,32,32,,,complete,7.761693641892634,models/1p5b_countdown/periodic8_lr3e-05_s102/config.json,models/1p5b_countdown/periodic8_lr3e-05_s102/summary.json,models/1p5b_countdown/periodic8_lr3e-05_s102/history.json
1p5b_countdown,periodic8_lr3e-05_s103,update,1p5b,countdown,103,3e-05,32,32,,,complete,7.827738516498357,models/1p5b_countdown/periodic8_lr3e-05_s103/config.json,models/1p5b_countdown/periodic8_lr3e-05_s103/summary.json,models/1p5b_countdown/periodic8_lr3e-05_s103/history.json
1p5b_countdown,periodic8_lr3e-06_s101,update,1p5b,countdown,101,3e-06,32,32,,,complete,7.453640230698511,models/1p5b_countdown/periodic8_lr3e-06_s101/config.json,models/1p5b_countdown/periodic8_lr3e-06_s101/summary.json,models/1p5b_countdown/periodic8_lr3e-06_s101/history.json
1p5b_countdown,predictor,predictor_fit,1p5b,countdown,123,,,,100,100,complete,179.1618263721466,models/1p5b_countdown/predictor/config.json,models/1p5b_countdown/predictor/summary.json,models/1p5b_countdown/predictor/history.json
1p5b_countdown,predictor_s124,predictor_fit,1p5b,countdown,124,,,,100,100,complete,181.49319744110107,models/1p5b_countdown/predictor_s124/config.json,models/1p5b_countdown/predictor_s124/summary.json,models/1p5b_countdown/predictor_s124/history.json
1p5b_countdown,predictor_s125,predictor_fit,1p5b,countdown,125,,,,100,100,complete,203.35227465629578,models/1p5b_countdown/predictor_s125/config.json,models/1p5b_countdown/predictor_s125/summary.json,models/1p5b_countdown/predictor_s125/history.json
1p5b_countdown,warmup_lr0.0001_s101,warmup,1p5b,countdown,101,0.0001,32,32,,,complete,29.083099603652954,models/1p5b_countdown/warmup_lr0.0001_s101/config.json,models/1p5b_countdown/warmup_lr0.0001_s101/summary.json,models/1p5b_countdown/warmup_lr0.0001_s101/history.json
1p5b_countdown,warmup_lr0.0005_s101,warmup,1p5b,countdown,101,0.0005,32,32,,,complete,28.80818772315979,models/1p5b_countdown/warmup_lr0.0005_s101/config.json,models/1p5b_countdown/warmup_lr0.0005_s101/summary.json,models/1p5b_countdown/warmup_lr0.0005_s101/history.json
1p5b_countdown,warmup_lr1e-05_s101,warmup,1p5b,countdown,101,1e-05,32,32,,,complete,28.84832000732422,models/1p5b_countdown/warmup_lr1e-05_s101/config.json,models/1p5b_countdown/warmup_lr1e-05_s101/summary.json,models/1p5b_countdown/warmup_lr1e-05_s101/history.json
1p5b_countdown,warmup_lr3e-06_s101,warmup,1p5b,countdown,101,3e-06,32,32,,,complete,29.76459550857544,models/1p5b_countdown/warmup_lr3e-06_s101/config.json,models/1p5b_countdown/warmup_lr3e-06_s101/summary.json,models/1p5b_countdown/warmup_lr3e-06_s101/history.json
1p5b_countdown,warmup_lr5e-05_s101,warmup,1p5b,countdown,101,5e-05,32,32,,,complete,28.9511079788208,models/1p5b_countdown/warmup_lr5e-05_s101/config.json,models/1p5b_countdown/warmup_lr5e-05_s101/summary.json,models/1p5b_countdown/warmup_lr5e-05_s101/history.json
1p5b_countdown_mean_control,train_mean_matrix_lr0.0001_s101,update,1p5b,countdown,101,0.0001,32,32,,,complete,0.04502703214529902,models/1p5b_countdown_mean_control/train_mean_matrix_lr0.0001_s101/config.json,models/1p5b_countdown_mean_control/train_mean_matrix_lr0.0001_s101/summary.json,models/1p5b_countdown_mean_control/train_mean_matrix_lr0.0001_s101/history.json
1p5b_countdown_mean_control,train_mean_matrix_lr1e-05_s101,update,1p5b,countdown,101,1e-05,32,32,,,complete,0.04518266499508172,models/1p5b_countdown_mean_control/train_mean_matrix_lr1e-05_s101/config.json,models/1p5b_countdown_mean_control/train_mean_matrix_lr1e-05_s101/summary.json,models/1p5b_countdown_mean_control/train_mean_matrix_lr1e-05_s101/history.json
1p5b_countdown_mean_control,train_mean_matrix_lr3e-05_s101,update,1p5b,countdown,101,3e-05,32,32,,,complete,0.04531967604998499,models/1p5b_countdown_mean_control/train_mean_matrix_lr3e-05_s101/config.json,models/1p5b_countdown_mean_control/train_mean_matrix_lr3e-05_s101/summary.json,models/1p5b_countdown_mean_control/train_mean_matrix_lr3e-05_s101/history.json
1p5b_countdown_mean_control,train_mean_matrix_lr3e-06_s101,update,1p5b,countdown,101,3e-06,32,32,,,complete,0.19398362410720438,models/1p5b_countdown_mean_control/train_mean_matrix_lr3e-06_s101/config.json,models/1p5b_countdown_mean_control/train_mean_matrix_lr3e-06_s101/summary.json,models/1p5b_countdown_mean_control/train_mean_matrix_lr3e-06_s101/history.json
1p5b_countdown_sensitivity_w0,frozen_lr3e-05_s101,update,1p5b,countdown,101,3e-05,32,32,,,complete,3.39156479050871,models/1p5b_countdown_sensitivity_w0/frozen_lr3e-05_s101/config.json,models/1p5b_countdown_sensitivity_w0/frozen_lr3e-05_s101/summary.json,models/1p5b_countdown_sensitivity_w0/frozen_lr3e-05_s101/history.json
1p5b_countdown_sensitivity_w0,oracle_lr3e-05_s101,update,1p5b,countdown,101,3e-05,32,32,,,complete,15.412004144745879,models/1p5b_countdown_sensitivity_w0/oracle_lr3e-05_s101/config.json,models/1p5b_countdown_sensitivity_w0/oracle_lr3e-05_s101/summary.json,models/1p5b_countdown_sensitivity_w0/oracle_lr3e-05_s101/history.json
1p5b_countdown_sensitivity_w0,predictor,predictor_fit,1p5b,countdown,123,,,,100,100,complete,180.51477789878845,models/1p5b_countdown_sensitivity_w0/predictor/config.json,models/1p5b_countdown_sensitivity_w0/predictor/summary.json,models/1p5b_countdown_sensitivity_w0/predictor/history.json
1p5b_countdown_sensitivity_w0.0005,frozen_lr3e-05_s101,update,1p5b,countdown,101,3e-05,32,32,,,complete,3.180463151424192,models/1p5b_countdown_sensitivity_w0.0005/frozen_lr3e-05_s101/config.json,models/1p5b_countdown_sensitivity_w0.0005/frozen_lr3e-05_s101/summary.json,models/1p5b_countdown_sensitivity_w0.0005/frozen_lr3e-05_s101/history.json
1p5b_countdown_sensitivity_w0.0005,oracle_lr3e-05_s101,update,1p5b,countdown,101,3e-05,32,32,,,complete,15.442439047968946,models/1p5b_countdown_sensitivity_w0.0005/oracle_lr3e-05_s101/config.json,models/1p5b_countdown_sensitivity_w0.0005/oracle_lr3e-05_s101/summary.json,models/1p5b_countdown_sensitivity_w0.0005/oracle_lr3e-05_s101/history.json
1p5b_countdown_sensitivity_w0.0005,predictor,predictor_fit,1p5b,countdown,123,,,,100,100,complete,186.2052309513092,models/1p5b_countdown_sensitivity_w0.0005/predictor/config.json,models/1p5b_countdown_sensitivity_w0.0005/predictor/summary.json,models/1p5b_countdown_sensitivity_w0.0005/predictor/history.json
1p5b_countdown_sensitivity_w5e-05,frozen_lr3e-05_s101,update,1p5b,countdown,101,3e-05,32,32,,,complete,3.1908768196590245,models/1p5b_countdown_sensitivity_w5e-05/frozen_lr3e-05_s101/config.json,models/1p5b_countdown_sensitivity_w5e-05/frozen_lr3e-05_s101/summary.json,models/1p5b_countdown_sensitivity_w5e-05/frozen_lr3e-05_s101/history.json
1p5b_countdown_sensitivity_w5e-05,oracle_lr3e-05_s101,update,1p5b,countdown,101,3e-05,32,32,,,complete,15.601899910368957,models/1p5b_countdown_sensitivity_w5e-05/oracle_lr3e-05_s101/config.json,models/1p5b_countdown_sensitivity_w5e-05/oracle_lr3e-05_s101/summary.json,models/1p5b_countdown_sensitivity_w5e-05/oracle_lr3e-05_s101/history.json
1p5b_countdown_sensitivity_w5e-05,predictor,predictor_fit,1p5b,countdown,123,,,,100,100,complete,177.95553302764893,models/1p5b_countdown_sensitivity_w5e-05/predictor/config.json,models/1p5b_countdown_sensitivity_w5e-05/predictor/summary.json,models/1p5b_countdown_sensitivity_w5e-05/predictor/history.json
1p5b_gsm8k,adaptive_lr0.0001_s101,update,1p5b,gsm8k,101,0.0001,32,32,,,complete,45.22477477020584,models/1p5b_gsm8k/adaptive_lr0.0001_s101/config.json,models/1p5b_gsm8k/adaptive_lr0.0001_s101/summary.json,models/1p5b_gsm8k/adaptive_lr0.0001_s101/history.json
1p5b_gsm8k,adaptive_lr1e-05_s101,update,1p5b,gsm8k,101,1e-05,32,32,,,complete,44.70922875031829,models/1p5b_gsm8k/adaptive_lr1e-05_s101/config.json,models/1p5b_gsm8k/adaptive_lr1e-05_s101/summary.json,models/1p5b_gsm8k/adaptive_lr1e-05_s101/history.json
1p5b_gsm8k,adaptive_lr3e-05_s101,update,1p5b,gsm8k,101,3e-05,32,32,,,complete,45.532461760682054,models/1p5b_gsm8k/adaptive_lr3e-05_s101/config.json,models/1p5b_gsm8k/adaptive_lr3e-05_s101/summary.json,models/1p5b_gsm8k/adaptive_lr3e-05_s101/history.json
1p5b_gsm8k,adaptive_lr3e-06_s101,update,1p5b,gsm8k,101,3e-06,32,32,,,complete,44.12052792799659,models/1p5b_gsm8k/adaptive_lr3e-06_s101/config.json,models/1p5b_gsm8k/adaptive_lr3e-06_s101/summary.json,models/1p5b_gsm8k/adaptive_lr3e-06_s101/history.json
1p5b_gsm8k,frozen_lr0.0001_s101,update,1p5b,gsm8k,101,0.0001,32,32,,,complete,3.1926414559129626,models/1p5b_gsm8k/frozen_lr0.0001_s101/config.json,models/1p5b_gsm8k/frozen_lr0.0001_s101/summary.json,models/1p5b_gsm8k/frozen_lr0.0001_s101/history.json
1p5b_gsm8k,frozen_lr1e-05_s101,update,1p5b,gsm8k,101,1e-05,32,32,,,complete,3.1657603780040517,models/1p5b_gsm8k/frozen_lr1e-05_s101/config.json,models/1p5b_gsm8k/frozen_lr1e-05_s101/summary.json,models/1p5b_gsm8k/frozen_lr1e-05_s101/history.json
1p5b_gsm8k,frozen_lr3e-05_s101,update,1p5b,gsm8k,101,3e-05,32,32,,,complete,3.16727957862895,models/1p5b_gsm8k/frozen_lr3e-05_s101/config.json,models/1p5b_gsm8k/frozen_lr3e-05_s101/summary.json,models/1p5b_gsm8k/frozen_lr3e-05_s101/history.json
1p5b_gsm8k,frozen_lr3e-06_s101,update,1p5b,gsm8k,101,3e-06,32,32,,,complete,3.255833236500621,models/1p5b_gsm8k/frozen_lr3e-06_s101/config.json,models/1p5b_gsm8k/frozen_lr3e-06_s101/summary.json,models/1p5b_gsm8k/frozen_lr3e-06_s101/history.json
1p5b_gsm8k,init,initialization,1p5b,gsm8k,101,0,0,,,,initialized,,models/1p5b_gsm8k/init/config.json,,
1p5b_gsm8k,mean_lr0.0001_s101,update,1p5b,gsm8k,101,0.0001,32,32,,,complete,9.743124442989938,models/1p5b_gsm8k/mean_lr0.0001_s101/config.json,models/1p5b_gsm8k/mean_lr0.0001_s101/summary.json,models/1p5b_gsm8k/mean_lr0.0001_s101/history.json
1p5b_gsm8k,mean_lr1e-05_s101,update,1p5b,gsm8k,101,1e-05,32,32,,,complete,9.825394644285552,models/1p5b_gsm8k/mean_lr1e-05_s101/config.json,models/1p5b_gsm8k/mean_lr1e-05_s101/summary.json,models/1p5b_gsm8k/mean_lr1e-05_s101/history.json
1p5b_gsm8k,mean_lr3e-05_s101,update,1p5b,gsm8k,101,3e-05,32,32,,,complete,9.727662845049053,models/1p5b_gsm8k/mean_lr3e-05_s101/config.json,models/1p5b_gsm8k/mean_lr3e-05_s101/summary.json,models/1p5b_gsm8k/mean_lr3e-05_s101/history.json
1p5b_gsm8k,mean_lr3e-06_s101,update,1p5b,gsm8k,101,3e-06,32,32,,,complete,9.868432917748578,models/1p5b_gsm8k/mean_lr3e-06_s101/config.json,models/1p5b_gsm8k/mean_lr3e-06_s101/summary.json,models/1p5b_gsm8k/mean_lr3e-06_s101/history.json
1p5b_gsm8k,oracle20_lr0.0001_s101,update,1p5b,gsm8k,101,0.0001,32,32,,,complete,9.791195026715286,models/1p5b_gsm8k/oracle20_lr0.0001_s101/config.json,models/1p5b_gsm8k/oracle20_lr0.0001_s101/summary.json,models/1p5b_gsm8k/oracle20_lr0.0001_s101/history.json
1p5b_gsm8k,oracle20_lr1e-05_s101,update,1p5b,gsm8k,101,1e-05,32,32,,,complete,9.985292284982279,models/1p5b_gsm8k/oracle20_lr1e-05_s101/config.json,models/1p5b_gsm8k/oracle20_lr1e-05_s101/summary.json,models/1p5b_gsm8k/oracle20_lr1e-05_s101/history.json
1p5b_gsm8k,oracle20_lr3e-05_s101,update,1p5b,gsm8k,101,3e-05,32,32,,,complete,9.71616621944122,models/1p5b_gsm8k/oracle20_lr3e-05_s101/config.json,models/1p5b_gsm8k/oracle20_lr3e-05_s101/summary.json,models/1p5b_gsm8k/oracle20_lr3e-05_s101/history.json
1p5b_gsm8k,oracle20_lr3e-06_s101,update,1p5b,gsm8k,101,3e-06,32,32,,,complete,9.762873859144747,models/1p5b_gsm8k/oracle20_lr3e-06_s101/config.json,models/1p5b_gsm8k/oracle20_lr3e-06_s101/summary.json,models/1p5b_gsm8k/oracle20_lr3e-06_s101/history.json
1p5b_gsm8k,oracle_lr0.0001_s101,update,1p5b,gsm8k,101,0.0001,32,32,,,complete,15.821960313711315,models/1p5b_gsm8k/oracle_lr0.0001_s101/config.json,models/1p5b_gsm8k/oracle_lr0.0001_s101/summary.json,models/1p5b_gsm8k/oracle_lr0.0001_s101/history.json
1p5b_gsm8k,oracle_lr1e-05_s101,update,1p5b,gsm8k,101,1e-05,32,32,,,complete,15.954501037951559,models/1p5b_gsm8k/oracle_lr1e-05_s101/config.json,models/1p5b_gsm8k/oracle_lr1e-05_s101/summary.json,models/1p5b_gsm8k/oracle_lr1e-05_s101/history.json
1p5b_gsm8k,oracle_lr3e-05_s101,update,1p5b,gsm8k,101,3e-05,32,32,,,complete,15.862167547806166,models/1p5b_gsm8k/oracle_lr3e-05_s101/config.json,models/1p5b_gsm8k/oracle_lr3e-05_s101/summary.json,models/1p5b_gsm8k/oracle_lr3e-05_s101/history.json
1p5b_gsm8k,oracle_lr3e-06_s101,update,1p5b,gsm8k,101,3e-06,32,32,,,complete,16.056183253065683,models/1p5b_gsm8k/oracle_lr3e-06_s101/config.json,models/1p5b_gsm8k/oracle_lr3e-06_s101/summary.json,models/1p5b_gsm8k/oracle_lr3e-06_s101/history.json
1p5b_gsm8k,periodic8_lr0.0001_s101,update,1p5b,gsm8k,101,0.0001,32,32,,,complete,8.274781580781564,models/1p5b_gsm8k/periodic8_lr0.0001_s101/config.json,models/1p5b_gsm8k/periodic8_lr0.0001_s101/summary.json,models/1p5b_gsm8k/periodic8_lr0.0001_s101/history.json
1p5b_gsm8k,periodic8_lr1e-05_s101,update,1p5b,gsm8k,101,1e-05,32,32,,,complete,8.339494221028872,models/1p5b_gsm8k/periodic8_lr1e-05_s101/config.json,models/1p5b_gsm8k/periodic8_lr1e-05_s101/summary.json,models/1p5b_gsm8k/periodic8_lr1e-05_s101/history.json
1p5b_gsm8k,periodic8_lr3e-05_s101,update,1p5b,gsm8k,101,3e-05,32,32,,,complete,8.345617651590146,models/1p5b_gsm8k/periodic8_lr3e-05_s101/config.json,models/1p5b_gsm8k/periodic8_lr3e-05_s101/summary.json,models/1p5b_gsm8k/periodic8_lr3e-05_s101/history.json
1p5b_gsm8k,periodic8_lr3e-06_s101,update,1p5b,gsm8k,101,3e-06,32,32,,,complete,8.313458069809712,models/1p5b_gsm8k/periodic8_lr3e-06_s101/config.json,models/1p5b_gsm8k/periodic8_lr3e-06_s101/summary.json,models/1p5b_gsm8k/periodic8_lr3e-06_s101/history.json
1p5b_gsm8k,predictor,predictor_fit,1p5b,gsm8k,123,,,,100,100,complete,219.56287932395935,models/1p5b_gsm8k/predictor/config.json,models/1p5b_gsm8k/predictor/summary.json,models/1p5b_gsm8k/predictor/history.json
1p5b_gsm8k,warmup_lr0.0001_s101,warmup,1p5b,gsm8k,101,0.0001,32,32,,,complete,34.863884925842285,models/1p5b_gsm8k/warmup_lr0.0001_s101/config.json,models/1p5b_gsm8k/warmup_lr0.0001_s101/summary.json,models/1p5b_gsm8k/warmup_lr0.0001_s101/history.json
1p5b_gsm8k,warmup_lr0.0005_s101,warmup,1p5b,gsm8k,101,0.0005,32,32,,,complete,34.67850208282471,models/1p5b_gsm8k/warmup_lr0.0005_s101/config.json,models/1p5b_gsm8k/warmup_lr0.0005_s101/summary.json,models/1p5b_gsm8k/warmup_lr0.0005_s101/history.json
1p5b_gsm8k,warmup_lr1e-05_s101,warmup,1p5b,gsm8k,101,1e-05,32,32,,,complete,34.80653381347656,models/1p5b_gsm8k/warmup_lr1e-05_s101/config.json,models/1p5b_gsm8k/warmup_lr1e-05_s101/summary.json,models/1p5b_gsm8k/warmup_lr1e-05_s101/history.json
1p5b_gsm8k,warmup_lr3e-06_s101,warmup,1p5b,gsm8k,101,3e-06,32,32,,,complete,34.827075481414795,models/1p5b_gsm8k/warmup_lr3e-06_s101/config.json,models/1p5b_gsm8k/warmup_lr3e-06_s101/summary.json,models/1p5b_gsm8k/warmup_lr3e-06_s101/history.json
1p5b_gsm8k,warmup_lr5e-05_s101,warmup,1p5b,gsm8k,101,5e-05,32,32,,,complete,34.997835874557495,models/1p5b_gsm8k/warmup_lr5e-05_s101/config.json,models/1p5b_gsm8k/warmup_lr5e-05_s101/summary.json,models/1p5b_gsm8k/warmup_lr5e-05_s101/history.json
1p5b_gsm8k_mean_control,train_mean_matrix_lr0.0001_s101,update,1p5b,gsm8k,101,0.0001,32,32,,,complete,0.04496420209761709,models/1p5b_gsm8k_mean_control/train_mean_matrix_lr0.0001_s101/config.json,models/1p5b_gsm8k_mean_control/train_mean_matrix_lr0.0001_s101/summary.json,models/1p5b_gsm8k_mean_control/train_mean_matrix_lr0.0001_s101/history.json
1p5b_gsm8k_mean_control,train_mean_matrix_lr1e-05_s101,update,1p5b,gsm8k,101,1e-05,32,32,,,complete,0.04521897132508457,models/1p5b_gsm8k_mean_control/train_mean_matrix_lr1e-05_s101/config.json,models/1p5b_gsm8k_mean_control/train_mean_matrix_lr1e-05_s101/summary.json,models/1p5b_gsm8k_mean_control/train_mean_matrix_lr1e-05_s101/history.json
1p5b_gsm8k_mean_control,train_mean_matrix_lr3e-05_s101,update,1p5b,gsm8k,101,3e-05,32,32,,,complete,0.04583204968366772,models/1p5b_gsm8k_mean_control/train_mean_matrix_lr3e-05_s101/config.json,models/1p5b_gsm8k_mean_control/train_mean_matrix_lr3e-05_s101/summary.json,models/1p5b_gsm8k_mean_control/train_mean_matrix_lr3e-05_s101/history.json
1p5b_gsm8k_mean_control,train_mean_matrix_lr3e-06_s101,update,1p5b,gsm8k,101,3e-06,32,32,,,complete,0.18581917858682573,models/1p5b_gsm8k_mean_control/train_mean_matrix_lr3e-06_s101/config.json,models/1p5b_gsm8k_mean_control/train_mean_matrix_lr3e-06_s101/summary.json,models/1p5b_gsm8k_mean_control/train_mean_matrix_lr3e-06_s101/history.json
1p5b_gsm8k_sensitivity_w0,frozen_lr3e-06_s101,update,1p5b,gsm8k,101,3e-06,32,32,,,complete,3.3115814530756325,models/1p5b_gsm8k_sensitivity_w0/frozen_lr3e-06_s101/config.json,models/1p5b_gsm8k_sensitivity_w0/frozen_lr3e-06_s101/summary.json,models/1p5b_gsm8k_sensitivity_w0/frozen_lr3e-06_s101/history.json
1p5b_gsm8k_sensitivity_w0,oracle_lr3e-06_s101,update,1p5b,gsm8k,101,3e-06,32,32,,,complete,15.44096719159279,models/1p5b_gsm8k_sensitivity_w0/oracle_lr3e-06_s101/config.json,models/1p5b_gsm8k_sensitivity_w0/oracle_lr3e-06_s101/summary.json,models/1p5b_gsm8k_sensitivity_w0/oracle_lr3e-06_s101/history.json
1p5b_gsm8k_sensitivity_w0,predictor,predictor_fit,1p5b,gsm8k,123,,,,100,100,complete,211.4050760269165,models/1p5b_gsm8k_sensitivity_w0/predictor/config.json,models/1p5b_gsm8k_sensitivity_w0/predictor/summary.json,models/1p5b_gsm8k_sensitivity_w0/predictor/history.json
1p5b_gsm8k_sensitivity_w0.0005,frozen_lr3e-06_s101,update,1p5b,gsm8k,101,3e-06,32,32,,,complete,3.4775286723161116,models/1p5b_gsm8k_sensitivity_w0.0005/frozen_lr3e-06_s101/config.json,models/1p5b_gsm8k_sensitivity_w0.0005/frozen_lr3e-06_s101/summary.json,models/1p5b_gsm8k_sensitivity_w0.0005/frozen_lr3e-06_s101/history.json
1p5b_gsm8k_sensitivity_w0.0005,oracle_lr3e-06_s101,update,1p5b,gsm8k,101,3e-06,32,32,,,complete,13.402833609026857,models/1p5b_gsm8k_sensitivity_w0.0005/oracle_lr3e-06_s101/config.json,models/1p5b_gsm8k_sensitivity_w0.0005/oracle_lr3e-06_s101/summary.json,models/1p5b_gsm8k_sensitivity_w0.0005/oracle_lr3e-06_s101/history.json
1p5b_gsm8k_sensitivity_w0.0005,predictor,predictor_fit,1p5b,gsm8k,123,,,,100,100,complete,198.68027138710022,models/1p5b_gsm8k_sensitivity_w0.0005/predictor/config.json,models/1p5b_gsm8k_sensitivity_w0.0005/predictor/summary.json,models/1p5b_gsm8k_sensitivity_w0.0005/predictor/history.json
1p5b_gsm8k_sensitivity_w3e-06,frozen_lr3e-06_s101,update,1p5b,gsm8k,101,3e-06,32,32,,,complete,3.4185641179792583,models/1p5b_gsm8k_sensitivity_w3e-06/frozen_lr3e-06_s101/config.json,models/1p5b_gsm8k_sensitivity_w3e-06/frozen_lr3e-06_s101/summary.json,models/1p5b_gsm8k_sensitivity_w3e-06/frozen_lr3e-06_s101/history.json
1p5b_gsm8k_sensitivity_w3e-06,oracle_lr3e-06_s101,update,1p5b,gsm8k,101,3e-06,32,32,,,complete,15.608129137777723,models/1p5b_gsm8k_sensitivity_w3e-06/oracle_lr3e-06_s101/config.json,models/1p5b_gsm8k_sensitivity_w3e-06/oracle_lr3e-06_s101/summary.json,models/1p5b_gsm8k_sensitivity_w3e-06/oracle_lr3e-06_s101/history.json
1p5b_gsm8k_sensitivity_w3e-06,predictor,predictor_fit,1p5b,gsm8k,123,,,,100,100,complete,194.80172204971313,models/1p5b_gsm8k_sensitivity_w3e-06/predictor/config.json,models/1p5b_gsm8k_sensitivity_w3e-06/predictor/summary.json,models/1p5b_gsm8k_sensitivity_w3e-06/predictor/history.json
1p5b_gsm8k_sensitivity_w5e-05,frozen_lr3e-06_s101,update,1p5b,gsm8k,101,3e-06,32,32,,,complete,3.3556666207732633,models/1p5b_gsm8k_sensitivity_w5e-05/frozen_lr3e-06_s101/config.json,models/1p5b_gsm8k_sensitivity_w5e-05/frozen_lr3e-06_s101/summary.json,models/1p5b_gsm8k_sensitivity_w5e-05/frozen_lr3e-06_s101/history.json
1p5b_gsm8k_sensitivity_w5e-05,oracle_lr3e-06_s101,update,1p5b,gsm8k,101,3e-06,32,32,,,complete,14.857812184956856,models/1p5b_gsm8k_sensitivity_w5e-05/oracle_lr3e-06_s101/config.json,models/1p5b_gsm8k_sensitivity_w5e-05/oracle_lr3e-06_s101/summary.json,models/1p5b_gsm8k_sensitivity_w5e-05/oracle_lr3e-06_s101/history.json
1p5b_gsm8k_sensitivity_w5e-05,predictor,predictor_fit,1p5b,gsm8k,123,,,,100,100,complete,191.13140177726746,models/1p5b_gsm8k_sensitivity_w5e-05/predictor/config.json,models/1p5b_gsm8k_sensitivity_w5e-05/predictor/summary.json,models/1p5b_gsm8k_sensitivity_w5e-05/predictor/history.json
1p5b_math,adaptive_lr0.0001_s101,update,1p5b,math,101,0.0001,32,32,,,complete,57.27299904706888,models/1p5b_math/adaptive_lr0.0001_s101/config.json,models/1p5b_math/adaptive_lr0.0001_s101/summary.json,models/1p5b_math/adaptive_lr0.0001_s101/history.json
1p5b_math,adaptive_lr1e-05_s101,update,1p5b,math,101,1e-05,32,32,,,complete,55.33238257688936,models/1p5b_math/adaptive_lr1e-05_s101/config.json,models/1p5b_math/adaptive_lr1e-05_s101/summary.json,models/1p5b_math/adaptive_lr1e-05_s101/history.json
1p5b_math,adaptive_lr3e-05_s101,update,1p5b,math,101,3e-05,32,32,,,complete,55.017860036110505,models/1p5b_math/adaptive_lr3e-05_s101/config.json,models/1p5b_math/adaptive_lr3e-05_s101/summary.json,models/1p5b_math/adaptive_lr3e-05_s101/history.json
1p5b_math,adaptive_lr3e-06_s101,update,1p5b,math,101,3e-06,32,32,,,complete,55.70240648731124,models/1p5b_math/adaptive_lr3e-06_s101/config.json,models/1p5b_math/adaptive_lr3e-06_s101/summary.json,models/1p5b_math/adaptive_lr3e-06_s101/history.json
1p5b_math,frozen_lr0.0001_s101,update,1p5b,math,101,0.0001,32,32,,,complete,4.8209603619761765,models/1p5b_math/frozen_lr0.0001_s101/config.json,models/1p5b_math/frozen_lr0.0001_s101/summary.json,models/1p5b_math/frozen_lr0.0001_s101/history.json
1p5b_math,frozen_lr1e-05_s101,update,1p5b,math,101,1e-05,32,32,,,complete,4.819677655235864,models/1p5b_math/frozen_lr1e-05_s101/config.json,models/1p5b_math/frozen_lr1e-05_s101/summary.json,models/1p5b_math/frozen_lr1e-05_s101/history.json
1p5b_math,frozen_lr3e-05_s101,update,1p5b,math,101,3e-05,32,32,,,complete,4.836171651841141,models/1p5b_math/frozen_lr3e-05_s101/config.json,models/1p5b_math/frozen_lr3e-05_s101/summary.json,models/1p5b_math/frozen_lr3e-05_s101/history.json
1p5b_math,frozen_lr3e-06_s101,update,1p5b,math,101,3e-06,32,32,,,complete,4.70538495387882,models/1p5b_math/frozen_lr3e-06_s101/config.json,models/1p5b_math/frozen_lr3e-06_s101/summary.json,models/1p5b_math/frozen_lr3e-06_s101/history.json
1p5b_math,init,initialization,1p5b,math,101,0,0,,,,initialized,,models/1p5b_math/init/config.json,,
1p5b_math,mean_lr0.0001_s101,update,1p5b,math,101,0.0001,32,32,,,complete,15.144504183903337,models/1p5b_math/mean_lr0.0001_s101/config.json,models/1p5b_math/mean_lr0.0001_s101/summary.json,models/1p5b_math/mean_lr0.0001_s101/history.json
1p5b_math,mean_lr1e-05_s101,update,1p5b,math,101,1e-05,32,32,,,complete,13.815286792232655,models/1p5b_math/mean_lr1e-05_s101/config.json,models/1p5b_math/mean_lr1e-05_s101/summary.json,models/1p5b_math/mean_lr1e-05_s101/history.json
1p5b_math,mean_lr3e-05_s101,update,1p5b,math,101,3e-05,32,32,,,complete,14.847514139954,models/1p5b_math/mean_lr3e-05_s101/config.json,models/1p5b_math/mean_lr3e-05_s101/summary.json,models/1p5b_math/mean_lr3e-05_s101/history.json
1p5b_math,mean_lr3e-06_s101,update,1p5b,math,101,3e-06,32,32,,,complete,14.822514956467785,models/1p5b_math/mean_lr3e-06_s101/config.json,models/1p5b_math/mean_lr3e-06_s101/summary.json,models/1p5b_math/mean_lr3e-06_s101/history.json
1p5b_math,oracle20_lr0.0001_s101,update,1p5b,math,101,0.0001,32,32,,,complete,14.427729519316927,models/1p5b_math/oracle20_lr0.0001_s101/config.json,models/1p5b_math/oracle20_lr0.0001_s101/summary.json,models/1p5b_math/oracle20_lr0.0001_s101/history.json
1p5b_math,oracle20_lr1e-05_s101,update,1p5b,math,101,1e-05,32,32,,,complete,13.790425995946862,models/1p5b_math/oracle20_lr1e-05_s101/config.json,models/1p5b_math/oracle20_lr1e-05_s101/summary.json,models/1p5b_math/oracle20_lr1e-05_s101/history.json
1p5b_math,oracle20_lr3e-05_s101,update,1p5b,math,101,3e-05,32,32,,,complete,13.97660764574539,models/1p5b_math/oracle20_lr3e-05_s101/config.json,models/1p5b_math/oracle20_lr3e-05_s101/summary.json,models/1p5b_math/oracle20_lr3e-05_s101/history.json
1p5b_math,oracle20_lr3e-06_s101,update,1p5b,math,101,3e-06,32,32,,,complete,12.36842438369058,models/1p5b_math/oracle20_lr3e-06_s101/config.json,models/1p5b_math/oracle20_lr3e-06_s101/summary.json,models/1p5b_math/oracle20_lr3e-06_s101/history.json
1p5b_math,oracle_lr0.0001_s101,update,1p5b,math,101,0.0001,32,32,,,complete,21.8553801078815,models/1p5b_math/oracle_lr0.0001_s101/config.json,models/1p5b_math/oracle_lr0.0001_s101/summary.json,models/1p5b_math/oracle_lr0.0001_s101/history.json
1p5b_math,oracle_lr1e-05_s101,update,1p5b,math,101,1e-05,32,32,,,complete,21.60085819067899,models/1p5b_math/oracle_lr1e-05_s101/config.json,models/1p5b_math/oracle_lr1e-05_s101/summary.json,models/1p5b_math/oracle_lr1e-05_s101/history.json
1p5b_math,oracle_lr3e-05_s101,update,1p5b,math,101,3e-05,32,32,,,complete,21.649513987009414,models/1p5b_math/oracle_lr3e-05_s101/config.json,models/1p5b_math/oracle_lr3e-05_s101/summary.json,models/1p5b_math/oracle_lr3e-05_s101/history.json
1p5b_math,oracle_lr3e-06_s101,update,1p5b,math,101,3e-06,32,32,,,complete,22.380746120819822,models/1p5b_math/oracle_lr3e-06_s101/config.json,models/1p5b_math/oracle_lr3e-06_s101/summary.json,models/1p5b_math/oracle_lr3e-06_s101/history.json
1p5b_math,periodic8_lr0.0001_s101,update,1p5b,math,101,0.0001,32,32,,,complete,12.127146014245227,models/1p5b_math/periodic8_lr0.0001_s101/config.json,models/1p5b_math/periodic8_lr0.0001_s101/summary.json,models/1p5b_math/periodic8_lr0.0001_s101/history.json
1p5b_math,periodic8_lr1e-05_s101,update,1p5b,math,101,1e-05,32,32,,,complete,11.571076559950598,models/1p5b_math/periodic8_lr1e-05_s101/config.json,models/1p5b_math/periodic8_lr1e-05_s101/summary.json,models/1p5b_math/periodic8_lr1e-05_s101/history.json
1p5b_math,periodic8_lr3e-05_s101,update,1p5b,math,101,3e-05,32,32,,,complete,10.79540591512341,models/1p5b_math/periodic8_lr3e-05_s101/config.json,models/1p5b_math/periodic8_lr3e-05_s101/summary.json,models/1p5b_math/periodic8_lr3e-05_s101/history.json
1p5b_math,periodic8_lr3e-06_s101,update,1p5b,math,101,3e-06,32,32,,,complete,11.648844147101045,models/1p5b_math/periodic8_lr3e-06_s101/config.json,models/1p5b_math/periodic8_lr3e-06_s101/summary.json,models/1p5b_math/periodic8_lr3e-06_s101/history.json
1p5b_math,predictor,predictor_fit,1p5b,math,123,,,,100,100,complete,276.0920898914337,models/1p5b_math/predictor/config.json,models/1p5b_math/predictor/summary.json,models/1p5b_math/predictor/history.json
1p5b_math,warmup_lr0.0001_s101,warmup,1p5b,math,101,0.0001,32,32,,,complete,55.8042938709259,models/1p5b_math/warmup_lr0.0001_s101/config.json,models/1p5b_math/warmup_lr0.0001_s101/summary.json,models/1p5b_math/warmup_lr0.0001_s101/history.json
1p5b_math,warmup_lr0.0005_s101,warmup,1p5b,math,101,0.0005,32,32,,,complete,34.81128907203674,models/1p5b_math/warmup_lr0.0005_s101/config.json,models/1p5b_math/warmup_lr0.0005_s101/summary.json,models/1p5b_math/warmup_lr0.0005_s101/history.json
1p5b_math,warmup_lr1e-05_s101,warmup,1p5b,math,101,1e-05,32,32,,,complete,55.78660297393799,models/1p5b_math/warmup_lr1e-05_s101/config.json,models/1p5b_math/warmup_lr1e-05_s101/summary.json,models/1p5b_math/warmup_lr1e-05_s101/history.json
1p5b_math,warmup_lr3e-06_s101,warmup,1p5b,math,101,3e-06,32,32,,,complete,56.109657526016235,models/1p5b_math/warmup_lr3e-06_s101/config.json,models/1p5b_math/warmup_lr3e-06_s101/summary.json,models/1p5b_math/warmup_lr3e-06_s101/history.json
1p5b_math,warmup_lr5e-05_s101,warmup,1p5b,math,101,5e-05,32,32,,,complete,55.929168462753296,models/1p5b_math/warmup_lr5e-05_s101/config.json,models/1p5b_math/warmup_lr5e-05_s101/summary.json,models/1p5b_math/warmup_lr5e-05_s101/history.json
1p5b_math_mean_control,train_mean_matrix_lr0.0001_s101,update,1p5b,math,101,0.0001,32,32,,,complete,0.04657836991827935,models/1p5b_math_mean_control/train_mean_matrix_lr0.0001_s101/config.json,models/1p5b_math_mean_control/train_mean_matrix_lr0.0001_s101/summary.json,models/1p5b_math_mean_control/train_mean_matrix_lr0.0001_s101/history.json
1p5b_math_mean_control,train_mean_matrix_lr1e-05_s101,update,1p5b,math,101,1e-05,32,32,,,complete,0.04746544675435871,models/1p5b_math_mean_control/train_mean_matrix_lr1e-05_s101/config.json,models/1p5b_math_mean_control/train_mean_matrix_lr1e-05_s101/summary.json,models/1p5b_math_mean_control/train_mean_matrix_lr1e-05_s101/history.json
1p5b_math_mean_control,train_mean_matrix_lr3e-05_s101,update,1p5b,math,101,3e-05,32,32,,,complete,0.048297407804057,models/1p5b_math_mean_control/train_mean_matrix_lr3e-05_s101/config.json,models/1p5b_math_mean_control/train_mean_matrix_lr3e-05_s101/summary.json,models/1p5b_math_mean_control/train_mean_matrix_lr3e-05_s101/history.json
1p5b_math_mean_control,train_mean_matrix_lr3e-06_s101,update,1p5b,math,101,3e-06,32,32,,,complete,0.1961597182089463,models/1p5b_math_mean_control/train_mean_matrix_lr3e-06_s101/config.json,models/1p5b_math_mean_control/train_mean_matrix_lr3e-06_s101/summary.json,models/1p5b_math_mean_control/train_mean_matrix_lr3e-06_s101/history.json
1p5b_openbookqa,adaptive_lr0.0001_s101,update,1p5b,openbookqa,101,0.0001,32,32,,,complete,36.617922174045816,models/1p5b_openbookqa/adaptive_lr0.0001_s101/config.json,models/1p5b_openbookqa/adaptive_lr0.0001_s101/summary.json,models/1p5b_openbookqa/adaptive_lr0.0001_s101/history.json
1p5b_openbookqa,adaptive_lr1e-05_s101,update,1p5b,openbookqa,101,1e-05,32,32,,,complete,38.162461615982465,models/1p5b_openbookqa/adaptive_lr1e-05_s101/config.json,models/1p5b_openbookqa/adaptive_lr1e-05_s101/summary.json,models/1p5b_openbookqa/adaptive_lr1e-05_s101/history.json
1p5b_openbookqa,adaptive_lr3e-05_s101,update,1p5b,openbookqa,101,3e-05,32,32,,,complete,34.94667313573882,models/1p5b_openbookqa/adaptive_lr3e-05_s101/config.json,models/1p5b_openbookqa/adaptive_lr3e-05_s101/summary.json,models/1p5b_openbookqa/adaptive_lr3e-05_s101/history.json
1p5b_openbookqa,adaptive_lr3e-06_s101,update,1p5b,openbookqa,101,3e-06,32,32,,,complete,38.054456306039356,models/1p5b_openbookqa/adaptive_lr3e-06_s101/config.json,models/1p5b_openbookqa/adaptive_lr3e-06_s101/summary.json,models/1p5b_openbookqa/adaptive_lr3e-06_s101/history.json
1p5b_openbookqa,frozen_lr0.0001_s101,update,1p5b,openbookqa,101,0.0001,32,32,,,complete,2.6105246571823955,models/1p5b_openbookqa/frozen_lr0.0001_s101/config.json,models/1p5b_openbookqa/frozen_lr0.0001_s101/summary.json,models/1p5b_openbookqa/frozen_lr0.0001_s101/history.json
1p5b_openbookqa,frozen_lr1e-05_s101,update,1p5b,openbookqa,101,1e-05,32,32,,,complete,2.614396828925237,models/1p5b_openbookqa/frozen_lr1e-05_s101/config.json,models/1p5b_openbookqa/frozen_lr1e-05_s101/summary.json,models/1p5b_openbookqa/frozen_lr1e-05_s101/history.json
1p5b_openbookqa,frozen_lr3e-05_s101,update,1p5b,openbookqa,101,3e-05,32,32,,,complete,2.6061209025792778,models/1p5b_openbookqa/frozen_lr3e-05_s101/config.json,models/1p5b_openbookqa/frozen_lr3e-05_s101/summary.json,models/1p5b_openbookqa/frozen_lr3e-05_s101/history.json
1p5b_openbookqa,frozen_lr3e-06_s101,update,1p5b,openbookqa,101,3e-06,32,32,,,complete,2.729629469802603,models/1p5b_openbookqa/frozen_lr3e-06_s101/config.json,models/1p5b_openbookqa/frozen_lr3e-06_s101/summary.json,models/1p5b_openbookqa/frozen_lr3e-06_s101/history.json
1p5b_openbookqa,init,initialization,1p5b,openbookqa,101,0,0,,,,initialized,,models/1p5b_openbookqa/init/config.json,,
1p5b_openbookqa,mean_lr0.0001_s101,update,1p5b,openbookqa,101,0.0001,32,32,,,complete,7.774032530840486,models/1p5b_openbookqa/mean_lr0.0001_s101/config.json,models/1p5b_openbookqa/mean_lr0.0001_s101/summary.json,models/1p5b_openbookqa/mean_lr0.0001_s101/history.json
1p5b_openbookqa,mean_lr1e-05_s101,update,1p5b,openbookqa,101,1e-05,32,32,,,complete,9.470691928407177,models/1p5b_openbookqa/mean_lr1e-05_s101/config.json,models/1p5b_openbookqa/mean_lr1e-05_s101/summary.json,models/1p5b_openbookqa/mean_lr1e-05_s101/history.json
1p5b_openbookqa,mean_lr3e-05_s101,update,1p5b,openbookqa,101,3e-05,32,32,,,complete,8.779524004086852,models/1p5b_openbookqa/mean_lr3e-05_s101/config.json,models/1p5b_openbookqa/mean_lr3e-05_s101/summary.json,models/1p5b_openbookqa/mean_lr3e-05_s101/history.json
1p5b_openbookqa,mean_lr3e-06_s101,update,1p5b,openbookqa,101,3e-06,32,32,,,complete,9.491526419529691,models/1p5b_openbookqa/mean_lr3e-06_s101/config.json,models/1p5b_openbookqa/mean_lr3e-06_s101/summary.json,models/1p5b_openbookqa/mean_lr3e-06_s101/history.json
1p5b_openbookqa,oracle20_lr0.0001_s101,update,1p5b,openbookqa,101,0.0001,32,32,,,complete,7.891114276950248,models/1p5b_openbookqa/oracle20_lr0.0001_s101/config.json,models/1p5b_openbookqa/oracle20_lr0.0001_s101/summary.json,models/1p5b_openbookqa/oracle20_lr0.0001_s101/history.json
1p5b_openbookqa,oracle20_lr1e-05_s101,update,1p5b,openbookqa,101,1e-05,32,32,,,complete,9.431673821760342,models/1p5b_openbookqa/oracle20_lr1e-05_s101/config.json,models/1p5b_openbookqa/oracle20_lr1e-05_s101/summary.json,models/1p5b_openbookqa/oracle20_lr1e-05_s101/history.json
1p5b_openbookqa,oracle20_lr3e-05_s101,update,1p5b,openbookqa,101,3e-05,32,32,,,complete,9.453430839814246,models/1p5b_openbookqa/oracle20_lr3e-05_s101/config.json,models/1p5b_openbookqa/oracle20_lr3e-05_s101/summary.json,models/1p5b_openbookqa/oracle20_lr3e-05_s101/history.json
1p5b_openbookqa,oracle20_lr3e-06_s101,update,1p5b,openbookqa,101,3e-06,32,32,,,complete,9.24385083199013,models/1p5b_openbookqa/oracle20_lr3e-06_s101/config.json,models/1p5b_openbookqa/oracle20_lr3e-06_s101/summary.json,models/1p5b_openbookqa/oracle20_lr3e-06_s101/history.json
1p5b_openbookqa,oracle_lr0.0001_s101,update,1p5b,openbookqa,101,0.0001,32,32,,,complete,13.714929130277596,models/1p5b_openbookqa/oracle_lr0.0001_s101/config.json,models/1p5b_openbookqa/oracle_lr0.0001_s101/summary.json,models/1p5b_openbookqa/oracle_lr0.0001_s101/history.json
1p5b_openbookqa,oracle_lr1e-05_s101,update,1p5b,openbookqa,101,1e-05,32,32,,,complete,14.727873903233558,models/1p5b_openbookqa/oracle_lr1e-05_s101/config.json,models/1p5b_openbookqa/oracle_lr1e-05_s101/summary.json,models/1p5b_openbookqa/oracle_lr1e-05_s101/history.json
1p5b_openbookqa,oracle_lr3e-05_s101,update,1p5b,openbookqa,101,3e-05,32,32,,,complete,15.43164838233497,models/1p5b_openbookqa/oracle_lr3e-05_s101/config.json,models/1p5b_openbookqa/oracle_lr3e-05_s101/summary.json,models/1p5b_openbookqa/oracle_lr3e-05_s101/history.json
1p5b_openbookqa,oracle_lr3e-06_s101,update,1p5b,openbookqa,101,3e-06,32,32,,,complete,15.597484129015356,models/1p5b_openbookqa/oracle_lr3e-06_s101/config.json,models/1p5b_openbookqa/oracle_lr3e-06_s101/summary.json,models/1p5b_openbookqa/oracle_lr3e-06_s101/history.json
1p5b_openbookqa,periodic8_lr0.0001_s101,update,1p5b,openbookqa,101,0.0001,32,32,,,complete,6.989173934678547,models/1p5b_openbookqa/periodic8_lr0.0001_s101/config.json,models/1p5b_openbookqa/periodic8_lr0.0001_s101/summary.json,models/1p5b_openbookqa/periodic8_lr0.0001_s101/history.json
1p5b_openbookqa,periodic8_lr1e-05_s101,update,1p5b,openbookqa,101,1e-05,32,32,,,complete,6.7700217148521915,models/1p5b_openbookqa/periodic8_lr1e-05_s101/config.json,models/1p5b_openbookqa/periodic8_lr1e-05_s101/summary.json,models/1p5b_openbookqa/periodic8_lr1e-05_s101/history.json
1p5b_openbookqa,periodic8_lr3e-05_s101,update,1p5b,openbookqa,101,3e-05,32,32,,,complete,7.046504835248925,models/1p5b_openbookqa/periodic8_lr3e-05_s101/config.json,models/1p5b_openbookqa/periodic8_lr3e-05_s101/summary.json,models/1p5b_openbookqa/periodic8_lr3e-05_s101/history.json
1p5b_openbookqa,periodic8_lr3e-06_s101,update,1p5b,openbookqa,101,3e-06,32,32,,,complete,6.806765272864141,models/1p5b_openbookqa/periodic8_lr3e-06_s101/config.json,models/1p5b_openbookqa/periodic8_lr3e-06_s101/summary.json,models/1p5b_openbookqa/periodic8_lr3e-06_s101/history.json
1p5b_openbookqa,predictor,predictor_fit,1p5b,openbookqa,123,,,,100,100,complete,134.72935247421265,models/1p5b_openbookqa/predictor/config.json,models/1p5b_openbookqa/predictor/summary.json,models/1p5b_openbookqa/predictor/history.json
1p5b_openbookqa,warmup_lr0.0001_s101,warmup,1p5b,openbookqa,101,0.0001,32,32,,,complete,16.256194829940796,models/1p5b_openbookqa/warmup_lr0.0001_s101/config.json,models/1p5b_openbookqa/warmup_lr0.0001_s101/summary.json,models/1p5b_openbookqa/warmup_lr0.0001_s101/history.json
1p5b_openbookqa,warmup_lr0.0005_s101,warmup,1p5b,openbookqa,101,0.0005,32,32,,,complete,16.21746063232422,models/1p5b_openbookqa/warmup_lr0.0005_s101/config.json,models/1p5b_openbookqa/warmup_lr0.0005_s101/summary.json,models/1p5b_openbookqa/warmup_lr0.0005_s101/history.json
1p5b_openbookqa,warmup_lr1e-05_s101,warmup,1p5b,openbookqa,101,1e-05,32,32,,,complete,16.146859645843506,models/1p5b_openbookqa/warmup_lr1e-05_s101/config.json,models/1p5b_openbookqa/warmup_lr1e-05_s101/summary.json,models/1p5b_openbookqa/warmup_lr1e-05_s101/history.json
1p5b_openbookqa,warmup_lr3e-06_s101,warmup,1p5b,openbookqa,101,3e-06,32,32,,,complete,15.892813682556152,models/1p5b_openbookqa/warmup_lr3e-06_s101/config.json,models/1p5b_openbookqa/warmup_lr3e-06_s101/summary.json,models/1p5b_openbookqa/warmup_lr3e-06_s101/history.json
1p5b_openbookqa,warmup_lr5e-05_s101,warmup,1p5b,openbookqa,101,5e-05,32,32,,,complete,15.906987428665161,models/1p5b_openbookqa/warmup_lr5e-05_s101/config.json,models/1p5b_openbookqa/warmup_lr5e-05_s101/summary.json,models/1p5b_openbookqa/warmup_lr5e-05_s101/history.json
1p5b_openbookqa_mean_control,train_mean_matrix_lr0.0001_s101,update,1p5b,openbookqa,101,0.0001,32,32,,,complete,0.045636363909579813,models/1p5b_openbookqa_mean_control/train_mean_matrix_lr0.0001_s101/config.json,models/1p5b_openbookqa_mean_control/train_mean_matrix_lr0.0001_s101/summary.json,models/1p5b_openbookqa_mean_control/train_mean_matrix_lr0.0001_s101/history.json
1p5b_openbookqa_mean_control,train_mean_matrix_lr1e-05_s101,update,1p5b,openbookqa,101,1e-05,32,32,,,complete,0.0498726210789755,models/1p5b_openbookqa_mean_control/train_mean_matrix_lr1e-05_s101/config.json,models/1p5b_openbookqa_mean_control/train_mean_matrix_lr1e-05_s101/summary.json,models/1p5b_openbookqa_mean_control/train_mean_matrix_lr1e-05_s101/history.json
1p5b_openbookqa_mean_control,train_mean_matrix_lr3e-05_s101,update,1p5b,openbookqa,101,3e-05,32,32,,,complete,0.04646895872429013,models/1p5b_openbookqa_mean_control/train_mean_matrix_lr3e-05_s101/config.json,models/1p5b_openbookqa_mean_control/train_mean_matrix_lr3e-05_s101/summary.json,models/1p5b_openbookqa_mean_control/train_mean_matrix_lr3e-05_s101/history.json
1p5b_openbookqa_mean_control,train_mean_matrix_lr3e-06_s101,update,1p5b,openbookqa,101,3e-06,32,32,,,complete,0.18405988032463938,models/1p5b_openbookqa_mean_control/train_mean_matrix_lr3e-06_s101/config.json,models/1p5b_openbookqa_mean_control/train_mean_matrix_lr3e-06_s101/summary.json,models/1p5b_openbookqa_mean_control/train_mean_matrix_lr3e-06_s101/history.json
1p5b_svamp,adaptive_lr0.0001_s101,update,1p5b,svamp,101,0.0001,32,32,,,complete,36.20896037877537,models/1p5b_svamp/adaptive_lr0.0001_s101/config.json,models/1p5b_svamp/adaptive_lr0.0001_s101/summary.json,models/1p5b_svamp/adaptive_lr0.0001_s101/history.json
1p5b_svamp,adaptive_lr1e-05_s101,update,1p5b,svamp,101,1e-05,32,32,,,complete,36.14474676712416,models/1p5b_svamp/adaptive_lr1e-05_s101/config.json,models/1p5b_svamp/adaptive_lr1e-05_s101/summary.json,models/1p5b_svamp/adaptive_lr1e-05_s101/history.json
1p5b_svamp,adaptive_lr3e-05_s101,update,1p5b,svamp,101,3e-05,32,32,,,complete,38.886314364383,models/1p5b_svamp/adaptive_lr3e-05_s101/config.json,models/1p5b_svamp/adaptive_lr3e-05_s101/summary.json,models/1p5b_svamp/adaptive_lr3e-05_s101/history.json
1p5b_svamp,adaptive_lr3e-06_s101,update,1p5b,svamp,101,3e-06,32,32,,,complete,38.32475775491912,models/1p5b_svamp/adaptive_lr3e-06_s101/config.json,models/1p5b_svamp/adaptive_lr3e-06_s101/summary.json,models/1p5b_svamp/adaptive_lr3e-06_s101/history.json
1p5b_svamp,frozen_lr0.0001_s101,update,1p5b,svamp,101,0.0001,32,32,,,complete,2.6989405672065914,models/1p5b_svamp/frozen_lr0.0001_s101/config.json,models/1p5b_svamp/frozen_lr0.0001_s101/summary.json,models/1p5b_svamp/frozen_lr0.0001_s101/history.json
1p5b_svamp,frozen_lr1e-05_s101,update,1p5b,svamp,101,1e-05,32,32,,,complete,2.707776856957935,models/1p5b_svamp/frozen_lr1e-05_s101/config.json,models/1p5b_svamp/frozen_lr1e-05_s101/summary.json,models/1p5b_svamp/frozen_lr1e-05_s101/history.json
1p5b_svamp,frozen_lr3e-05_s101,update,1p5b,svamp,101,3e-05,32,32,,,complete,2.694628017139621,models/1p5b_svamp/frozen_lr3e-05_s101/config.json,models/1p5b_svamp/frozen_lr3e-05_s101/summary.json,models/1p5b_svamp/frozen_lr3e-05_s101/history.json
1p5b_svamp,frozen_lr3e-06_s101,update,1p5b,svamp,101,3e-06,32,32,,,complete,2.7673543402925134,models/1p5b_svamp/frozen_lr3e-06_s101/config.json,models/1p5b_svamp/frozen_lr3e-06_s101/summary.json,models/1p5b_svamp/frozen_lr3e-06_s101/history.json
1p5b_svamp,init,initialization,1p5b,svamp,101,0,0,,,,initialized,,models/1p5b_svamp/init/config.json,,
1p5b_svamp,mean_lr0.0001_s101,update,1p5b,svamp,101,0.0001,32,32,,,complete,9.109287385712378,models/1p5b_svamp/mean_lr0.0001_s101/config.json,models/1p5b_svamp/mean_lr0.0001_s101/summary.json,models/1p5b_svamp/mean_lr0.0001_s101/history.json
1p5b_svamp,mean_lr1e-05_s101,update,1p5b,svamp,101,1e-05,32,32,,,complete,9.417351327836514,models/1p5b_svamp/mean_lr1e-05_s101/config.json,models/1p5b_svamp/mean_lr1e-05_s101/summary.json,models/1p5b_svamp/mean_lr1e-05_s101/history.json
1p5b_svamp,mean_lr3e-05_s101,update,1p5b,svamp,101,3e-05,32,32,,,complete,9.456878637196496,models/1p5b_svamp/mean_lr3e-05_s101/config.json,models/1p5b_svamp/mean_lr3e-05_s101/summary.json,models/1p5b_svamp/mean_lr3e-05_s101/history.json
1p5b_svamp,mean_lr3e-06_s101,update,1p5b,svamp,101,3e-06,32,32,,,complete,9.465693631209433,models/1p5b_svamp/mean_lr3e-06_s101/config.json,models/1p5b_svamp/mean_lr3e-06_s101/summary.json,models/1p5b_svamp/mean_lr3e-06_s101/history.json
1p5b_svamp,oracle20_lr0.0001_s101,update,1p5b,svamp,101,0.0001,32,32,,,complete,8.884137123939581,models/1p5b_svamp/oracle20_lr0.0001_s101/config.json,models/1p5b_svamp/oracle20_lr0.0001_s101/summary.json,models/1p5b_svamp/oracle20_lr0.0001_s101/history.json
1p5b_svamp,oracle20_lr1e-05_s101,update,1p5b,svamp,101,1e-05,32,32,,,complete,9.993109163362533,models/1p5b_svamp/oracle20_lr1e-05_s101/config.json,models/1p5b_svamp/oracle20_lr1e-05_s101/summary.json,models/1p5b_svamp/oracle20_lr1e-05_s101/history.json
1p5b_svamp,oracle20_lr3e-05_s101,update,1p5b,svamp,101,3e-05,32,32,,,complete,9.447411663364619,models/1p5b_svamp/oracle20_lr3e-05_s101/config.json,models/1p5b_svamp/oracle20_lr3e-05_s101/summary.json,models/1p5b_svamp/oracle20_lr3e-05_s101/history.json
1p5b_svamp,oracle20_lr3e-06_s101,update,1p5b,svamp,101,3e-06,32,32,,,complete,9.369959498057142,models/1p5b_svamp/oracle20_lr3e-06_s101/config.json,models/1p5b_svamp/oracle20_lr3e-06_s101/summary.json,models/1p5b_svamp/oracle20_lr3e-06_s101/history.json
1p5b_svamp,oracle_lr0.0001_s101,update,1p5b,svamp,101,0.0001,32,32,,,complete,14.045541374362074,models/1p5b_svamp/oracle_lr0.0001_s101/config.json,models/1p5b_svamp/oracle_lr0.0001_s101/summary.json,models/1p5b_svamp/oracle_lr0.0001_s101/history.json
1p5b_svamp,oracle_lr1e-05_s101,update,1p5b,svamp,101,1e-05,32,32,,,complete,16.105735822115093,models/1p5b_svamp/oracle_lr1e-05_s101/config.json,models/1p5b_svamp/oracle_lr1e-05_s101/summary.json,models/1p5b_svamp/oracle_lr1e-05_s101/history.json
1p5b_svamp,oracle_lr3e-05_s101,update,1p5b,svamp,101,3e-05,32,32,,,complete,15.19924211059697,models/1p5b_svamp/oracle_lr3e-05_s101/config.json,models/1p5b_svamp/oracle_lr3e-05_s101/summary.json,models/1p5b_svamp/oracle_lr3e-05_s101/history.json
1p5b_svamp,oracle_lr3e-06_s101,update,1p5b,svamp,101,3e-06,32,32,,,complete,15.26715984835755,models/1p5b_svamp/oracle_lr3e-06_s101/config.json,models/1p5b_svamp/oracle_lr3e-06_s101/summary.json,models/1p5b_svamp/oracle_lr3e-06_s101/history.json
1p5b_svamp,periodic8_lr0.0001_s101,update,1p5b,svamp,101,0.0001,32,32,,,complete,7.187363135977648,models/1p5b_svamp/periodic8_lr0.0001_s101/config.json,models/1p5b_svamp/periodic8_lr0.0001_s101/summary.json,models/1p5b_svamp/periodic8_lr0.0001_s101/history.json
1p5b_svamp,periodic8_lr1e-05_s101,update,1p5b,svamp,101,1e-05,32,32,,,complete,7.149913460249081,models/1p5b_svamp/periodic8_lr1e-05_s101/config.json,models/1p5b_svamp/periodic8_lr1e-05_s101/summary.json,models/1p5b_svamp/periodic8_lr1e-05_s101/history.json
1p5b_svamp,periodic8_lr3e-05_s101,update,1p5b,svamp,101,3e-05,32,32,,,complete,7.130193536402658,models/1p5b_svamp/periodic8_lr3e-05_s101/config.json,models/1p5b_svamp/periodic8_lr3e-05_s101/summary.json,models/1p5b_svamp/periodic8_lr3e-05_s101/history.json
1p5b_svamp,periodic8_lr3e-06_s101,update,1p5b,svamp,101,3e-06,32,32,,,complete,7.221492634038441,models/1p5b_svamp/periodic8_lr3e-06_s101/config.json,models/1p5b_svamp/periodic8_lr3e-06_s101/summary.json,models/1p5b_svamp/periodic8_lr3e-06_s101/history.json
1p5b_svamp,predictor,predictor_fit,1p5b,svamp,123,,,,100,100,complete,25.179171323776245,models/1p5b_svamp/predictor/config.json,models/1p5b_svamp/predictor/summary.json,models/1p5b_svamp/predictor/history.json
1p5b_svamp,warmup_lr0.0001_s101,warmup,1p5b,svamp,101,0.0001,32,32,,,complete,16.053823232650757,models/1p5b_svamp/warmup_lr0.0001_s101/config.json,models/1p5b_svamp/warmup_lr0.0001_s101/summary.json,models/1p5b_svamp/warmup_lr0.0001_s101/history.json
1p5b_svamp,warmup_lr0.0005_s101,warmup,1p5b,svamp,101,0.0005,32,32,,,complete,16.135166883468628,models/1p5b_svamp/warmup_lr0.0005_s101/config.json,models/1p5b_svamp/warmup_lr0.0005_s101/summary.json,models/1p5b_svamp/warmup_lr0.0005_s101/history.json
1p5b_svamp,warmup_lr1e-05_s101,warmup,1p5b,svamp,101,1e-05,32,32,,,complete,15.949335813522339,models/1p5b_svamp/warmup_lr1e-05_s101/config.json,models/1p5b_svamp/warmup_lr1e-05_s101/summary.json,models/1p5b_svamp/warmup_lr1e-05_s101/history.json
1p5b_svamp,warmup_lr3e-06_s101,warmup,1p5b,svamp,101,3e-06,32,32,,,complete,14.974678754806519,models/1p5b_svamp/warmup_lr3e-06_s101/config.json,models/1p5b_svamp/warmup_lr3e-06_s101/summary.json,models/1p5b_svamp/warmup_lr3e-06_s101/history.json
1p5b_svamp,warmup_lr5e-05_s101,warmup,1p5b,svamp,101,5e-05,32,32,,,complete,16.125037908554077,models/1p5b_svamp/warmup_lr5e-05_s101/config.json,models/1p5b_svamp/warmup_lr5e-05_s101/summary.json,models/1p5b_svamp/warmup_lr5e-05_s101/history.json
1p5b_svamp_mean_control,train_mean_matrix_lr0.0001_s101,update,1p5b,svamp,101,0.0001,32,32,,,complete,0.04474061576183885,models/1p5b_svamp_mean_control/train_mean_matrix_lr0.0001_s101/config.json,models/1p5b_svamp_mean_control/train_mean_matrix_lr0.0001_s101/summary.json,models/1p5b_svamp_mean_control/train_mean_matrix_lr0.0001_s101/history.json
1p5b_svamp_mean_control,train_mean_matrix_lr1e-05_s101,update,1p5b,svamp,101,1e-05,32,32,,,complete,0.04501972999423742,models/1p5b_svamp_mean_control/train_mean_matrix_lr1e-05_s101/config.json,models/1p5b_svamp_mean_control/train_mean_matrix_lr1e-05_s101/summary.json,models/1p5b_svamp_mean_control/train_mean_matrix_lr1e-05_s101/history.json
1p5b_svamp_mean_control,train_mean_matrix_lr3e-05_s101,update,1p5b,svamp,101,3e-05,32,32,,,complete,0.04493005864787847,models/1p5b_svamp_mean_control/train_mean_matrix_lr3e-05_s101/config.json,models/1p5b_svamp_mean_control/train_mean_matrix_lr3e-05_s101/summary.json,models/1p5b_svamp_mean_control/train_mean_matrix_lr3e-05_s101/history.json
1p5b_svamp_mean_control,train_mean_matrix_lr3e-06_s101,update,1p5b,svamp,101,3e-06,32,32,,,complete,0.2008734771516174,models/1p5b_svamp_mean_control/train_mean_matrix_lr3e-06_s101/config.json,models/1p5b_svamp_mean_control/train_mean_matrix_lr3e-06_s101/summary.json,models/1p5b_svamp_mean_control/train_mean_matrix_lr3e-06_s101/history.json
7b_aqua,adaptive_lr0.0001_s101,update,7b,aqua,101,0.0001,32,32,,,complete,58.06223386817146,models/7b_aqua/adaptive_lr0.0001_s101/config.json,models/7b_aqua/adaptive_lr0.0001_s101/summary.json,models/7b_aqua/adaptive_lr0.0001_s101/history.json
7b_aqua,adaptive_lr1e-05_s101,update,7b,aqua,101,1e-05,32,32,,,complete,57.399330118321814,models/7b_aqua/adaptive_lr1e-05_s101/config.json,models/7b_aqua/adaptive_lr1e-05_s101/summary.json,models/7b_aqua/adaptive_lr1e-05_s101/history.json
7b_aqua,adaptive_lr3e-05_s101,update,7b,aqua,101,3e-05,32,32,,,complete,57.9569955104962,models/7b_aqua/adaptive_lr3e-05_s101/config.json,models/7b_aqua/adaptive_lr3e-05_s101/summary.json,models/7b_aqua/adaptive_lr3e-05_s101/history.json
7b_aqua,adaptive_lr3e-06_s101,update,7b,aqua,101,3e-06,32,32,,,complete,56.475661074742675,models/7b_aqua/adaptive_lr3e-06_s101/config.json,models/7b_aqua/adaptive_lr3e-06_s101/summary.json,models/7b_aqua/adaptive_lr3e-06_s101/history.json
7b_aqua,frozen_lr0.0001_s101,update,7b,aqua,101,0.0001,32,32,,,complete,5.348595658433624,models/7b_aqua/frozen_lr0.0001_s101/config.json,models/7b_aqua/frozen_lr0.0001_s101/summary.json,models/7b_aqua/frozen_lr0.0001_s101/history.json
7b_aqua,frozen_lr1e-05_s101,update,7b,aqua,101,1e-05,32,32,,,complete,5.384296040865593,models/7b_aqua/frozen_lr1e-05_s101/config.json,models/7b_aqua/frozen_lr1e-05_s101/summary.json,models/7b_aqua/frozen_lr1e-05_s101/history.json
7b_aqua,frozen_lr3e-05_s101,update,7b,aqua,101,3e-05,32,32,,,complete,5.38290687953122,models/7b_aqua/frozen_lr3e-05_s101/config.json,models/7b_aqua/frozen_lr3e-05_s101/summary.json,models/7b_aqua/frozen_lr3e-05_s101/history.json
7b_aqua,frozen_lr3e-06_s101,update,7b,aqua,101,3e-06,32,32,,,complete,5.537696116836742,models/7b_aqua/frozen_lr3e-06_s101/config.json,models/7b_aqua/frozen_lr3e-06_s101/summary.json,models/7b_aqua/frozen_lr3e-06_s101/history.json
7b_aqua,init,initialization,7b,aqua,101,0,0,,,,initialized,,models/7b_aqua/init/config.json,,
7b_aqua,mean_lr0.0001_s101,update,7b,aqua,101,0.0001,32,32,,,complete,13.803803516551852,models/7b_aqua/mean_lr0.0001_s101/config.json,models/7b_aqua/mean_lr0.0001_s101/summary.json,models/7b_aqua/mean_lr0.0001_s101/history.json
7b_aqua,mean_lr1e-05_s101,update,7b,aqua,101,1e-05,32,32,,,complete,13.845530106220394,models/7b_aqua/mean_lr1e-05_s101/config.json,models/7b_aqua/mean_lr1e-05_s101/summary.json,models/7b_aqua/mean_lr1e-05_s101/history.json
7b_aqua,mean_lr3e-05_s101,update,7b,aqua,101,3e-05,32,32,,,complete,13.828656447934918,models/7b_aqua/mean_lr3e-05_s101/config.json,models/7b_aqua/mean_lr3e-05_s101/summary.json,models/7b_aqua/mean_lr3e-05_s101/history.json
7b_aqua,mean_lr3e-06_s101,update,7b,aqua,101,3e-06,32,32,,,complete,13.815926670911722,models/7b_aqua/mean_lr3e-06_s101/config.json,models/7b_aqua/mean_lr3e-06_s101/summary.json,models/7b_aqua/mean_lr3e-06_s101/history.json
7b_aqua,oracle20_lr0.0001_s101,update,7b,aqua,101,0.0001,32,32,,,complete,14.313038341002539,models/7b_aqua/oracle20_lr0.0001_s101/config.json,models/7b_aqua/oracle20_lr0.0001_s101/summary.json,models/7b_aqua/oracle20_lr0.0001_s101/history.json
7b_aqua,oracle20_lr1e-05_s101,update,7b,aqua,101,1e-05,32,32,,,complete,14.329130973783322,models/7b_aqua/oracle20_lr1e-05_s101/config.json,models/7b_aqua/oracle20_lr1e-05_s101/summary.json,models/7b_aqua/oracle20_lr1e-05_s101/history.json
7b_aqua,oracle20_lr3e-05_s101,update,7b,aqua,101,3e-05,32,32,,,complete,14.322291175136343,models/7b_aqua/oracle20_lr3e-05_s101/config.json,models/7b_aqua/oracle20_lr3e-05_s101/summary.json,models/7b_aqua/oracle20_lr3e-05_s101/history.json
7b_aqua,oracle20_lr3e-06_s101,update,7b,aqua,101,3e-06,32,32,,,complete,14.321594932465814,models/7b_aqua/oracle20_lr3e-06_s101/config.json,models/7b_aqua/oracle20_lr3e-06_s101/summary.json,models/7b_aqua/oracle20_lr3e-06_s101/history.json
7b_aqua,oracle_lr0.0001_s101,update,7b,aqua,101,0.0001,32,32,,,complete,23.374698594096117,models/7b_aqua/oracle_lr0.0001_s101/config.json,models/7b_aqua/oracle_lr0.0001_s101/summary.json,models/7b_aqua/oracle_lr0.0001_s101/history.json
7b_aqua,oracle_lr1e-05_s101,update,7b,aqua,101,1e-05,32,32,,,complete,23.40265646390617,models/7b_aqua/oracle_lr1e-05_s101/config.json,models/7b_aqua/oracle_lr1e-05_s101/summary.json,models/7b_aqua/oracle_lr1e-05_s101/history.json
7b_aqua,oracle_lr3e-05_s101,update,7b,aqua,101,3e-05,32,32,,,complete,23.404958974104375,models/7b_aqua/oracle_lr3e-05_s101/config.json,models/7b_aqua/oracle_lr3e-05_s101/summary.json,models/7b_aqua/oracle_lr3e-05_s101/history.json
7b_aqua,oracle_lr3e-06_s101,update,7b,aqua,101,3e-06,32,32,,,complete,23.67771625809837,models/7b_aqua/oracle_lr3e-06_s101/config.json,models/7b_aqua/oracle_lr3e-06_s101/summary.json,models/7b_aqua/oracle_lr3e-06_s101/history.json
7b_aqua,periodic8_lr0.0001_s101,update,7b,aqua,101,0.0001,32,32,,,complete,11.884835898992606,models/7b_aqua/periodic8_lr0.0001_s101/config.json,models/7b_aqua/periodic8_lr0.0001_s101/summary.json,models/7b_aqua/periodic8_lr0.0001_s101/history.json
7b_aqua,periodic8_lr1e-05_s101,update,7b,aqua,101,1e-05,32,32,,,complete,11.654554212116636,models/7b_aqua/periodic8_lr1e-05_s101/config.json,models/7b_aqua/periodic8_lr1e-05_s101/summary.json,models/7b_aqua/periodic8_lr1e-05_s101/history.json
7b_aqua,periodic8_lr3e-05_s101,update,7b,aqua,101,3e-05,32,32,,,complete,11.863348515937105,models/7b_aqua/periodic8_lr3e-05_s101/config.json,models/7b_aqua/periodic8_lr3e-05_s101/summary.json,models/7b_aqua/periodic8_lr3e-05_s101/history.json
7b_aqua,periodic8_lr3e-06_s101,update,7b,aqua,101,3e-06,32,32,,,complete,11.64041154005099,models/7b_aqua/periodic8_lr3e-06_s101/config.json,models/7b_aqua/periodic8_lr3e-06_s101/summary.json,models/7b_aqua/periodic8_lr3e-06_s101/history.json
7b_aqua,predictor,predictor_fit,7b,aqua,123,,,,100,100,complete,285.45361948013306,models/7b_aqua/predictor/config.json,models/7b_aqua/predictor/summary.json,models/7b_aqua/predictor/history.json
7b_aqua,warmup_lr0.0001_s101,warmup,7b,aqua,101,0.0001,32,32,,,complete,27.936777591705322,models/7b_aqua/warmup_lr0.0001_s101/config.json,models/7b_aqua/warmup_lr0.0001_s101/summary.json,models/7b_aqua/warmup_lr0.0001_s101/history.json
7b_aqua,warmup_lr0.0005_s101,warmup,7b,aqua,101,0.0005,32,32,,,complete,27.921928882598877,models/7b_aqua/warmup_lr0.0005_s101/config.json,models/7b_aqua/warmup_lr0.0005_s101/summary.json,models/7b_aqua/warmup_lr0.0005_s101/history.json
7b_aqua,warmup_lr1e-05_s101,warmup,7b,aqua,101,1e-05,32,32,,,complete,28.895864963531494,models/7b_aqua/warmup_lr1e-05_s101/config.json,models/7b_aqua/warmup_lr1e-05_s101/summary.json,models/7b_aqua/warmup_lr1e-05_s101/history.json
7b_aqua,warmup_lr3e-06_s101,warmup,7b,aqua,101,3e-06,32,32,,,complete,29.204445838928223,models/7b_aqua/warmup_lr3e-06_s101/config.json,models/7b_aqua/warmup_lr3e-06_s101/summary.json,models/7b_aqua/warmup_lr3e-06_s101/history.json
7b_aqua,warmup_lr5e-05_s101,warmup,7b,aqua,101,5e-05,32,32,,,complete,28.643237590789795,models/7b_aqua/warmup_lr5e-05_s101/config.json,models/7b_aqua/warmup_lr5e-05_s101/summary.json,models/7b_aqua/warmup_lr5e-05_s101/history.json
7b_aqua_mean_control,train_mean_matrix_lr0.0001_s101,update,7b,aqua,101,0.0001,32,32,,,complete,0.4527249737875536,models/7b_aqua_mean_control/train_mean_matrix_lr0.0001_s101/config.json,models/7b_aqua_mean_control/train_mean_matrix_lr0.0001_s101/summary.json,models/7b_aqua_mean_control/train_mean_matrix_lr0.0001_s101/history.json
7b_aqua_mean_control,train_mean_matrix_lr1e-05_s101,update,7b,aqua,101,1e-05,32,32,,,complete,0.4400343287270516,models/7b_aqua_mean_control/train_mean_matrix_lr1e-05_s101/config.json,models/7b_aqua_mean_control/train_mean_matrix_lr1e-05_s101/summary.json,models/7b_aqua_mean_control/train_mean_matrix_lr1e-05_s101/history.json
7b_aqua_mean_control,train_mean_matrix_lr3e-05_s101,update,7b,aqua,101,3e-05,32,32,,,complete,0.5367600951576605,models/7b_aqua_mean_control/train_mean_matrix_lr3e-05_s101/config.json,models/7b_aqua_mean_control/train_mean_matrix_lr3e-05_s101/summary.json,models/7b_aqua_mean_control/train_mean_matrix_lr3e-05_s101/history.json
7b_aqua_mean_control,train_mean_matrix_lr3e-06_s101,update,7b,aqua,101,3e-06,32,32,,,complete,0.6680166806327179,models/7b_aqua_mean_control/train_mean_matrix_lr3e-06_s101/config.json,models/7b_aqua_mean_control/train_mean_matrix_lr3e-06_s101/summary.json,models/7b_aqua_mean_control/train_mean_matrix_lr3e-06_s101/history.json
7b_arc_challenge,adaptive_lr0.0001_s101,update,7b,arc_challenge,101,0.0001,32,32,,,complete,43.133575618849136,models/7b_arc_challenge/adaptive_lr0.0001_s101/config.json,models/7b_arc_challenge/adaptive_lr0.0001_s101/summary.json,models/7b_arc_challenge/adaptive_lr0.0001_s101/history.json
7b_arc_challenge,adaptive_lr1e-05_s101,update,7b,arc_challenge,101,1e-05,32,32,,,complete,41.20210974290967,models/7b_arc_challenge/adaptive_lr1e-05_s101/config.json,models/7b_arc_challenge/adaptive_lr1e-05_s101/summary.json,models/7b_arc_challenge/adaptive_lr1e-05_s101/history.json
7b_arc_challenge,adaptive_lr3e-05_s101,update,7b,arc_challenge,101,3e-05,32,32,,,complete,43.960710883606225,models/7b_arc_challenge/adaptive_lr3e-05_s101/config.json,models/7b_arc_challenge/adaptive_lr3e-05_s101/summary.json,models/7b_arc_challenge/adaptive_lr3e-05_s101/history.json
7b_arc_challenge,adaptive_lr3e-06_s101,update,7b,arc_challenge,101,3e-06,32,32,,,complete,43.681708138319664,models/7b_arc_challenge/adaptive_lr3e-06_s101/config.json,models/7b_arc_challenge/adaptive_lr3e-06_s101/summary.json,models/7b_arc_challenge/adaptive_lr3e-06_s101/history.json
7b_arc_challenge,frozen_lr0.0001_s101,update,7b,arc_challenge,101,0.0001,32,32,,,complete,3.4880289478460327,models/7b_arc_challenge/frozen_lr0.0001_s101/config.json,models/7b_arc_challenge/frozen_lr0.0001_s101/summary.json,models/7b_arc_challenge/frozen_lr0.0001_s101/history.json
7b_arc_challenge,frozen_lr1e-05_s101,update,7b,arc_challenge,101,1e-05,32,32,,,complete,3.505875305039808,models/7b_arc_challenge/frozen_lr1e-05_s101/config.json,models/7b_arc_challenge/frozen_lr1e-05_s101/summary.json,models/7b_arc_challenge/frozen_lr1e-05_s101/history.json
7b_arc_challenge,frozen_lr3e-05_s101,update,7b,arc_challenge,101,3e-05,32,32,,,complete,3.516221126774326,models/7b_arc_challenge/frozen_lr3e-05_s101/config.json,models/7b_arc_challenge/frozen_lr3e-05_s101/summary.json,models/7b_arc_challenge/frozen_lr3e-05_s101/history.json
7b_arc_challenge,frozen_lr3e-06_s101,update,7b,arc_challenge,101,3e-06,32,32,,,complete,3.6483981339260936,models/7b_arc_challenge/frozen_lr3e-06_s101/config.json,models/7b_arc_challenge/frozen_lr3e-06_s101/summary.json,models/7b_arc_challenge/frozen_lr3e-06_s101/history.json
7b_arc_challenge,init,initialization,7b,arc_challenge,101,0,0,,,,initialized,,models/7b_arc_challenge/init/config.json,,
7b_arc_challenge,mean_lr0.0001_s101,update,7b,arc_challenge,101,0.0001,32,32,,,complete,9.097107156878337,models/7b_arc_challenge/mean_lr0.0001_s101/config.json,models/7b_arc_challenge/mean_lr0.0001_s101/summary.json,models/7b_arc_challenge/mean_lr0.0001_s101/history.json
7b_arc_challenge,mean_lr1e-05_s101,update,7b,arc_challenge,101,1e-05,32,32,,,complete,9.427984424983151,models/7b_arc_challenge/mean_lr1e-05_s101/config.json,models/7b_arc_challenge/mean_lr1e-05_s101/summary.json,models/7b_arc_challenge/mean_lr1e-05_s101/history.json
7b_arc_challenge,mean_lr3e-05_s101,update,7b,arc_challenge,101,3e-05,32,32,,,complete,9.568196398206055,models/7b_arc_challenge/mean_lr3e-05_s101/config.json,models/7b_arc_challenge/mean_lr3e-05_s101/summary.json,models/7b_arc_challenge/mean_lr3e-05_s101/history.json
7b_arc_challenge,mean_lr3e-06_s101,update,7b,arc_challenge,101,3e-06,32,32,,,complete,9.531764094950631,models/7b_arc_challenge/mean_lr3e-06_s101/config.json,models/7b_arc_challenge/mean_lr3e-06_s101/summary.json,models/7b_arc_challenge/mean_lr3e-06_s101/history.json
7b_arc_challenge,oracle20_lr0.0001_s101,update,7b,arc_challenge,101,0.0001,32,32,,,complete,9.58027620811481,models/7b_arc_challenge/oracle20_lr0.0001_s101/config.json,models/7b_arc_challenge/oracle20_lr0.0001_s101/summary.json,models/7b_arc_challenge/oracle20_lr0.0001_s101/history.json
7b_arc_challenge,oracle20_lr1e-05_s101,update,7b,arc_challenge,101,1e-05,32,32,,,complete,9.540003532427363,models/7b_arc_challenge/oracle20_lr1e-05_s101/config.json,models/7b_arc_challenge/oracle20_lr1e-05_s101/summary.json,models/7b_arc_challenge/oracle20_lr1e-05_s101/history.json
7b_arc_challenge,oracle20_lr3e-05_s101,update,7b,arc_challenge,101,3e-05,32,32,,,complete,9.562607350293547,models/7b_arc_challenge/oracle20_lr3e-05_s101/config.json,models/7b_arc_challenge/oracle20_lr3e-05_s101/summary.json,models/7b_arc_challenge/oracle20_lr3e-05_s101/history.json
7b_arc_challenge,oracle20_lr3e-06_s101,update,7b,arc_challenge,101,3e-06,32,32,,,complete,9.648636499769054,models/7b_arc_challenge/oracle20_lr3e-06_s101/config.json,models/7b_arc_challenge/oracle20_lr3e-06_s101/summary.json,models/7b_arc_challenge/oracle20_lr3e-06_s101/history.json
7b_arc_challenge,oracle_lr0.0001_s101,update,7b,arc_challenge,101,0.0001,32,32,,,complete,15.46206669230014,models/7b_arc_challenge/oracle_lr0.0001_s101/config.json,models/7b_arc_challenge/oracle_lr0.0001_s101/summary.json,models/7b_arc_challenge/oracle_lr0.0001_s101/history.json
7b_arc_challenge,oracle_lr1e-05_s101,update,7b,arc_challenge,101,1e-05,32,32,,,complete,15.27231862640474,models/7b_arc_challenge/oracle_lr1e-05_s101/config.json,models/7b_arc_challenge/oracle_lr1e-05_s101/summary.json,models/7b_arc_challenge/oracle_lr1e-05_s101/history.json
7b_arc_challenge,oracle_lr3e-05_s101,update,7b,arc_challenge,101,3e-05,32,32,,,complete,15.290635540965013,models/7b_arc_challenge/oracle_lr3e-05_s101/config.json,models/7b_arc_challenge/oracle_lr3e-05_s101/summary.json,models/7b_arc_challenge/oracle_lr3e-05_s101/history.json
7b_arc_challenge,oracle_lr3e-06_s101,update,7b,arc_challenge,101,3e-06,32,32,,,complete,15.575562579091638,models/7b_arc_challenge/oracle_lr3e-06_s101/config.json,models/7b_arc_challenge/oracle_lr3e-06_s101/summary.json,models/7b_arc_challenge/oracle_lr3e-06_s101/history.json
7b_arc_challenge,periodic8_lr0.0001_s101,update,7b,arc_challenge,101,0.0001,32,32,,,complete,8.573679121909663,models/7b_arc_challenge/periodic8_lr0.0001_s101/config.json,models/7b_arc_challenge/periodic8_lr0.0001_s101/summary.json,models/7b_arc_challenge/periodic8_lr0.0001_s101/history.json
7b_arc_challenge,periodic8_lr1e-05_s101,update,7b,arc_challenge,101,1e-05,32,32,,,complete,8.524389720871113,models/7b_arc_challenge/periodic8_lr1e-05_s101/config.json,models/7b_arc_challenge/periodic8_lr1e-05_s101/summary.json,models/7b_arc_challenge/periodic8_lr1e-05_s101/history.json
7b_arc_challenge,periodic8_lr3e-05_s101,update,7b,arc_challenge,101,3e-05,32,32,,,complete,8.480474277865142,models/7b_arc_challenge/periodic8_lr3e-05_s101/config.json,models/7b_arc_challenge/periodic8_lr3e-05_s101/summary.json,models/7b_arc_challenge/periodic8_lr3e-05_s101/history.json
7b_arc_challenge,periodic8_lr3e-06_s101,update,7b,arc_challenge,101,3e-06,32,32,,,complete,8.418459453852847,models/7b_arc_challenge/periodic8_lr3e-06_s101/config.json,models/7b_arc_challenge/periodic8_lr3e-06_s101/summary.json,models/7b_arc_challenge/periodic8_lr3e-06_s101/history.json
7b_arc_challenge,predictor,predictor_fit,7b,arc_challenge,123,,,,100,100,complete,51.47941279411316,models/7b_arc_challenge/predictor/config.json,models/7b_arc_challenge/predictor/summary.json,models/7b_arc_challenge/predictor/history.json
7b_arc_challenge,warmup_lr0.0001_s101,warmup,7b,arc_challenge,101,0.0001,32,32,,,complete,18.238433122634888,models/7b_arc_challenge/warmup_lr0.0001_s101/config.json,models/7b_arc_challenge/warmup_lr0.0001_s101/summary.json,models/7b_arc_challenge/warmup_lr0.0001_s101/history.json
7b_arc_challenge,warmup_lr0.0005_s101,warmup,7b,arc_challenge,101,0.0005,32,32,,,complete,18.120014905929565,models/7b_arc_challenge/warmup_lr0.0005_s101/config.json,models/7b_arc_challenge/warmup_lr0.0005_s101/summary.json,models/7b_arc_challenge/warmup_lr0.0005_s101/history.json
7b_arc_challenge,warmup_lr1e-05_s101,warmup,7b,arc_challenge,101,1e-05,32,32,,,complete,17.883089542388916,models/7b_arc_challenge/warmup_lr1e-05_s101/config.json,models/7b_arc_challenge/warmup_lr1e-05_s101/summary.json,models/7b_arc_challenge/warmup_lr1e-05_s101/history.json
7b_arc_challenge,warmup_lr3e-06_s101,warmup,7b,arc_challenge,101,3e-06,32,32,,,complete,18.061561107635498,models/7b_arc_challenge/warmup_lr3e-06_s101/config.json,models/7b_arc_challenge/warmup_lr3e-06_s101/summary.json,models/7b_arc_challenge/warmup_lr3e-06_s101/history.json
7b_arc_challenge,warmup_lr5e-05_s101,warmup,7b,arc_challenge,101,5e-05,32,32,,,complete,17.976411819458008,models/7b_arc_challenge/warmup_lr5e-05_s101/config.json,models/7b_arc_challenge/warmup_lr5e-05_s101/summary.json,models/7b_arc_challenge/warmup_lr5e-05_s101/history.json
7b_arc_challenge_mean_control,train_mean_matrix_lr0.0001_s101,update,7b,arc_challenge,101,0.0001,32,32,,,complete,0.4933108852710575,models/7b_arc_challenge_mean_control/train_mean_matrix_lr0.0001_s101/config.json,models/7b_arc_challenge_mean_control/train_mean_matrix_lr0.0001_s101/summary.json,models/7b_arc_challenge_mean_control/train_mean_matrix_lr0.0001_s101/history.json
7b_arc_challenge_mean_control,train_mean_matrix_lr1e-05_s101,update,7b,arc_challenge,101,1e-05,32,32,,,complete,0.4424838291015476,models/7b_arc_challenge_mean_control/train_mean_matrix_lr1e-05_s101/config.json,models/7b_arc_challenge_mean_control/train_mean_matrix_lr1e-05_s101/summary.json,models/7b_arc_challenge_mean_control/train_mean_matrix_lr1e-05_s101/history.json
7b_arc_challenge_mean_control,train_mean_matrix_lr3e-05_s101,update,7b,arc_challenge,101,3e-05,32,32,,,complete,0.5023491319734603,models/7b_arc_challenge_mean_control/train_mean_matrix_lr3e-05_s101/config.json,models/7b_arc_challenge_mean_control/train_mean_matrix_lr3e-05_s101/summary.json,models/7b_arc_challenge_mean_control/train_mean_matrix_lr3e-05_s101/history.json
7b_arc_challenge_mean_control,train_mean_matrix_lr3e-06_s101,update,7b,arc_challenge,101,3e-06,32,32,,,complete,0.6524126197909936,models/7b_arc_challenge_mean_control/train_mean_matrix_lr3e-06_s101/config.json,models/7b_arc_challenge_mean_control/train_mean_matrix_lr3e-06_s101/summary.json,models/7b_arc_challenge_mean_control/train_mean_matrix_lr3e-06_s101/history.json
7b_countdown,adaptive_lr0.0001_s101,update,7b,countdown,101,0.0001,32,32,,,complete,55.179952934151515,models/7b_countdown/adaptive_lr0.0001_s101/config.json,models/7b_countdown/adaptive_lr0.0001_s101/summary.json,models/7b_countdown/adaptive_lr0.0001_s101/history.json
7b_countdown,adaptive_lr1e-05_s101,update,7b,countdown,101,1e-05,32,32,,,complete,53.89133611205034,models/7b_countdown/adaptive_lr1e-05_s101/config.json,models/7b_countdown/adaptive_lr1e-05_s101/summary.json,models/7b_countdown/adaptive_lr1e-05_s101/history.json
7b_countdown,adaptive_lr3e-05_s101,update,7b,countdown,101,3e-05,32,32,,,complete,54.203587779193185,models/7b_countdown/adaptive_lr3e-05_s101/config.json,models/7b_countdown/adaptive_lr3e-05_s101/summary.json,models/7b_countdown/adaptive_lr3e-05_s101/history.json
7b_countdown,adaptive_lr3e-06_s101,update,7b,countdown,101,3e-06,32,32,,,complete,53.78723491099663,models/7b_countdown/adaptive_lr3e-06_s101/config.json,models/7b_countdown/adaptive_lr3e-06_s101/summary.json,models/7b_countdown/adaptive_lr3e-06_s101/history.json
7b_countdown,frozen_lr0.0001_s101,update,7b,countdown,101,0.0001,32,32,,,complete,4.5824926507193595,models/7b_countdown/frozen_lr0.0001_s101/config.json,models/7b_countdown/frozen_lr0.0001_s101/summary.json,models/7b_countdown/frozen_lr0.0001_s101/history.json
7b_countdown,frozen_lr1e-05_s101,update,7b,countdown,101,1e-05,32,32,,,complete,4.566279051243328,models/7b_countdown/frozen_lr1e-05_s101/config.json,models/7b_countdown/frozen_lr1e-05_s101/summary.json,models/7b_countdown/frozen_lr1e-05_s101/history.json
7b_countdown,frozen_lr3e-05_s101,update,7b,countdown,101,3e-05,32,32,,,complete,4.6040360109182075,models/7b_countdown/frozen_lr3e-05_s101/config.json,models/7b_countdown/frozen_lr3e-05_s101/summary.json,models/7b_countdown/frozen_lr3e-05_s101/history.json
7b_countdown,frozen_lr3e-06_s101,update,7b,countdown,101,3e-06,32,32,,,complete,4.780808636802249,models/7b_countdown/frozen_lr3e-06_s101/config.json,models/7b_countdown/frozen_lr3e-06_s101/summary.json,models/7b_countdown/frozen_lr3e-06_s101/history.json
7b_countdown,init,initialization,7b,countdown,101,0,0,,,,initialized,,models/7b_countdown/init/config.json,,
7b_countdown,mean_lr0.0001_s101,update,7b,countdown,101,0.0001,32,32,,,complete,11.843578821979463,models/7b_countdown/mean_lr0.0001_s101/config.json,models/7b_countdown/mean_lr0.0001_s101/summary.json,models/7b_countdown/mean_lr0.0001_s101/history.json
7b_countdown,mean_lr1e-05_s101,update,7b,countdown,101,1e-05,32,32,,,complete,11.84362521301955,models/7b_countdown/mean_lr1e-05_s101/config.json,models/7b_countdown/mean_lr1e-05_s101/summary.json,models/7b_countdown/mean_lr1e-05_s101/history.json
7b_countdown,mean_lr3e-05_s101,update,7b,countdown,101,3e-05,32,32,,,complete,11.84939359081909,models/7b_countdown/mean_lr3e-05_s101/config.json,models/7b_countdown/mean_lr3e-05_s101/summary.json,models/7b_countdown/mean_lr3e-05_s101/history.json
7b_countdown,mean_lr3e-06_s101,update,7b,countdown,101,3e-06,32,32,,,complete,11.869883791194297,models/7b_countdown/mean_lr3e-06_s101/config.json,models/7b_countdown/mean_lr3e-06_s101/summary.json,models/7b_countdown/mean_lr3e-06_s101/history.json
7b_countdown,oracle20_lr0.0001_s101,update,7b,countdown,101,0.0001,32,32,,,complete,11.940485829953104,models/7b_countdown/oracle20_lr0.0001_s101/config.json,models/7b_countdown/oracle20_lr0.0001_s101/summary.json,models/7b_countdown/oracle20_lr0.0001_s101/history.json
7b_countdown,oracle20_lr1e-05_s101,update,7b,countdown,101,1e-05,32,32,,,complete,11.921827403246425,models/7b_countdown/oracle20_lr1e-05_s101/config.json,models/7b_countdown/oracle20_lr1e-05_s101/summary.json,models/7b_countdown/oracle20_lr1e-05_s101/history.json
7b_countdown,oracle20_lr3e-05_s101,update,7b,countdown,101,3e-05,32,32,,,complete,11.934824424912222,models/7b_countdown/oracle20_lr3e-05_s101/config.json,models/7b_countdown/oracle20_lr3e-05_s101/summary.json,models/7b_countdown/oracle20_lr3e-05_s101/history.json
7b_countdown,oracle20_lr3e-06_s101,update,7b,countdown,101,3e-06,32,32,,,complete,11.959439225844108,models/7b_countdown/oracle20_lr3e-06_s101/config.json,models/7b_countdown/oracle20_lr3e-06_s101/summary.json,models/7b_countdown/oracle20_lr3e-06_s101/history.json
7b_countdown,oracle_lr0.0001_s101,update,7b,countdown,101,0.0001,32,32,,,complete,19.045766574330628,models/7b_countdown/oracle_lr0.0001_s101/config.json,models/7b_countdown/oracle_lr0.0001_s101/summary.json,models/7b_countdown/oracle_lr0.0001_s101/history.json
7b_countdown,oracle_lr1e-05_s101,update,7b,countdown,101,1e-05,32,32,,,complete,19.04508785600774,models/7b_countdown/oracle_lr1e-05_s101/config.json,models/7b_countdown/oracle_lr1e-05_s101/summary.json,models/7b_countdown/oracle_lr1e-05_s101/history.json
7b_countdown,oracle_lr3e-05_s101,update,7b,countdown,101,3e-05,32,32,,,complete,19.080961241154,models/7b_countdown/oracle_lr3e-05_s101/config.json,models/7b_countdown/oracle_lr3e-05_s101/summary.json,models/7b_countdown/oracle_lr3e-05_s101/history.json
7b_countdown,oracle_lr3e-06_s101,update,7b,countdown,101,3e-06,32,32,,,complete,19.284083043807186,models/7b_countdown/oracle_lr3e-06_s101/config.json,models/7b_countdown/oracle_lr3e-06_s101/summary.json,models/7b_countdown/oracle_lr3e-06_s101/history.json
7b_countdown,periodic8_lr0.0001_s101,update,7b,countdown,101,0.0001,32,32,,,complete,10.482024178141728,models/7b_countdown/periodic8_lr0.0001_s101/config.json,models/7b_countdown/periodic8_lr0.0001_s101/summary.json,models/7b_countdown/periodic8_lr0.0001_s101/history.json
7b_countdown,periodic8_lr1e-05_s101,update,7b,countdown,101,1e-05,32,32,,,complete,10.619529076036997,models/7b_countdown/periodic8_lr1e-05_s101/config.json,models/7b_countdown/periodic8_lr1e-05_s101/summary.json,models/7b_countdown/periodic8_lr1e-05_s101/history.json
7b_countdown,periodic8_lr3e-05_s101,update,7b,countdown,101,3e-05,32,32,,,complete,10.723021622630768,models/7b_countdown/periodic8_lr3e-05_s101/config.json,models/7b_countdown/periodic8_lr3e-05_s101/summary.json,models/7b_countdown/periodic8_lr3e-05_s101/history.json
7b_countdown,periodic8_lr3e-06_s101,update,7b,countdown,101,3e-06,32,32,,,complete,10.549195157829672,models/7b_countdown/periodic8_lr3e-06_s101/config.json,models/7b_countdown/periodic8_lr3e-06_s101/summary.json,models/7b_countdown/periodic8_lr3e-06_s101/history.json
7b_countdown,predictor,predictor_fit,7b,countdown,123,,,,100,100,complete,272.1428167819977,models/7b_countdown/predictor/config.json,models/7b_countdown/predictor/summary.json,models/7b_countdown/predictor/history.json
7b_countdown,warmup_lr0.0001_s101,warmup,7b,countdown,101,0.0001,32,32,,,complete,23.185697317123413,models/7b_countdown/warmup_lr0.0001_s101/config.json,models/7b_countdown/warmup_lr0.0001_s101/summary.json,models/7b_countdown/warmup_lr0.0001_s101/history.json
7b_countdown,warmup_lr0.0005_s101,warmup,7b,countdown,101,0.0005,32,32,,,complete,23.24565029144287,models/7b_countdown/warmup_lr0.0005_s101/config.json,models/7b_countdown/warmup_lr0.0005_s101/summary.json,models/7b_countdown/warmup_lr0.0005_s101/history.json
7b_countdown,warmup_lr1e-05_s101,warmup,7b,countdown,101,1e-05,32,32,,,complete,22.179754734039307,models/7b_countdown/warmup_lr1e-05_s101/config.json,models/7b_countdown/warmup_lr1e-05_s101/summary.json,models/7b_countdown/warmup_lr1e-05_s101/history.json
7b_countdown,warmup_lr3e-06_s101,warmup,7b,countdown,101,3e-06,32,32,,,complete,22.344558477401733,models/7b_countdown/warmup_lr3e-06_s101/config.json,models/7b_countdown/warmup_lr3e-06_s101/summary.json,models/7b_countdown/warmup_lr3e-06_s101/history.json
7b_countdown,warmup_lr5e-05_s101,warmup,7b,countdown,101,5e-05,32,32,,,complete,22.278701305389404,models/7b_countdown/warmup_lr5e-05_s101/config.json,models/7b_countdown/warmup_lr5e-05_s101/summary.json,models/7b_countdown/warmup_lr5e-05_s101/history.json
7b_countdown_mean_control,train_mean_matrix_lr0.0001_s101,update,7b,countdown,101,0.0001,32,32,,,complete,0.45654904551338404,models/7b_countdown_mean_control/train_mean_matrix_lr0.0001_s101/config.json,models/7b_countdown_mean_control/train_mean_matrix_lr0.0001_s101/summary.json,models/7b_countdown_mean_control/train_mean_matrix_lr0.0001_s101/history.json
7b_countdown_mean_control,train_mean_matrix_lr1e-05_s101,update,7b,countdown,101,1e-05,32,32,,,complete,0.48545220925007015,models/7b_countdown_mean_control/train_mean_matrix_lr1e-05_s101/config.json,models/7b_countdown_mean_control/train_mean_matrix_lr1e-05_s101/summary.json,models/7b_countdown_mean_control/train_mean_matrix_lr1e-05_s101/history.json
7b_countdown_mean_control,train_mean_matrix_lr3e-05_s101,update,7b,countdown,101,3e-05,32,32,,,complete,0.43011797580402344,models/7b_countdown_mean_control/train_mean_matrix_lr3e-05_s101/config.json,models/7b_countdown_mean_control/train_mean_matrix_lr3e-05_s101/summary.json,models/7b_countdown_mean_control/train_mean_matrix_lr3e-05_s101/history.json
7b_countdown_mean_control,train_mean_matrix_lr3e-06_s101,update,7b,countdown,101,3e-06,32,32,,,complete,0.566988610313274,models/7b_countdown_mean_control/train_mean_matrix_lr3e-06_s101/config.json,models/7b_countdown_mean_control/train_mean_matrix_lr3e-06_s101/summary.json,models/7b_countdown_mean_control/train_mean_matrix_lr3e-06_s101/history.json
7b_gsm8k,adaptive_lr0.0001_s101,update,7b,gsm8k,101,0.0001,32,32,,,complete,62.00350187753793,models/7b_gsm8k/adaptive_lr0.0001_s101/config.json,models/7b_gsm8k/adaptive_lr0.0001_s101/summary.json,models/7b_gsm8k/adaptive_lr0.0001_s101/history.json
7b_gsm8k,adaptive_lr1e-05_s101,update,7b,gsm8k,101,1e-05,32,32,,,complete,61.42554164817557,models/7b_gsm8k/adaptive_lr1e-05_s101/config.json,models/7b_gsm8k/adaptive_lr1e-05_s101/summary.json,models/7b_gsm8k/adaptive_lr1e-05_s101/history.json
7b_gsm8k,adaptive_lr3e-05_s101,update,7b,gsm8k,101,3e-05,32,32,,,complete,56.67730415414553,models/7b_gsm8k/adaptive_lr3e-05_s101/config.json,models/7b_gsm8k/adaptive_lr3e-05_s101/summary.json,models/7b_gsm8k/adaptive_lr3e-05_s101/history.json
7b_gsm8k,adaptive_lr3e-06_s101,update,7b,gsm8k,101,3e-06,32,32,,,complete,58.53746597236022,models/7b_gsm8k/adaptive_lr3e-06_s101/config.json,models/7b_gsm8k/adaptive_lr3e-06_s101/summary.json,models/7b_gsm8k/adaptive_lr3e-06_s101/history.json
7b_gsm8k,frozen_lr0.0001_s101,update,7b,gsm8k,101,0.0001,32,32,,,complete,5.661649129237048,models/7b_gsm8k/frozen_lr0.0001_s101/config.json,models/7b_gsm8k/frozen_lr0.0001_s101/summary.json,models/7b_gsm8k/frozen_lr0.0001_s101/history.json
7b_gsm8k,frozen_lr1e-05_s101,update,7b,gsm8k,101,1e-05,32,32,,,complete,5.6950985309667885,models/7b_gsm8k/frozen_lr1e-05_s101/config.json,models/7b_gsm8k/frozen_lr1e-05_s101/summary.json,models/7b_gsm8k/frozen_lr1e-05_s101/history.json
7b_gsm8k,frozen_lr3e-05_s101,update,7b,gsm8k,101,3e-05,32,32,,,complete,5.659222502959892,models/7b_gsm8k/frozen_lr3e-05_s101/config.json,models/7b_gsm8k/frozen_lr3e-05_s101/summary.json,models/7b_gsm8k/frozen_lr3e-05_s101/history.json
7b_gsm8k,frozen_lr3e-06_s101,update,7b,gsm8k,101,3e-06,32,32,,,complete,5.837765146396123,models/7b_gsm8k/frozen_lr3e-06_s101/config.json,models/7b_gsm8k/frozen_lr3e-06_s101/summary.json,models/7b_gsm8k/frozen_lr3e-06_s101/history.json
7b_gsm8k,init,initialization,7b,gsm8k,101,0,0,,,,initialized,,models/7b_gsm8k/init/config.json,,
7b_gsm8k,mean_lr0.0001_s101,update,7b,gsm8k,101,0.0001,32,32,,,complete,14.84587544715032,models/7b_gsm8k/mean_lr0.0001_s101/config.json,models/7b_gsm8k/mean_lr0.0001_s101/summary.json,models/7b_gsm8k/mean_lr0.0001_s101/history.json
7b_gsm8k,mean_lr1e-05_s101,update,7b,gsm8k,101,1e-05,32,32,,,complete,14.869746045442298,models/7b_gsm8k/mean_lr1e-05_s101/config.json,models/7b_gsm8k/mean_lr1e-05_s101/summary.json,models/7b_gsm8k/mean_lr1e-05_s101/history.json
7b_gsm8k,mean_lr3e-05_s101,update,7b,gsm8k,101,3e-05,32,32,,,complete,14.837169683538377,models/7b_gsm8k/mean_lr3e-05_s101/config.json,models/7b_gsm8k/mean_lr3e-05_s101/summary.json,models/7b_gsm8k/mean_lr3e-05_s101/history.json
7b_gsm8k,mean_lr3e-06_s101,update,7b,gsm8k,101,3e-06,32,32,,,complete,14.828071596683003,models/7b_gsm8k/mean_lr3e-06_s101/config.json,models/7b_gsm8k/mean_lr3e-06_s101/summary.json,models/7b_gsm8k/mean_lr3e-06_s101/history.json
7b_gsm8k,oracle20_lr0.0001_s101,update,7b,gsm8k,101,0.0001,32,32,,,complete,15.366156402276829,models/7b_gsm8k/oracle20_lr0.0001_s101/config.json,models/7b_gsm8k/oracle20_lr0.0001_s101/summary.json,models/7b_gsm8k/oracle20_lr0.0001_s101/history.json
7b_gsm8k,oracle20_lr1e-05_s101,update,7b,gsm8k,101,1e-05,32,32,,,complete,15.394851652090438,models/7b_gsm8k/oracle20_lr1e-05_s101/config.json,models/7b_gsm8k/oracle20_lr1e-05_s101/summary.json,models/7b_gsm8k/oracle20_lr1e-05_s101/history.json
7b_gsm8k,oracle20_lr3e-05_s101,update,7b,gsm8k,101,3e-05,32,32,,,complete,15.360731723951176,models/7b_gsm8k/oracle20_lr3e-05_s101/config.json,models/7b_gsm8k/oracle20_lr3e-05_s101/summary.json,models/7b_gsm8k/oracle20_lr3e-05_s101/history.json
7b_gsm8k,oracle20_lr3e-06_s101,update,7b,gsm8k,101,3e-06,32,32,,,complete,15.340319543611258,models/7b_gsm8k/oracle20_lr3e-06_s101/config.json,models/7b_gsm8k/oracle20_lr3e-06_s101/summary.json,models/7b_gsm8k/oracle20_lr3e-06_s101/history.json
7b_gsm8k,oracle_lr0.0001_s101,update,7b,gsm8k,101,0.0001,32,32,,,complete,24.976001839735545,models/7b_gsm8k/oracle_lr0.0001_s101/config.json,models/7b_gsm8k/oracle_lr0.0001_s101/summary.json,models/7b_gsm8k/oracle_lr0.0001_s101/history.json
7b_gsm8k,oracle_lr1e-05_s101,update,7b,gsm8k,101,1e-05,32,32,,,complete,24.986210596514866,models/7b_gsm8k/oracle_lr1e-05_s101/config.json,models/7b_gsm8k/oracle_lr1e-05_s101/summary.json,models/7b_gsm8k/oracle_lr1e-05_s101/history.json
7b_gsm8k,oracle_lr3e-05_s101,update,7b,gsm8k,101,3e-05,32,32,,,complete,24.962606546469033,models/7b_gsm8k/oracle_lr3e-05_s101/config.json,models/7b_gsm8k/oracle_lr3e-05_s101/summary.json,models/7b_gsm8k/oracle_lr3e-05_s101/history.json
7b_gsm8k,oracle_lr3e-06_s101,update,7b,gsm8k,101,3e-06,32,32,,,complete,25.169625542941503,models/7b_gsm8k/oracle_lr3e-06_s101/config.json,models/7b_gsm8k/oracle_lr3e-06_s101/summary.json,models/7b_gsm8k/oracle_lr3e-06_s101/history.json
7b_gsm8k,periodic8_lr0.0001_s101,update,7b,gsm8k,101,0.0001,32,32,,,complete,12.59909469075501,models/7b_gsm8k/periodic8_lr0.0001_s101/config.json,models/7b_gsm8k/periodic8_lr0.0001_s101/summary.json,models/7b_gsm8k/periodic8_lr0.0001_s101/history.json
7b_gsm8k,periodic8_lr1e-05_s101,update,7b,gsm8k,101,1e-05,32,32,,,complete,12.401771328295581,models/7b_gsm8k/periodic8_lr1e-05_s101/config.json,models/7b_gsm8k/periodic8_lr1e-05_s101/summary.json,models/7b_gsm8k/periodic8_lr1e-05_s101/history.json
7b_gsm8k,periodic8_lr3e-05_s101,update,7b,gsm8k,101,3e-05,32,32,,,complete,12.073777850717306,models/7b_gsm8k/periodic8_lr3e-05_s101/config.json,models/7b_gsm8k/periodic8_lr3e-05_s101/summary.json,models/7b_gsm8k/periodic8_lr3e-05_s101/history.json
7b_gsm8k,periodic8_lr3e-06_s101,update,7b,gsm8k,101,3e-06,32,32,,,complete,12.463450156268664,models/7b_gsm8k/periodic8_lr3e-06_s101/config.json,models/7b_gsm8k/periodic8_lr3e-06_s101/summary.json,models/7b_gsm8k/periodic8_lr3e-06_s101/history.json
7b_gsm8k,predictor,predictor_fit,7b,gsm8k,123,,,,100,100,complete,338.22277641296387,models/7b_gsm8k/predictor/config.json,models/7b_gsm8k/predictor/summary.json,models/7b_gsm8k/predictor/history.json
7b_gsm8k,warmup_lr0.0001_s101,warmup,7b,gsm8k,101,0.0001,32,32,,,complete,28.943080186843872,models/7b_gsm8k/warmup_lr0.0001_s101/config.json,models/7b_gsm8k/warmup_lr0.0001_s101/summary.json,models/7b_gsm8k/warmup_lr0.0001_s101/history.json
7b_gsm8k,warmup_lr0.0005_s101,warmup,7b,gsm8k,101,0.0005,32,32,,,complete,29.319459676742554,models/7b_gsm8k/warmup_lr0.0005_s101/config.json,models/7b_gsm8k/warmup_lr0.0005_s101/summary.json,models/7b_gsm8k/warmup_lr0.0005_s101/history.json
7b_gsm8k,warmup_lr1e-05_s101,warmup,7b,gsm8k,101,1e-05,32,32,,,complete,29.333985090255737,models/7b_gsm8k/warmup_lr1e-05_s101/config.json,models/7b_gsm8k/warmup_lr1e-05_s101/summary.json,models/7b_gsm8k/warmup_lr1e-05_s101/history.json
7b_gsm8k,warmup_lr3e-06_s101,warmup,7b,gsm8k,101,3e-06,32,32,,,complete,29.91923761367798,models/7b_gsm8k/warmup_lr3e-06_s101/config.json,models/7b_gsm8k/warmup_lr3e-06_s101/summary.json,models/7b_gsm8k/warmup_lr3e-06_s101/history.json
7b_gsm8k,warmup_lr5e-05_s101,warmup,7b,gsm8k,101,5e-05,32,32,,,complete,28.9919912815094,models/7b_gsm8k/warmup_lr5e-05_s101/config.json,models/7b_gsm8k/warmup_lr5e-05_s101/summary.json,models/7b_gsm8k/warmup_lr5e-05_s101/history.json
7b_gsm8k_mean_control,train_mean_matrix_lr0.0001_s101,update,7b,gsm8k,101,0.0001,32,32,,,complete,0.4226005974924192,models/7b_gsm8k_mean_control/train_mean_matrix_lr0.0001_s101/config.json,models/7b_gsm8k_mean_control/train_mean_matrix_lr0.0001_s101/summary.json,models/7b_gsm8k_mean_control/train_mean_matrix_lr0.0001_s101/history.json
7b_gsm8k_mean_control,train_mean_matrix_lr1e-05_s101,update,7b,gsm8k,101,1e-05,32,32,,,complete,0.4505654851673171,models/7b_gsm8k_mean_control/train_mean_matrix_lr1e-05_s101/config.json,models/7b_gsm8k_mean_control/train_mean_matrix_lr1e-05_s101/summary.json,models/7b_gsm8k_mean_control/train_mean_matrix_lr1e-05_s101/history.json
7b_gsm8k_mean_control,train_mean_matrix_lr3e-05_s101,update,7b,gsm8k,101,3e-05,32,32,,,complete,0.2745788694592193,models/7b_gsm8k_mean_control/train_mean_matrix_lr3e-05_s101/config.json,models/7b_gsm8k_mean_control/train_mean_matrix_lr3e-05_s101/summary.json,models/7b_gsm8k_mean_control/train_mean_matrix_lr3e-05_s101/history.json
7b_gsm8k_mean_control,train_mean_matrix_lr3e-06_s101,update,7b,gsm8k,101,3e-06,32,32,,,complete,0.6614325748523697,models/7b_gsm8k_mean_control/train_mean_matrix_lr3e-06_s101/config.json,models/7b_gsm8k_mean_control/train_mean_matrix_lr3e-06_s101/summary.json,models/7b_gsm8k_mean_control/train_mean_matrix_lr3e-06_s101/history.json
1p5b_countdown,adaptive_lr3e-06_s101,update,1p5b,countdown,101,3e-06,32,0,,,archived_failed,,provenance/failures/mixed_feature_gradient_rows/adaptive_lr3e-06_s101/config.json,,
1p5b_countdown,frozen_lr3e-06_s101,update,1p5b,countdown,101,3e-06,32,32,,,archived_complete_rerun,2.965352148283273,provenance/failures/mixed_feature_gradient_rows/frozen_lr3e-06_s101/config.json,provenance/failures/mixed_feature_gradient_rows/frozen_lr3e-06_s101/summary.json,provenance/failures/mixed_feature_gradient_rows/frozen_lr3e-06_s101/history.json
