method,train_seed,update_seed,step,region,gradient,cosine,relative_l2,norm_ratio
adaptive,123,101,1,full_batch,activation,0.6197435855865479,0.772530198097229,0.6352064609527588
adaptive,123,101,1,full_batch,lora,0.7936022281646729,0.5929917693138123,0.844613790512085
adaptive,123,101,1,full_batch,batch_lora,0.8594388961791992,0.5118429064750671,0.884306013584137
adaptive,123,101,1,heldout_before,activation,0.6176580786705017,0.7733432650566101,0.6311622858047485
adaptive,123,101,1,heldout_before,lora,0.7890844941139221,0.5956767797470093,0.8364290595054626
adaptive,123,101,1,heldout_before,batch_lora,0.8601476550102234,0.5106713771820068,0.8854318261146545
adaptive,123,101,1,heldout_after,activation,0.6176580786705017,0.7733432650566101,0.6311622858047485
adaptive,123,101,1,heldout_after,lora,0.7890844941139221,0.5956767797470093,0.8364290595054626
adaptive,123,101,1,heldout_after,batch_lora,0.8601476550102234,0.5106713771820068,0.8854318261146545
adaptive,123,101,2,full_batch,activation,0.6132111549377441,0.7919570207595825,0.5805704593658447
adaptive,123,101,2,full_batch,lora,0.7841699123382568,0.6200392246246338,0.7851444482803345
adaptive,123,101,2,full_batch,batch_lora,0.8256796002388,0.5733181834220886,0.9278588891029358
adaptive,123,101,2,heldout_before,activation,0.5541231632232666,0.8375168442726135,0.5664994716644287
adaptive,123,101,2,heldout_before,lora,0.6933363080024719,0.7256748080253601,0.7229230403900146
adaptive,123,101,2,heldout_before,batch_lora,0.22382955253124237,1.058200478553772,0.636003851890564
adaptive,123,101,2,heldout_after,activation,0.6040945053100586,0.7995175123214722,0.5839245915412903
adaptive,123,101,2,heldout_after,lora,0.7711256742477417,0.6399912238121033,0.7744989991188049
adaptive,123,101,2,heldout_after,batch_lora,0.7546006441116333,0.676909863948822,0.9208200573921204
adaptive,123,101,3,full_batch,activation,0.5589796304702759,0.8227859735488892,0.57231605052948
adaptive,123,101,3,full_batch,lora,0.7224229574203491,0.6802840232849121,0.7481048703193665
adaptive,123,101,3,full_batch,batch_lora,0.5617199540138245,0.8335932493209839,0.663734495639801
adaptive,123,101,3,heldout_before,activation,0.5179497599601746,0.8664501309394836,0.6266382336616516
adaptive,123,101,3,heldout_before,lora,0.6419811248779297,0.8275978565216064,0.878456711769104
adaptive,123,101,3,heldout_before,batch_lora,0.402252733707428,1.100106120109558,1.0122045278549194
adaptive,123,101,3,heldout_after,activation,0.538996696472168,0.8386707901954651,0.5576298236846924
adaptive,123,101,3,heldout_after,lora,0.69826740026474,0.7126740217208862,0.7300088405609131
adaptive,123,101,3,heldout_after,batch_lora,0.5593281388282776,0.830855667591095,0.6156234741210938
adaptive,123,101,4,full_batch,activation,0.4893108010292053,0.8895063400268555,0.6198267340660095
adaptive,123,101,4,full_batch,lora,0.6425923705101013,0.7879877090454102,0.8162519931793213
adaptive,123,101,4,full_batch,batch_lora,0.43383753299713135,1.06304132938385,0.9979934096336365
adaptive,123,101,4,heldout_before,activation,0.4635840058326721,0.9104021191596985,0.6276451349258423
adaptive,123,101,4,heldout_before,lora,0.6080309152603149,0.8253530859947205,0.791609525680542
adaptive,123,101,4,heldout_before,batch_lora,0.331228643655777,1.1003737449645996,0.8973866105079651
adaptive,123,101,4,heldout_after,activation,0.4768902063369751,0.9004446268081665,0.6277574300765991
adaptive,123,101,4,heldout_after,lora,0.6160677075386047,0.8205286264419556,0.8110708594322205
adaptive,123,101,4,heldout_after,batch_lora,0.3546573519706726,1.1215516328811646,0.97406005859375
adaptive,123,101,5,full_batch,activation,0.47180062532424927,0.8883183002471924,0.5779262185096741
adaptive,123,101,5,full_batch,lora,0.6503807306289673,0.7720045447349548,0.7721315622329712
adaptive,123,101,5,full_batch,batch_lora,0.6248972415924072,0.8486377000808716,0.9575870633125305
adaptive,123,101,5,heldout_before,activation,0.4410970211029053,0.9125723838806152,0.609296441078186
adaptive,123,101,5,heldout_before,lora,0.5781656503677368,0.838834822177887,0.7932204008102417
adaptive,123,101,5,heldout_before,batch_lora,0.4170481860637665,1.0591248273849487,0.9608078598976135
adaptive,123,101,5,heldout_after,activation,0.46684518456459045,0.8920543193817139,0.5906774997711182
adaptive,123,101,5,heldout_after,lora,0.6312582492828369,0.7928234338760376,0.7769180536270142
adaptive,123,101,5,heldout_after,batch_lora,0.603166937828064,0.867633044719696,0.9446304440498352
adaptive,123,101,6,full_batch,activation,0.49603214859962463,0.8683937191963196,0.5545264482498169
adaptive,123,101,6,full_batch,lora,0.7010736465454102,0.7039605379104614,0.7501921653747559
adaptive,123,101,6,full_batch,batch_lora,0.5689921379089355,0.8562496900558472,0.8075624108314514
adaptive,123,101,6,heldout_before,activation,0.4387081563472748,0.9159467220306396,0.594808042049408
adaptive,123,101,6,heldout_before,lora,0.6303236484527588,0.8065517544746399,0.7839114665985107
adaptive,123,101,6,heldout_before,batch_lora,0.5236855149269104,0.8990251421928406,0.8109009861946106
adaptive,123,101,6,heldout_after,activation,0.4772426187992096,0.8814230561256409,0.5436979532241821
adaptive,123,101,6,heldout_after,lora,0.6693668961524963,0.7497665286064148,0.7263944149017334
adaptive,123,101,6,heldout_after,batch_lora,0.5075947642326355,0.8958346843719482,0.7528952360153198
adaptive,123,101,7,full_batch,activation,0.5189471244812012,0.8564109802246094,0.5611082911491394
adaptive,123,101,7,full_batch,lora,0.7260974049568176,0.6827273368835449,0.7747931480407715
adaptive,123,101,7,full_batch,batch_lora,0.693401038646698,0.7763643860816956,0.9824450016021729
adaptive,123,101,7,heldout_before,activation,0.47265732288360596,0.8936620354652405,0.595585823059082
adaptive,123,101,7,heldout_before,lora,0.6505369544029236,0.7735921740531921,0.7828730344772339
adaptive,123,101,7,heldout_before,batch_lora,0.47365957498550415,0.9512830972671509,0.8332326412200928
adaptive,123,101,7,heldout_after,activation,0.5097047090530396,0.8628827333450317,0.5591691732406616
adaptive,123,101,7,heldout_after,lora,0.7030195593833923,0.7145545482635498,0.7585505247116089
adaptive,123,101,7,heldout_after,batch_lora,0.6245360374450684,0.8443043231964111,0.9453083872795105
adaptive,123,101,8,full_batch,activation,0.48093748092651367,0.8908331394195557,0.5763470530509949
adaptive,123,101,8,full_batch,lora,0.6598783731460571,0.7772110104560852,0.7793322801589966
adaptive,123,101,8,full_batch,batch_lora,0.5768013000488281,0.9036457538604736,0.963163435459137
adaptive,123,101,8,heldout_before,activation,0.4708935618400574,0.8999989032745361,0.5814504027366638
adaptive,123,101,8,heldout_before,lora,0.6265846490859985,0.8216211199760437,0.7932549118995667
adaptive,123,101,8,heldout_before,batch_lora,0.368838369846344,1.188315510749817,1.1092000007629395
adaptive,123,101,8,heldout_after,activation,0.4733363091945648,0.8976770639419556,0.582689642906189
adaptive,123,101,8,heldout_after,lora,0.6415795087814331,0.8005242943763733,0.7777827382087708
adaptive,123,101,8,heldout_after,batch_lora,0.4600609242916107,1.0112404823303223,0.944068431854248
adaptive,123,101,9,full_batch,activation,0.49278324842453003,0.874017596244812,0.5916542410850525
adaptive,123,101,9,full_batch,lora,0.6848885416984558,0.7296668291091919,0.7565947771072388
adaptive,123,101,9,full_batch,batch_lora,0.7129762172698975,0.7181013822555542,0.8679100871086121
adaptive,123,101,9,heldout_before,activation,0.47275009751319885,0.8972399830818176,0.6316051483154297
adaptive,123,101,9,heldout_before,lora,0.644351601600647,0.7903501391410828,0.8167932629585266
adaptive,123,101,9,heldout_before,batch_lora,0.5010824203491211,0.9720761775970459,0.943818986415863
adaptive,123,101,9,heldout_after,activation,0.48703673481941223,0.8781940340995789,0.5911450386047363
adaptive,123,101,9,heldout_after,lora,0.6729353666305542,0.7439168691635132,0.7568182349205017
adaptive,123,101,9,heldout_after,batch_lora,0.6628233194351196,0.7733277678489685,0.8561382293701172
adaptive,123,101,10,full_batch,activation,0.47601765394210815,0.8732099533081055,0.541426420211792
adaptive,123,101,10,full_batch,lora,0.6582508087158203,0.734821081161499,0.7532280683517456
adaptive,123,101,10,full_batch,batch_lora,0.6034009456634521,0.8597362637519836,0.9247094392776489
adaptive,123,101,10,heldout_before,activation,0.4247679114341736,0.9129328727722168,0.5442035794258118
adaptive,123,101,10,heldout_before,lora,0.5859739184379578,0.8286863565444946,0.7377718687057495
adaptive,123,101,10,heldout_before,batch_lora,0.31598493456840515,1.065576434135437,0.801061749458313
adaptive,123,101,10,heldout_after,activation,0.4477269649505615,0.8927435874938965,0.5212265849113464
adaptive,123,101,10,heldout_after,lora,0.618656575679779,0.7893809080123901,0.7277414202690125
adaptive,123,101,10,heldout_after,batch_lora,0.5155155062675476,0.931721568107605,0.8813859820365906
adaptive,123,101,11,full_batch,activation,0.46211355924606323,0.8823165893554688,0.5462419986724854
adaptive,123,101,11,full_batch,lora,0.6273019313812256,0.7782399654388428,0.7484893798828125
adaptive,123,101,11,full_batch,batch_lora,0.5723773837089539,0.9016340374946594,0.9472903609275818
adaptive,123,101,11,heldout_before,activation,0.46550872921943665,0.8808197975158691,0.5693687200546265
adaptive,123,101,11,heldout_before,lora,0.625706136226654,0.7826198935508728,0.7838772535324097
adaptive,123,101,11,heldout_before,batch_lora,0.5515276789665222,0.9535571932792664,1.0135383605957031
adaptive,123,101,11,heldout_after,activation,0.465982586145401,0.8794389367103577,0.5586960911750793
adaptive,123,101,11,heldout_after,lora,0.626865565776825,0.7775050401687622,0.76552814245224
adaptive,123,101,11,heldout_after,batch_lora,0.5522405505180359,0.9561063647270203,1.0203315019607544
adaptive,123,101,12,full_batch,activation,0.47697627544403076,0.8805910348892212,0.5413856506347656
adaptive,123,101,12,full_batch,lora,0.6495466232299805,0.7694324254989624,0.7423962354660034
adaptive,123,101,12,full_batch,batch_lora,0.5883514285087585,0.827914297580719,0.7661136984825134
adaptive,123,101,12,heldout_before,activation,0.4692564606666565,0.8842199444770813,0.546169102191925
adaptive,123,101,12,heldout_before,lora,0.6309092044830322,0.7857778072357178,0.7363425493240356
adaptive,123,101,12,heldout_before,batch_lora,0.4576812982559204,0.9295720458030701,0.7289308309555054
adaptive,123,101,12,heldout_after,activation,0.47268038988113403,0.8842073678970337,0.5532892942428589
adaptive,123,101,12,heldout_after,lora,0.6348428726196289,0.785464346408844,0.7489894032478333
adaptive,123,101,12,heldout_after,batch_lora,0.5334577560424805,0.876641035079956,0.7638417482376099
adaptive,123,101,13,full_batch,activation,0.47653958201408386,0.8693952560424805,0.5234197378158569
adaptive,123,101,13,full_batch,lora,0.6389792561531067,0.7416898608207703,0.7018927335739136
adaptive,123,101,13,full_batch,batch_lora,0.6108163595199585,0.878635823726654,0.9917331337928772
adaptive,123,101,13,heldout_before,activation,0.42691510915756226,0.918806791305542,0.5755200386047363
adaptive,123,101,13,heldout_before,lora,0.5638836622238159,0.8566492199897766,0.7852693796157837
adaptive,123,101,13,heldout_before,batch_lora,0.3968738317489624,1.1513196229934692,1.0918889045715332
adaptive,123,101,13,heldout_after,activation,0.44470977783203125,0.8914075493812561,0.49852246046066284
adaptive,123,101,13,heldout_after,lora,0.5973078012466431,0.7954838275909424,0.6692736744880676
adaptive,123,101,13,heldout_after,batch_lora,0.5250424742698669,0.9474629163742065,0.9414024949073792
adaptive,123,101,14,full_batch,activation,0.48699337244033813,0.8760983347892761,0.553393542766571
adaptive,123,101,14,full_batch,lora,0.6312400698661804,0.786131739616394,0.7396279573440552
adaptive,123,101,14,full_batch,batch_lora,0.4122326970100403,1.0390750169754028,0.9118452668190002
adaptive,123,101,14,heldout_before,activation,0.46858081221580505,0.8881763219833374,0.5455788969993591
adaptive,123,101,14,heldout_before,lora,0.6048496961593628,0.8125376105308533,0.7437437176704407
adaptive,123,101,14,heldout_before,batch_lora,0.43002671003341675,1.050347089767456,0.9668245315551758
adaptive,123,101,14,heldout_after,activation,0.4704744219779968,0.8869059681892395,0.5426546931266785
adaptive,123,101,14,heldout_after,lora,0.6131834983825684,0.8043691515922546,0.7339385151863098
adaptive,123,101,14,heldout_after,batch_lora,0.442421019077301,0.9998238682746887,0.8844437599182129
adaptive,123,101,15,full_batch,activation,0.4413970410823822,0.8865488171577454,0.4366941452026367
adaptive,123,101,15,full_batch,lora,0.6049139499664307,0.7835217714309692,0.6271684169769287
adaptive,123,101,15,full_batch,batch_lora,0.568355143070221,0.8312424421310425,0.6866406798362732
adaptive,123,101,15,heldout_before,activation,0.42691928148269653,0.8949607014656067,0.42099708318710327
adaptive,123,101,15,heldout_before,lora,0.5717923641204834,0.8107019066810608,0.5780426263809204
adaptive,123,101,15,heldout_before,batch_lora,0.2960505783557892,0.9931735992431641,0.5681532025337219
adaptive,123,101,15,heldout_after,activation,0.44069376587867737,0.888096034526825,0.43673503398895264
adaptive,123,101,15,heldout_after,lora,0.5985634922981262,0.7937928438186646,0.6238431930541992
adaptive,123,101,15,heldout_after,batch_lora,0.5207700729370117,0.8685111999511719,0.6804980635643005
adaptive,123,101,16,full_batch,activation,0.43314167857170105,0.8969895243644714,0.451932430267334
adaptive,123,101,16,full_batch,lora,0.5903083682060242,0.8039326667785645,0.6280652284622192
adaptive,123,101,16,full_batch,batch_lora,0.49913290143013,0.9071983695030212,0.7677261829376221
adaptive,123,101,16,heldout_before,activation,0.4478989839553833,0.8915225267410278,0.4713688790798187
adaptive,123,101,16,heldout_before,lora,0.6102005243301392,0.7928744554519653,0.6529392600059509
adaptive,123,101,16,heldout_before,batch_lora,0.5110908150672913,0.8989722728729248,0.7744634747505188
adaptive,123,101,16,heldout_after,activation,0.4478989839553833,0.8915225267410278,0.4713688790798187
adaptive,123,101,16,heldout_after,lora,0.6102005243301392,0.7928744554519653,0.6529392600059509
adaptive,123,101,16,heldout_after,batch_lora,0.5110908150672913,0.8989722728729248,0.7744634747505188
adaptive,123,101,17,full_batch,activation,0.5074160099029541,0.8606303930282593,0.5400880575180054
adaptive,123,101,17,full_batch,lora,0.670007050037384,0.7457108497619629,0.7206649780273438
adaptive,123,101,17,full_batch,batch_lora,0.6397168636322021,0.8180047273635864,0.9196619391441345
adaptive,123,101,17,heldout_before,activation,0.48691657185554504,0.8732336759567261,0.513080358505249
adaptive,123,101,17,heldout_before,lora,0.6428093910217285,0.7747920751571655,0.6976891160011292
adaptive,123,101,17,heldout_before,batch_lora,0.5517657995223999,0.9168516993522644,0.932636559009552
adaptive,123,101,17,heldout_after,activation,0.4956215023994446,0.8693654537200928,0.539211094379425
adaptive,123,101,17,heldout_after,lora,0.6553761959075928,0.7625826597213745,0.7136596441268921
adaptive,123,101,17,heldout_after,batch_lora,0.6024894714355469,0.849762499332428,0.8941910266876221
adaptive,123,101,18,full_batch,activation,0.43756577372550964,0.8945093750953674,0.46638184785842896
adaptive,123,101,18,full_batch,lora,0.5911810398101807,0.805099368095398,0.6579986810684204
adaptive,123,101,18,full_batch,batch_lora,0.5228621363639832,0.9118949770927429,0.8468025326728821
adaptive,123,101,18,heldout_before,activation,0.4356774091720581,0.896043598651886,0.47716397047042847
adaptive,123,101,18,heldout_before,lora,0.5827668309211731,0.8140217661857605,0.6641315817832947
adaptive,123,101,18,heldout_before,batch_lora,0.29797953367233276,1.0532464981079102,0.7430863380432129
adaptive,123,101,18,heldout_after,activation,0.4435572922229767,0.8916759490966797,0.47353896498680115
adaptive,123,101,18,heldout_after,lora,0.5892398953437805,0.8077561855316162,0.6643514633178711
adaptive,123,101,18,heldout_after,batch_lora,0.41679370403289795,0.9834462404251099,0.7921385765075684
adaptive,123,101,19,full_batch,activation,0.4528217315673828,0.8968720436096191,0.5548353791236877
adaptive,123,101,19,full_batch,lora,0.6028597354888916,0.8251249194145203,0.7906033992767334
adaptive,123,101,19,full_batch,batch_lora,0.6146981716156006,1.135127305984497,1.4310119152069092
adaptive,123,101,19,heldout_before,activation,0.4425715208053589,0.9064116477966309,0.5810672640800476
adaptive,123,101,19,heldout_before,lora,0.5715287327766418,0.8596246242523193,0.8010289072990417
adaptive,123,101,19,heldout_before,batch_lora,0.3951563239097595,1.5473966598510742,1.640381097793579
adaptive,123,101,19,heldout_after,activation,0.4469248354434967,0.9012985229492188,0.5674756169319153
adaptive,123,101,19,heldout_after,lora,0.5839380025863647,0.8470657467842102,0.8018684983253479
adaptive,123,101,19,heldout_after,batch_lora,0.4158238470554352,1.4736244678497314,1.5753401517868042
adaptive,123,101,20,full_batch,activation,0.4083089232444763,0.9194409847259521,0.5000628232955933
adaptive,123,101,20,full_batch,lora,0.5710736513137817,0.843522310256958,0.7136713266372681
adaptive,123,101,20,full_batch,batch_lora,0.356899231672287,1.3501336574554443,1.3317008018493652
adaptive,123,101,20,heldout_before,activation,0.399766743183136,0.9266469478607178,0.5275485515594482
adaptive,123,101,20,heldout_before,lora,0.5219193696975708,0.8894453644752502,0.7379629015922546
adaptive,123,101,20,heldout_before,batch_lora,0.10913865268230438,1.685677409172058,1.4705421924591064
adaptive,123,101,20,heldout_after,activation,0.4064885675907135,0.9219081401824951,0.5125174522399902
adaptive,123,101,20,heldout_after,lora,0.5531734228134155,0.8621065020561218,0.7182358503341675
adaptive,123,101,20,heldout_after,batch_lora,0.2094537764787674,1.422968864440918,1.243238925933838
adaptive,123,101,21,full_batch,activation,0.39702606201171875,0.9241249561309814,0.49185144901275635
adaptive,123,101,21,full_batch,lora,0.5520956516265869,0.8453580141067505,0.6684496402740479
adaptive,123,101,21,full_batch,batch_lora,0.39207932353019714,1.097105622291565,0.9898809194564819
adaptive,123,101,21,heldout_before,activation,0.38470596075057983,0.9337477684020996,0.5098302364349365
adaptive,123,101,21,heldout_before,lora,0.5176759958267212,0.8774601817131042,0.6947189569473267
adaptive,123,101,21,heldout_before,batch_lora,0.28453192114830017,1.2961903810501099,1.1569238901138306
adaptive,123,101,21,heldout_after,activation,0.3895185589790344,0.9286112785339355,0.49244454503059387
adaptive,123,101,21,heldout_after,lora,0.5328320860862732,0.8624570369720459,0.6678463220596313
adaptive,123,101,21,heldout_after,batch_lora,0.32173779606819153,1.1638846397399902,0.9986000657081604
adaptive,123,101,22,full_batch,activation,0.36824411153793335,0.9325695037841797,0.4456655979156494
adaptive,123,101,22,full_batch,lora,0.5315200090408325,0.8516932725906372,0.6205773949623108
adaptive,123,101,22,full_batch,batch_lora,0.4004274010658264,1.0184319019317627,0.8448885083198547
adaptive,123,101,22,heldout_before,activation,0.3610313832759857,0.941781222820282,0.4790933430194855
adaptive,123,101,22,heldout_before,lora,0.4931531250476837,0.8929001688957214,0.666015088558197
adaptive,123,101,22,heldout_before,batch_lora,0.2582577168941498,1.1370234489440918,0.8578569889068604
adaptive,123,101,22,heldout_after,activation,0.36874088644981384,0.9330708980560303,0.44855785369873047
adaptive,123,101,22,heldout_after,lora,0.5194689631462097,0.8617405891418457,0.6210682988166809
adaptive,123,101,22,heldout_after,batch_lora,0.38284265995025635,1.0152326822280884,0.8038721680641174
adaptive,123,101,23,full_batch,activation,0.37337303161621094,0.932259202003479,0.44875258207321167
adaptive,123,101,23,full_batch,lora,0.5327290892601013,0.8521072864532471,0.6119617223739624
adaptive,123,101,23,full_batch,batch_lora,0.3391473889350891,0.9983779788017273,0.6734820008277893
adaptive,123,101,23,heldout_before,activation,0.3782609701156616,0.9325141906738281,0.473245233297348
adaptive,123,101,23,heldout_before,lora,0.5297325849533081,0.8588306307792664,0.6506650447845459
adaptive,123,101,23,heldout_before,batch_lora,0.31027716398239136,1.037405252456665,0.7255862951278687
adaptive,123,101,23,heldout_after,activation,0.38057273626327515,0.9298326373100281,0.46198466420173645
adaptive,123,101,23,heldout_after,lora,0.5362061858177185,0.8504591584205627,0.6301056146621704
adaptive,123,101,23,heldout_after,batch_lora,0.3393417298793793,0.9988458156585693,0.675267219543457
adaptive,123,101,24,full_batch,activation,0.40037959814071655,0.9178464412689209,0.4841121435165405
adaptive,123,101,24,full_batch,lora,0.5920888185501099,0.8007563352584839,0.7002153992652893
adaptive,123,101,24,full_batch,batch_lora,0.6943869590759277,0.7932784557342529,1.0282492637634277
adaptive,123,101,24,heldout_before,activation,0.3419378995895386,0.9502652883529663,0.4602811336517334
adaptive,123,101,24,heldout_before,lora,0.49299827218055725,0.8902918100357056,0.6325912475585938
adaptive,123,101,24,heldout_before,batch_lora,0.3641142249107361,0.9976694583892822,0.721778392791748
adaptive,123,101,24,heldout_after,activation,0.380158931016922,0.9290889501571655,0.47356659173965454
adaptive,123,101,24,heldout_after,lora,0.5555574893951416,0.8396883606910706,0.6798810362815857
adaptive,123,101,24,heldout_after,batch_lora,0.6353530883789062,0.8534992337226868,0.998856246471405
adaptive,123,101,25,full_batch,activation,0.3769935965538025,0.9337747097015381,0.46931135654449463
adaptive,123,101,25,full_batch,lora,0.548626184463501,0.8543069362640381,0.6689596176147461
adaptive,123,101,25,full_batch,batch_lora,0.5614653825759888,0.8963651657104492,0.9060140252113342
adaptive,123,101,25,heldout_before,activation,0.37590792775154114,0.9342515468597412,0.4739481210708618
adaptive,123,101,25,heldout_before,lora,0.5422489047050476,0.8597403168678284,0.6790264844894409
adaptive,123,101,25,heldout_before,batch_lora,0.5518893003463745,0.9151272773742676,0.9287711381912231
adaptive,123,101,25,heldout_after,activation,0.37590792775154114,0.9342515468597412,0.4739481210708618
adaptive,123,101,25,heldout_after,lora,0.5422489047050476,0.8597403168678284,0.6790264844894409
adaptive,123,101,25,heldout_after,batch_lora,0.5518893003463745,0.9151272773742676,0.9287711381912231
adaptive,123,101,26,full_batch,activation,0.35588741302490234,0.9374330043792725,0.4181750416755676
adaptive,123,101,26,full_batch,lora,0.5139655470848083,0.8635131120681763,0.5887635946273804
adaptive,123,101,26,full_batch,batch_lora,0.4814024269580841,0.928800642490387,0.7886790633201599
adaptive,123,101,26,heldout_before,activation,0.3451792001724243,0.9444307088851929,0.4372944235801697
adaptive,123,101,26,heldout_before,lora,0.5014240145683289,0.8754878044128418,0.6208200454711914
adaptive,123,101,26,heldout_before,batch_lora,0.48427918553352356,0.9340912103652954,0.8114680051803589
adaptive,123,101,26,heldout_after,activation,0.3474932610988617,0.9412316083908081,0.4193733334541321
adaptive,123,101,26,heldout_after,lora,0.50135338306427,0.8725787997245789,0.5926821827888489
adaptive,123,101,26,heldout_after,batch_lora,0.44555872678756714,0.9479056000709534,0.7570831179618835
adaptive,123,101,27,full_batch,activation,0.3731299042701721,0.9275491237640381,0.435421347618103
adaptive,123,101,27,full_batch,lora,0.5510908365249634,0.837388277053833,0.6245197057723999
adaptive,123,101,27,full_batch,batch_lora,0.5659758448600769,0.8847858309745789,0.8871839046478271
adaptive,123,101,27,heldout_before,activation,0.3800204396247864,0.9273946285247803,0.4666576683521271
adaptive,123,101,27,heldout_before,lora,0.5468593835830688,0.8488683104515076,0.6767981648445129
adaptive,123,101,27,heldout_before,batch_lora,0.526013970375061,0.9328632950782776,0.9093216061592102
adaptive,123,101,27,heldout_after,activation,0.38024160265922546,0.9250625371932983,0.44801419973373413
adaptive,123,101,27,heldout_after,lora,0.551963746547699,0.8375219702720642,0.6399884223937988
adaptive,123,101,27,heldout_after,batch_lora,0.5451984405517578,0.8973565697669983,0.8653393983840942
adaptive,123,101,28,full_batch,activation,0.37226539850234985,0.9232373833656311,0.4348094165325165
adaptive,123,101,28,full_batch,lora,0.5533447265625,0.8231339454650879,0.6194953918457031
adaptive,123,101,28,full_batch,batch_lora,0.622621476650238,0.8238615393638611,0.8803136348724365
adaptive,123,101,28,heldout_before,activation,0.3686142861843109,0.9258530139923096,0.45270854234695435
adaptive,123,101,28,heldout_before,lora,0.5349061489105225,0.8368200659751892,0.633241593837738
adaptive,123,101,28,heldout_before,batch_lora,0.5138291120529175,0.9311278462409973,0.8757952451705933
adaptive,123,101,28,heldout_after,activation,0.3736724257469177,0.9219887256622314,0.441646933555603
adaptive,123,101,28,heldout_after,lora,0.5456033945083618,0.8274659514427185,0.6243347525596619
adaptive,123,101,28,heldout_after,batch_lora,0.563705563545227,0.8795737028121948,0.8660528063774109
adaptive,123,101,29,full_batch,activation,0.384010374546051,0.9221346378326416,0.47032779455184937
adaptive,123,101,29,full_batch,lora,0.5278047323226929,0.8452000617980957,0.6582224369049072
adaptive,123,101,29,full_batch,batch_lora,0.48392748832702637,0.9817567467689514,0.9289355874061584
adaptive,123,101,29,heldout_before,activation,0.3727324903011322,0.9273435473442078,0.4724447727203369
adaptive,123,101,29,heldout_before,lora,0.5132013559341431,0.8557644486427307,0.6617645621299744
adaptive,123,101,29,heldout_before,batch_lora,0.425256609916687,1.023747444152832,0.903693675994873
adaptive,123,101,29,heldout_after,activation,0.3727324903011322,0.9273435473442078,0.4724447727203369
adaptive,123,101,29,heldout_after,lora,0.5132013559341431,0.8557644486427307,0.6617645621299744
adaptive,123,101,29,heldout_after,batch_lora,0.425256609916687,1.023747444152832,0.903693675994873
adaptive,123,101,30,full_batch,activation,0.32974696159362793,0.9412918090820312,0.3690779507160187
adaptive,123,101,30,full_batch,lora,0.4996139407157898,0.858271598815918,0.5381820797920227
adaptive,123,101,30,full_batch,batch_lora,0.4164848327636719,0.9464755058288574,0.6796873211860657
adaptive,123,101,30,heldout_before,activation,0.314684122800827,0.9483702778816223,0.3856774866580963
adaptive,123,101,30,heldout_before,lora,0.4586711525917053,0.8827555775642395,0.5545212030410767
adaptive,123,101,30,heldout_before,batch_lora,0.2096719890832901,1.0914490222930908,0.6946703195571899
adaptive,123,101,30,heldout_after,activation,0.3266335725784302,0.9425659775733948,0.3718263804912567
adaptive,123,101,30,heldout_after,lora,0.48802268505096436,0.865117609500885,0.531953752040863
adaptive,123,101,30,heldout_after,batch_lora,0.3952322006225586,0.9568546414375305,0.6631488800048828
adaptive,123,101,31,full_batch,activation,0.339842289686203,0.9423666596412659,0.39559507369995117
adaptive,123,101,31,full_batch,lora,0.49675431847572327,0.8710168600082397,0.553594172000885
adaptive,123,101,31,full_batch,batch_lora,0.4021565914154053,1.0372132062911987,0.8895384669303894
adaptive,123,101,31,heldout_before,activation,0.33935442566871643,0.9423110485076904,0.38824206590652466
adaptive,123,101,31,heldout_before,lora,0.4960004687309265,0.8726469874382019,0.558812141418457
adaptive,123,101,31,heldout_before,batch_lora,0.37940430641174316,1.0396792888641357,0.8536199927330017
adaptive,123,101,31,heldout_after,activation,0.33911386132240295,0.9422739744186401,0.3896857500076294
adaptive,123,101,31,heldout_after,lora,0.4940239191055298,0.8729194402694702,0.550952672958374
adaptive,123,101,31,heldout_after,batch_lora,0.34284043312072754,1.0553672313690186,0.8238181471824646
adaptive,123,101,32,full_batch,activation,0.29148003458976746,0.9563849568367004,0.35319384932518005
adaptive,123,101,32,full_batch,lora,0.4343314468860626,0.8983646035194397,0.49397027492523193
adaptive,123,101,32,full_batch,batch_lora,0.250693678855896,1.0310527086257935,0.6055414080619812
adaptive,123,101,32,heldout_before,activation,0.27696478366851807,0.9613215327262878,0.3398057520389557
adaptive,123,101,32,heldout_before,lora,0.40507668256759644,0.9159085750579834,0.47395235300064087
adaptive,123,101,32,heldout_before,batch_lora,0.19403128325939178,1.0657590627670288,0.610553503036499
adaptive,123,101,32,heldout_after,activation,0.28135913610458374,0.9604376554489136,0.3458924889564514
adaptive,123,101,32,heldout_after,lora,0.4171043336391449,0.9089720845222473,0.4825342893600464
adaptive,123,101,32,heldout_after,batch_lora,0.20263493061065674,1.0473138093948364,0.5740204453468323
adaptive,124,102,1,full_batch,activation,0.6081641316413879,0.7714357376098633,0.6037840843200684
adaptive,124,102,1,full_batch,lora,0.7768294811248779,0.5906133651733398,0.7942242622375488
adaptive,124,102,1,full_batch,batch_lora,0.828665018081665,0.5611457824707031,0.8682911992073059
adaptive,124,102,1,heldout_before,activation,0.5967019200325012,0.7780473828315735,0.601434588432312
adaptive,124,102,1,heldout_before,lora,0.7641423940658569,0.6030762791633606,0.7907950282096863
adaptive,124,102,1,heldout_before,batch_lora,0.8092435598373413,0.5891961455345154,0.8542677164077759
adaptive,124,102,1,heldout_after,activation,0.5967019200325012,0.7780473828315735,0.601434588432312
adaptive,124,102,1,heldout_after,lora,0.7641423940658569,0.6030762791633606,0.7907950282096863
adaptive,124,102,1,heldout_after,batch_lora,0.8092435598373413,0.5891961455345154,0.8542677164077759
adaptive,124,102,2,full_batch,activation,0.5835378170013428,0.8072580099105835,0.5906470417976379
adaptive,124,102,2,full_batch,lora,0.7491559982299805,0.6468840837478638,0.7733972072601318
adaptive,124,102,2,full_batch,batch_lora,0.6935591697692871,0.7387205362319946,0.8570597767829895
adaptive,124,102,2,heldout_before,activation,0.5228414535522461,0.8596110343933105,0.5810552835464478
adaptive,124,102,2,heldout_before,lora,0.6621930599212646,0.7652645707130432,0.7670291662216187
adaptive,124,102,2,heldout_before,batch_lora,0.1716718226671219,1.193248987197876,0.8449579477310181
adaptive,124,102,2,heldout_after,activation,0.5584274530410767,0.8294464945793152,0.5739673972129822
adaptive,124,102,2,heldout_after,lora,0.7198139429092407,0.6968321204185486,0.7469009757041931
adaptive,124,102,2,heldout_after,batch_lora,0.6060062646865845,0.8173458576202393,0.7938836216926575
adaptive,124,102,3,full_batch,activation,0.5785883665084839,0.8035584688186646,0.5892040729522705
adaptive,124,102,3,full_batch,lora,0.7386208772659302,0.6581664681434631,0.7765427231788635
adaptive,124,102,3,full_batch,batch_lora,0.5419629216194153,0.8782843947410583,0.7971243858337402
adaptive,124,102,3,heldout_before,activation,0.5573825836181641,0.8234447836875916,0.5932800769805908
adaptive,124,102,3,heldout_before,lora,0.7049461007118225,0.7065571546554565,0.757339358329773
adaptive,124,102,3,heldout_before,batch_lora,0.43570899963378906,0.9693025946617126,0.7954169511795044
adaptive,124,102,3,heldout_after,activation,0.5715446472167969,0.8100695013999939,0.5866376161575317
adaptive,124,102,3,heldout_after,lora,0.7201067209243774,0.6831400990486145,0.7615254521369934
adaptive,124,102,3,heldout_after,batch_lora,0.5114477276802063,0.8897585868835449,0.7422055006027222
adaptive,124,102,4,full_batch,activation,0.5751049518585205,0.83259117603302,0.6769621968269348
adaptive,124,102,4,full_batch,lora,0.7219073176383972,0.7078984975814819,0.8452441692352295
adaptive,124,102,4,full_batch,batch_lora,0.6024665832519531,0.8558600544929504,0.9114363193511963
adaptive,124,102,4,heldout_before,activation,0.5513800978660583,0.877946138381958,0.7368228435516357
adaptive,124,102,4,heldout_before,lora,0.6738255023956299,0.8321083784103394,0.9653762578964233
adaptive,124,102,4,heldout_before,batch_lora,0.22956235706806183,1.276141881942749,1.0549331903457642
adaptive,124,102,4,heldout_after,activation,0.5703648924827576,0.8375417590141296,0.6787731051445007
adaptive,124,102,4,heldout_after,lora,0.7108338475227356,0.7231370210647583,0.8510986566543579
adaptive,124,102,4,heldout_after,batch_lora,0.5359815359115601,0.921326220035553,0.9049233794212341
adaptive,124,102,5,full_batch,activation,0.44684189558029175,0.9054116010665894,0.5822230577468872
adaptive,124,102,5,full_batch,lora,0.6067062616348267,0.805011510848999,0.7462913393974304
adaptive,124,102,5,full_batch,batch_lora,0.4288593828678131,0.9828124642372131,0.8159520030021667
adaptive,124,102,5,heldout_before,activation,0.4503657817840576,0.9112642407417297,0.6201560497283936
adaptive,124,102,5,heldout_before,lora,0.5942666530609131,0.826841413974762,0.7961089611053467
adaptive,124,102,5,heldout_before,batch_lora,0.3283829391002655,1.0371346473693848,0.7567330002784729
adaptive,124,102,5,heldout_after,activation,0.45112335681915283,0.9049665331840515,0.5958455801010132
adaptive,124,102,5,heldout_after,lora,0.5965465903282166,0.8149864077568054,0.7595550417900085
adaptive,124,102,5,heldout_after,batch_lora,0.3923051357269287,0.9863958358764648,0.7485074996948242
adaptive,124,102,6,full_batch,activation,0.5139356255531311,0.8561831712722778,0.5259318351745605
adaptive,124,102,6,full_batch,lora,0.6975623369216919,0.6950795650482178,0.7149747610092163
adaptive,124,102,6,full_batch,batch_lora,0.5906280279159546,0.8130166530609131,0.6898124814033508
adaptive,124,102,6,heldout_before,activation,0.4532923996448517,0.9372007250785828,0.6521086096763611
adaptive,124,102,6,heldout_before,lora,0.6047842502593994,0.8442057371139526,0.8362581133842468
adaptive,124,102,6,heldout_before,batch_lora,0.5915642976760864,0.8227919936180115,0.7556831240653992
adaptive,124,102,6,heldout_after,activation,0.49484699964523315,0.8698725700378418,0.5059993267059326
adaptive,124,102,6,heldout_after,lora,0.6638655662536621,0.743266224861145,0.6840493083000183
adaptive,124,102,6,heldout_after,batch_lora,0.6010856032371521,0.800005316734314,0.6373121738433838
adaptive,124,102,7,full_batch,activation,0.4511207938194275,0.8997907042503357,0.5283578038215637
adaptive,124,102,7,full_batch,lora,0.6203322410583496,0.8011194467544556,0.7430132627487183
adaptive,124,102,7,full_batch,batch_lora,0.6546387076377869,0.7867981195449829,0.8728201985359192
adaptive,124,102,7,heldout_before,activation,0.4253462851047516,0.9146967530250549,0.5173231959342957
adaptive,124,102,7,heldout_before,lora,0.5803072452545166,0.8393948674201965,0.7156165242195129
adaptive,124,102,7,heldout_before,batch_lora,0.4542035758495331,0.9346532225608826,0.7368296980857849
adaptive,124,102,7,heldout_after,activation,0.43344077467918396,0.9114395976066589,0.5255443453788757
adaptive,124,102,7,heldout_after,lora,0.5949353575706482,0.8298152685165405,0.735432505607605
adaptive,124,102,7,heldout_after,batch_lora,0.589201807975769,0.8485195636749268,0.8483237624168396
adaptive,124,102,8,full_batch,activation,0.49245989322662354,0.869255781173706,0.5274292826652527
adaptive,124,102,8,full_batch,lora,0.6583660840988159,0.756974458694458,0.7043523788452148
adaptive,124,102,8,full_batch,batch_lora,0.6250630617141724,0.7892906069755554,0.7420399188995361
adaptive,124,102,8,heldout_before,activation,0.47668832540512085,0.8830990791320801,0.5350307822227478
adaptive,124,102,8,heldout_before,lora,0.6199390292167664,0.8043807744979858,0.7190164923667908
adaptive,124,102,8,heldout_before,batch_lora,0.4648870825767517,0.9432024955749512,0.7900807857513428
adaptive,124,102,8,heldout_after,activation,0.4862383008003235,0.8742095828056335,0.518247127532959
adaptive,124,102,8,heldout_after,lora,0.6472825407981873,0.7711792588233948,0.6972440481185913
adaptive,124,102,8,heldout_after,batch_lora,0.5998021364212036,0.8128508925437927,0.7429425716400146
adaptive,124,102,9,full_batch,activation,0.48985108733177185,0.8677194118499756,0.5722525119781494
adaptive,124,102,9,full_batch,lora,0.6613470315933228,0.7373934984207153,0.780335545539856
adaptive,124,102,9,full_batch,batch_lora,0.7784808278083801,0.6735823154449463,1.0229097604751587
adaptive,124,102,9,heldout_before,activation,0.42167341709136963,0.9190819263458252,0.5281633734703064
adaptive,124,102,9,heldout_before,lora,0.5686351656913757,0.856992781162262,0.7187683582305908
adaptive,124,102,9,heldout_before,batch_lora,0.37015414237976074,0.9759906530380249,0.6694398522377014
adaptive,124,102,9,heldout_after,activation,0.46030929684638977,0.8898918032646179,0.555332601070404
adaptive,124,102,9,heldout_after,lora,0.6214399337768555,0.7947124242782593,0.7571612596511841
adaptive,124,102,9,heldout_after,batch_lora,0.6942963600158691,0.7779121994972229,0.9895843267440796
adaptive,124,102,10,full_batch,activation,0.5053535103797913,0.8605656623840332,0.582309365272522
adaptive,124,102,10,full_batch,lora,0.6709114909172058,0.7434046864509583,0.7949170470237732
adaptive,124,102,10,full_batch,batch_lora,0.7067196369171143,0.7968161106109619,1.0732827186584473
adaptive,124,102,10,heldout_before,activation,0.49941426515579224,0.8695831894874573,0.6190998554229736
adaptive,124,102,10,heldout_before,lora,0.6458175182342529,0.7845470309257507,0.8432609438896179
adaptive,124,102,10,heldout_before,batch_lora,0.6399199366569519,0.9170143604278564,1.140332579612732
adaptive,124,102,10,heldout_after,activation,0.49820998311042786,0.8659717440605164,0.5835258364677429
adaptive,124,102,10,heldout_after,lora,0.6503639221191406,0.7685192823410034,0.7922548055648804
adaptive,124,102,10,heldout_after,batch_lora,0.6490100622177124,0.8604977130889893,1.0510927438735962
adaptive,124,102,11,full_batch,activation,0.5296286940574646,0.8506107926368713,0.6373246908187866
adaptive,124,102,11,full_batch,lora,0.6923478245735168,0.7260732650756836,0.8322869539260864
adaptive,124,102,11,full_batch,batch_lora,0.5973303318023682,1.0091028213500977,1.20977783203125
adaptive,124,102,11,heldout_before,activation,0.519844651222229,0.85665363073349,0.6392536163330078
adaptive,124,102,11,heldout_before,lora,0.6618894934654236,0.7624819874763489,0.8405040502548218
adaptive,124,102,11,heldout_before,batch_lora,0.5426560640335083,1.112769603729248,1.27254056930542
adaptive,124,102,11,heldout_after,activation,0.5261297225952148,0.8530636429786682,0.6460151672363281
adaptive,124,102,11,heldout_after,lora,0.67767733335495,0.7430837154388428,0.8336341977119446
adaptive,124,102,11,heldout_after,batch_lora,0.577401876449585,1.029624342918396,1.204713225364685
adaptive,124,102,12,full_batch,activation,0.4750048518180847,0.8661221265792847,0.5187106132507324
adaptive,124,102,12,full_batch,lora,0.6204670667648315,0.7661484479904175,0.6584882140159607
adaptive,124,102,12,full_batch,batch_lora,0.5029261708259583,0.9264832139015198,0.8365516662597656
adaptive,124,102,12,heldout_before,activation,0.4734238386154175,0.8758931159973145,0.5739410519599915
adaptive,124,102,12,heldout_before,lora,0.6081671714782715,0.7929590344429016,0.7524600625038147
adaptive,124,102,12,heldout_before,batch_lora,0.5195385217666626,0.9983668923377991,1.0359268188476562
adaptive,124,102,12,heldout_after,activation,0.4742623269557953,0.8680608868598938,0.521323025226593
adaptive,124,102,12,heldout_after,lora,0.6087014675140381,0.7776153087615967,0.6583449244499207
adaptive,124,102,12,heldout_after,batch_lora,0.4976789951324463,0.9147151112556458,0.7881754040718079
adaptive,124,102,13,full_batch,activation,0.48668596148490906,0.8694287538528442,0.5495057702064514
adaptive,124,102,13,full_batch,lora,0.6481354832649231,0.7508343458175659,0.7155522108078003
adaptive,124,102,13,full_batch,batch_lora,0.593011736869812,0.8587867021560669,0.8916378617286682
adaptive,124,102,13,heldout_before,activation,0.4483011066913605,0.8939352631568909,0.5298968553543091
adaptive,124,102,13,heldout_before,lora,0.5884708166122437,0.8183170557022095,0.6821638345718384
adaptive,124,102,13,heldout_before,batch_lora,0.45126068592071533,0.9700493216514587,0.8315656781196594
adaptive,124,102,13,heldout_after,activation,0.46044492721557617,0.8878905773162842,0.5363882780075073
adaptive,124,102,13,heldout_after,lora,0.6105000376701355,0.7999969124794006,0.6890341639518738
adaptive,124,102,13,heldout_after,batch_lora,0.5041251182556152,0.9203235507011414,0.8221466541290283
adaptive,124,102,14,full_batch,activation,0.4944283962249756,0.8627971410751343,0.5465201139450073
adaptive,124,102,14,full_batch,lora,0.6433354616165161,0.7427968382835388,0.723738431930542
adaptive,124,102,14,full_batch,batch_lora,0.4462869167327881,0.942655622959137,0.7425498366355896
adaptive,124,102,14,heldout_before,activation,0.46581679582595825,0.8808681964874268,0.5152323842048645
adaptive,124,102,14,heldout_before,lora,0.5980414748191833,0.7964730858802795,0.6599851846694946
adaptive,124,102,14,heldout_before,batch_lora,0.4185259938240051,0.9475705623626709,0.6888108253479004
adaptive,124,102,14,heldout_after,activation,0.47094428539276123,0.8787636756896973,0.5318050384521484
adaptive,124,102,14,heldout_after,lora,0.6032110452651978,0.7944807410240173,0.6953669190406799
adaptive,124,102,14,heldout_after,batch_lora,0.39244693517684937,0.9649198651313782,0.6841402649879456
adaptive,124,102,15,full_batch,activation,0.5065939426422119,0.8570153713226318,0.5148801803588867
adaptive,124,102,15,full_batch,lora,0.6472494602203369,0.7590234279632568,0.6634641885757446
adaptive,124,102,15,full_batch,batch_lora,0.5139528512954712,0.9213610291481018,0.8501872420310974
adaptive,124,102,15,heldout_before,activation,0.5004658102989197,0.8606719970703125,0.5171274542808533
adaptive,124,102,15,heldout_before,lora,0.6393255591392517,0.7666939496994019,0.6617565155029297
adaptive,124,102,15,heldout_before,batch_lora,0.4790096879005432,0.9318293333053589,0.7916693091392517
adaptive,124,102,15,heldout_after,activation,0.5005112886428833,0.860549807548523,0.5183599591255188
adaptive,124,102,15,heldout_after,lora,0.6384406089782715,0.7668330669403076,0.6641570925712585
adaptive,124,102,15,heldout_after,batch_lora,0.47469478845596313,0.9382513165473938,0.7997342944145203
adaptive,124,102,16,full_batch,activation,0.46638453006744385,0.8902550339698792,0.5097570419311523
adaptive,124,102,16,full_batch,lora,0.5950874090194702,0.8150930404663086,0.6594431400299072
adaptive,124,102,16,full_batch,batch_lora,0.3314710855484009,1.0703009366989136,0.8368591666221619
adaptive,124,102,16,heldout_before,activation,0.45120981335639954,0.9018312692642212,0.5172430872917175
adaptive,124,102,16,heldout_before,lora,0.5662738084793091,0.845356822013855,0.6731584072113037
adaptive,124,102,16,heldout_before,batch_lora,0.30539119243621826,1.1131666898727417,0.8819360136985779
adaptive,124,102,16,heldout_after,activation,0.45868849754333496,0.8961346745491028,0.5073625445365906
adaptive,124,102,16,heldout_after,lora,0.5821498036384583,0.8296304941177368,0.656402051448822
adaptive,124,102,16,heldout_after,batch_lora,0.34134140610694885,1.0407201051712036,0.7881213426589966
adaptive,124,102,17,full_batch,activation,0.4737677574157715,0.877173662185669,0.4453516900539398
adaptive,124,102,17,full_batch,lora,0.5899490118026733,0.8025051355361938,0.5617156028747559
adaptive,124,102,17,full_batch,batch_lora,0.5568515062332153,0.8306330442428589,0.5509470105171204
adaptive,124,102,17,heldout_before,activation,0.47467735409736633,0.8792983889579773,0.45076870918273926
adaptive,124,102,17,heldout_before,lora,0.576927661895752,0.816761314868927,0.5628390312194824
adaptive,124,102,17,heldout_before,batch_lora,0.4813525080680847,0.8769499063491821,0.5085783004760742
adaptive,124,102,17,heldout_after,activation,0.4846844971179962,0.8730842471122742,0.44906163215637207
adaptive,124,102,17,heldout_after,lora,0.5896986126899719,0.8052432537078857,0.5643496513366699
adaptive,124,102,17,heldout_after,batch_lora,0.5491499900817871,0.8358034491539001,0.5376193523406982
adaptive,124,102,18,full_batch,activation,0.42481768131256104,0.9038933515548706,0.4432963728904724
adaptive,124,102,18,full_batch,lora,0.5362434983253479,0.8383067846298218,0.5667751431465149
adaptive,124,102,18,full_batch,batch_lora,0.33975815773010254,0.9828978180885315,0.6252820491790771
adaptive,124,102,18,heldout_before,activation,0.4087429344654083,0.913072407245636,0.45330968499183655
adaptive,124,102,18,heldout_before,lora,0.5136401653289795,0.8536747097969055,0.5789677500724792
adaptive,124,102,18,heldout_before,batch_lora,0.3071678876876831,1.007544994354248,0.6380743384361267
adaptive,124,102,18,heldout_after,activation,0.41454532742500305,0.9090529680252075,0.4434988796710968
adaptive,124,102,18,heldout_after,lora,0.526018500328064,0.8443610668182373,0.5699000358581543
adaptive,124,102,18,heldout_after,batch_lora,0.3530829846858978,0.9732515811920166,0.6211990118026733
adaptive,124,102,19,full_batch,activation,0.4715927839279175,0.8898175358772278,0.5172057151794434
adaptive,124,102,19,full_batch,lora,0.620301365852356,0.7935580015182495,0.6886025667190552
adaptive,124,102,19,full_batch,batch_lora,0.6705940961837769,0.7761390209197998,0.8988227844238281
adaptive,124,102,19,heldout_before,activation,0.438148558139801,0.9071974754333496,0.4527832567691803
adaptive,124,102,19,heldout_before,lora,0.5509244799613953,0.8539089560508728,0.5933643579483032
adaptive,124,102,19,heldout_before,batch_lora,0.47148799896240234,0.9115938544273376,0.7023649215698242
adaptive,124,102,19,heldout_after,activation,0.46160852909088135,0.8972492218017578,0.510936439037323
adaptive,124,102,19,heldout_after,lora,0.5964223742485046,0.8193668723106384,0.676185667514801
adaptive,124,102,19,heldout_after,batch_lora,0.6347676515579224,0.8088527917861938,0.8738757967948914
adaptive,124,102,20,full_batch,activation,0.4439775347709656,0.905579149723053,0.5091690421104431
adaptive,124,102,20,full_batch,lora,0.5795685052871704,0.8261476755142212,0.6595981121063232
adaptive,124,102,20,full_batch,batch_lora,0.5054681301116943,0.9738793969154358,0.9570644497871399
adaptive,124,102,20,heldout_before,activation,0.44182288646698,0.9155832529067993,0.5530587434768677
adaptive,124,102,20,heldout_before,lora,0.5602809190750122,0.8553992509841919,0.7161556482315063
adaptive,124,102,20,heldout_before,batch_lora,0.39921554923057556,1.1166362762451172,1.036592721939087
adaptive,124,102,20,heldout_after,activation,0.44471871852874756,0.907356321811676,0.5169674158096313
adaptive,124,102,20,heldout_after,lora,0.5695808529853821,0.8370909094810486,0.6663112044334412
adaptive,124,102,20,heldout_after,batch_lora,0.49265092611312866,0.9869954586029053,0.9583385586738586
adaptive,124,102,21,full_batch,activation,0.4549320638179779,0.8921059370040894,0.4676252603530884
adaptive,124,102,21,full_batch,lora,0.61442631483078,0.7870932221412659,0.6501613855361938
adaptive,124,102,21,full_batch,batch_lora,0.6972956657409668,0.7169692516326904,0.7136174440383911
adaptive,124,102,21,heldout_before,activation,0.4445580542087555,0.9012004733085632,0.4705280065536499
adaptive,124,102,21,heldout_before,lora,0.5880934596061707,0.8134059309959412,0.6410178542137146
adaptive,124,102,21,heldout_before,batch_lora,0.6159615516662598,0.7942041158676147,0.7168013453483582
adaptive,124,102,21,heldout_after,activation,0.451904296875,0.8968844413757324,0.475332647562027
adaptive,124,102,21,heldout_after,lora,0.6068879961967468,0.7978313565254211,0.6582695841789246
adaptive,124,102,21,heldout_after,batch_lora,0.6922430992126465,0.7236453294754028,0.7457500100135803
adaptive,124,102,22,full_batch,activation,0.4132637679576874,0.9229341149330139,0.518207311630249
adaptive,124,102,22,full_batch,lora,0.5681114196777344,0.8409625291824341,0.6927860975265503
adaptive,124,102,22,full_batch,batch_lora,0.5754370093345642,0.8649359345436096,0.856936514377594
adaptive,124,102,22,heldout_before,activation,0.41320595145225525,0.9263591766357422,0.5399667024612427
adaptive,124,102,22,heldout_before,lora,0.5613930821418762,0.8521643877029419,0.7250437140464783
adaptive,124,102,22,heldout_before,batch_lora,0.536776065826416,0.9106327891349792,0.8793845176696777
adaptive,124,102,22,heldout_after,activation,0.41547614336013794,0.9242914319038391,0.5381754040718079
adaptive,124,102,22,heldout_after,lora,0.5650612711906433,0.845976710319519,0.717720091342926
adaptive,124,102,22,heldout_after,batch_lora,0.5506566762924194,0.8823328614234924,0.8365482091903687
adaptive,124,102,23,full_batch,activation,0.5147132277488708,0.850452184677124,0.5747925043106079
adaptive,124,102,23,full_batch,lora,0.6625276803970337,0.736446738243103,0.7880674600601196
adaptive,124,102,23,full_batch,batch_lora,0.771878719329834,0.6496441960334778,0.9054242372512817
adaptive,124,102,23,heldout_before,activation,0.4566745162010193,0.8901737332344055,0.5608357787132263
adaptive,124,102,23,heldout_before,lora,0.5757207870483398,0.8317076563835144,0.7683764100074768
adaptive,124,102,23,heldout_before,batch_lora,0.5155314803123474,0.9289533495903015,0.8743170499801636
adaptive,124,102,23,heldout_after,activation,0.5009946227073669,0.8602509498596191,0.5708634853363037
adaptive,124,102,23,heldout_after,lora,0.6289846301078796,0.7793325781822205,0.7735633254051208
adaptive,124,102,23,heldout_after,batch_lora,0.7281562089920044,0.7024393081665039,0.881884753704071
adaptive,124,102,24,full_batch,activation,0.43392693996429443,0.9051039218902588,0.5480563640594482
adaptive,124,102,24,full_batch,lora,0.5827334523200989,0.8276365995407104,0.7407498955726624
adaptive,124,102,24,full_batch,batch_lora,0.566003680229187,0.8782328367233276,0.8687462210655212
adaptive,124,102,24,heldout_before,activation,0.44105422496795654,0.9061385989189148,0.581062912940979
adaptive,124,102,24,heldout_before,lora,0.5724968314170837,0.8496315479278564,0.7822964191436768
adaptive,124,102,24,heldout_before,batch_lora,0.4727180004119873,0.9662572145462036,0.8690956830978394
adaptive,124,102,24,heldout_after,activation,0.4425898790359497,0.9025426506996155,0.5647743940353394
adaptive,124,102,24,heldout_after,lora,0.5796405076980591,0.8337978720664978,0.7538753151893616
adaptive,124,102,24,heldout_after,batch_lora,0.5168653726577759,0.9154137372970581,0.8411062359809875
adaptive,124,102,25,full_batch,activation,0.4808993935585022,0.8835140466690063,0.5965059995651245
adaptive,124,102,25,full_batch,lora,0.6407886743545532,0.7863427400588989,0.8373450040817261
adaptive,124,102,25,full_batch,batch_lora,0.5982003808021545,0.9430150389671326,1.0953130722045898
adaptive,124,102,25,heldout_before,activation,0.4492450952529907,0.9142147302627563,0.6349389553070068
adaptive,124,102,25,heldout_before,lora,0.5773805975914001,0.8832655549049377,0.8775850534439087
adaptive,124,102,25,heldout_before,batch_lora,0.3883635997772217,1.1318700313568115,1.0455973148345947
adaptive,124,102,25,heldout_after,activation,0.4648473262786865,0.894974946975708,0.5957050323486328
adaptive,124,102,25,heldout_after,lora,0.6032622456550598,0.8378161191940308,0.8287870287895203
adaptive,124,102,25,heldout_after,batch_lora,0.5166369676589966,1.0360363721847534,1.099976658821106
adaptive,124,102,26,full_batch,activation,0.46090027689933777,0.8827330470085144,0.5386194586753845
adaptive,124,102,26,full_batch,lora,0.6103107929229736,0.7906544208526611,0.7289774417877197
adaptive,124,102,26,full_batch,batch_lora,0.5944525003433228,0.8441572189331055,0.8513088822364807
adaptive,124,102,26,heldout_before,activation,0.4437544345855713,0.8973302841186523,0.5662698745727539
adaptive,124,102,26,heldout_before,lora,0.5596909523010254,0.84879469871521,0.7669607400894165
adaptive,124,102,26,heldout_before,batch_lora,0.43712183833122253,1.0100747346878052,0.8968243598937988
adaptive,124,102,26,heldout_after,activation,0.44949495792388916,0.8904939889907837,0.5358597636222839
adaptive,124,102,26,heldout_after,lora,0.5826448202133179,0.8193371295928955,0.7182603478431702
adaptive,124,102,26,heldout_after,batch_lora,0.5567705631256104,0.8686997294425964,0.8109999895095825
adaptive,124,102,27,full_batch,activation,0.44759875535964966,0.8898976445198059,0.539959192276001
adaptive,124,102,27,full_batch,lora,0.6055156588554382,0.7911040782928467,0.7260527610778809
adaptive,124,102,27,full_batch,batch_lora,0.6568232774734497,0.8032955527305603,0.9337718486785889
adaptive,124,102,27,heldout_before,activation,0.4390068054199219,0.8979331254959106,0.5645599961280823
adaptive,124,102,27,heldout_before,lora,0.5771613121032715,0.8265109658241272,0.7630953192710876
adaptive,124,102,27,heldout_before,batch_lora,0.586018443107605,0.8702656030654907,0.9034765362739563
adaptive,124,102,27,heldout_after,activation,0.4359017312526703,0.8962118029594421,0.5387386083602905
adaptive,124,102,27,heldout_after,lora,0.584735631942749,0.8101494312286377,0.7218168377876282
adaptive,124,102,27,heldout_after,batch_lora,0.6246377229690552,0.8182545304298401,0.8689997792243958
adaptive,124,102,28,full_batch,activation,0.43651941418647766,0.9013946056365967,0.5191279649734497
adaptive,124,102,28,full_batch,lora,0.5840535759925842,0.819311797618866,0.6997053623199463
adaptive,124,102,28,full_batch,batch_lora,0.4772295355796814,1.0290058851242065,1.0125811100006104
adaptive,124,102,28,heldout_before,activation,0.41491836309432983,0.9175274968147278,0.5255415439605713
adaptive,124,102,28,heldout_before,lora,0.5533509254455566,0.8565991520881653,0.713061511516571
adaptive,124,102,28,heldout_before,batch_lora,0.2854272127151489,1.219308614730835,1.0392059087753296
adaptive,124,102,28,heldout_after,activation,0.42674440145492554,0.9074648022651672,0.518984317779541
adaptive,124,102,28,heldout_after,lora,0.5651876330375671,0.8372165560722351,0.6970734000205994
adaptive,124,102,28,heldout_after,batch_lora,0.36581918597221375,1.118415355682373,0.9860422611236572
adaptive,124,102,29,full_batch,activation,0.3801157474517822,0.9328460097312927,0.4861193299293518
adaptive,124,102,29,full_batch,lora,0.5312563180923462,0.8615715503692627,0.6540852785110474
adaptive,124,102,29,full_batch,batch_lora,0.26656821370124817,1.0970979928970337,0.7906700372695923
adaptive,124,102,29,heldout_before,activation,0.3623649775981903,0.9454146027565002,0.5013184547424316
adaptive,124,102,29,heldout_before,lora,0.5025800466537476,0.8878283500671387,0.670975923538208
adaptive,124,102,29,heldout_before,batch_lora,0.14913024008274078,1.2149159908294678,0.8550059199333191
adaptive,124,102,29,heldout_after,activation,0.37037184834480286,0.9392445087432861,0.4902978837490082
adaptive,124,102,29,heldout_after,lora,0.5124682784080505,0.8786336183547974,0.6523098945617676
adaptive,124,102,29,heldout_after,batch_lora,0.1887095868587494,1.150216817855835,0.7875503301620483
adaptive,124,102,30,full_batch,activation,0.41780683398246765,0.9087721109390259,0.4633018374443054
adaptive,124,102,30,full_batch,lora,0.5862420201301575,0.8061342239379883,0.6478286385536194
adaptive,124,102,30,full_batch,batch_lora,0.38431644439697266,1.0281920433044434,0.8369507789611816
adaptive,124,102,30,heldout_before,activation,0.38662251830101013,0.9332886934280396,0.4962387979030609
adaptive,124,102,30,heldout_before,lora,0.5312372446060181,0.8671910762786865,0.6624467372894287
adaptive,124,102,30,heldout_before,batch_lora,0.2310296893119812,1.1312485933303833,0.8081761598587036
adaptive,124,102,30,heldout_after,activation,0.40230342745780945,0.917309582233429,0.4482642114162445
adaptive,124,102,30,heldout_after,lora,0.5516907572746277,0.8414409160614014,0.6210440993309021
adaptive,124,102,30,heldout_after,batch_lora,0.31358540058135986,1.0444812774658203,0.7486451268196106
adaptive,124,102,31,full_batch,activation,0.36593329906463623,0.9291286468505859,0.3937859535217285
adaptive,124,102,31,full_batch,lora,0.5093798637390137,0.8568776249885559,0.5540916919708252
adaptive,124,102,31,full_batch,batch_lora,0.4197438359260559,0.9759489893913269,0.778437614440918
adaptive,124,102,31,heldout_before,activation,0.36916428804397583,0.9283755421638489,0.3896591365337372
adaptive,124,102,31,heldout_before,lora,0.513829231262207,0.8522695899009705,0.5403156280517578
adaptive,124,102,31,heldout_before,batch_lora,0.43953078985214233,0.9277356863021851,0.6716532707214355
adaptive,124,102,31,heldout_after,activation,0.36916428804397583,0.9283755421638489,0.3896591365337372
adaptive,124,102,31,heldout_after,lora,0.513829231262207,0.8522695899009705,0.5403156280517578
adaptive,124,102,31,heldout_after,batch_lora,0.43953078985214233,0.9277356863021851,0.6716532707214355
adaptive,124,102,32,full_batch,activation,0.352545827627182,0.9323809146881104,0.4042131006717682
adaptive,124,102,32,full_batch,lora,0.4807903468608856,0.8789260387420654,0.5639746785163879
adaptive,124,102,32,full_batch,batch_lora,0.44199419021606445,0.912663459777832,0.6102603077888489
adaptive,124,102,32,heldout_before,activation,0.3477024734020233,0.9350477457046509,0.4027298092842102
adaptive,124,102,32,heldout_before,lora,0.462411493062973,0.8914902210235596,0.5636030435562134
adaptive,124,102,32,heldout_before,batch_lora,0.37509459257125854,0.9464126229286194,0.5658636093139648
adaptive,124,102,32,heldout_after,activation,0.3544982671737671,0.9320563077926636,0.4070461392402649
adaptive,124,102,32,heldout_after,lora,0.47605443000793457,0.8824363946914673,0.5707387328147888
adaptive,124,102,32,heldout_after,batch_lora,0.44373780488967896,0.9088935256004333,0.595364511013031
adaptive,125,103,1,full_batch,activation,0.6585249900817871,0.7396595478057861,0.6665244102478027
adaptive,125,103,1,full_batch,lora,0.822237491607666,0.5580011010169983,0.8571855425834656
adaptive,125,103,1,full_batch,batch_lora,0.8686479330062866,0.5035006403923035,0.9584364891052246
adaptive,125,103,1,heldout_before,activation,0.6519129872322083,0.74455726146698,0.656899631023407
adaptive,125,103,1,heldout_before,lora,0.8195205330848694,0.5607056617736816,0.8464036583900452
adaptive,125,103,1,heldout_before,batch_lora,0.8581697940826416,0.5165874361991882,0.9157724976539612
adaptive,125,103,1,heldout_after,activation,0.6519129872322083,0.74455726146698,0.656899631023407
adaptive,125,103,1,heldout_after,lora,0.8195205330848694,0.5607056617736816,0.8464036583900452
adaptive,125,103,1,heldout_after,batch_lora,0.8581697940826416,0.5165874361991882,0.9157724976539612
adaptive,125,103,2,full_batch,activation,0.5294070243835449,0.8552228212356567,0.6360669732093811
adaptive,125,103,2,full_batch,lora,0.6733640432357788,0.7411924004554749,0.813005805015564
adaptive,125,103,2,full_batch,batch_lora,0.5408511757850647,0.9183700084686279,0.909529447555542
adaptive,125,103,2,heldout_before,activation,0.4720814824104309,0.9170705676078796,0.6541361212730408
adaptive,125,103,2,heldout_before,lora,0.6185412406921387,0.8550060987472534,0.8574010729789734
adaptive,125,103,2,heldout_before,batch_lora,0.2992910146713257,1.1544733047485352,0.9492015242576599
adaptive,125,103,2,heldout_after,activation,0.4953950047492981,0.8859326243400574,0.6214460730552673
adaptive,125,103,2,heldout_after,lora,0.632313072681427,0.8077594041824341,0.7914497256278992
adaptive,125,103,2,heldout_after,batch_lora,0.4792473614215851,0.964235782623291,0.8785327076911926
adaptive,125,103,3,full_batch,activation,0.5479716062545776,0.8392599821090698,0.6123292446136475
adaptive,125,103,3,full_batch,lora,0.7070215344429016,0.7098876237869263,0.814728856086731
adaptive,125,103,3,full_batch,batch_lora,0.7594746351242065,0.7198886275291443,1.0677627325057983
adaptive,125,103,3,heldout_before,activation,0.5221895575523376,0.8585742115974426,0.5985649228096008
adaptive,125,103,3,heldout_before,lora,0.6653750538825989,0.7514262795448303,0.7591853737831116
adaptive,125,103,3,heldout_before,batch_lora,0.47054997086524963,0.9267492890357971,0.7538900375366211
adaptive,125,103,3,heldout_after,activation,0.5419633984565735,0.844271719455719,0.6197267770767212
adaptive,125,103,3,heldout_after,lora,0.6872310042381287,0.7351135015487671,0.8100914359092712
adaptive,125,103,3,heldout_after,batch_lora,0.7148844003677368,0.7672489285469055,1.0306861400604248
adaptive,125,103,4,full_batch,activation,0.5953601598739624,0.8102070093154907,0.6528915166854858
adaptive,125,103,4,full_batch,lora,0.7378240823745728,0.6769905090332031,0.8566608428955078
adaptive,125,103,4,full_batch,batch_lora,0.6983705163002014,0.8004883527755737,1.056843638420105
adaptive,125,103,4,heldout_before,activation,0.5570632219314575,0.8530474305152893,0.6901763081550598
adaptive,125,103,4,heldout_before,lora,0.6747583150863647,0.7839721441268921,0.8931314945220947
adaptive,125,103,4,heldout_before,batch_lora,0.47980570793151855,1.1673862934112549,1.249873399734497
adaptive,125,103,4,heldout_after,activation,0.5795774459838867,0.824542224407196,0.6525658965110779
adaptive,125,103,4,heldout_after,lora,0.7091847062110901,0.7245997190475464,0.8448824286460876
adaptive,125,103,4,heldout_after,batch_lora,0.5632206201553345,0.9528781771659851,1.037766933441162
adaptive,125,103,5,full_batch,activation,0.5524411797523499,0.827549397945404,0.5989482402801514
adaptive,125,103,5,full_batch,lora,0.7207766771316528,0.6839127540588379,0.7977228760719299
adaptive,125,103,5,full_batch,batch_lora,0.6918579339981079,0.7531958222389221,0.9062667489051819
adaptive,125,103,5,heldout_before,activation,0.4855586886405945,0.8799967765808105,0.595285177230835
adaptive,125,103,5,heldout_before,lora,0.6233543753623962,0.7984435558319092,0.7849332094192505
adaptive,125,103,5,heldout_before,batch_lora,0.3872532844543457,1.0949500799179077,0.9779146909713745
adaptive,125,103,5,heldout_after,activation,0.5310707092285156,0.8443926572799683,0.5936179161071777
adaptive,125,103,5,heldout_after,lora,0.693746030330658,0.7228004932403564,0.7835726141929626
adaptive,125,103,5,heldout_after,batch_lora,0.6489856243133545,0.7963544130325317,0.8842779397964478
adaptive,125,103,6,full_batch,activation,0.5690373182296753,0.8169851303100586,0.639838695526123
adaptive,125,103,6,full_batch,lora,0.747069239616394,0.6634390354156494,0.8487863540649414
adaptive,125,103,6,full_batch,batch_lora,0.7162402868270874,0.769582211971283,1.0406736135482788
adaptive,125,103,6,heldout_before,activation,0.5156827569007874,0.8708722591400146,0.6896207332611084
adaptive,125,103,6,heldout_before,lora,0.6779906749725342,0.7685102224349976,0.9012131690979004
adaptive,125,103,6,heldout_before,batch_lora,0.2242276817560196,1.1794315576553345,0.8885595798492432
adaptive,125,103,6,heldout_after,activation,0.5613530874252319,0.8228579163551331,0.6426811218261719
adaptive,125,103,6,heldout_after,lora,0.7269073724746704,0.6930063962936401,0.8442071080207825
adaptive,125,103,6,heldout_after,batch_lora,0.6471155285835266,0.8530188798904419,1.0297373533248901
adaptive,125,103,7,full_batch,activation,0.5903828144073486,0.8029804229736328,0.6467531323432922
adaptive,125,103,7,full_batch,lora,0.7486652731895447,0.660872220993042,0.8193331956863403
adaptive,125,103,7,full_batch,batch_lora,0.7481509447097778,0.696213960647583,0.9589680433273315
adaptive,125,103,7,heldout_before,activation,0.5854451656341553,0.8089525699615479,0.658922016620636
adaptive,125,103,7,heldout_before,lora,0.735527753829956,0.6810910701751709,0.8343781232833862
adaptive,125,103,7,heldout_before,batch_lora,0.6954888105392456,0.7519147396087646,0.9170302152633667
adaptive,125,103,7,heldout_after,activation,0.5869693756103516,0.8062403798103333,0.6488260626792908
adaptive,125,103,7,heldout_after,lora,0.7409014105796814,0.6721056699752808,0.8239868879318237
adaptive,125,103,7,heldout_after,batch_lora,0.729622483253479,0.7172048091888428,0.9457976818084717
adaptive,125,103,8,full_batch,activation,0.5049107074737549,0.8505192995071411,0.5389202833175659
adaptive,125,103,8,full_batch,lora,0.6570595502853394,0.7332655191421509,0.7197225093841553
adaptive,125,103,8,full_batch,batch_lora,0.5570312738418579,0.8712370991706848,0.8203524351119995
adaptive,125,103,8,heldout_before,activation,0.49461305141448975,0.8643513321876526,0.5566164255142212
adaptive,125,103,8,heldout_before,lora,0.6375676393508911,0.7732325196266174,0.7364527583122253
adaptive,125,103,8,heldout_before,batch_lora,0.5880588293075562,0.8521071672439575,0.856200098991394
adaptive,125,103,8,heldout_after,activation,0.49091559648513794,0.8601235151290894,0.5285331606864929
adaptive,125,103,8,heldout_after,lora,0.6316859722137451,0.7615783214569092,0.7038968205451965
adaptive,125,103,8,heldout_after,batch_lora,0.5024770498275757,0.9038561582565308,0.7659902572631836
adaptive,125,103,9,full_batch,activation,0.5102336406707764,0.8519166111946106,0.5533652901649475
adaptive,125,103,9,full_batch,lora,0.6633809804916382,0.7425541281700134,0.7190914154052734
adaptive,125,103,9,full_batch,batch_lora,0.440136194229126,0.9874219298362732,0.8508939743041992
adaptive,125,103,9,heldout_before,activation,0.4941578209400177,0.863866925239563,0.5717652440071106
adaptive,125,103,9,heldout_before,lora,0.6330554485321045,0.7803841829299927,0.7573779225349426
adaptive,125,103,9,heldout_before,batch_lora,0.30013978481292725,1.1855837106704712,1.0041940212249756
adaptive,125,103,9,heldout_after,activation,0.501494824886322,0.8562445044517517,0.5448834896087646
adaptive,125,103,9,heldout_after,lora,0.6451183557510376,0.7613123059272766,0.7047881484031677
adaptive,125,103,9,heldout_after,batch_lora,0.367918998003006,1.036724328994751,0.8263528347015381
adaptive,125,103,10,full_batch,activation,0.5342023372650146,0.8544045090675354,0.6477341651916504
adaptive,125,103,10,full_batch,lora,0.6867750883102417,0.7374579310417175,0.8128281235694885
adaptive,125,103,10,full_batch,batch_lora,0.6143494844436646,0.8718962073326111,0.9853324294090271
adaptive,125,103,10,heldout_before,activation,0.5229657292366028,0.8667950630187988,0.6632204055786133
adaptive,125,103,10,heldout_before,lora,0.6608387231826782,0.7715556621551514,0.8204271793365479
adaptive,125,103,10,heldout_before,batch_lora,0.5008457899093628,0.9829385280609131,0.9666938781738281
adaptive,125,103,10,heldout_after,activation,0.529514491558075,0.8603962659835815,0.658460259437561
adaptive,125,103,10,heldout_after,lora,0.6722791790962219,0.7570157647132874,0.8182063698768616
adaptive,125,103,10,heldout_after,batch_lora,0.5991219878196716,0.8850510120391846,0.9762989282608032
adaptive,125,103,11,full_batch,activation,0.47514843940734863,0.8743606805801392,0.534188449382782
adaptive,125,103,11,full_batch,lora,0.627321183681488,0.7701599597930908,0.683087170124054
adaptive,125,103,11,full_batch,batch_lora,0.5034620761871338,0.9320924282073975,0.8531336188316345
adaptive,125,103,11,heldout_before,activation,0.4605973958969116,0.8888603448867798,0.5575927495956421
adaptive,125,103,11,heldout_before,lora,0.6075397729873657,0.7949625253677368,0.7098872065544128
adaptive,125,103,11,heldout_before,batch_lora,0.47447603940963745,0.9839179515838623,0.9140462279319763
adaptive,125,103,11,heldout_after,activation,0.46403512358665466,0.8806602358818054,0.5270555019378662
adaptive,125,103,11,heldout_after,lora,0.612996518611908,0.7828026413917542,0.6766179203987122
adaptive,125,103,11,heldout_after,batch_lora,0.4819265604019165,0.9439579844474792,0.8330814838409424
adaptive,125,103,12,full_batch,activation,0.4897257089614868,0.8661483526229858,0.5679820775985718
adaptive,125,103,12,full_batch,lora,0.656309187412262,0.7335555553436279,0.7201961278915405
adaptive,125,103,12,full_batch,batch_lora,0.4536934494972229,0.9788191318511963,0.8585695624351501
adaptive,125,103,12,heldout_before,activation,0.44521841406822205,0.9065614938735962,0.571673572063446
adaptive,125,103,12,heldout_before,lora,0.5942252278327942,0.8160358667373657,0.7146686911582947
adaptive,125,103,12,heldout_before,batch_lora,0.33532023429870605,1.0160819292068481,0.71592777967453
adaptive,125,103,12,heldout_after,activation,0.4597795605659485,0.8879868388175964,0.5481950044631958
adaptive,125,103,12,heldout_after,lora,0.6187478303909302,0.7822908163070679,0.6917334794998169
adaptive,125,103,12,heldout_after,batch_lora,0.3409132957458496,1.0441869497299194,0.7953890562057495
adaptive,125,103,13,full_batch,activation,0.49312901496887207,0.8682267665863037,0.5274182558059692
adaptive,125,103,13,full_batch,lora,0.644862174987793,0.7641929388046265,0.6886147260665894
adaptive,125,103,13,full_batch,batch_lora,0.5313284993171692,0.9252346754074097,0.9033083319664001
adaptive,125,103,13,heldout_before,activation,0.4689561426639557,0.8835504651069641,0.5276018381118774
adaptive,125,103,13,heldout_before,lora,0.6134021878242493,0.7941168546676636,0.6865012049674988
adaptive,125,103,13,heldout_before,batch_lora,0.3593284487724304,1.0556594133377075,0.8528199195861816
adaptive,125,103,13,heldout_after,activation,0.48186194896698,0.8750959634780884,0.5180338621139526
adaptive,125,103,13,heldout_after,lora,0.627299427986145,0.7817572355270386,0.6734591126441956
adaptive,125,103,13,heldout_after,batch_lora,0.46138375997543335,0.9676143527030945,0.8475862145423889
adaptive,125,103,14,full_batch,activation,0.4921974837779999,0.8625999093055725,0.4908319115638733
adaptive,125,103,14,full_batch,lora,0.6478664875030518,0.7533039450645447,0.6177400946617126
adaptive,125,103,14,full_batch,batch_lora,0.5689874887466431,0.8239872455596924,0.6209640502929688
adaptive,125,103,14,heldout_before,activation,0.47514134645462036,0.8698544502258301,0.48673537373542786
adaptive,125,103,14,heldout_before,lora,0.6225371360778809,0.772879958152771,0.6309197545051575
adaptive,125,103,14,heldout_before,batch_lora,0.4796794056892395,0.8971836566925049,0.6668450236320496
adaptive,125,103,14,heldout_after,activation,0.4816775619983673,0.8667710423469543,0.487025648355484
adaptive,125,103,14,heldout_after,lora,0.633456826210022,0.7650757431983948,0.6106323599815369
adaptive,125,103,14,heldout_after,batch_lora,0.5313014984130859,0.8500985503196716,0.6016502976417542
adaptive,125,103,15,full_batch,activation,0.46916356682777405,0.8806942105293274,0.47774699330329895
adaptive,125,103,15,full_batch,lora,0.6122574210166931,0.7909496426582336,0.6176416873931885
adaptive,125,103,15,full_batch,batch_lora,0.5395973920822144,0.9264631867408752,0.926249086856842
adaptive,125,103,15,heldout_before,activation,0.47094789147377014,0.8798359632492065,0.4842624068260193
adaptive,125,103,15,heldout_before,lora,0.6036209464073181,0.7959722876548767,0.6123785376548767
adaptive,125,103,15,heldout_before,batch_lora,0.4074401259422302,1.0188089609146118,0.8590804934501648
adaptive,125,103,15,heldout_after,activation,0.47365087270736694,0.8780730962753296,0.48872360587120056
adaptive,125,103,15,heldout_after,lora,0.6071407198905945,0.7941434383392334,0.6283373236656189
adaptive,125,103,15,heldout_after,batch_lora,0.4679982662200928,1.0040768384933472,0.9446457028388977
adaptive,125,103,16,full_batch,activation,0.4572172462940216,0.901308536529541,0.5384870767593384
adaptive,125,103,16,full_batch,lora,0.6112210750579834,0.8094627857208252,0.6993371248245239
adaptive,125,103,16,full_batch,batch_lora,0.5192444324493408,0.8839578032493591,0.7450676560401917
adaptive,125,103,16,heldout_before,activation,0.4374658465385437,0.915790855884552,0.5247673392295837
adaptive,125,103,16,heldout_before,lora,0.5792843699455261,0.8470907807350159,0.6961105465888977
adaptive,125,103,16,heldout_before,batch_lora,0.4636359214782715,0.943637490272522,0.7883049845695496
adaptive,125,103,16,heldout_after,activation,0.4448142349720001,0.9113957285881042,0.5410789251327515
adaptive,125,103,16,heldout_after,lora,0.5927203297615051,0.8306878209114075,0.6972070336341858
adaptive,125,103,16,heldout_after,batch_lora,0.4800783693790436,0.9084967970848083,0.7163870334625244
adaptive,125,103,17,full_batch,activation,0.4247036576271057,0.9073674082756042,0.48355329036712646
adaptive,125,103,17,full_batch,lora,0.563555896282196,0.8295717239379883,0.6254016160964966
adaptive,125,103,17,full_batch,batch_lora,0.4437289834022522,0.9073414206504822,0.5857287049293518
adaptive,125,103,17,heldout_before,activation,0.4085730314254761,0.9133930802345276,0.47227418422698975
adaptive,125,103,17,heldout_before,lora,0.5295082926750183,0.8520768284797668,0.6028129458427429
adaptive,125,103,17,heldout_before,batch_lora,0.19675979018211365,1.0265077352523804,0.5007869005203247
adaptive,125,103,17,heldout_after,activation,0.4138946831226349,0.91283118724823,0.49042895436286926
adaptive,125,103,17,heldout_after,lora,0.5462285876274109,0.843526303768158,0.6274027228355408
adaptive,125,103,17,heldout_after,batch_lora,0.34551936388015747,0.9567297101020813,0.531839907169342
adaptive,125,103,18,full_batch,activation,0.44161468744277954,0.8996380567550659,0.5398167967796326
adaptive,125,103,18,full_batch,lora,0.5741932392120361,0.8172370195388794,0.687608003616333
adaptive,125,103,18,full_batch,batch_lora,0.36518579721450806,1.0376055240631104,0.8234282732009888
adaptive,125,103,18,heldout_before,activation,0.42445990443229675,0.9147154092788696,0.5544630885124207
adaptive,125,103,18,heldout_before,lora,0.5314886569976807,0.8635140061378479,0.7020236253738403
adaptive,125,103,18,heldout_before,batch_lora,0.2413226068019867,1.132907748222351,0.8258879780769348
adaptive,125,103,18,heldout_after,activation,0.4286704361438751,0.9070966243743896,0.5351676344871521
adaptive,125,103,18,heldout_after,lora,0.5482842922210693,0.8404558897018433,0.6769839525222778
adaptive,125,103,18,heldout_after,batch_lora,0.2925701141357422,1.0469740629196167,0.718893826007843
adaptive,125,103,19,full_batch,activation,0.45028507709503174,0.9043537378311157,0.5858064889907837
adaptive,125,103,19,full_batch,lora,0.5977671146392822,0.8266573548316956,0.7912271022796631
adaptive,125,103,19,full_batch,batch_lora,0.5659552216529846,1.037330150604248,1.1955260038375854
adaptive,125,103,19,heldout_before,activation,0.42396920919418335,0.9264036417007446,0.5971735715866089
adaptive,125,103,19,heldout_before,lora,0.5505422353744507,0.8747304081916809,0.7712599039077759
adaptive,125,103,19,heldout_before,batch_lora,0.2514497935771942,1.1584256887435913,0.8879848122596741
adaptive,125,103,19,heldout_after,activation,0.43747296929359436,0.9134297966957092,0.5895513892173767
adaptive,125,103,19,heldout_after,lora,0.5745394229888916,0.8522552847862244,0.7913382053375244
adaptive,125,103,19,heldout_after,batch_lora,0.47679752111434937,1.1100062131881714,1.1546249389648438
adaptive,125,103,20,full_batch,activation,0.4317658245563507,0.8991838693618774,0.49803173542022705
adaptive,125,103,20,full_batch,lora,0.5894801616668701,0.8038152456283569,0.6358585953712463
adaptive,125,103,20,full_batch,batch_lora,0.6368047595024109,0.7918249368667603,0.8171020746231079
adaptive,125,103,20,heldout_before,activation,0.4243486225605011,0.9116926789283752,0.5426558256149292
adaptive,125,103,20,heldout_before,lora,0.5634185075759888,0.846883237361908,0.730032742023468
adaptive,125,103,20,heldout_before,batch_lora,0.5421029329299927,0.9586920738220215,1.0035853385925293
adaptive,125,103,20,heldout_after,activation,0.42767974734306335,0.9013572931289673,0.4956572651863098
adaptive,125,103,20,heldout_after,lora,0.5806719660758972,0.8117872476577759,0.6319979429244995
adaptive,125,103,20,heldout_after,batch_lora,0.6098542809486389,0.8140259981155396,0.7957583069801331
adaptive,125,103,21,full_batch,activation,0.45018965005874634,0.8906046152114868,0.5018184185028076
adaptive,125,103,21,full_batch,lora,0.5971623659133911,0.8025174140930176,0.6555629968643188
adaptive,125,103,21,full_batch,batch_lora,0.5891791582107544,0.8318840265274048,0.7870755195617676
adaptive,125,103,21,heldout_before,activation,0.44547295570373535,0.893945038318634,0.5005924701690674
adaptive,125,103,21,heldout_before,lora,0.5839171409606934,0.8149973750114441,0.6547264456748962
adaptive,125,103,21,heldout_before,batch_lora,0.5040076971054077,0.8938102722167969,0.7340522408485413
adaptive,125,103,21,heldout_after,activation,0.4465791583061218,0.8925865888595581,0.49703890085220337
adaptive,125,103,21,heldout_after,lora,0.5875232219696045,0.8111760020256042,0.6514973044395447
adaptive,125,103,21,heldout_after,batch_lora,0.5360448956489563,0.8731079697608948,0.7588938474655151
adaptive,125,103,22,full_batch,activation,0.4220306873321533,0.9129140377044678,0.5180028080940247
adaptive,125,103,22,full_batch,lora,0.5624117851257324,0.8396594524383545,0.6909611225128174
adaptive,125,103,22,full_batch,batch_lora,0.5558441281318665,0.8481612801551819,0.7241896986961365
adaptive,125,103,22,heldout_before,activation,0.4043000042438507,0.9236627221107483,0.507269561290741
adaptive,125,103,22,heldout_before,lora,0.5308890342712402,0.8667610883712769,0.6644241213798523
adaptive,125,103,22,heldout_before,batch_lora,0.5765214562416077,0.8383128046989441,0.7639922499656677
adaptive,125,103,22,heldout_after,activation,0.4115787446498871,0.9196552038192749,0.5164775848388672
adaptive,125,103,22,heldout_after,lora,0.5367138981819153,0.8642928600311279,0.6818616390228271
adaptive,125,103,22,heldout_after,batch_lora,0.5429461002349854,0.8501916527748108,0.6756724119186401
adaptive,125,103,23,full_batch,activation,0.3731527328491211,0.9305952191352844,0.429429829120636
adaptive,125,103,23,full_batch,lora,0.5153927803039551,0.8648848533630371,0.5823956727981567
adaptive,125,103,23,full_batch,batch_lora,0.5938816070556641,0.8105318546295166,0.6921522617340088
adaptive,125,103,23,heldout_before,activation,0.36029326915740967,0.9358525276184082,0.41927093267440796
adaptive,125,103,23,heldout_before,lora,0.49194133281707764,0.8804589509963989,0.5651065111160278
adaptive,125,103,23,heldout_before,batch_lora,0.5072171688079834,0.8755165338516235,0.6614848971366882
adaptive,125,103,23,heldout_after,activation,0.3633459508419037,0.9352172017097473,0.4250655472278595
adaptive,125,103,23,heldout_after,lora,0.5006004571914673,0.876158595085144,0.5780813097953796
adaptive,125,103,23,heldout_after,batch_lora,0.5545103549957275,0.8445661664009094,0.6986408829689026
adaptive,125,103,24,full_batch,activation,0.40200453996658325,0.912588357925415,0.4280778169631958
adaptive,125,103,24,full_batch,lora,0.5592975616455078,0.8273262977600098,0.5588757991790771
adaptive,125,103,24,full_batch,batch_lora,0.5760190486907959,0.818597137928009,0.6196005940437317
adaptive,125,103,24,heldout_before,activation,0.39253905415534973,0.9197914004325867,0.4469505846500397
adaptive,125,103,24,heldout_before,lora,0.5450875163078308,0.8415035009384155,0.58831387758255
adaptive,125,103,24,heldout_before,batch_lora,0.5638660788536072,0.8284773826599121,0.6295902132987976
adaptive,125,103,24,heldout_after,activation,0.3907534182071686,0.9185062646865845,0.41879570484161377
adaptive,125,103,24,heldout_after,lora,0.5459684133529663,0.8377962708473206,0.5465120673179626
adaptive,125,103,24,heldout_after,batch_lora,0.5756362676620483,0.8179627656936646,0.5961290597915649
adaptive,125,103,25,full_batch,activation,0.4391891360282898,0.9047122597694397,0.527389407157898
adaptive,125,103,25,full_batch,lora,0.5902351140975952,0.8158046007156372,0.6804144382476807
adaptive,125,103,25,full_batch,batch_lora,0.5636269450187683,0.865884006023407,0.8233007192611694
adaptive,125,103,25,heldout_before,activation,0.44200599193573,0.9047296047210693,0.5408992767333984
adaptive,125,103,25,heldout_before,lora,0.586908221244812,0.8203037977218628,0.6917815804481506
adaptive,125,103,25,heldout_before,batch_lora,0.5229834914207458,0.8929651379585266,0.7892513275146484
adaptive,125,103,25,heldout_after,activation,0.4440642297267914,0.903863251209259,0.5379329919815063
adaptive,125,103,25,heldout_after,lora,0.5906975865364075,0.818067193031311,0.6950331330299377
adaptive,125,103,25,heldout_after,batch_lora,0.5390229225158691,0.8854133486747742,0.8119745254516602
adaptive,125,103,26,full_batch,activation,0.3964271545410156,0.9143745303153992,0.4357057213783264
adaptive,125,103,26,full_batch,lora,0.5316979885101318,0.843460202217102,0.5848853588104248
adaptive,125,103,26,full_batch,batch_lora,0.5290911793708801,0.8778839111328125,0.7540746331214905
adaptive,125,103,26,heldout_before,activation,0.4014751613140106,0.9161952137947083,0.4674771726131439
adaptive,125,103,26,heldout_before,lora,0.5286826491355896,0.8553684949874878,0.6190353631973267
adaptive,125,103,26,heldout_before,batch_lora,0.5024136304855347,0.9101871848106384,0.7867729067802429
adaptive,125,103,26,heldout_after,activation,0.3981555700302124,0.9152847528457642,0.44187358021736145
adaptive,125,103,26,heldout_after,lora,0.5257073640823364,0.8523548245429993,0.5887648463249207
adaptive,125,103,26,heldout_after,batch_lora,0.506753146648407,0.8909708261489868,0.7317593693733215
adaptive,125,103,27,full_batch,activation,0.4045689105987549,0.9120305776596069,0.43307340145111084
adaptive,125,103,27,full_batch,lora,0.5393460988998413,0.8395068049430847,0.5787540674209595
adaptive,125,103,27,full_batch,batch_lora,0.35486042499542236,0.9957234263420105,0.6974841952323914
adaptive,125,103,27,heldout_before,activation,0.3933780789375305,0.9186350107192993,0.4324986934661865
adaptive,125,103,27,heldout_before,lora,0.5180647373199463,0.8568788766860962,0.5836099982261658
adaptive,125,103,27,heldout_before,batch_lora,0.2825568616390228,1.0402368307113647,0.6849632859230042
adaptive,125,103,27,heldout_after,activation,0.3958764970302582,0.9163018465042114,0.42587199807167053
adaptive,125,103,27,heldout_after,lora,0.5274994969367981,0.8473556041717529,0.5696663856506348
adaptive,125,103,27,heldout_after,batch_lora,0.30593448877334595,1.0141165256500244,0.6552599668502808
adaptive,125,103,28,full_batch,activation,0.3838791847229004,0.9200018048286438,0.4228498935699463
adaptive,125,103,28,full_batch,lora,0.5184713006019592,0.8484935760498047,0.5588563084602356
adaptive,125,103,28,full_batch,batch_lora,0.38675814867019653,0.9490371942520142,0.6109309792518616
adaptive,125,103,28,heldout_before,activation,0.37955477833747864,0.9217587113380432,0.42287957668304443
adaptive,125,103,28,heldout_before,lora,0.5063202381134033,0.855462372303009,0.5550257563591003
adaptive,125,103,28,heldout_before,batch_lora,0.33294224739074707,0.975519597530365,0.5829203128814697
adaptive,125,103,28,heldout_after,activation,0.380034476518631,0.9216169118881226,0.4230721592903137
adaptive,125,103,28,heldout_after,lora,0.5102203488349915,0.8538347482681274,0.5589465498924255
adaptive,125,103,28,heldout_after,batch_lora,0.36528703570365906,0.9552768468856812,0.5797361135482788
adaptive,125,103,29,full_batch,activation,0.4507727026939392,0.8924766778945923,0.48038074374198914
adaptive,125,103,29,full_batch,lora,0.5952067971229553,0.8045179843902588,0.6231542825698853
adaptive,125,103,29,full_batch,batch_lora,0.5539337396621704,0.929865300655365,0.9680496454238892
adaptive,125,103,29,heldout_before,activation,0.43424320220947266,0.9032807350158691,0.4775508940219879
adaptive,125,103,29,heldout_before,lora,0.5730085372924805,0.8249788880348206,0.6086567640304565
adaptive,125,103,29,heldout_before,batch_lora,0.3932814598083496,1.0340718030929565,0.8665411472320557
adaptive,125,103,29,heldout_after,activation,0.43806737661361694,0.8999117612838745,0.4697074294090271
adaptive,125,103,29,heldout_after,lora,0.5754971504211426,0.8220983743667603,0.6040973663330078
adaptive,125,103,29,heldout_after,batch_lora,0.4711082875728607,0.9939317107200623,0.9291946887969971
adaptive,125,103,30,full_batch,activation,0.40071022510528564,0.9159959554672241,0.44572293758392334
adaptive,125,103,30,full_batch,lora,0.533640444278717,0.8488450050354004,0.5889756679534912
adaptive,125,103,30,full_batch,batch_lora,0.5688891410827637,0.8340822458267212,0.7079141139984131
adaptive,125,103,30,heldout_before,activation,0.39393484592437744,0.9212383031845093,0.4519508183002472
adaptive,125,103,30,heldout_before,lora,0.5231412649154663,0.8590704202651978,0.5939414501190186
adaptive,125,103,30,heldout_before,batch_lora,0.5725094079971313,0.8293883800506592,0.6976175308227539
adaptive,125,103,30,heldout_after,activation,0.39393484592437744,0.9212383031845093,0.4519508183002472
adaptive,125,103,30,heldout_after,lora,0.5231412649154663,0.8590704202651978,0.5939414501190186
adaptive,125,103,30,heldout_after,batch_lora,0.5725094079971313,0.8293883800506592,0.6976175308227539
adaptive,125,103,31,full_batch,activation,0.4304543137550354,0.8975242376327515,0.48617902398109436
adaptive,125,103,31,full_batch,lora,0.5507763624191284,0.8277397751808167,0.6166512370109558
adaptive,125,103,31,full_batch,batch_lora,0.5164332985877991,0.8827924728393555,0.7309693694114685
adaptive,125,103,31,heldout_before,activation,0.41900527477264404,0.905062198638916,0.46960029006004333
adaptive,125,103,31,heldout_before,lora,0.5272787809371948,0.8492966294288635,0.6255632638931274
adaptive,125,103,31,heldout_before,batch_lora,0.38700559735298157,1.0480059385299683,0.8850916624069214
adaptive,125,103,31,heldout_after,activation,0.4327501654624939,0.8982225060462952,0.49669307470321655
adaptive,125,103,31,heldout_after,lora,0.5517887473106384,0.8299828171730042,0.628665566444397
adaptive,125,103,31,heldout_after,batch_lora,0.4871983230113983,0.9142796397209167,0.7578817009925842
adaptive,125,103,32,full_batch,activation,0.3976393938064575,0.9140328764915466,0.4288351833820343
adaptive,125,103,32,full_batch,lora,0.5338907241821289,0.8388095498085022,0.529654324054718
adaptive,125,103,32,full_batch,batch_lora,0.2771947979927063,1.0601261854171753,0.7251953482627869
adaptive,125,103,32,heldout_before,activation,0.39008525013923645,0.9185486435890198,0.4429212808609009
adaptive,125,103,32,heldout_before,lora,0.5167667865753174,0.8533540964126587,0.5638974905014038
adaptive,125,103,32,heldout_before,batch_lora,0.30923816561698914,1.1218315362930298,0.9043300151824951
adaptive,125,103,32,heldout_after,activation,0.393545925617218,0.9149487614631653,0.4219406247138977
adaptive,125,103,32,heldout_after,lora,0.5258604288101196,0.8431466221809387,0.5249389410018921
adaptive,125,103,32,heldout_after,batch_lora,0.3014812469482422,1.044100046157837,0.7269643545150757
fixed5,123,101,1,full_batch,activation,0.6218267679214478,0.7692891955375671,0.6313753724098206
fixed5,123,101,1,full_batch,lora,0.7952365875244141,0.5839285254478455,0.8457157015800476
fixed5,123,101,1,full_batch,batch_lora,0.8404433131217957,0.607374906539917,1.1147592067718506
fixed5,123,101,1,heldout_before,activation,0.6176580786705017,0.7733432650566101,0.6311622858047485
fixed5,123,101,1,heldout_before,lora,0.7890844941139221,0.5956767797470093,0.8364290595054626
fixed5,123,101,1,heldout_before,batch_lora,0.8601476550102234,0.5106713771820068,0.8854318261146545
fixed5,123,101,1,heldout_after,activation,0.6143096089363098,0.7753162980079651,0.6277469992637634
fixed5,123,101,1,heldout_after,lora,0.7787559628486633,0.6091639399528503,0.8372735381126404
fixed5,123,101,1,heldout_after,batch_lora,0.8192811012268066,0.6323426365852356,1.0858873128890991
fixed5,123,101,2,full_batch,activation,0.5828672647476196,0.816484808921814,0.5559364557266235
fixed5,123,101,2,full_batch,lora,0.7341834902763367,0.683963418006897,0.7129628658294678
fixed5,123,101,2,full_batch,batch_lora,0.6027898788452148,0.7989976406097412,0.6446574926376343
fixed5,123,101,2,heldout_before,activation,0.536716639995575,0.8486634492874146,0.5660553574562073
fixed5,123,101,2,heldout_before,lora,0.6438827514648438,0.7725061774253845,0.7286177277565002
fixed5,123,101,2,heldout_before,batch_lora,0.056835830211639404,1.17707097530365,0.6803153157234192
fixed5,123,101,2,heldout_after,activation,0.5732208490371704,0.8234197497367859,0.563296914100647
fixed5,123,101,2,heldout_after,lora,0.721764326095581,0.6982510685920715,0.7159969210624695
fixed5,123,101,2,heldout_after,batch_lora,0.48557162284851074,0.8918130993843079,0.661952793598175
fixed5,123,101,3,full_batch,activation,0.5562936067581177,0.8250206708908081,0.5325130224227905
fixed5,123,101,3,full_batch,lora,0.6996041536331177,0.7054627537727356,0.732728123664856
fixed5,123,101,3,full_batch,batch_lora,0.5972299575805664,0.8247037529945374,0.7891151905059814
fixed5,123,101,3,heldout_before,activation,0.5083684325218201,0.8592539429664612,0.5123831629753113
fixed5,123,101,3,heldout_before,lora,0.6348299384117126,0.7734522223472595,0.6723314523696899
fixed5,123,101,3,heldout_before,batch_lora,0.3507641851902008,0.9555542469024658,0.5408154726028442
fixed5,123,101,3,heldout_after,activation,0.5383890867233276,0.8382604122161865,0.5150633454322815
fixed5,123,101,3,heldout_after,lora,0.6790514588356018,0.7291349768638611,0.7149564623832703
fixed5,123,101,3,heldout_after,batch_lora,0.587134838104248,0.8242724537849426,0.7425447702407837
fixed5,123,101,4,full_batch,activation,0.4804055690765381,0.8941161632537842,0.6142615079879761
fixed5,123,101,4,full_batch,lora,0.5982356071472168,0.8675317764282227,0.8886362314224243
fixed5,123,101,4,full_batch,batch_lora,0.4796156883239746,1.230439305305481,1.342176914215088
fixed5,123,101,4,heldout_before,activation,0.45175909996032715,0.9169098138809204,0.6241220235824585
fixed5,123,101,4,heldout_before,lora,0.5510980486869812,0.9064809083938599,0.8662822246551514
fixed5,123,101,4,heldout_before,batch_lora,0.35331302881240845,1.3086191415786743,1.2683618068695068
fixed5,123,101,4,heldout_after,activation,0.4709711968898773,0.902622401714325,0.6243904232978821
fixed5,123,101,4,heldout_after,lora,0.5753487944602966,0.8986335396766663,0.9063675999641418
fixed5,123,101,4,heldout_after,batch_lora,0.4744410216808319,1.2689753770828247,1.3884391784667969
fixed5,123,101,5,full_batch,activation,0.40174707770347595,0.9326713681221008,0.5587853789329529
fixed5,123,101,5,full_batch,lora,0.5338953137397766,0.880446195602417,0.768059253692627
fixed5,123,101,5,full_batch,batch_lora,0.4796549081802368,1.0055627822875977,0.9708021283149719
fixed5,123,101,5,heldout_before,activation,0.37354347109794617,0.9551140069961548,0.5815868377685547
fixed5,123,101,5,heldout_before,lora,0.4707127511501312,0.9554954767227173,0.8197644352912903
fixed5,123,101,5,heldout_before,batch_lora,0.3462328612804413,1.2060259580612183,1.1041085720062256
fixed5,123,101,5,heldout_after,activation,0.4015898108482361,0.9338114857673645,0.5725605487823486
fixed5,123,101,5,heldout_after,lora,0.5275460481643677,0.8882367014884949,0.7816588878631592
fixed5,123,101,5,heldout_after,batch_lora,0.5299170613288879,0.9522148966789246,0.9629587531089783
fixed5,123,101,6,full_batch,activation,0.3909648358821869,0.9324360489845276,0.5370039343833923
fixed5,123,101,6,full_batch,lora,0.5789127349853516,0.8288385272026062,0.7108283042907715
fixed5,123,101,6,full_batch,batch_lora,0.4702332615852356,0.9302197694778442,0.7642198204994202
fixed5,123,101,6,heldout_before,activation,0.3521531820297241,0.9594521522521973,0.5586074590682983
fixed5,123,101,6,heldout_before,lora,0.5035726428031921,0.8892276287078857,0.7397266626358032
fixed5,123,101,6,heldout_before,batch_lora,0.30757763981819153,1.067873477935791,0.7923020124435425
fixed5,123,101,6,heldout_after,activation,0.38141581416130066,0.9385053515434265,0.5311965942382812
fixed5,123,101,6,heldout_after,lora,0.564716100692749,0.8430696725845337,0.7063820958137512
fixed5,123,101,6,heldout_after,batch_lora,0.4664512872695923,0.9305214285850525,0.7553229928016663
fixed5,123,101,7,full_batch,activation,0.3998016119003296,0.9240376949310303,0.5201629996299744
fixed5,123,101,7,full_batch,lora,0.593833327293396,0.8121947050094604,0.6965746879577637
fixed5,123,101,7,full_batch,batch_lora,0.5594397783279419,0.8372412919998169,0.6775327324867249
fixed5,123,101,7,heldout_before,activation,0.3537983000278473,0.9604325294494629,0.5735234618186951
fixed5,123,101,7,heldout_before,lora,0.5183327794075012,0.8781138062477112,0.7518373727798462
fixed5,123,101,7,heldout_before,batch_lora,0.33063650131225586,1.0255154371261597,0.7318874597549438
fixed5,123,101,7,heldout_after,activation,0.39234617352485657,0.9281717538833618,0.5200291275978088
fixed5,123,101,7,heldout_after,lora,0.580910861492157,0.8243061900138855,0.6957433819770813
fixed5,123,101,7,heldout_after,batch_lora,0.5308396816253662,0.8565199375152588,0.6550049185752869
fixed5,123,101,8,full_batch,activation,0.419281005859375,0.9186676740646362,0.5224744081497192
fixed5,123,101,8,full_batch,lora,0.6012153625488281,0.8269504308700562,0.7185980081558228
fixed5,123,101,8,full_batch,batch_lora,0.6408439874649048,0.7789081335067749,0.7726733088493347
fixed5,123,101,8,heldout_before,activation,0.3945886492729187,0.9413676261901855,0.5647417902946472
fixed5,123,101,8,heldout_before,lora,0.5554174780845642,0.8786473870277405,0.7606232762336731
fixed5,123,101,8,heldout_before,batch_lora,0.533832311630249,0.885330319404602,0.796104907989502
fixed5,123,101,8,heldout_after,activation,0.410677045583725,0.9253138303756714,0.5274214148521423
fixed5,123,101,8,heldout_after,lora,0.5850613713264465,0.8454018831253052,0.7175045609474182
fixed5,123,101,8,heldout_after,batch_lora,0.6036866307258606,0.8089290857315063,0.7408138513565063
fixed5,123,101,9,full_batch,activation,0.38682541251182556,0.9272878170013428,0.5088654160499573
fixed5,123,101,9,full_batch,lora,0.5815415382385254,0.8288750648498535,0.6815307140350342
fixed5,123,101,9,full_batch,batch_lora,0.6248011589050293,0.7821076512336731,0.670286238193512
fixed5,123,101,9,heldout_before,activation,0.3658864200115204,0.942182183265686,0.5351704359054565
fixed5,123,101,9,heldout_before,lora,0.5331196784973145,0.8690990209579468,0.6966118216514587
fixed5,123,101,9,heldout_before,batch_lora,0.49704939126968384,0.8775115013122559,0.6277568340301514
fixed5,123,101,9,heldout_after,activation,0.38460293412208557,0.9287991523742676,0.516069233417511
fixed5,123,101,9,heldout_after,lora,0.571847677230835,0.8389847874641418,0.6918373703956604
fixed5,123,101,9,heldout_after,batch_lora,0.6068426966667175,0.7977753281593323,0.6754245162010193
fixed5,123,101,10,full_batch,activation,0.38685211539268494,0.9222320318222046,0.4866797924041748
fixed5,123,101,10,full_batch,lora,0.5462693572044373,0.8539788722991943,0.719039261341095
fixed5,123,101,10,full_batch,batch_lora,0.6466620564460754,0.8770502805709839,1.0795464515686035
fixed5,123,101,10,heldout_before,activation,0.3493885397911072,0.9456666707992554,0.49492913484573364
fixed5,123,101,10,heldout_before,lora,0.49156850576400757,0.9014569520950317,0.7080382108688354
fixed5,123,101,10,heldout_before,batch_lora,0.44903308153152466,1.0319715738296509,0.9653623104095459
fixed5,123,101,10,heldout_after,activation,0.3692336976528168,0.9310845136642456,0.4799802601337433
fixed5,123,101,10,heldout_after,lora,0.5209197998046875,0.877434253692627,0.7167847752571106
fixed5,123,101,10,heldout_after,batch_lora,0.5986830592155457,0.9466654062271118,1.1032589673995972
fixed5,123,101,11,full_batch,activation,0.4145495593547821,0.9074869155883789,0.48351001739501953
fixed5,123,101,11,full_batch,lora,0.5476510524749756,0.8426279425621033,0.7013168931007385
fixed5,123,101,11,full_batch,batch_lora,0.5202763080596924,1.0714459419250488,1.1673340797424316
fixed5,123,101,11,heldout_before,activation,0.39558538794517517,0.9208860993385315,0.50729900598526
fixed5,123,101,11,heldout_before,lora,0.5063881874084473,0.8853213787078857,0.736890971660614
fixed5,123,101,11,heldout_before,batch_lora,0.3788856267929077,1.2211627960205078,1.1756247282028198
fixed5,123,101,11,heldout_after,activation,0.4132041335105896,0.9084299206733704,0.49751371145248413
fixed5,123,101,11,heldout_after,lora,0.5404576659202576,0.8483029007911682,0.7188769578933716
fixed5,123,101,11,heldout_after,batch_lora,0.5318906307220459,1.0883253812789917,1.2155276536941528
fixed5,123,101,12,full_batch,activation,0.4151194095611572,0.9099614024162292,0.4767589569091797
fixed5,123,101,12,full_batch,lora,0.5689086318016052,0.8284319043159485,0.6686899662017822
fixed5,123,101,12,full_batch,batch_lora,0.42880040407180786,0.9816814064979553,0.8129463195800781
fixed5,123,101,12,heldout_before,activation,0.3936036229133606,0.9224019050598145,0.49078407883644104
fixed5,123,101,12,heldout_before,lora,0.5052845478057861,0.8840920329093933,0.6969268321990967
fixed5,123,101,12,heldout_before,batch_lora,0.2056831419467926,1.1898328065872192,0.8824456930160522
fixed5,123,101,12,heldout_after,activation,0.4100892245769501,0.9127775430679321,0.48358458280563354
fixed5,123,101,12,heldout_after,lora,0.556681752204895,0.8387483954429626,0.672603964805603
fixed5,123,101,12,heldout_after,batch_lora,0.42533278465270996,0.9942113161087036,0.8368716239929199
fixed5,123,101,13,full_batch,activation,0.4300363063812256,0.9002302885055542,0.4945663809776306
fixed5,123,101,13,full_batch,lora,0.5839723348617554,0.8142295479774475,0.6896369457244873
fixed5,123,101,13,full_batch,batch_lora,0.6258857250213623,0.8299604058265686,0.9097291827201843
fixed5,123,101,13,heldout_before,activation,0.397184282541275,0.9251157641410828,0.5192689895629883
fixed5,123,101,13,heldout_before,lora,0.5195649266242981,0.8782039284706116,0.7238265872001648
fixed5,123,101,13,heldout_before,batch_lora,0.43936705589294434,1.0442241430282593,0.9717649221420288
fixed5,123,101,13,heldout_after,activation,0.41485556960105896,0.9080778360366821,0.4806438386440277
fixed5,123,101,13,heldout_after,lora,0.5692418217658997,0.82561194896698,0.67373126745224
fixed5,123,101,13,heldout_after,batch_lora,0.6255342960357666,0.8317559957504272,0.9138243794441223
fixed5,123,101,14,full_batch,activation,0.4271719455718994,0.9042925834655762,0.4898566007614136
fixed5,123,101,14,full_batch,lora,0.5781415700912476,0.8263776898384094,0.7038031220436096
fixed5,123,101,14,full_batch,batch_lora,0.626861572265625,0.9048163294792175,1.0869137048721313
fixed5,123,101,14,heldout_before,activation,0.39708057045936584,0.9301788210868835,0.5294826030731201
fixed5,123,101,14,heldout_before,lora,0.536222517490387,0.8793433308601379,0.7513038516044617
fixed5,123,101,14,heldout_before,batch_lora,0.5149502754211426,1.0222277641296387,1.0718376636505127
fixed5,123,101,14,heldout_after,activation,0.406964510679245,0.9158506393432617,0.47402191162109375
fixed5,123,101,14,heldout_after,lora,0.5575345158576965,0.8452013731002808,0.6947122812271118
fixed5,123,101,14,heldout_after,batch_lora,0.6090589761734009,0.9074199795722961,1.0499264001846313
fixed5,123,101,15,full_batch,activation,0.37425947189331055,0.9237287640571594,0.3908247649669647
fixed5,123,101,15,full_batch,lora,0.5336333513259888,0.8457954525947571,0.5805609226226807
fixed5,123,101,15,full_batch,batch_lora,0.4430122673511505,0.9476402401924133,0.7500659227371216
fixed5,123,101,15,heldout_before,activation,0.3570708632469177,0.9347835779190063,0.41139739751815796
fixed5,123,101,15,heldout_before,lora,0.49578991532325745,0.8824782967567444,0.6071881055831909
fixed5,123,101,15,heldout_before,batch_lora,0.32186466455459595,1.067017674446106,0.8139252662658691
fixed5,123,101,15,heldout_after,activation,0.3726840615272522,0.9258615374565125,0.3934840261936188
fixed5,123,101,15,heldout_after,lora,0.5282428860664368,0.8542346358299255,0.5868307948112488
fixed5,123,101,15,heldout_after,batch_lora,0.44864773750305176,0.9454157948493958,0.7570238709449768
fixed5,123,101,16,full_batch,activation,0.35049858689308167,0.9350965619087219,0.38219454884529114
fixed5,123,101,16,full_batch,lora,0.5084009170532227,0.8661025762557983,0.57517409324646
fixed5,123,101,16,full_batch,batch_lora,0.4561513662338257,0.9459038972854614,0.7767887711524963
fixed5,123,101,16,heldout_before,activation,0.3255861699581146,0.945544958114624,0.3832561671733856
fixed5,123,101,16,heldout_before,lora,0.4747825562953949,0.8859764337539673,0.5660656690597534
fixed5,123,101,16,heldout_before,batch_lora,0.3117092549800873,1.0409212112426758,0.7367734313011169
fixed5,123,101,16,heldout_after,activation,0.3533787429332733,0.934230625629425,0.3957606554031372
fixed5,123,101,16,heldout_after,lora,0.509148120880127,0.8668678998947144,0.593951940536499
fixed5,123,101,16,heldout_after,batch_lora,0.4348464012145996,0.9543803334236145,0.750968873500824
fixed5,123,101,17,full_batch,activation,0.4322200417518616,0.8976173400878906,0.4643043875694275
fixed5,123,101,17,full_batch,lora,0.578708291053772,0.8236743211746216,0.6651653051376343
fixed5,123,101,17,full_batch,batch_lora,0.587509274482727,0.8560653924942017,0.8668214082717896
fixed5,123,101,17,heldout_before,activation,0.3942124545574188,0.91765958070755,0.42114633321762085
fixed5,123,101,17,heldout_before,lora,0.5471739768981934,0.8462883234024048,0.6194707751274109
fixed5,123,101,17,heldout_before,batch_lora,0.4977480173110962,0.9155313372612,0.7909218668937683
fixed5,123,101,17,heldout_after,activation,0.41835179924964905,0.9075260758399963,0.4587903618812561
fixed5,123,101,17,heldout_after,lora,0.5689746141433716,0.8343378305435181,0.6544699668884277
fixed5,123,101,17,heldout_after,batch_lora,0.5696675777435303,0.8526403903961182,0.7966411113739014
fixed5,123,101,18,full_batch,activation,0.4026569426059723,0.9228639602661133,0.4135555624961853
fixed5,123,101,18,full_batch,lora,0.5365160703659058,0.8685399293899536,0.6080477237701416
fixed5,123,101,18,full_batch,batch_lora,0.5770884156227112,0.8447519540786743,0.793043851852417
fixed5,123,101,18,heldout_before,activation,0.377346009016037,0.9286516904830933,0.3817897140979767
fixed5,123,101,18,heldout_before,lora,0.5212084054946899,0.8685241937637329,0.5585241317749023
fixed5,123,101,18,heldout_before,batch_lora,0.3932993710041046,0.969518780708313,0.7009535431861877
fixed5,123,101,18,heldout_after,activation,0.40230053663253784,0.9240232706069946,0.4196487069129944
fixed5,123,101,18,heldout_after,lora,0.5339827537536621,0.8741117715835571,0.6164481043815613
fixed5,123,101,18,heldout_after,batch_lora,0.5298678874969482,0.8898216485977173,0.7992050647735596
fixed5,123,101,19,full_batch,activation,0.4078627824783325,0.9344505071640015,0.5386291742324829
fixed5,123,101,19,full_batch,lora,0.513696551322937,0.9275901317596436,0.8035131692886353
fixed5,123,101,19,full_batch,batch_lora,0.6199452877044678,1.051904320716858,1.3205413818359375
fixed5,123,101,19,heldout_before,activation,0.38781648874282837,0.9344747066497803,0.5000059008598328
fixed5,123,101,19,heldout_before,lora,0.48242583870887756,0.9311100840568542,0.7377976775169373
fixed5,123,101,19,heldout_before,batch_lora,0.39809536933898926,1.1715246438980103,1.1267584562301636
fixed5,123,101,19,heldout_after,activation,0.40149828791618347,0.9402545690536499,0.5602383613586426
fixed5,123,101,19,heldout_after,lora,0.4959479868412018,0.9504134654998779,0.8329138159751892
fixed5,123,101,19,heldout_after,batch_lora,0.5085310339927673,1.232450246810913,1.3903117179870605
fixed5,123,101,20,full_batch,activation,0.38628673553466797,0.9478322863578796,0.5411189794540405
fixed5,123,101,20,full_batch,lora,0.5113272666931152,0.9300035238265991,0.7946157455444336
fixed5,123,101,20,full_batch,batch_lora,0.606894850730896,1.0561422109603882,1.3024216890335083
fixed5,123,101,20,heldout_before,activation,0.3716212809085846,0.9627147912979126,0.5725463032722473
fixed5,123,101,20,heldout_before,lora,0.46062082052230835,0.9948633909225464,0.8509634733200073
fixed5,123,101,20,heldout_before,batch_lora,0.4885328412055969,1.2790583372116089,1.4237624406814575
fixed5,123,101,20,heldout_after,activation,0.38764601945877075,0.951426088809967,0.5624555349349976
fixed5,123,101,20,heldout_after,lora,0.4953884184360504,0.9518857002258301,0.8163307309150696
fixed5,123,101,20,heldout_after,batch_lora,0.5666130185127258,1.1064770221710205,1.3050856590270996
fixed5,123,101,21,full_batch,activation,0.37800708413124084,0.9593296051025391,0.5514249205589294
fixed5,123,101,21,full_batch,lora,0.5032051205635071,0.9257457256317139,0.7590365409851074
fixed5,123,101,21,full_batch,batch_lora,0.552330732345581,1.1687986850738525,1.3715739250183105
fixed5,123,101,21,heldout_before,activation,0.3471471965312958,1.0043985843658447,0.6244377493858337
fixed5,123,101,21,heldout_before,lora,0.4421513080596924,1.0397520065307617,0.9010936617851257
fixed5,123,101,21,heldout_before,batch_lora,0.5710970163345337,1.6446974277496338,1.996292233467102
fixed5,123,101,21,heldout_after,activation,0.3660137355327606,0.969796895980835,0.5600517988204956
fixed5,123,101,21,heldout_after,lora,0.4855915606021881,0.9463475346565247,0.7702404260635376
fixed5,123,101,21,heldout_after,batch_lora,0.5404000282287598,1.192885398864746,1.3859814405441284
fixed5,123,101,22,full_batch,activation,0.3563123643398285,0.9580812454223633,0.49938157200813293
fixed5,123,101,22,full_batch,lora,0.48388487100601196,0.9234721660614014,0.6997589468955994
fixed5,123,101,22,full_batch,batch_lora,0.3549334406852722,1.2370240688323975,1.1649991273880005
fixed5,123,101,22,heldout_before,activation,0.3385287821292877,1.0148651599884033,0.6192773580551147
fixed5,123,101,22,heldout_before,lora,0.4346066117286682,1.0511999130249023,0.8831439018249512
fixed5,123,101,22,heldout_before,batch_lora,0.270466148853302,1.6294386386871338,1.5850847959518433
fixed5,123,101,22,heldout_after,activation,0.35660937428474426,0.9588602781295776,0.4985142648220062
fixed5,123,101,22,heldout_after,lora,0.4758598804473877,0.9330000877380371,0.7048855423927307
fixed5,123,101,22,heldout_after,batch_lora,0.3299987018108368,1.2594550848007202,1.1637409925460815
fixed5,123,101,23,full_batch,activation,0.37795290350914,0.9270850419998169,0.42519354820251465
fixed5,123,101,23,full_batch,lora,0.5228312015533447,0.8541072010993958,0.5870869159698486
fixed5,123,101,23,full_batch,batch_lora,0.42914626002311707,1.0399730205535889,0.9446172714233398
fixed5,123,101,23,heldout_before,activation,0.37695029377937317,0.9394838213920593,0.5098474621772766
fixed5,123,101,23,heldout_before,lora,0.5059639811515808,0.8880977630615234,0.6986322999000549
fixed5,123,101,23,heldout_before,batch_lora,0.3426121175289154,1.1366066932678223,0.9823448657989502
fixed5,123,101,23,heldout_after,activation,0.38078171014785767,0.9261093735694885,0.4364039897918701
fixed5,123,101,23,heldout_after,lora,0.5203487873077393,0.8555527925491333,0.6020005941390991
fixed5,123,101,23,heldout_after,batch_lora,0.3906274735927582,1.0694574117660522,0.9349886775016785
fixed5,123,101,24,full_batch,activation,0.3666205406188965,0.9313029646873474,0.4199714660644531
fixed5,123,101,24,full_batch,lora,0.5140260457992554,0.8682277202606201,0.5967019200325012
fixed5,123,101,24,full_batch,batch_lora,0.5505914092063904,0.9282466173171997,0.9565378427505493
fixed5,123,101,24,heldout_before,activation,0.3473481237888336,0.9429870843887329,0.4414692223072052
fixed5,123,101,24,heldout_before,lora,0.4808834195137024,0.8989563584327698,0.6243513822555542
fixed5,123,101,24,heldout_before,batch_lora,0.44583967328071594,0.999416708946228,0.8903694748878479
fixed5,123,101,24,heldout_after,activation,0.3567422032356262,0.936185359954834,0.4180501103401184
fixed5,123,101,24,heldout_after,lora,0.5000808835029602,0.8793323040008545,0.5943530797958374
fixed5,123,101,24,heldout_after,batch_lora,0.5373727083206177,0.929537832736969,0.9282817840576172
fixed5,123,101,25,full_batch,activation,0.3596201539039612,0.9409551024436951,0.4152209162712097
fixed5,123,101,25,full_batch,lora,0.5201400518417358,0.8755698800086975,0.6091321706771851
fixed5,123,101,25,full_batch,batch_lora,0.4884132742881775,1.0385053157806396,1.0514771938323975
fixed5,123,101,25,heldout_before,activation,0.33384889364242554,0.9552084803581238,0.4199482202529907
fixed5,123,101,25,heldout_before,lora,0.48311346769332886,0.9053744077682495,0.601138710975647
fixed5,123,101,25,heldout_before,batch_lora,0.4059215188026428,1.0877143144607544,0.9957476854324341
fixed5,123,101,25,heldout_after,activation,0.3508093059062958,0.9462245106697083,0.41727498173713684
fixed5,123,101,25,heldout_after,lora,0.5034506320953369,0.8903427720069885,0.614321231842041
fixed5,123,101,25,heldout_after,batch_lora,0.44030576944351196,1.0579692125320435,0.9999200105667114
fixed5,123,101,26,full_batch,activation,0.3410320281982422,0.9407796859741211,0.37502455711364746
fixed5,123,101,26,full_batch,lora,0.5075938701629639,0.861835777759552,0.543718695640564
fixed5,123,101,26,full_batch,batch_lora,0.40571630001068115,0.9780526757240295,0.7538439035415649
fixed5,123,101,26,heldout_before,activation,0.3127323389053345,0.9521400332450867,0.3615611791610718
fixed5,123,101,26,heldout_before,lora,0.4737955927848816,0.8833096623420715,0.5213495492935181
fixed5,123,101,26,heldout_before,batch_lora,0.40121597051620483,1.0086174011230469,0.8234522342681885
fixed5,123,101,26,heldout_after,activation,0.3300745487213135,0.9453251957893372,0.3658040165901184
fixed5,123,101,26,heldout_after,lora,0.490792453289032,0.873368501663208,0.5321335792541504
fixed5,123,101,26,heldout_after,batch_lora,0.3829994797706604,0.9856768250465393,0.7268708944320679
fixed5,123,101,27,full_batch,activation,0.363219678401947,0.931010901927948,0.4072522521018982
fixed5,123,101,27,full_batch,lora,0.5258402824401855,0.8506626486778259,0.5959000587463379
fixed5,123,101,27,full_batch,batch_lora,0.5113586187362671,0.9229050874710083,0.8478723764419556
fixed5,123,101,27,heldout_before,activation,0.3378337621688843,0.9417936205863953,0.4059588313102722
fixed5,123,101,27,heldout_before,lora,0.4961744248867035,0.8709748387336731,0.5810052752494812
fixed5,123,101,27,heldout_before,batch_lora,0.37564998865127563,1.009928584098816,0.7769834995269775
fixed5,123,101,27,heldout_after,activation,0.3661862313747406,0.9298234581947327,0.4139602482318878
fixed5,123,101,27,heldout_after,lora,0.5226876139640808,0.8527646660804749,0.6017112135887146
fixed5,123,101,27,heldout_after,batch_lora,0.4855901002883911,0.9430798888206482,0.8394224047660828
fixed5,123,101,28,full_batch,activation,0.3921425938606262,0.9177805185317993,0.4350636601448059
fixed5,123,101,28,full_batch,lora,0.5664584636688232,0.8242082595825195,0.6369174718856812
fixed5,123,101,28,full_batch,batch_lora,0.6588199138641357,0.7715763449668884,0.8302074670791626
fixed5,123,101,28,heldout_before,activation,0.3689056932926178,0.9287627935409546,0.4240991771221161
fixed5,123,101,28,heldout_before,lora,0.5239160656929016,0.8565174341201782,0.6152836084365845
fixed5,123,101,28,heldout_before,batch_lora,0.5153166651725769,0.8853070735931396,0.7373975515365601
fixed5,123,101,28,heldout_after,activation,0.38803765177726746,0.918953537940979,0.4361903667449951
fixed5,123,101,28,heldout_after,lora,0.5587307810783386,0.8301728367805481,0.6398331522941589
fixed5,123,101,28,heldout_after,batch_lora,0.6378536820411682,0.7951181530952454,0.8355157375335693
fixed5,123,101,29,full_batch,activation,0.41355055570602417,0.9101241827011108,0.4872013330459595
fixed5,123,101,29,full_batch,lora,0.5871859788894653,0.8128125667572021,0.7186890244483948
fixed5,123,101,29,full_batch,batch_lora,0.7060792446136475,0.7456187605857849,0.9395210146903992
fixed5,123,101,29,heldout_before,activation,0.38753464818000793,0.9238454699516296,0.47520712018013
fixed5,123,101,29,heldout_before,lora,0.5483626127243042,0.8433177471160889,0.6912540793418884
fixed5,123,101,29,heldout_before,batch_lora,0.6011738777160645,0.8273898363113403,0.815612256526947
fixed5,123,101,29,heldout_after,activation,0.40300461649894714,0.9152364730834961,0.4844250977039337
fixed5,123,101,29,heldout_after,lora,0.5725771188735962,0.8255423307418823,0.7251647114753723
fixed5,123,101,29,heldout_after,batch_lora,0.6822749376296997,0.7755969166755676,0.9412143230438232
fixed5,123,101,30,full_batch,activation,0.3803039789199829,0.9253247976303101,0.45097583532333374
fixed5,123,101,30,full_batch,lora,0.5530935525894165,0.8479843735694885,0.6803327798843384
fixed5,123,101,30,full_batch,batch_lora,0.5740274786949158,0.9141271114349365,0.9803966283798218
fixed5,123,101,30,heldout_before,activation,0.373068630695343,0.9302199482917786,0.46434950828552246
fixed5,123,101,30,heldout_before,lora,0.5409753918647766,0.8595232963562012,0.6899868249893188
fixed5,123,101,30,heldout_before,batch_lora,0.4960574805736542,0.9727750420570374,0.9346510767936707
fixed5,123,101,30,heldout_after,activation,0.38137584924697876,0.9262154698371887,0.46352332830429077
fixed5,123,101,30,heldout_after,lora,0.5497918725013733,0.8532318472862244,0.6882131099700928
fixed5,123,101,30,heldout_after,batch_lora,0.5524946451187134,0.9277438521385193,0.9598749876022339
fixed5,123,101,31,full_batch,activation,0.4010533392429352,0.9142287969589233,0.4577980637550354
fixed5,123,101,31,full_batch,lora,0.5547120571136475,0.8468479514122009,0.7048043012619019
fixed5,123,101,31,full_batch,batch_lora,0.6304652094841003,0.8530614972114563,0.9843018651008606
fixed5,123,101,31,heldout_before,activation,0.39347535371780396,0.9187465906143188,0.46833598613739014
fixed5,123,101,31,heldout_before,lora,0.5366311073303223,0.8627972602844238,0.7182595133781433
fixed5,123,101,31,heldout_before,batch_lora,0.5603762865066528,0.9526067972183228,1.0309944152832031
fixed5,123,101,31,heldout_after,activation,0.40044575929641724,0.914029598236084,0.4655360281467438
fixed5,123,101,31,heldout_after,lora,0.548253059387207,0.8530398011207581,0.7191150784492493
fixed5,123,101,31,heldout_after,batch_lora,0.6071244478225708,0.9050605893135071,1.0404081344604492
fixed5,123,101,32,full_batch,activation,0.348876029253006,0.9380809664726257,0.46028268337249756
fixed5,123,101,32,full_batch,lora,0.5000214576721191,0.8772222399711609,0.6801249980926514
fixed5,123,101,32,full_batch,batch_lora,0.5734682083129883,0.9876478314399719,1.1251145601272583
fixed5,123,101,32,heldout_before,activation,0.3360392451286316,0.9495270848274231,0.48260897397994995
fixed5,123,101,32,heldout_before,lora,0.4626733660697937,0.92197585105896,0.7186881899833679
fixed5,123,101,32,heldout_before,batch_lora,0.5261049270629883,1.1158807277679443,1.2485840320587158
fixed5,123,101,32,heldout_after,activation,0.3419421315193176,0.9417675137519836,0.46028465032577515
fixed5,123,101,32,heldout_after,lora,0.4806968569755554,0.8935468196868896,0.6797530651092529
fixed5,123,101,32,heldout_after,batch_lora,0.5618435740470886,1.002425193786621,1.1279923915863037
fixed5,124,102,1,full_batch,activation,0.6098734736442566,0.7688189744949341,0.6151442527770996
fixed5,124,102,1,full_batch,lora,0.7725767493247986,0.5921589136123657,0.8183653354644775
fixed5,124,102,1,full_batch,batch_lora,0.7867215871810913,0.6709247827529907,1.0495351552963257
fixed5,124,102,1,heldout_before,activation,0.5967019200325012,0.7780473828315735,0.601434588432312
fixed5,124,102,1,heldout_before,lora,0.7641423940658569,0.6030762791633606,0.7907950282096863
fixed5,124,102,1,heldout_before,batch_lora,0.8092435598373413,0.5891961455345154,0.8542677164077759
fixed5,124,102,1,heldout_after,activation,0.5931569933891296,0.7807357311248779,0.6065355539321899
fixed5,124,102,1,heldout_after,lora,0.7507196664810181,0.6233150362968445,0.803729772567749
fixed5,124,102,1,heldout_after,batch_lora,0.7341888546943665,0.7335839867591858,1.011999487876892
fixed5,124,102,2,full_batch,activation,0.575310468673706,0.8185712099075317,0.5942440629005432
fixed5,124,102,2,full_batch,lora,0.7246713638305664,0.6982512474060059,0.7869102358818054
fixed5,124,102,2,full_batch,batch_lora,0.5455002784729004,0.9239680171012878,0.9344571828842163
fixed5,124,102,2,heldout_before,activation,0.5338544249534607,0.8535956740379333,0.58287513256073
fixed5,124,102,2,heldout_before,lora,0.65739905834198,0.7825800180435181,0.7785567045211792
fixed5,124,102,2,heldout_before,batch_lora,0.14009013772010803,1.2861069440841675,0.9608802199363708
fixed5,124,102,2,heldout_after,activation,0.5529955625534058,0.838021457195282,0.5816797614097595
fixed5,124,102,2,heldout_after,lora,0.7014564871788025,0.732150137424469,0.7704144716262817
fixed5,124,102,2,heldout_after,batch_lora,0.4677494764328003,0.9691473841667175,0.8652870059013367
fixed5,124,102,3,full_batch,activation,0.5522571802139282,0.8268607258796692,0.5542775392532349
fixed5,124,102,3,full_batch,lora,0.7068262100219727,0.7031024694442749,0.7356986403465271
fixed5,124,102,3,full_batch,batch_lora,0.6021677255630493,0.8151431083679199,0.7666799426078796
fixed5,124,102,3,heldout_before,activation,0.5141860842704773,0.8540698885917664,0.5399138331413269
fixed5,124,102,3,heldout_before,lora,0.6494302153587341,0.760715663433075,0.6928966045379639
fixed5,124,102,3,heldout_before,batch_lora,0.2960759103298187,1.0120265483856201,0.6305288076400757
fixed5,124,102,3,heldout_after,activation,0.5452741980552673,0.8330026268959045,0.5491540431976318
fixed5,124,102,3,heldout_after,lora,0.6918497681617737,0.7217478156089783,0.7258042097091675
fixed5,124,102,3,heldout_after,batch_lora,0.5939538478851318,0.8169462084770203,0.7360180616378784
fixed5,124,102,4,full_batch,activation,0.5820291042327881,0.8190990686416626,0.6535903215408325
fixed5,124,102,4,full_batch,lora,0.7100470066070557,0.732669472694397,0.8820921182632446
fixed5,124,102,4,full_batch,batch_lora,0.6337044835090637,0.9252514839172363,1.1413185596466064
fixed5,124,102,4,heldout_before,activation,0.5425796508789062,0.8607791662216187,0.6779873371124268
fixed5,124,102,4,heldout_before,lora,0.6635994911193848,0.8103575110435486,0.9028232097625732
fixed5,124,102,4,heldout_before,batch_lora,0.3803664445877075,1.1699103116989136,1.096864104270935
fixed5,124,102,4,heldout_after,activation,0.5715007781982422,0.8286765813827515,0.6585409045219421
fixed5,124,102,4,heldout_after,lora,0.6982077360153198,0.7496183514595032,0.8880850076675415
fixed5,124,102,4,heldout_after,batch_lora,0.5832889080047607,0.9872684478759766,1.1444705724716187
fixed5,124,102,5,full_batch,activation,0.46330952644348145,0.8992385268211365,0.6201472878456116
fixed5,124,102,5,full_batch,lora,0.605656623840332,0.8384851813316345,0.8437682390213013
fixed5,124,102,5,full_batch,batch_lora,0.5747661590576172,0.9729377627372742,1.1010401248931885
fixed5,124,102,5,heldout_before,activation,0.448283314704895,0.9306710362434387,0.6872788071632385
fixed5,124,102,5,heldout_before,lora,0.5738449096679688,0.934528112411499,0.9751250147819519
fixed5,124,102,5,heldout_before,batch_lora,0.44839781522750854,1.1750459671020508,1.2111517190933228
fixed5,124,102,5,heldout_after,activation,0.4660676419734955,0.8996149897575378,0.6353781819343567
fixed5,124,102,5,heldout_after,lora,0.5956422686576843,0.8522912859916687,0.8647395968437195
fixed5,124,102,5,heldout_after,batch_lora,0.560768723487854,0.9556246995925903,1.0379270315170288
fixed5,124,102,6,full_batch,activation,0.4663643538951874,0.911972165107727,0.6420876979827881
fixed5,124,102,6,full_batch,lora,0.6145542860031128,0.8196582794189453,0.837401270866394
fixed5,124,102,6,full_batch,batch_lora,0.6396161317825317,0.8892713785171509,1.0867316722869873
fixed5,124,102,6,heldout_before,activation,0.43076348304748535,0.9710941910743713,0.7202163934707642
fixed5,124,102,6,heldout_before,lora,0.5572158098220825,0.934842586517334,0.9619051218032837
fixed5,124,102,6,heldout_before,batch_lora,0.6005393862724304,0.9721218347549438,1.1534122228622437
fixed5,124,102,6,heldout_after,activation,0.4573412835597992,0.9175435900688171,0.63494473695755
fixed5,124,102,6,heldout_after,lora,0.5985376238822937,0.8369521498680115,0.8349879384040833
fixed5,124,102,6,heldout_after,batch_lora,0.6348379850387573,0.8678857684135437,1.030116319656372
fixed5,124,102,7,full_batch,activation,0.40206179022789,0.932504415512085,0.5595740079879761
fixed5,124,102,7,full_batch,lora,0.5501461029052734,0.8726488351821899,0.764363169670105
fixed5,124,102,7,full_batch,batch_lora,0.45840370655059814,1.0889731645584106,1.0876861810684204
fixed5,124,102,7,heldout_before,activation,0.3651757836341858,0.9738806486129761,0.6283388137817383
fixed5,124,102,7,heldout_before,lora,0.49218159914016724,0.9572603106498718,0.8581941723823547
fixed5,124,102,7,heldout_before,batch_lora,0.3582228422164917,1.2636369466781616,1.209751844406128
fixed5,124,102,7,heldout_after,activation,0.3858531713485718,0.9428555369377136,0.5639708638191223
fixed5,124,102,7,heldout_after,lora,0.525344729423523,0.898847758769989,0.771712601184845
fixed5,124,102,7,heldout_after,batch_lora,0.4032524526119232,1.1385518312454224,1.0806835889816284
fixed5,124,102,8,full_batch,activation,0.45415735244750977,0.893407940864563,0.5283389091491699
fixed5,124,102,8,full_batch,lora,0.6164661049842834,0.8010736703872681,0.721282422542572
fixed5,124,102,8,full_batch,batch_lora,0.5969096422195435,0.8525720238685608,0.8853194117546082
fixed5,124,102,8,heldout_before,activation,0.42040976881980896,0.922539472579956,0.5689623951911926
fixed5,124,102,8,heldout_before,lora,0.5592164993286133,0.8653218746185303,0.7495986819267273
fixed5,124,102,8,heldout_before,batch_lora,0.35866087675094604,1.0474555492401123,0.833845853805542
fixed5,124,102,8,heldout_after,activation,0.44428780674934387,0.9000428318977356,0.5195733308792114
fixed5,124,102,8,heldout_after,lora,0.6018455624580383,0.817340612411499,0.7165090441703796
fixed5,124,102,8,heldout_after,batch_lora,0.5403123497962952,0.9157043695449829,0.9014934301376343
fixed5,124,102,9,full_batch,activation,0.4462900757789612,0.8925515413284302,0.5109535455703735
fixed5,124,102,9,full_batch,lora,0.613110363483429,0.7926997542381287,0.7407227754592896
fixed5,124,102,9,full_batch,batch_lora,0.6792313456535339,0.7928940653800964,0.9792916774749756
fixed5,124,102,9,heldout_before,activation,0.40355387330055237,0.9219633340835571,0.5073127746582031
fixed5,124,102,9,heldout_before,lora,0.5475826263427734,0.8598955273628235,0.7024264931678772
fixed5,124,102,9,heldout_before,batch_lora,0.4223359227180481,0.9775948524475098,0.7884770035743713
fixed5,124,102,9,heldout_after,activation,0.4261936843395233,0.904815673828125,0.5021154880523682
fixed5,124,102,9,heldout_after,lora,0.5863401293754578,0.8206851482391357,0.7289139032363892
fixed5,124,102,9,heldout_after,batch_lora,0.6143906116485596,0.8693873882293701,0.9795070886611938
fixed5,124,102,10,full_batch,activation,0.476615309715271,0.8775460720062256,0.5517313480377197
fixed5,124,102,10,full_batch,lora,0.6323758959770203,0.78856360912323,0.8107792139053345
fixed5,124,102,10,full_batch,batch_lora,0.6679493188858032,0.9113248586654663,1.1939430236816406
fixed5,124,102,10,heldout_before,activation,0.46184590458869934,0.889600932598114,0.5592707395553589
fixed5,124,102,10,heldout_before,lora,0.6068488359451294,0.8212617039680481,0.8076356053352356
fixed5,124,102,10,heldout_before,batch_lora,0.5710705518722534,0.9721354246139526,1.0918093919754028
fixed5,124,102,10,heldout_after,activation,0.46900463104248047,0.8823615908622742,0.55146324634552
fixed5,124,102,10,heldout_after,lora,0.6143248677253723,0.8084108829498291,0.8075050711631775
fixed5,124,102,10,heldout_after,batch_lora,0.6192339658737183,0.959523618221283,1.1707193851470947
fixed5,124,102,11,full_batch,activation,0.4942307472229004,0.8744324445724487,0.6145510077476501
fixed5,124,102,11,full_batch,lora,0.637407660484314,0.8046824932098389,0.8756579160690308
fixed5,124,102,11,full_batch,batch_lora,0.5522117018699646,1.1419965028762817,1.3326562643051147
fixed5,124,102,11,heldout_before,activation,0.4884014427661896,0.8798297643661499,0.6303058862686157
fixed5,124,102,11,heldout_before,lora,0.6036871671676636,0.852390468120575,0.9209262728691101
fixed5,124,102,11,heldout_before,batch_lora,0.49214306473731995,1.2934727668762207,1.4488438367843628
fixed5,124,102,11,heldout_after,activation,0.49275365471839905,0.8757803440093994,0.6246722340583801
fixed5,124,102,11,heldout_after,lora,0.623968243598938,0.822060227394104,0.8895546793937683
fixed5,124,102,11,heldout_after,batch_lora,0.5632885694503784,1.1426173448562622,1.352508783340454
fixed5,124,102,12,full_batch,activation,0.4570271372795105,0.8776399493217468,0.5013805627822876
fixed5,124,102,12,full_batch,lora,0.594467043876648,0.7983230352401733,0.6955438852310181
fixed5,124,102,12,full_batch,batch_lora,0.5559300184249878,0.9782838225364685,1.0717765092849731
fixed5,124,102,12,heldout_before,activation,0.4596637189388275,0.8843096494674683,0.5588358044624329
fixed5,124,102,12,heldout_before,lora,0.578952968120575,0.8408356308937073,0.800335168838501
fixed5,124,102,12,heldout_before,batch_lora,0.4448663890361786,1.184450387954712,1.2199980020523071
fixed5,124,102,12,heldout_after,activation,0.4646471440792084,0.8752331733703613,0.5124356746673584
fixed5,124,102,12,heldout_after,lora,0.598253071308136,0.79816073179245,0.706433892250061
fixed5,124,102,12,heldout_after,batch_lora,0.540459930896759,0.9634900689125061,1.0099382400512695
fixed5,124,102,13,full_batch,activation,0.4375746250152588,0.8954631090164185,0.4555089771747589
fixed5,124,102,13,full_batch,lora,0.5832406282424927,0.8168961405754089,0.6252279877662659
fixed5,124,102,13,full_batch,batch_lora,0.4556899666786194,0.9686010479927063,0.8375819325447083
fixed5,124,102,13,heldout_before,activation,0.4026505649089813,0.9156644344329834,0.47932785749435425
fixed5,124,102,13,heldout_before,lora,0.5290727615356445,0.8687363862991333,0.6758772730827332
fixed5,124,102,13,heldout_before,batch_lora,0.24716193974018097,1.2019972801208496,0.9584190249443054
fixed5,124,102,13,heldout_after,activation,0.4216846227645874,0.9048064947128296,0.44529834389686584
fixed5,124,102,13,heldout_after,lora,0.566475510597229,0.8321150541305542,0.6113518476486206
fixed5,124,102,13,heldout_after,batch_lora,0.4400521218776703,0.9663733243942261,0.7971562743186951
fixed5,124,102,14,full_batch,activation,0.45821452140808105,0.8835475444793701,0.44387340545654297
fixed5,124,102,14,full_batch,lora,0.5992953181266785,0.7987462282180786,0.6126278638839722
fixed5,124,102,14,full_batch,batch_lora,0.5657006502151489,0.853342592716217,0.7852699756622314
fixed5,124,102,14,heldout_before,activation,0.41929957270622253,0.9011122584342957,0.4324803650379181
fixed5,124,102,14,heldout_before,lora,0.5490585565567017,0.8363206386566162,0.5890185236930847
fixed5,124,102,14,heldout_before,batch_lora,0.3078511357307434,1.0208321809768677,0.6778115034103394
fixed5,124,102,14,heldout_after,activation,0.4460688829421997,0.8896776437759399,0.4355747699737549
fixed5,124,102,14,heldout_after,lora,0.5801615715026855,0.8157984018325806,0.596890389919281
fixed5,124,102,14,heldout_after,batch_lora,0.532467246055603,0.8693440556526184,0.7306600213050842
fixed5,124,102,15,full_batch,activation,0.4744095802307129,0.8738840818405151,0.45978739857673645
fixed5,124,102,15,full_batch,lora,0.5956225395202637,0.796993613243103,0.6304992437362671
fixed5,124,102,15,full_batch,batch_lora,0.6564235091209412,0.8151099681854248,0.9651243090629578
fixed5,124,102,15,heldout_before,activation,0.4616526961326599,0.8817076683044434,0.4474239647388458
fixed5,124,102,15,heldout_before,lora,0.5811444520950317,0.8086546659469604,0.6031427383422852
fixed5,124,102,15,heldout_before,batch_lora,0.5427223443984985,0.8921997547149658,0.84366774559021
fixed5,124,102,15,heldout_after,activation,0.46973884105682373,0.8761013150215149,0.46541860699653625
fixed5,124,102,15,heldout_after,lora,0.5846342444419861,0.8051725625991821,0.63543701171875
fixed5,124,102,15,heldout_after,batch_lora,0.6074221134185791,0.8762930035591125,0.9773560166358948
fixed5,124,102,16,full_batch,activation,0.4675607681274414,0.8848598599433899,0.4850432276725769
fixed5,124,102,16,full_batch,lora,0.5923303961753845,0.8118467330932617,0.6367437839508057
fixed5,124,102,16,full_batch,batch_lora,0.5975281000137329,0.933393657207489,1.075297474861145
fixed5,124,102,16,heldout_before,activation,0.45818161964416504,0.8905267715454102,0.445392370223999
fixed5,124,102,16,heldout_before,lora,0.5709280967712402,0.8281522989273071,0.6017957925796509
fixed5,124,102,16,heldout_before,batch_lora,0.5832875370979309,0.8937720060348511,0.9561850428581238
fixed5,124,102,16,heldout_after,activation,0.46119579672813416,0.8892052173614502,0.4784533977508545
fixed5,124,102,16,heldout_after,lora,0.5832411646842957,0.8216234445571899,0.6310415267944336
fixed5,124,102,16,heldout_after,batch_lora,0.6126317977905273,0.8834165930747986,1.0072742700576782
fixed5,124,102,17,full_batch,activation,0.4702345132827759,0.875819981098175,0.461797297000885
fixed5,124,102,17,full_batch,lora,0.5764307975769043,0.8094779253005981,0.5977157354354858
fixed5,124,102,17,full_batch,batch_lora,0.6356877088546753,0.7942456603050232,0.822569727897644
fixed5,124,102,17,heldout_before,activation,0.4800829291343689,0.8729189038276672,0.46343177556991577
fixed5,124,102,17,heldout_before,lora,0.5726088881492615,0.8149968981742859,0.5991314649581909
fixed5,124,102,17,heldout_before,batch_lora,0.632702112197876,0.8160859942436218,0.8902060985565186
fixed5,124,102,17,heldout_after,activation,0.48374730348587036,0.8702178001403809,0.474043607711792
fixed5,124,102,17,heldout_after,lora,0.5814160108566284,0.8072712421417236,0.610322117805481
fixed5,124,102,17,heldout_after,batch_lora,0.6157034635543823,0.8128538131713867,0.8152584433555603
fixed5,124,102,18,full_batch,activation,0.4498978555202484,0.8859843015670776,0.4851507544517517
fixed5,124,102,18,full_batch,lora,0.562654972076416,0.8221933841705322,0.644193172454834
fixed5,124,102,18,full_batch,batch_lora,0.47461825609207153,0.9728731513023376,0.889039158821106
fixed5,124,102,18,heldout_before,activation,0.4344535768032074,0.8948225975036621,0.47430887818336487
fixed5,124,102,18,heldout_before,lora,0.538084864616394,0.8408301472663879,0.6337889432907104
fixed5,124,102,18,heldout_before,batch_lora,0.5137661695480347,0.973842978477478,0.9745542407035828
fixed5,124,102,18,heldout_after,activation,0.43754783272743225,0.8921586275100708,0.47841960191726685
fixed5,124,102,18,heldout_after,lora,0.5506402850151062,0.8307062983512878,0.6418322324752808
fixed5,124,102,18,heldout_after,batch_lora,0.49003684520721436,0.9466598629951477,0.8592264652252197
fixed5,124,102,19,full_batch,activation,0.4588407874107361,0.8953787088394165,0.46415817737579346
fixed5,124,102,19,full_batch,lora,0.5718055367469788,0.8403769731521606,0.6338024139404297
fixed5,124,102,19,full_batch,batch_lora,0.56077641248703,0.941041111946106,1.008021593093872
fixed5,124,102,19,heldout_before,activation,0.45187273621559143,0.9025869369506836,0.5005218982696533
fixed5,124,102,19,heldout_before,lora,0.5564594268798828,0.8648357391357422,0.6962310075759888
fixed5,124,102,19,heldout_before,batch_lora,0.5934833288192749,0.9864264726638794,1.1637986898422241
fixed5,124,102,19,heldout_after,activation,0.46216660737991333,0.8948338031768799,0.47666338086128235
fixed5,124,102,19,heldout_after,lora,0.5756352543830872,0.8406631350517273,0.651212215423584
fixed5,124,102,19,heldout_after,batch_lora,0.5676932334899902,0.9114383459091187,0.9588395953178406
fixed5,124,102,20,full_batch,activation,0.433150053024292,0.9064157009124756,0.4145204722881317
fixed5,124,102,20,full_batch,lora,0.5447382926940918,0.8502933979034424,0.5517787933349609
fixed5,124,102,20,full_batch,batch_lora,0.23535038530826569,1.2472068071365356,1.016960620880127
fixed5,124,102,20,heldout_before,activation,0.43288397789001465,0.911776602268219,0.4573444128036499
fixed5,124,102,20,heldout_before,lora,0.5456336140632629,0.8578281998634338,0.6018045544624329
fixed5,124,102,20,heldout_before,batch_lora,0.27144309878349304,1.2034841775894165,0.9939770698547363
fixed5,124,102,20,heldout_after,activation,0.4364676773548126,0.9053866863250732,0.4177152216434479
fixed5,124,102,20,heldout_after,lora,0.5442429780960083,0.8514648675918579,0.5549325346946716
fixed5,124,102,20,heldout_after,batch_lora,0.2615910768508911,1.209829568862915,0.9910548329353333
fixed5,124,102,21,full_batch,activation,0.4326559901237488,0.9024480581283569,0.37610167264938354
fixed5,124,102,21,full_batch,lora,0.5657249689102173,0.8228946924209595,0.5213769674301147
fixed5,124,102,21,full_batch,batch_lora,0.4546758532524109,0.922408938407898,0.6946101188659668
fixed5,124,102,21,heldout_before,activation,0.42247822880744934,0.9095419645309448,0.4047081768512726
fixed5,124,102,21,heldout_before,lora,0.5486671328544617,0.8386104106903076,0.5496277809143066
fixed5,124,102,21,heldout_before,batch_lora,0.31059950590133667,1.0289692878723145,0.7046173810958862
fixed5,124,102,21,heldout_after,activation,0.4344610571861267,0.9036999344825745,0.3822726905345917
fixed5,124,102,21,heldout_after,lora,0.5653471946716309,0.8254700303077698,0.5281867980957031
fixed5,124,102,21,heldout_after,batch_lora,0.43051278591156006,0.9553018808364868,0.7434713840484619
fixed5,124,102,22,full_batch,activation,0.4057057499885559,0.9198342561721802,0.39082443714141846
fixed5,124,102,22,full_batch,lora,0.5226292610168457,0.8698728084564209,0.5462263226509094
fixed5,124,102,22,full_batch,batch_lora,0.5191303491592407,0.9264340996742249,0.876588761806488
fixed5,124,102,22,heldout_before,activation,0.40336549282073975,0.9237273335456848,0.3957173228263855
fixed5,124,102,22,heldout_before,lora,0.5122150778770447,0.8815730810165405,0.5534293055534363
fixed5,124,102,22,heldout_before,batch_lora,0.44710591435432434,0.966493546962738,0.8131843209266663
fixed5,124,102,22,heldout_after,activation,0.41485992074012756,0.9173633456230164,0.4054773449897766
fixed5,124,102,22,heldout_after,lora,0.5292245745658875,0.869031548500061,0.566717267036438
fixed5,124,102,22,heldout_after,batch_lora,0.5297396779060364,0.9091000556945801,0.8569810390472412
fixed5,124,102,23,full_batch,activation,0.46380168199539185,0.8884003758430481,0.3979989290237427
fixed5,124,102,23,full_batch,lora,0.5828496217727661,0.8111007809638977,0.5569753646850586
fixed5,124,102,23,full_batch,batch_lora,0.6482465267181396,0.7650591731071472,0.5738211870193481
fixed5,124,102,23,heldout_before,activation,0.44401830434799194,0.9003241062164307,0.36285194754600525
fixed5,124,102,23,heldout_before,lora,0.5489501357078552,0.8385196924209595,0.5094998478889465
fixed5,124,102,23,heldout_before,batch_lora,0.5862014293670654,0.8137168884277344,0.5102584958076477
fixed5,124,102,23,heldout_after,activation,0.46199920773506165,0.8897510170936584,0.3965090811252594
fixed5,124,102,23,heldout_after,lora,0.5715818405151367,0.8203209042549133,0.552511990070343
fixed5,124,102,23,heldout_after,batch_lora,0.6404388546943665,0.7724558711051941,0.5576738715171814
fixed5,124,102,24,full_batch,activation,0.42536526918411255,0.9049047231674194,0.4388771057128906
fixed5,124,102,24,full_batch,lora,0.5504230260848999,0.8369031548500061,0.5979661345481873
fixed5,124,102,24,full_batch,batch_lora,0.5390708446502686,0.9123349189758301,0.8897165060043335
fixed5,124,102,24,heldout_before,activation,0.42451342940330505,0.9077857136726379,0.4291342496871948
fixed5,124,102,24,heldout_before,lora,0.5344124436378479,0.8532150983810425,0.5725705623626709
fixed5,124,102,24,heldout_before,batch_lora,0.4500654637813568,0.9596070647239685,0.8013557195663452
fixed5,124,102,24,heldout_after,activation,0.43167129158973694,0.9029674530029297,0.4491667151451111
fixed5,124,102,24,heldout_after,lora,0.5469048619270325,0.8413259983062744,0.6018303036689758
fixed5,124,102,24,heldout_after,batch_lora,0.4931678771972656,0.9437784552574158,0.8591355681419373
fixed5,124,102,25,full_batch,activation,0.45466700196266174,0.8989875316619873,0.5151746273040771
fixed5,124,102,25,full_batch,lora,0.5780947208404541,0.8401824831962585,0.7113875150680542
fixed5,124,102,25,full_batch,batch_lora,0.4774749279022217,1.0084995031356812,0.9725037813186646
fixed5,124,102,25,heldout_before,activation,0.4391748905181885,0.9088690280914307,0.517316997051239
fixed5,124,102,25,heldout_before,lora,0.5534977912902832,0.8648269176483154,0.7282594442367554
fixed5,124,102,25,heldout_before,batch_lora,0.48149746656417847,1.0296255350112915,1.021838903427124
fixed5,124,102,25,heldout_after,activation,0.44224774837493896,0.9070568680763245,0.5163533687591553
fixed5,124,102,25,heldout_after,lora,0.562231183052063,0.8562701344490051,0.7160297632217407
fixed5,124,102,25,heldout_after,batch_lora,0.48167192935943604,1.0042141675949097,0.9720332026481628
fixed5,124,102,26,full_batch,activation,0.43309342861175537,0.9045447111129761,0.5046648979187012
fixed5,124,102,26,full_batch,lora,0.5666121244430542,0.83512943983078,0.6699600219726562
fixed5,124,102,26,full_batch,batch_lora,0.5246554613113403,0.9232255816459656,0.8818790912628174
fixed5,124,102,26,heldout_before,activation,0.4210125505924225,0.9172781705856323,0.5410287976264954
fixed5,124,102,26,heldout_before,lora,0.5393736958503723,0.8720141053199768,0.727425754070282
fixed5,124,102,26,heldout_before,batch_lora,0.46076053380966187,1.0187644958496094,0.9609417915344238
fixed5,124,102,26,heldout_after,activation,0.42510607838630676,0.9101949334144592,0.504490315914154
fixed5,124,102,26,heldout_after,lora,0.5516354441642761,0.8481537699699402,0.6690396070480347
fixed5,124,102,26,heldout_after,batch_lora,0.49652236700057983,0.9349072575569153,0.8437775373458862
fixed5,124,102,27,full_batch,activation,0.38709938526153564,0.9352120161056519,0.5123123526573181
fixed5,124,102,27,full_batch,lora,0.5194745063781738,0.871293842792511,0.6796025037765503
fixed5,124,102,27,full_batch,batch_lora,0.5364299416542053,0.951431930065155,0.9757246375083923
fixed5,124,102,27,heldout_before,activation,0.36147671937942505,0.9631359577178955,0.5722968578338623
fixed5,124,102,27,heldout_before,lora,0.4740178883075714,0.9357072710990906,0.7660631537437439
fixed5,124,102,27,heldout_before,batch_lora,0.39781177043914795,1.213267207145691,1.1917082071304321
fixed5,124,102,27,heldout_after,activation,0.37549036741256714,0.9425519108772278,0.5188863277435303
fixed5,124,102,27,heldout_after,lora,0.5017290115356445,0.8865013718605042,0.6850551962852478
fixed5,124,102,27,heldout_after,batch_lora,0.5029265284538269,0.9780873656272888,0.9607365131378174
fixed5,124,102,28,full_batch,activation,0.3689923584461212,0.929497241973877,0.42842811346054077
fixed5,124,102,28,full_batch,lora,0.5041866302490234,0.8717766404151917,0.6054658889770508
fixed5,124,102,28,full_batch,batch_lora,0.4905893802642822,1.0026544332504272,0.9865670204162598
fixed5,124,102,28,heldout_before,activation,0.3542576730251312,0.9384130239486694,0.44820737838745117
fixed5,124,102,28,heldout_before,lora,0.478576123714447,0.8889693021774292,0.6021685004234314
fixed5,124,102,28,heldout_before,batch_lora,0.3882736563682556,1.0427374839782715,0.876185417175293
fixed5,124,102,28,heldout_after,activation,0.36293143033981323,0.9328256845474243,0.43285173177719116
fixed5,124,102,28,heldout_after,lora,0.4896121919155121,0.8831626772880554,0.6090621948242188
fixed5,124,102,28,heldout_after,batch_lora,0.43405139446258545,1.06265127658844,0.997636616230011
fixed5,124,102,29,full_batch,activation,0.36622053384780884,0.9456831216812134,0.4894047677516937
fixed5,124,102,29,full_batch,lora,0.4892809987068176,0.9151802062988281,0.7149066925048828
fixed5,124,102,29,full_batch,batch_lora,0.2429010570049286,1.5163699388504028,1.4083961248397827
fixed5,124,102,29,heldout_before,activation,0.353361576795578,0.955880343914032,0.512185275554657
fixed5,124,102,29,heldout_before,lora,0.47625625133514404,0.9299675226211548,0.7382348775863647
fixed5,124,102,29,heldout_before,batch_lora,0.373363196849823,1.3722716569900513,1.3845651149749756
fixed5,124,102,29,heldout_after,activation,0.3605530858039856,0.9511820673942566,0.4983059763908386
fixed5,124,102,29,heldout_after,lora,0.47590240836143494,0.931056559085846,0.7294475436210632
fixed5,124,102,29,heldout_after,batch_lora,0.27501001954078674,1.467145562171936,1.383227825164795
fixed5,124,102,30,full_batch,activation,0.3634886145591736,0.9322642087936401,0.4158807396888733
fixed5,124,102,30,full_batch,lora,0.4878014028072357,0.8789947032928467,0.5922619104385376
fixed5,124,102,30,full_batch,batch_lora,0.27755117416381836,1.2273921966552734,1.0414401292800903
fixed5,124,102,30,heldout_before,activation,0.34872040152549744,0.9410106539726257,0.43341174721717834
fixed5,124,102,30,heldout_before,lora,0.46025338768959045,0.9079004526138306,0.6406267881393433
fixed5,124,102,30,heldout_before,batch_lora,0.27009183168411255,1.3213274478912354,1.17499840259552
fixed5,124,102,30,heldout_after,activation,0.3582810163497925,0.9342291355133057,0.41148731112480164
fixed5,124,102,30,heldout_after,lora,0.4786922037601471,0.8847618103027344,0.5870823264122009
fixed5,124,102,30,heldout_after,batch_lora,0.2539457380771637,1.206251621246338,0.9747309684753418
fixed5,124,102,31,full_batch,activation,0.337721586227417,0.9392659068107605,0.35954785346984863
fixed5,124,102,31,full_batch,lora,0.45478612184524536,0.8886231184005737,0.5138809680938721
fixed5,124,102,31,full_batch,batch_lora,0.20607994496822357,1.0781906843185425,0.6588094234466553
fixed5,124,102,31,heldout_before,activation,0.34455233812332153,0.9369366765022278,0.37652453780174255
fixed5,124,102,31,heldout_before,lora,0.4601952135562897,0.8870362043380737,0.5376686453819275
fixed5,124,102,31,heldout_before,batch_lora,0.2971322536468506,1.0000895261764526,0.5945654511451721
fixed5,124,102,31,heldout_after,activation,0.3388141393661499,0.9391036033630371,0.3645934462547302
fixed5,124,102,31,heldout_after,lora,0.4461667537689209,0.8937593698501587,0.5151484608650208
fixed5,124,102,31,heldout_after,batch_lora,0.16931527853012085,1.0615557432174683,0.5637367963790894
fixed5,124,102,32,full_batch,activation,0.31884703040122986,0.9511833190917969,0.40767771005630493
fixed5,124,102,32,full_batch,lora,0.43832916021347046,0.9109801650047302,0.5707632303237915
fixed5,124,102,32,full_batch,batch_lora,0.17691999673843384,1.1552330255508423,0.7817870378494263
fixed5,124,102,32,heldout_before,activation,0.3070589005947113,0.9574629068374634,0.4134403169155121
fixed5,124,102,32,heldout_before,lora,0.41359439492225647,0.9314799308776855,0.5774452686309814
fixed5,124,102,32,heldout_before,batch_lora,0.1081075519323349,1.1778150796890259,0.7397209405899048
fixed5,124,102,32,heldout_after,activation,0.31297874450683594,0.9545667171478271,0.4120079576969147
fixed5,124,102,32,heldout_after,lora,0.42567700147628784,0.9218164086341858,0.5783969163894653
fixed5,124,102,32,heldout_after,batch_lora,0.1673269271850586,1.1583400964736938,0.7753976583480835
fixed5,125,103,1,full_batch,activation,0.6607790589332581,0.7367735505104065,0.6550179719924927
fixed5,125,103,1,full_batch,lora,0.8188798427581787,0.5607743263244629,0.8431065082550049
fixed5,125,103,1,full_batch,batch_lora,0.7542731165885925,0.6928197741508484,0.9754677414894104
fixed5,125,103,1,heldout_before,activation,0.6519129872322083,0.74455726146698,0.656899631023407
fixed5,125,103,1,heldout_before,lora,0.8195205330848694,0.5607056617736816,0.8464036583900452
fixed5,125,103,1,heldout_before,batch_lora,0.8581697940826416,0.5165874361991882,0.9157724976539612
fixed5,125,103,1,heldout_after,activation,0.6502031683921814,0.7461716532707214,0.6465691328048706
fixed5,125,103,1,heldout_after,lora,0.8049854636192322,0.584695041179657,0.8312472105026245
fixed5,125,103,1,heldout_after,batch_lora,0.7154974341392517,0.732515275478363,0.9357593059539795
fixed5,125,103,2,full_batch,activation,0.5116682052612305,0.8747856616973877,0.6467620134353638
fixed5,125,103,2,full_batch,lora,0.6497689485549927,0.7927026748657227,0.8422276377677917
fixed5,125,103,2,full_batch,batch_lora,0.4762521982192993,1.1038846969604492,1.1436183452606201
fixed5,125,103,2,heldout_before,activation,0.4722294211387634,0.9198276400566101,0.6717389225959778
fixed5,125,103,2,heldout_before,lora,0.6108769178390503,0.8738794922828674,0.8961356282234192
fixed5,125,103,2,heldout_before,batch_lora,0.3763662874698639,1.314107894897461,1.3083164691925049
fixed5,125,103,2,heldout_after,activation,0.48250821232795715,0.9001845121383667,0.6403849720954895
fixed5,125,103,2,heldout_after,lora,0.6183702349662781,0.8357518315315247,0.8363940715789795
fixed5,125,103,2,heldout_after,batch_lora,0.4264591932296753,1.1440340280532837,1.1269456148147583
fixed5,125,103,3,full_batch,activation,0.4888812005519867,0.879673957824707,0.5817059874534607
fixed5,125,103,3,full_batch,lora,0.6560237407684326,0.7633276581764221,0.7713814377784729
fixed5,125,103,3,full_batch,batch_lora,0.6571642756462097,0.8478429913520813,1.0453684329986572
fixed5,125,103,3,heldout_before,activation,0.4695984721183777,0.896691620349884,0.585143506526947
fixed5,125,103,3,heldout_before,lora,0.6169245839118958,0.8029916286468506,0.7504905462265015
fixed5,125,103,3,heldout_before,batch_lora,0.3922742009162903,1.0005816221237183,0.7860286831855774
fixed5,125,103,3,heldout_after,activation,0.48710426688194275,0.8824295997619629,0.5872944593429565
fixed5,125,103,3,heldout_after,lora,0.6413551568984985,0.7796534895896912,0.7688724994659424
fixed5,125,103,3,heldout_after,batch_lora,0.6307863593101501,0.8649579286575317,1.012942910194397
fixed5,125,103,4,full_batch,activation,0.4826677441596985,0.8904731273651123,0.605645477771759
fixed5,125,103,4,full_batch,lora,0.6323215961456299,0.7985432744026184,0.8253697156906128
fixed5,125,103,4,full_batch,batch_lora,0.628527820110321,0.984501302242279,1.2320923805236816
fixed5,125,103,4,heldout_before,activation,0.4524344801902771,0.916140615940094,0.6204857230186462
fixed5,125,103,4,heldout_before,lora,0.5822561383247375,0.8579978942871094,0.8321908116340637
fixed5,125,103,4,heldout_before,batch_lora,0.3627103567123413,1.2301355600357056,1.1657001972198486
fixed5,125,103,4,heldout_after,activation,0.469096302986145,0.9009115695953369,0.6110212802886963
fixed5,125,103,4,heldout_after,lora,0.609171986579895,0.8257017731666565,0.8270962834358215
fixed5,125,103,4,heldout_after,batch_lora,0.5390143394470215,1.1148009300231934,1.2693003416061401
fixed5,125,103,5,full_batch,activation,0.4183226227760315,0.9219292402267456,0.5685208439826965
fixed5,125,103,5,full_batch,lora,0.5824717283248901,0.8405274152755737,0.7803022861480713
fixed5,125,103,5,full_batch,batch_lora,0.43121474981307983,1.216784954071045,1.2476162910461426
fixed5,125,103,5,heldout_before,activation,0.38125768303871155,0.957192063331604,0.6195725202560425
fixed5,125,103,5,heldout_before,lora,0.5259588956832886,0.9184590578079224,0.858291506767273
fixed5,125,103,5,heldout_before,batch_lora,0.26828041672706604,1.5074241161346436,1.4277206659317017
fixed5,125,103,5,heldout_after,activation,0.4073801338672638,0.9299871325492859,0.5763343572616577
fixed5,125,103,5,heldout_after,lora,0.5723960399627686,0.8530519008636475,0.7944384813308716
fixed5,125,103,5,heldout_after,batch_lora,0.4353090226650238,1.2208876609802246,1.2599669694900513
fixed5,125,103,6,full_batch,activation,0.44409435987472534,0.8981809616088867,0.5510001182556152
fixed5,125,103,6,full_batch,lora,0.630264163017273,0.7827556133270264,0.7636759281158447
fixed5,125,103,6,full_batch,batch_lora,0.5234675407409668,0.99835604429245,1.0437875986099243
fixed5,125,103,6,heldout_before,activation,0.38724347949028015,0.9475617408752441,0.6104752421379089
fixed5,125,103,6,heldout_before,lora,0.5476978421211243,0.8797606229782104,0.8285242319107056
fixed5,125,103,6,heldout_before,batch_lora,0.023334678262472153,1.4694727659225464,1.1003187894821167
fixed5,125,103,6,heldout_after,activation,0.43805015087127686,0.9016655087471008,0.5575310587882996
fixed5,125,103,6,heldout_after,lora,0.6189242601394653,0.7938554883003235,0.7765963673591614
fixed5,125,103,6,heldout_after,batch_lora,0.4893242418766022,1.045106291770935,1.0652457475662231
fixed5,125,103,7,full_batch,activation,0.4777872562408447,0.8753092288970947,0.5404537320137024
fixed5,125,103,7,full_batch,lora,0.6378753185272217,0.7684513330459595,0.7558900713920593
fixed5,125,103,7,full_batch,batch_lora,0.5714266300201416,0.893173336982727,0.923970103263855
fixed5,125,103,7,heldout_before,activation,0.4374927878379822,0.9055382013320923,0.5595123767852783
fixed5,125,103,7,heldout_before,lora,0.5712069272994995,0.833483099937439,0.7496368288993835
fixed5,125,103,7,heldout_before,batch_lora,0.31783148646354675,1.0534781217575073,0.7769969701766968
fixed5,125,103,7,heldout_after,activation,0.4715999960899353,0.879554033279419,0.5400563478469849
fixed5,125,103,7,heldout_after,lora,0.6256231665611267,0.7818213105201721,0.7558993101119995
fixed5,125,103,7,heldout_after,batch_lora,0.5289452075958252,0.9244382977485657,0.8955091238021851
fixed5,125,103,8,full_batch,activation,0.3936402499675751,0.9100421071052551,0.4364704489707947
fixed5,125,103,8,full_batch,lora,0.5685932040214539,0.8080886602401733,0.6444305181503296
fixed5,125,103,8,full_batch,batch_lora,0.5925909280776978,0.8291608691215515,0.7892423272132874
fixed5,125,103,8,heldout_before,activation,0.37038886547088623,0.923251211643219,0.4531015157699585
fixed5,125,103,8,heldout_before,lora,0.5223733186721802,0.8473761677742004,0.659623920917511
fixed5,125,103,8,heldout_before,batch_lora,0.46833688020706177,0.9437316656112671,0.7999524474143982
fixed5,125,103,8,heldout_after,activation,0.3837438225746155,0.9143868088722229,0.4304324984550476
fixed5,125,103,8,heldout_after,lora,0.5527398586273193,0.8203246593475342,0.6369203925132751
fixed5,125,103,8,heldout_after,batch_lora,0.5806131362915039,0.8389444351196289,0.782947838306427
fixed5,125,103,9,full_batch,activation,0.45406848192214966,0.8828389048576355,0.47624748945236206
fixed5,125,103,9,full_batch,lora,0.6249555349349976,0.7838268280029297,0.6846981048583984
fixed5,125,103,9,full_batch,batch_lora,0.5755482912063599,0.8874237537384033,0.9201883673667908
fixed5,125,103,9,heldout_before,activation,0.43974196910858154,0.8902837634086609,0.4892934560775757
fixed5,125,103,9,heldout_before,lora,0.5936572551727295,0.811057448387146,0.7059181928634644
fixed5,125,103,9,heldout_before,batch_lora,0.4559464454650879,1.0387367010116577,0.9915405511856079
fixed5,125,103,9,heldout_after,activation,0.44884806871414185,0.8847621083259583,0.47472625970840454
fixed5,125,103,9,heldout_after,lora,0.6132654547691345,0.7948426008224487,0.6767359972000122
fixed5,125,103,9,heldout_after,batch_lora,0.5469542741775513,0.9085608124732971,0.9000006914138794
fixed5,125,103,10,full_batch,activation,0.4242132008075714,0.9004860520362854,0.49759694933891296
fixed5,125,103,10,full_batch,lora,0.6115968227386475,0.7901495099067688,0.7185438275337219
fixed5,125,103,10,full_batch,batch_lora,0.6394103169441223,0.7940088510513306,0.8376409411430359
fixed5,125,103,10,heldout_before,activation,0.40059441328048706,0.9152291417121887,0.4935925304889679
fixed5,125,103,10,heldout_before,lora,0.5852873921394348,0.8186787962913513,0.720267653465271
fixed5,125,103,10,heldout_before,batch_lora,0.5871443748474121,0.8436449766159058,0.8247900605201721
fixed5,125,103,10,heldout_after,activation,0.41280871629714966,0.9082661271095276,0.4945923089981079
fixed5,125,103,10,heldout_after,lora,0.6004223227500916,0.802291989326477,0.7202163934707642
fixed5,125,103,10,heldout_after,batch_lora,0.6300207376480103,0.797364354133606,0.8108965754508972
fixed5,125,103,11,full_batch,activation,0.4001682996749878,0.9161900877952576,0.4499381482601166
fixed5,125,103,11,full_batch,lora,0.5985931754112244,0.8033076524734497,0.6536318063735962
fixed5,125,103,11,full_batch,batch_lora,0.6493282318115234,0.7785205245018005,0.8158255219459534
fixed5,125,103,11,heldout_before,activation,0.3849397301673889,0.9234344959259033,0.45452427864074707
fixed5,125,103,11,heldout_before,lora,0.57247394323349,0.8267112970352173,0.6728308796882629
fixed5,125,103,11,heldout_before,batch_lora,0.5815691947937012,0.8613989949226379,0.8648200035095215
fixed5,125,103,11,heldout_after,activation,0.39460673928260803,0.9188631772994995,0.44717684388160706
fixed5,125,103,11,heldout_after,lora,0.5870407223701477,0.8132407069206238,0.6517499089241028
fixed5,125,103,11,heldout_after,batch_lora,0.6318392753601074,0.7982757091522217,0.8227975964546204
fixed5,125,103,12,full_batch,activation,0.40058577060699463,0.9128110408782959,0.47192996740341187
fixed5,125,103,12,full_batch,lora,0.5814317464828491,0.811795175075531,0.6422640085220337
fixed5,125,103,12,full_batch,batch_lora,0.6274541020393372,0.8277556896209717,0.9083067774772644
fixed5,125,103,12,heldout_before,activation,0.3735186755657196,0.930736243724823,0.48526471853256226
fixed5,125,103,12,heldout_before,lora,0.5395343899726868,0.8528899550437927,0.681172251701355
fixed5,125,103,12,heldout_before,batch_lora,0.5277772545814514,0.9657549262046814,0.9873765707015991
fixed5,125,103,12,heldout_after,activation,0.3815651834011078,0.9225966930389404,0.45557549595832825
fixed5,125,103,12,heldout_after,lora,0.5633708238601685,0.8259809017181396,0.6241148710250854
fixed5,125,103,12,heldout_after,batch_lora,0.6021641492843628,0.8441277742385864,0.8763055205345154
fixed5,125,103,13,full_batch,activation,0.4096234440803528,0.9144338369369507,0.4543333947658539
fixed5,125,103,13,full_batch,lora,0.5681383609771729,0.8257919549942017,0.6167398691177368
fixed5,125,103,13,full_batch,batch_lora,0.45558786392211914,1.0622445344924927,1.0351773500442505
fixed5,125,103,13,heldout_before,activation,0.39929965138435364,0.9232382774353027,0.48249873518943787
fixed5,125,103,13,heldout_before,lora,0.5337933897972107,0.8649145364761353,0.6810255646705627
fixed5,125,103,13,heldout_before,batch_lora,0.3186352849006653,1.3009251356124878,1.209665298461914
fixed5,125,103,13,heldout_after,activation,0.4028366208076477,0.9174497127532959,0.4475373327732086
fixed5,125,103,13,heldout_after,lora,0.5561076998710632,0.8353657126426697,0.6110623478889465
fixed5,125,103,13,heldout_after,batch_lora,0.4079212546348572,1.1188656091690063,1.0546512603759766
fixed5,125,103,14,full_batch,activation,0.43279218673706055,0.8954670429229736,0.424961119890213
fixed5,125,103,14,full_batch,lora,0.5682410001754761,0.8195300102233887,0.5919151306152344
fixed5,125,103,14,full_batch,batch_lora,0.4424242079257965,0.9459329843521118,0.7433037161827087
fixed5,125,103,14,heldout_before,activation,0.39862313866615295,0.9132639169692993,0.41593804955482483
fixed5,125,103,14,heldout_before,lora,0.5031328797340393,0.8678529858589172,0.5786746144294739
fixed5,125,103,14,heldout_before,batch_lora,0.20869451761245728,1.0974656343460083,0.7066746950149536
fixed5,125,103,14,heldout_after,activation,0.41653409600257874,0.9039551615715027,0.4097422659397125
fixed5,125,103,14,heldout_after,lora,0.5493859648704529,0.8362823724746704,0.5727660655975342
fixed5,125,103,14,heldout_after,batch_lora,0.40088748931884766,0.9661966562271118,0.7078836560249329
fixed5,125,103,15,full_batch,activation,0.4398883581161499,0.8976671099662781,0.4322155714035034
fixed5,125,103,15,full_batch,lora,0.569847583770752,0.8305917382240295,0.6262584328651428
fixed5,125,103,15,full_batch,batch_lora,0.6065158247947693,0.8672357797622681,0.9528674483299255
fixed5,125,103,15,heldout_before,activation,0.4178294539451599,0.9080296754837036,0.40137192606925964
fixed5,125,103,15,heldout_before,lora,0.5312974452972412,0.8524118065834045,0.5579060912132263
fixed5,125,103,15,heldout_before,batch_lora,0.3761056661605835,1.0074857473373413,0.7716848850250244
fixed5,125,103,15,heldout_after,activation,0.4342995285987854,0.9002703428268433,0.4373725950717926
fixed5,125,103,15,heldout_after,lora,0.5541191101074219,0.8442123532295227,0.6295798420906067
fixed5,125,103,15,heldout_after,batch_lora,0.5446597337722778,0.9467644691467285,0.983997106552124
fixed5,125,103,16,full_batch,activation,0.42905527353286743,0.9060443043708801,0.4640297293663025
fixed5,125,103,16,full_batch,lora,0.5570977330207825,0.8493713736534119,0.6932927370071411
fixed5,125,103,16,full_batch,batch_lora,0.5734095573425293,0.9147734045982361,0.9803603887557983
fixed5,125,103,16,heldout_before,activation,0.4049563705921173,0.9201775193214417,0.47021278738975525
fixed5,125,103,16,heldout_before,lora,0.5244230628013611,0.8835846185684204,0.7087990045547485
fixed5,125,103,16,heldout_before,batch_lora,0.4977305829524994,0.9906931519508362,0.9764879941940308
fixed5,125,103,16,heldout_after,activation,0.4218936860561371,0.9112339019775391,0.47079676389694214
fixed5,125,103,16,heldout_after,lora,0.5522688031196594,0.8575573563575745,0.700961709022522
fixed5,125,103,16,heldout_after,batch_lora,0.5538817644119263,0.9199528694152832,0.9451596736907959
fixed5,125,103,17,full_batch,activation,0.37409132719039917,0.9290863275527954,0.4274764657020569
fixed5,125,103,17,full_batch,lora,0.5191221237182617,0.8663516640663147,0.6231114864349365
fixed5,125,103,17,full_batch,batch_lora,0.505778431892395,0.8859006762504578,0.707352340221405
fixed5,125,103,17,heldout_before,activation,0.3290320932865143,0.9491510987281799,0.3959001302719116
fixed5,125,103,17,heldout_before,lora,0.4275337755680084,0.9326496720314026,0.5792310833930969
fixed5,125,103,17,heldout_before,batch_lora,0.16777107119560242,1.0953909158706665,0.6452941298484802
fixed5,125,103,17,heldout_after,activation,0.357454389333725,0.9375848770141602,0.4214272201061249
fixed5,125,103,17,heldout_after,lora,0.4936239719390869,0.8876694440841675,0.6112589240074158
fixed5,125,103,17,heldout_after,batch_lora,0.4432120621204376,0.9183757901191711,0.6428391933441162
fixed5,125,103,18,full_batch,activation,0.3956831097602844,0.9182882308959961,0.4505952000617981
fixed5,125,103,18,full_batch,lora,0.521233081817627,0.8583897352218628,0.6406895518302917
fixed5,125,103,18,full_batch,batch_lora,0.5377593636512756,0.921707034111023,0.9102230072021484
fixed5,125,103,18,heldout_before,activation,0.3511897027492523,0.9435256123542786,0.4368583559989929
fixed5,125,103,18,heldout_before,lora,0.45142751932144165,0.9178653955459595,0.6352693438529968
fixed5,125,103,18,heldout_before,batch_lora,0.3791837692260742,1.0600146055221558,0.8963020443916321
fixed5,125,103,18,heldout_after,activation,0.3738308548927307,0.9302317500114441,0.4381538927555084
fixed5,125,103,18,heldout_after,lora,0.4927515387535095,0.8819143176078796,0.6269813776016235
fixed5,125,103,18,heldout_after,batch_lora,0.5023984909057617,0.9453443288803101,0.8846027851104736
fixed5,125,103,19,full_batch,activation,0.4067715108394623,0.9186655282974243,0.48627981543540955
fixed5,125,103,19,full_batch,lora,0.5551202297210693,0.8462622761726379,0.675438404083252
fixed5,125,103,19,full_batch,batch_lora,0.5362334251403809,0.9713300466537476,1.0168876647949219
fixed5,125,103,19,heldout_before,activation,0.3747916519641876,0.9378253221511841,0.5016419887542725
fixed5,125,103,19,heldout_before,lora,0.5079408884048462,0.8915501236915588,0.700912356376648
fixed5,125,103,19,heldout_before,batch_lora,0.3951568603515625,1.0791597366333008,0.9614912271499634
fixed5,125,103,19,heldout_after,activation,0.3977574110031128,0.9240310192108154,0.48914456367492676
fixed5,125,103,19,heldout_after,lora,0.5425992012023926,0.8580737709999084,0.6757168173789978
fixed5,125,103,19,heldout_after,batch_lora,0.4930272400379181,0.9960888028144836,0.978072464466095
fixed5,125,103,20,full_batch,activation,0.3825554847717285,0.9216864705085754,0.41641491651535034
fixed5,125,103,20,full_batch,lora,0.5312824249267578,0.8482879400253296,0.5954570770263672
fixed5,125,103,20,full_batch,batch_lora,0.6334975957870483,0.8412384390830994,0.9636510610580444
fixed5,125,103,20,heldout_before,activation,0.38506683707237244,0.9310345649719238,0.4724821150302887
fixed5,125,103,20,heldout_before,lora,0.5257878303527832,0.875879168510437,0.676083505153656
fixed5,125,103,20,heldout_before,batch_lora,0.5563515424728394,0.9189196228981018,0.9487041234970093
fixed5,125,103,20,heldout_after,activation,0.3867512345314026,0.9207018613815308,0.42088931798934937
fixed5,125,103,20,heldout_after,lora,0.5336114764213562,0.8483903408050537,0.6003944277763367
fixed5,125,103,20,heldout_after,batch_lora,0.6169206500053406,0.8589102625846863,0.9608944654464722
fixed5,125,103,21,full_batch,activation,0.3885596990585327,0.9203094244003296,0.40605565905570984
fixed5,125,103,21,full_batch,lora,0.5409518480300903,0.8383153676986694,0.5798392295837402
fixed5,125,103,21,full_batch,batch_lora,0.5925970077514648,0.8465579748153687,0.8530420660972595
fixed5,125,103,21,heldout_before,activation,0.3788851201534271,0.9287100434303284,0.4379075765609741
fixed5,125,103,21,heldout_before,lora,0.5011392831802368,0.8720360398292542,0.6109029650688171
fixed5,125,103,21,heldout_before,batch_lora,0.43994009494781494,0.979188084602356,0.8302689790725708
fixed5,125,103,21,heldout_after,activation,0.3853839039802551,0.9216926097869873,0.4047078490257263
fixed5,125,103,21,heldout_after,lora,0.5269349813461304,0.848643958568573,0.5739282965660095
fixed5,125,103,21,heldout_after,batch_lora,0.5525546073913574,0.8912553787231445,0.8682326078414917
fixed5,125,103,22,full_batch,activation,0.36648988723754883,0.9306905269622803,0.388822078704834
fixed5,125,103,22,full_batch,lora,0.5301023125648499,0.8534531593322754,0.5819368362426758
fixed5,125,103,22,full_batch,batch_lora,0.5301940441131592,0.9070239067077637,0.8523712754249573
fixed5,125,103,22,heldout_before,activation,0.356916218996048,0.9349358081817627,0.3817504048347473
fixed5,125,103,22,heldout_before,lora,0.505961537361145,0.8670026063919067,0.5553450584411621
fixed5,125,103,22,heldout_before,batch_lora,0.5082011818885803,0.900202214717865,0.7701792120933533
fixed5,125,103,22,heldout_after,activation,0.36070796847343445,0.9330736994743347,0.3871093690395355
fixed5,125,103,22,heldout_after,lora,0.517467200756073,0.862993597984314,0.5819165706634521
fixed5,125,103,22,heldout_after,batch_lora,0.5435212254524231,0.8775256872177124,0.7993858456611633
fixed5,125,103,23,full_batch,activation,0.36592376232147217,0.9308834075927734,0.3786337077617645
fixed5,125,103,23,full_batch,lora,0.5090565085411072,0.8599051237106323,0.5548427700996399
fixed5,125,103,23,full_batch,batch_lora,0.5680352449417114,0.8750067949295044,0.8651898503303528
fixed5,125,103,23,heldout_before,activation,0.3369792103767395,0.9409492015838623,0.32937541604042053
fixed5,125,103,23,heldout_before,lora,0.45076829195022583,0.8924480676651001,0.48210227489471436
fixed5,125,103,23,heldout_before,batch_lora,0.4061022996902466,1.0371644496917725,0.896641731262207
fixed5,125,103,23,heldout_after,activation,0.3515445291996002,0.9374095797538757,0.3675585687160492
fixed5,125,103,23,heldout_after,lora,0.4864436686038971,0.8767381906509399,0.5375459790229797
fixed5,125,103,23,heldout_after,batch_lora,0.4952213764190674,0.9469553232192993,0.8720085620880127
fixed5,125,103,24,full_batch,activation,0.3892088830471039,0.918932318687439,0.38285714387893677
fixed5,125,103,24,full_batch,lora,0.5312528610229492,0.84759122133255,0.55400550365448
fixed5,125,103,24,full_batch,batch_lora,0.5297834873199463,0.919920027256012,0.8860468864440918
fixed5,125,103,24,heldout_before,activation,0.37288424372673035,0.9261447787284851,0.3723999559879303
fixed5,125,103,24,heldout_before,lora,0.4984380304813385,0.8680076599121094,0.536088764667511
fixed5,125,103,24,heldout_before,batch_lora,0.3714887797832489,1.0159469842910767,0.7839837074279785
fixed5,125,103,24,heldout_after,activation,0.3845786154270172,0.9208930134773254,0.37889209389686584
fixed5,125,103,24,heldout_after,lora,0.5250328779220581,0.8514832854270935,0.5505996942520142
fixed5,125,103,24,heldout_after,batch_lora,0.5218850374221802,0.9053608179092407,0.8252694010734558
fixed5,125,103,25,full_batch,activation,0.420862078666687,0.9090204834938049,0.42565977573394775
fixed5,125,103,25,full_batch,lora,0.5581506490707397,0.8326537013053894,0.6150054931640625
fixed5,125,103,25,full_batch,batch_lora,0.5087650418281555,1.0116474628448486,1.0400581359863281
fixed5,125,103,25,heldout_before,activation,0.3996059000492096,0.9199259281158447,0.42545029520988464
fixed5,125,103,25,heldout_before,lora,0.5122530460357666,0.8692307472229004,0.6196993589401245
fixed5,125,103,25,heldout_before,batch_lora,0.3618493974208832,1.203593134880066,1.1231452226638794
fixed5,125,103,25,heldout_after,activation,0.4174744188785553,0.9108496904373169,0.4207537770271301
fixed5,125,103,25,heldout_after,lora,0.5469503402709961,0.8413263559341431,0.6089619994163513
fixed5,125,103,25,heldout_after,batch_lora,0.49330559372901917,1.034560203552246,1.0533636808395386
fixed5,125,103,26,full_batch,activation,0.3825314939022064,0.9199326038360596,0.38268834352493286
fixed5,125,103,26,full_batch,lora,0.5089848041534424,0.8634358644485474,0.5949264764785767
fixed5,125,103,26,full_batch,batch_lora,0.5292050838470459,0.9639784693717957,0.9867119193077087
fixed5,125,103,26,heldout_before,activation,0.3838416039943695,0.91925448179245,0.3896492123603821
fixed5,125,103,26,heldout_before,lora,0.520028829574585,0.8561093807220459,0.5918630957603455
fixed5,125,103,26,heldout_before,batch_lora,0.5835322141647339,0.9366188645362854,1.050184965133667
fixed5,125,103,26,heldout_after,activation,0.3861342966556549,0.9197618365287781,0.3928919732570648
fixed5,125,103,26,heldout_after,lora,0.507490873336792,0.8691812753677368,0.6115312576293945
fixed5,125,103,26,heldout_after,batch_lora,0.5567893385887146,0.9658994674682617,1.049715280532837
fixed5,125,103,27,full_batch,activation,0.40835368633270264,0.9121458530426025,0.3937499523162842
fixed5,125,103,27,full_batch,lora,0.5308070182800293,0.8562932014465332,0.6000884175300598
fixed5,125,103,27,full_batch,batch_lora,0.3151751160621643,1.2292746305465698,1.0964891910552979
fixed5,125,103,27,heldout_before,activation,0.3991895914077759,0.9172714948654175,0.3972397446632385
fixed5,125,103,27,heldout_before,lora,0.5038629770278931,0.8784381747245789,0.6114547252655029
fixed5,125,103,27,heldout_before,batch_lora,0.19556975364685059,1.4026421308517456,1.1983919143676758
fixed5,125,103,27,heldout_after,activation,0.4048103094100952,0.9140406847000122,0.3949625790119171
fixed5,125,103,27,heldout_after,lora,0.525039792060852,0.8598219156265259,0.6055126190185547
fixed5,125,103,27,heldout_after,batch_lora,0.30789974331855774,1.242391586303711,1.106860876083374
fixed5,125,103,28,full_batch,activation,0.3710034489631653,0.9248049259185791,0.37602365016937256
fixed5,125,103,28,full_batch,lora,0.504508376121521,0.8610550761222839,0.5450413227081299
fixed5,125,103,28,full_batch,batch_lora,0.4087044894695282,0.9717323780059814,0.7423258423805237
fixed5,125,103,28,heldout_before,activation,0.35634177923202515,0.9333317279815674,0.3935103714466095
fixed5,125,103,28,heldout_before,lora,0.47293758392333984,0.8911145329475403,0.5891162753105164
fixed5,125,103,28,heldout_before,batch_lora,0.2977954149246216,1.1056710481643677,0.8556399345397949
fixed5,125,103,28,heldout_after,activation,0.36040613055229187,0.9289577007293701,0.37077996134757996
fixed5,125,103,28,heldout_after,lora,0.4914483428001404,0.8699023723602295,0.5418631434440613
fixed5,125,103,28,heldout_after,batch_lora,0.38495153188705444,0.9815837740898132,0.7191585898399353
fixed5,125,103,29,full_batch,activation,0.44000130891799927,0.8980709314346313,0.4239475131034851
fixed5,125,103,29,full_batch,lora,0.5775932669639587,0.8188778162002563,0.5875959396362305
fixed5,125,103,29,full_batch,batch_lora,0.4907480478286743,1.02231764793396,1.025506854057312
fixed5,125,103,29,heldout_before,activation,0.4195162355899811,0.9097816348075867,0.4172419309616089
fixed5,125,103,29,heldout_before,lora,0.5523784160614014,0.8405163884162903,0.5828467607498169
fixed5,125,103,29,heldout_before,batch_lora,0.41974717378616333,1.0950634479522705,1.0324068069458008
fixed5,125,103,29,heldout_after,activation,0.424463152885437,0.9063388705253601,0.41449058055877686
fixed5,125,103,29,heldout_after,lora,0.5605705976486206,0.832859218120575,0.5767738819122314
fixed5,125,103,29,heldout_after,batch_lora,0.4479263424873352,1.0623162984848022,1.0216457843780518
fixed5,125,103,30,full_batch,activation,0.3842451870441437,0.9173388481140137,0.3771613538265228
fixed5,125,103,30,full_batch,lora,0.5193132162094116,0.84669029712677,0.5469232201576233
fixed5,125,103,30,full_batch,batch_lora,0.6042678356170654,0.8317390084266663,0.8428667187690735
fixed5,125,103,30,heldout_before,activation,0.36614614725112915,0.9264850616455078,0.3572353422641754
fixed5,125,103,30,heldout_before,lora,0.4909747838973999,0.8673770427703857,0.5068918466567993
fixed5,125,103,30,heldout_before,batch_lora,0.5561573505401611,0.8511165380477905,0.7397615909576416
fixed5,125,103,30,heldout_after,activation,0.3764282166957855,0.9218742251396179,0.3761007487773895
fixed5,125,103,30,heldout_after,lora,0.5009228587150574,0.860986590385437,0.5415693521499634
fixed5,125,103,30,heldout_after,batch_lora,0.5838413238525391,0.84201979637146,0.8071528077125549
fixed5,125,103,31,full_batch,activation,0.42204585671424866,0.900041937828064,0.439746618270874
fixed5,125,103,31,full_batch,lora,0.5550922751426697,0.8279675841331482,0.6599037647247314
fixed5,125,103,31,full_batch,batch_lora,0.6268033981323242,0.8917900919914246,1.0605915784835815
fixed5,125,103,31,heldout_before,activation,0.4255722165107727,0.8992887735366821,0.437427282333374
fixed5,125,103,31,heldout_before,lora,0.5489890575408936,0.8318167328834534,0.6380433440208435
fixed5,125,103,31,heldout_before,batch_lora,0.6019415855407715,0.8964982032775879,1.0094250440597534
fixed5,125,103,31,heldout_after,activation,0.429185688495636,0.8976857662200928,0.45257729291915894
fixed5,125,103,31,heldout_after,lora,0.5601797103881836,0.8276792168617249,0.6754968762397766
fixed5,125,103,31,heldout_after,batch_lora,0.6199672222137451,0.9051192402839661,1.071187973022461
fixed5,125,103,32,full_batch,activation,0.36417531967163086,0.9282718896865845,0.40165048837661743
fixed5,125,103,32,full_batch,lora,0.5068117380142212,0.8642563819885254,0.5751806497573853
fixed5,125,103,32,full_batch,batch_lora,0.3873271048069,1.0159169435501099,0.8140699863433838
fixed5,125,103,32,heldout_before,activation,0.35777339339256287,0.9305307865142822,0.4042133688926697
fixed5,125,103,32,heldout_before,lora,0.4972122013568878,0.8722150325775146,0.5948595404624939
fixed5,125,103,32,heldout_before,batch_lora,0.48749202489852905,0.9992426037788391,0.9734284281730652
fixed5,125,103,32,heldout_after,activation,0.3609927296638489,0.9294171929359436,0.3992348909378052
fixed5,125,103,32,heldout_after,lora,0.5006818771362305,0.8687758445739746,0.5795094966888428
fixed5,125,103,32,heldout_after,batch_lora,0.4062533974647522,0.9909698367118835,0.7897411584854126
frozen,123,101,1,full_batch,activation,0.6197435855865479,0.772530198097229,0.6352064609527588
frozen,123,101,1,full_batch,lora,0.7936022281646729,0.5929917693138123,0.844613790512085
frozen,123,101,1,full_batch,batch_lora,0.8594388961791992,0.5118429064750671,0.884306013584137
frozen,123,101,1,heldout_before,activation,0.6176580786705017,0.7733432650566101,0.6311622858047485
frozen,123,101,1,heldout_before,lora,0.7890844941139221,0.5956767797470093,0.8364290595054626
frozen,123,101,1,heldout_before,batch_lora,0.8601476550102234,0.5106713771820068,0.8854318261146545
frozen,123,101,1,heldout_after,activation,0.6176580786705017,0.7733432650566101,0.6311622858047485
frozen,123,101,1,heldout_after,lora,0.7890844941139221,0.5956767797470093,0.8364290595054626
frozen,123,101,1,heldout_after,batch_lora,0.8601476550102234,0.5106713771820068,0.8854318261146545
frozen,123,101,2,full_batch,activation,0.553321361541748,0.8381804823875427,0.5585364103317261
frozen,123,101,2,full_batch,lora,0.6886715888977051,0.731507420539856,0.7120649814605713
frozen,123,101,2,full_batch,batch_lora,0.3081619143486023,0.9889105558395386,0.5781764984130859
frozen,123,101,2,heldout_before,activation,0.5541231632232666,0.8375168442726135,0.5664994716644287
frozen,123,101,2,heldout_before,lora,0.6933363080024719,0.7256748080253601,0.7229230403900146
frozen,123,101,2,heldout_before,batch_lora,0.22382955253124237,1.058200478553772,0.636003851890564
frozen,123,101,2,heldout_after,activation,0.5541231632232666,0.8375168442726135,0.5664994716644287
frozen,123,101,2,heldout_after,lora,0.6933363080024719,0.7256748080253601,0.7229230403900146
frozen,123,101,2,heldout_after,batch_lora,0.22382955253124237,1.058200478553772,0.636003851890564
frozen,123,101,3,full_batch,activation,0.47021856904029846,0.8878253698348999,0.4675356447696686
frozen,123,101,3,full_batch,lora,0.564189076423645,0.8348819017410278,0.6007554531097412
frozen,123,101,3,full_batch,batch_lora,0.016455408185720444,1.0402145385742188,0.30336496233940125
frozen,123,101,3,heldout_before,activation,0.4637633264064789,0.8901991844177246,0.44671550393104553
frozen,123,101,3,heldout_before,lora,0.559668242931366,0.8367260694503784,0.5774425864219666
frozen,123,101,3,heldout_before,batch_lora,0.10060632973909378,1.0122805833816528,0.2872437834739685
frozen,123,101,3,heldout_after,activation,0.4637633264064789,0.8901991844177246,0.44671550393104553
frozen,123,101,3,heldout_after,lora,0.559668242931366,0.8367260694503784,0.5774425864219666
frozen,123,101,3,heldout_after,batch_lora,0.10060632973909378,1.0122805833816528,0.2872437834739685
frozen,123,101,4,full_batch,activation,0.4294045567512512,0.9167633056640625,0.43861228227615356
frozen,123,101,4,full_batch,lora,0.49605876207351685,0.8840624690055847,0.5490925312042236
frozen,123,101,4,full_batch,batch_lora,0.058693476021289825,1.0280089378356934,0.304146945476532
frozen,123,101,4,heldout_before,activation,0.4238837957382202,0.9171041250228882,0.42228835821151733
frozen,123,101,4,heldout_before,lora,0.4773259162902832,0.8921459317207336,0.5248739123344421
frozen,123,101,4,heldout_before,batch_lora,0.1108471229672432,1.0142148733139038,0.3131313920021057
frozen,123,101,4,heldout_after,activation,0.4238837957382202,0.9171041250228882,0.42228835821151733
frozen,123,101,4,heldout_after,lora,0.4773259162902832,0.8921459317207336,0.5248739123344421
frozen,123,101,4,heldout_after,batch_lora,0.1108471229672432,1.0142148733139038,0.3131313920021057
frozen,123,101,5,full_batch,activation,0.3988837003707886,0.9170910120010376,0.3763667941093445
frozen,123,101,5,full_batch,lora,0.4774046540260315,0.8799230456352234,0.4778284430503845
frozen,123,101,5,full_batch,batch_lora,0.06055809184908867,1.022383451461792,0.2817712128162384
frozen,123,101,5,heldout_before,activation,0.4057247042655945,0.91390061378479,0.37907788157463074
frozen,123,101,5,heldout_before,lora,0.47989335656166077,0.8782427906990051,0.4783359169960022
frozen,123,101,5,heldout_before,batch_lora,0.09609076380729675,1.0113869905471802,0.2753591537475586
frozen,123,101,5,heldout_after,activation,0.4057247042655945,0.91390061378479,0.37907788157463074
frozen,123,101,5,heldout_after,lora,0.47989335656166077,0.8782427906990051,0.4783359169960022
frozen,123,101,5,heldout_after,batch_lora,0.09609076380729675,1.0113869905471802,0.2753591537475586
frozen,123,101,6,full_batch,activation,0.3377792537212372,0.9404842257499695,0.35783571004867554
frozen,123,101,6,full_batch,lora,0.4250359535217285,0.9048711061477661,0.45008838176727295
frozen,123,101,6,full_batch,batch_lora,-0.20958629250526428,1.1057546138763428,0.3067660331726074
frozen,123,101,6,heldout_before,activation,0.34658318758010864,0.9357358813285828,0.3521926701068878
frozen,123,101,6,heldout_before,lora,0.43567371368408203,0.8972821235656738,0.44050028920173645
frozen,123,101,6,heldout_before,batch_lora,-0.12380729615688324,1.0791735649108887,0.30039069056510925
frozen,123,101,6,heldout_after,activation,0.34658318758010864,0.9357358813285828,0.3521926701068878
frozen,123,101,6,heldout_after,lora,0.43567371368408203,0.8972821235656738,0.44050028920173645
frozen,123,101,6,heldout_after,batch_lora,-0.12380729615688324,1.0791735649108887,0.30039069056510925
frozen,123,101,7,full_batch,activation,0.32956933975219727,0.9514715671539307,0.3333108127117157
frozen,123,101,7,full_batch,lora,0.39868706464767456,0.9287595748901367,0.42053425312042236
frozen,123,101,7,full_batch,batch_lora,-0.041168294847011566,1.041175127029419,0.2516464293003082
frozen,123,101,7,heldout_before,activation,0.3295755386352539,0.9523118138313293,0.3379127085208893
frozen,123,101,7,heldout_before,lora,0.3935808837413788,0.932124674320221,0.4241497814655304
frozen,123,101,7,heldout_before,batch_lora,-0.09355945885181427,1.0548619031906128,0.25499042868614197
frozen,123,101,7,heldout_after,activation,0.3295755386352539,0.9523118138313293,0.3379127085208893
frozen,123,101,7,heldout_after,lora,0.3935808837413788,0.932124674320221,0.4241497814655304
frozen,123,101,7,heldout_after,batch_lora,-0.09355945885181427,1.0548619031906128,0.25499042868614197
frozen,123,101,8,full_batch,activation,0.2683579921722412,0.9725797176361084,0.3428516387939453
frozen,123,101,8,full_batch,lora,0.3247607946395874,0.9602810144424438,0.4376944899559021
frozen,123,101,8,full_batch,batch_lora,-0.19896206259727478,1.074792504310608,0.24235957860946655
frozen,123,101,8,heldout_before,activation,0.2684198021888733,0.9734067916870117,0.34125247597694397
frozen,123,101,8,heldout_before,lora,0.3222532272338867,0.9623777866363525,0.43383103609085083
frozen,123,101,8,heldout_before,batch_lora,-0.1607947051525116,1.060516595840454,0.2272135466337204
frozen,123,101,8,heldout_after,activation,0.2684198021888733,0.9734067916870117,0.34125247597694397
frozen,123,101,8,heldout_after,lora,0.3222532272338867,0.9623777866363525,0.43383103609085083
frozen,123,101,8,heldout_after,batch_lora,-0.1607947051525116,1.060516595840454,0.2272135466337204
frozen,123,101,9,full_batch,activation,0.20837579667568207,0.9806957244873047,0.2964022755622864
frozen,123,101,9,full_batch,lora,0.22902822494506836,0.9808413982391357,0.35442888736724854
frozen,123,101,9,full_batch,batch_lora,-0.13712924718856812,1.0728651285171509,0.27499204874038696
frozen,123,101,9,heldout_before,activation,0.20968924462795258,0.9795343279838562,0.29456835985183716
frozen,123,101,9,heldout_before,lora,0.23587091267108917,0.9777708649635315,0.3534008264541626
frozen,123,101,9,heldout_before,batch_lora,-0.1290757805109024,1.0708740949630737,0.2751912772655487
frozen,123,101,9,heldout_after,activation,0.20968924462795258,0.9795343279838562,0.29456835985183716
frozen,123,101,9,heldout_after,lora,0.23587091267108917,0.9777708649635315,0.3534008264541626
frozen,123,101,9,heldout_after,batch_lora,-0.1290757805109024,1.0708740949630737,0.2751912772655487
frozen,123,101,10,full_batch,activation,0.16430392861366272,0.9895831346511841,0.24851343035697937
frozen,123,101,10,full_batch,lora,0.20222707092761993,0.9858819246292114,0.31244957447052
frozen,123,101,10,full_batch,batch_lora,-0.1716488003730774,1.053187370300293,0.20073136687278748
frozen,123,101,10,heldout_before,activation,0.1716199368238449,0.9883553981781006,0.2521659731864929
frozen,123,101,10,heldout_before,lora,0.21355457603931427,0.9837681651115417,0.3196934461593628
frozen,123,101,10,heldout_before,batch_lora,-0.14898671209812164,1.050663709640503,0.20610648393630981
frozen,123,101,10,heldout_after,activation,0.1716199368238449,0.9883553981781006,0.2521659731864929
frozen,123,101,10,heldout_after,lora,0.21355457603931427,0.9837681651115417,0.3196934461593628
frozen,123,101,10,heldout_after,batch_lora,-0.14898671209812164,1.050663709640503,0.20610648393630981
frozen,123,101,11,full_batch,activation,0.14182426035404205,0.9910571575164795,0.21544775366783142
frozen,123,101,11,full_batch,lora,0.1668463945388794,0.9924443960189819,0.27772951126098633
frozen,123,101,11,full_batch,batch_lora,-0.12558285892009735,1.0289208889007568,0.1472710222005844
frozen,123,101,11,heldout_before,activation,0.13352400064468384,0.9922703504562378,0.2041379064321518
frozen,123,101,11,heldout_before,lora,0.15646162629127502,0.9925398826599121,0.2550489008426666
frozen,123,101,11,heldout_before,batch_lora,-0.12199924141168594,1.0262972116470337,0.13909423351287842
frozen,123,101,11,heldout_after,activation,0.13352400064468384,0.9922703504562378,0.2041379064321518
frozen,123,101,11,heldout_after,lora,0.15646162629127502,0.9925398826599121,0.2550489008426666
frozen,123,101,11,heldout_after,batch_lora,-0.12199924141168594,1.0262972116470337,0.13909423351287842
frozen,123,101,12,full_batch,activation,0.14393390715122223,0.9895269870758057,0.19363614916801453
frozen,123,101,12,full_batch,lora,0.17776933312416077,0.9854126572608948,0.2519589066505432
frozen,123,101,12,full_batch,batch_lora,-0.09200764447450638,1.0194132328033447,0.12632429599761963
frozen,123,101,12,heldout_before,activation,0.1341782659292221,0.9919239282608032,0.19343750178813934
frozen,123,101,12,heldout_before,lora,0.16434283554553986,0.989565372467041,0.24745799601078033
frozen,123,101,12,heldout_before,batch_lora,-0.08441630005836487,1.018003225326538,0.12404665350914001
frozen,123,101,12,heldout_after,activation,0.1341782659292221,0.9919239282608032,0.19343750178813934
frozen,123,101,12,heldout_after,lora,0.16434283554553986,0.989565372467041,0.24745799601078033
frozen,123,101,12,heldout_after,batch_lora,-0.08441630005836487,1.018003225326538,0.12404665350914001
frozen,123,101,13,full_batch,activation,0.07854050397872925,1.0003149509429932,0.16468386352062225
frozen,123,101,13,full_batch,lora,0.07491828501224518,1.005977988243103,0.20713603496551514
frozen,123,101,13,full_batch,batch_lora,-0.12455477565526962,1.020451545715332,0.11384716629981995
frozen,123,101,13,heldout_before,activation,0.07678788155317307,1.0005378723144531,0.16268613934516907
frozen,123,101,13,heldout_before,lora,0.07505352795124054,1.0059257745742798,0.20442309975624084
frozen,123,101,13,heldout_before,batch_lora,-0.12095028907060623,1.0200237035751343,0.11373525857925415
frozen,123,101,13,heldout_after,activation,0.07678788155317307,1.0005378723144531,0.16268613934516907
frozen,123,101,13,heldout_after,lora,0.07505352795124054,1.0059257745742798,0.20442309975624084
frozen,123,101,13,heldout_after,batch_lora,-0.12095028907060623,1.0200237035751343,0.11373525857925415
frozen,123,101,14,full_batch,activation,0.06616802513599396,1.000554084777832,0.14693498611450195
frozen,123,101,14,full_batch,lora,0.06147865951061249,1.0053377151489258,0.1809508502483368
frozen,123,101,14,full_batch,batch_lora,-0.09856408834457397,1.0148967504501343,0.10076048970222473
frozen,123,101,14,heldout_before,activation,0.06354045867919922,1.0006970167160034,0.14401689171791077
frozen,123,101,14,heldout_before,lora,0.060649458318948746,1.0053108930587769,0.1777709275484085
frozen,123,101,14,heldout_before,batch_lora,-0.08706183731555939,1.0134462118148804,0.09909111261367798
frozen,123,101,14,heldout_after,activation,0.06354045867919922,1.0006970167160034,0.14401689171791077
frozen,123,101,14,heldout_after,lora,0.060649458318948746,1.0053108930587769,0.1777709275484085
frozen,123,101,14,heldout_after,batch_lora,-0.08706183731555939,1.0134462118148804,0.09909111261367798
frozen,123,101,15,full_batch,activation,0.0638282299041748,0.9997809529304504,0.12910617887973785
frozen,123,101,15,full_batch,lora,0.059393297880887985,1.003013014793396,0.16703864932060242
frozen,123,101,15,full_batch,batch_lora,-0.10069617629051208,1.013463020324707,0.09229879826307297
frozen,123,101,15,heldout_before,activation,0.06626985222101212,0.9994032382965088,0.12911461293697357
frozen,123,101,15,heldout_before,lora,0.06134016811847687,1.0027116537094116,0.16815678775310516
frozen,123,101,15,heldout_before,batch_lora,-0.1072978526353836,1.0140691995620728,0.09232452511787415
frozen,123,101,15,heldout_after,activation,0.06626985222101212,0.9994032382965088,0.12911461293697357
frozen,123,101,15,heldout_after,lora,0.06134016811847687,1.0027116537094116,0.16815678775310516
frozen,123,101,15,heldout_after,batch_lora,-0.1072978526353836,1.0140691995620728,0.09232452511787415
frozen,123,101,16,full_batch,activation,0.04773639142513275,1.0008258819580078,0.11422102898359299
frozen,123,101,16,full_batch,lora,0.028143415227532387,1.006980061531067,0.15008662641048431
frozen,123,101,16,full_batch,batch_lora,-0.1242721676826477,1.015714406967163,0.09279747307300568
frozen,123,101,16,heldout_before,activation,0.04457400366663933,1.001200556755066,0.11531653255224228
frozen,123,101,16,heldout_before,lora,0.02651371993124485,1.007513403892517,0.1523207724094391
frozen,123,101,16,heldout_before,batch_lora,-0.12138451635837555,1.0155713558197021,0.09336964040994644
frozen,123,101,16,heldout_after,activation,0.04457400366663933,1.001200556755066,0.11531653255224228
frozen,123,101,16,heldout_after,lora,0.02651371993124485,1.007513403892517,0.1523207724094391
frozen,123,101,16,heldout_after,batch_lora,-0.12138451635837555,1.0155713558197021,0.09336964040994644
frozen,123,101,17,full_batch,activation,0.02768862247467041,1.0026674270629883,0.10882141441106796
frozen,123,101,17,full_batch,lora,-0.004157725255936384,1.0102369785308838,0.1425003707408905
frozen,123,101,17,full_batch,batch_lora,-0.1467994898557663,1.0175588130950928,0.0918966606259346
frozen,123,101,17,heldout_before,activation,0.02472705766558647,1.0028862953186035,0.10712447017431259
frozen,123,101,17,heldout_before,lora,-0.011325395666062832,1.0110872983932495,0.14058691263198853
frozen,123,101,17,heldout_before,batch_lora,-0.1523294895887375,1.0182690620422363,0.09277469664812088
frozen,123,101,17,heldout_after,activation,0.02472705766558647,1.0028862953186035,0.10712447017431259
frozen,123,101,17,heldout_after,lora,-0.011325395666062832,1.0110872983932495,0.14058691263198853
frozen,123,101,17,heldout_after,batch_lora,-0.1523294895887375,1.0182690620422363,0.09277469664812088
frozen,123,101,18,full_batch,activation,0.020488079637289047,1.0025999546051025,0.09720353037118912
frozen,123,101,18,full_batch,lora,-0.03512167930603027,1.0132160186767578,0.13269510865211487
frozen,123,101,18,full_batch,batch_lora,-0.14289554953575134,1.017308235168457,0.09233876317739487
frozen,123,101,18,heldout_before,activation,0.018379665911197662,1.002840280532837,0.09681867063045502
frozen,123,101,18,heldout_before,lora,-0.032725345343351364,1.0126540660858154,0.1305907964706421
frozen,123,101,18,heldout_before,batch_lora,-0.14116525650024414,1.0169306993484497,0.09137618541717529
frozen,123,101,18,heldout_after,activation,0.018379665911197662,1.002840280532837,0.09681867063045502
frozen,123,101,18,heldout_after,lora,-0.032725345343351364,1.0126540660858154,0.1305907964706421
frozen,123,101,18,heldout_after,batch_lora,-0.14116525650024414,1.0169306993484497,0.09137618541717529
frozen,123,101,19,full_batch,activation,0.01591125875711441,1.0028672218322754,0.09223486483097076
frozen,123,101,19,full_batch,lora,-0.04872676730155945,1.0138869285583496,0.12535378336906433
frozen,123,101,19,full_batch,batch_lora,-0.15787813067436218,1.0189483165740967,0.09348061680793762
frozen,123,101,19,heldout_before,activation,0.013960021547973156,1.0030517578125,0.09199318289756775
frozen,123,101,19,heldout_before,lora,-0.053048476576805115,1.0144442319869995,0.12497807294130325
frozen,123,101,19,heldout_before,batch_lora,-0.16919098794460297,1.0200722217559814,0.09381662309169769
frozen,123,101,19,heldout_after,activation,0.013960021547973156,1.0030517578125,0.09199318289756775
frozen,123,101,19,heldout_after,lora,-0.053048476576805115,1.0144442319869995,0.12497807294130325
frozen,123,101,19,heldout_after,batch_lora,-0.16919098794460297,1.0200722217559814,0.09381662309169769
frozen,123,101,20,full_batch,activation,0.011768091470003128,1.0034730434417725,0.0973077043890953
frozen,123,101,20,full_batch,lora,-0.04873546212911606,1.0161139965057373,0.1399913877248764
frozen,123,101,20,full_batch,batch_lora,-0.14884990453720093,1.020979642868042,0.10522834211587906
frozen,123,101,20,heldout_before,activation,0.011773965321481228,1.0034866333007812,0.09753198176622391
frozen,123,101,20,heldout_before,lora,-0.04580283537507057,1.0157673358917236,0.14025473594665527
frozen,123,101,20,heldout_before,batch_lora,-0.1416582465171814,1.0208269357681274,0.10765039920806885
frozen,123,101,20,heldout_after,activation,0.011773965321481228,1.0034866333007812,0.09753198176622391
frozen,123,101,20,heldout_after,lora,-0.04580283537507057,1.0157673358917236,0.14025473594665527
frozen,123,101,20,heldout_after,batch_lora,-0.1416582465171814,1.0208269357681274,0.10765039920806885
frozen,123,101,21,full_batch,activation,0.001085496973246336,1.0030659437179565,0.0796523317694664
frozen,123,101,21,full_batch,lora,-0.07996829599142075,1.0146455764770508,0.11035560071468353
frozen,123,101,21,full_batch,batch_lora,-0.17556792497634888,1.0193417072296143,0.08878316730260849
frozen,123,101,21,heldout_before,activation,0.0002950068155769259,1.0030176639556885,0.07806205749511719
frozen,123,101,21,heldout_before,lora,-0.0808592364192009,1.014374852180481,0.10866759717464447
frozen,123,101,21,heldout_before,batch_lora,-0.17796777188777924,1.0192382335662842,0.08758673071861267
frozen,123,101,21,heldout_after,activation,0.0002950068155769259,1.0030176639556885,0.07806205749511719
frozen,123,101,21,heldout_after,lora,-0.0808592364192009,1.014374852180481,0.10866759717464447
frozen,123,101,21,heldout_after,batch_lora,-0.17796777188777924,1.0192382335662842,0.08758673071861267
frozen,123,101,22,full_batch,activation,-0.008009126409888268,1.0033962726593018,0.07549306005239487
frozen,123,101,22,full_batch,lora,-0.09787269681692123,1.0156513452529907,0.1065782904624939
frozen,123,101,22,full_batch,batch_lora,-0.1706382930278778,1.0193110704421997,0.090345598757267
frozen,123,101,22,heldout_before,activation,-0.008292898535728455,1.0034338235855103,0.07545122504234314
frozen,123,101,22,heldout_before,lora,-0.09851568192243576,1.015489101409912,0.10540406405925751
frozen,123,101,22,heldout_before,batch_lora,-0.16871760785579681,1.019335389137268,0.09110968559980392
frozen,123,101,22,heldout_after,activation,-0.008292898535728455,1.0034338235855103,0.07545122504234314
frozen,123,101,22,heldout_after,lora,-0.09851568192243576,1.015489101409912,0.10540406405925751
frozen,123,101,22,heldout_after,batch_lora,-0.16871760785579681,1.019335389137268,0.09110968559980392
frozen,123,101,23,full_batch,activation,-0.0040631843730807304,1.0030461549758911,0.07377204298973083
frozen,123,101,23,full_batch,lora,-0.08233825117349625,1.01496160030365,0.11163415014743805
frozen,123,101,23,full_batch,batch_lora,-0.14637142419815063,1.0188566446304321,0.09754116833209991
frozen,123,101,23,heldout_before,activation,-0.006629851181060076,1.0032579898834229,0.07383780181407928
frozen,123,101,23,heldout_before,lora,-0.08514483273029327,1.0148900747299194,0.1098419725894928
frozen,123,101,23,heldout_before,batch_lora,-0.15073393285274506,1.018960952758789,0.09625214338302612
frozen,123,101,23,heldout_after,activation,-0.006629851181060076,1.0032579898834229,0.07383780181407928
frozen,123,101,23,heldout_after,lora,-0.08514483273029327,1.0148900747299194,0.1098419725894928
frozen,123,101,23,heldout_after,batch_lora,-0.15073393285274506,1.018960952758789,0.09625214338302612
frozen,123,101,24,full_batch,activation,-0.011514360085129738,1.0037078857421875,0.07280413061380386
frozen,123,101,24,full_batch,lora,-0.07325734198093414,1.0158312320709229,0.1196996420621872
frozen,123,101,24,full_batch,batch_lora,-0.12153446674346924,1.0196892023086548,0.11199633032083511
frozen,123,101,24,heldout_before,activation,-0.00961213931441307,1.003612756729126,0.07341702282428741
frozen,123,101,24,heldout_before,lora,-0.07013426721096039,1.0156371593475342,0.12056059390306473
frozen,123,101,24,heldout_before,batch_lora,-0.11630101501941681,1.0189746618270874,0.11137304455041885
frozen,123,101,24,heldout_after,activation,-0.00961213931441307,1.003612756729126,0.07341702282428741
frozen,123,101,24,heldout_after,lora,-0.07013426721096039,1.0156371593475342,0.12056059390306473
frozen,123,101,24,heldout_after,batch_lora,-0.11630101501941681,1.0189746618270874,0.11137304455041885
frozen,123,101,25,full_batch,activation,-0.01893739029765129,1.0034050941467285,0.06451977789402008
frozen,123,101,25,full_batch,lora,-0.05124858394265175,1.012639045715332,0.11582063138484955
frozen,123,101,25,full_batch,batch_lora,-0.0799548476934433,1.015479326248169,0.11392919719219208
frozen,123,101,25,heldout_before,activation,-0.015339234843850136,1.0030303001403809,0.06310299783945084
frozen,123,101,25,heldout_before,lora,-0.051922980695962906,1.0125480890274048,0.11467982828617096
frozen,123,101,25,heldout_before,batch_lora,-0.07914286851882935,1.0151368379592896,0.11260323226451874
frozen,123,101,25,heldout_after,activation,-0.015339234843850136,1.0030303001403809,0.06310299783945084
frozen,123,101,25,heldout_after,lora,-0.051922980695962906,1.0125480890274048,0.11467982828617096
frozen,123,101,25,heldout_after,batch_lora,-0.07914286851882935,1.0151368379592896,0.11260323226451874
frozen,123,101,26,full_batch,activation,-0.02122245728969574,1.0029833316802979,0.05858122557401657
frozen,123,101,26,full_batch,lora,-0.036604370921850204,1.0110774040222168,0.11737418174743652
frozen,123,101,26,full_batch,batch_lora,-0.0545404814183712,1.0128657817840576,0.11537665128707886
frozen,123,101,26,heldout_before,activation,-0.018757237121462822,1.0029515027999878,0.06013133004307747
frozen,123,101,26,heldout_before,lora,-0.03653929382562637,1.0115407705307007,0.12098461389541626
frozen,123,101,26,heldout_before,batch_lora,-0.05491931363940239,1.0134283304214478,0.11843916773796082
frozen,123,101,26,heldout_after,activation,-0.018757237121462822,1.0029515027999878,0.06013133004307747
frozen,123,101,26,heldout_after,lora,-0.03653929382562637,1.0115407705307007,0.12098461389541626
frozen,123,101,26,heldout_after,batch_lora,-0.05491931363940239,1.0134283304214478,0.11843916773796082
frozen,123,101,27,full_batch,activation,-0.03418254479765892,1.002657175064087,0.04591652378439903
frozen,123,101,27,full_batch,lora,-0.06255576014518738,1.0109821557998657,0.0983344316482544
frozen,123,101,27,full_batch,batch_lora,-0.08328680694103241,1.013316035270691,0.10041437298059464
frozen,123,101,27,heldout_before,activation,-0.03474852442741394,1.002700686454773,0.04636267572641373
frozen,123,101,27,heldout_before,lora,-0.06080833077430725,1.010673999786377,0.09762439131736755
frozen,123,101,27,heldout_before,batch_lora,-0.07912278175354004,1.0127365589141846,0.09947118908166885
frozen,123,101,27,heldout_after,activation,-0.03474852442741394,1.002700686454773,0.04636267572641373
frozen,123,101,27,heldout_after,lora,-0.06080833077430725,1.010673999786377,0.09762439131736755
frozen,123,101,27,heldout_after,batch_lora,-0.07912278175354004,1.0127365589141846,0.09947118908166885
frozen,123,101,28,full_batch,activation,-0.04202337935566902,1.0026929378509521,0.04292062669992447
frozen,123,101,28,full_batch,lora,-0.07652837038040161,1.0115947723388672,0.09412115067243576
frozen,123,101,28,full_batch,batch_lora,-0.09661053121089935,1.013569951057434,0.09485125541687012
frozen,123,101,28,heldout_before,activation,-0.04275776073336601,1.0026658773422241,0.04247630760073662
frozen,123,101,28,heldout_before,lora,-0.07565437257289886,1.0114483833312988,0.09396197646856308
frozen,123,101,28,heldout_before,batch_lora,-0.09228147566318512,1.013001561164856,0.0939655676484108
frozen,123,101,28,heldout_after,activation,-0.04275776073336601,1.0026658773422241,0.04247630760073662
frozen,123,101,28,heldout_after,lora,-0.07565437257289886,1.0114483833312988,0.09396197646856308
frozen,123,101,28,heldout_after,batch_lora,-0.09228147566318512,1.013001561164856,0.0939655676484108
frozen,123,101,29,full_batch,activation,-0.03948402404785156,1.0021369457244873,0.03609621152281761
frozen,123,101,29,full_batch,lora,-0.07643212378025055,1.0106734037399292,0.08837248384952545
frozen,123,101,29,full_batch,batch_lora,-0.0924265906214714,1.0123581886291504,0.09036217629909515
frozen,123,101,29,heldout_before,activation,-0.038673967123031616,1.0021696090698242,0.03667198121547699
frozen,123,101,29,heldout_before,lora,-0.07784871011972427,1.010953664779663,0.08900217711925507
frozen,123,101,29,heldout_before,batch_lora,-0.09310527890920639,1.012516975402832,0.09090355783700943
frozen,123,101,29,heldout_after,activation,-0.038673967123031616,1.0021696090698242,0.03667198121547699
frozen,123,101,29,heldout_after,lora,-0.07784871011972427,1.010953664779663,0.08900217711925507
frozen,123,101,29,heldout_after,batch_lora,-0.09310527890920639,1.012516975402832,0.09090355783700943
frozen,123,101,30,full_batch,activation,-0.03789081797003746,1.0017964839935303,0.03151679411530495
frozen,123,101,30,full_batch,lora,-0.07988281548023224,1.0107401609420776,0.08646956831216812
frozen,123,101,30,full_batch,batch_lora,-0.09361889958381653,1.0121976137161255,0.0888870507478714
frozen,123,101,30,heldout_before,activation,-0.0375756211578846,1.0017285346984863,0.03093516081571579
frozen,123,101,30,heldout_before,lora,-0.08129505068063736,1.0107033252716064,0.08559118211269379
frozen,123,101,30,heldout_before,batch_lora,-0.09574291855096817,1.0122811794281006,0.0883215144276619
frozen,123,101,30,heldout_after,activation,-0.0375756211578846,1.0017285346984863,0.03093516081571579
frozen,123,101,30,heldout_after,lora,-0.08129505068063736,1.0107033252716064,0.08559118211269379
frozen,123,101,30,heldout_after,batch_lora,-0.09574291855096817,1.0122811794281006,0.0883215144276619
frozen,123,101,31,full_batch,activation,-0.04600748419761658,1.001774549484253,0.02878434769809246
frozen,123,101,31,full_batch,lora,-0.08092663437128067,1.0105421543121338,0.08554652333259583
frozen,123,101,31,full_batch,batch_lora,-0.0918896272778511,1.0118589401245117,0.08783920854330063
frozen,123,101,31,heldout_before,activation,-0.04762687906622887,1.0017735958099365,0.02831999398767948
frozen,123,101,31,heldout_before,lora,-0.0819706916809082,1.0102736949920654,0.0834168940782547
frozen,123,101,31,heldout_before,batch_lora,-0.09339684247970581,1.01164972782135,0.08592959493398666
frozen,123,101,31,heldout_after,activation,-0.04762687906622887,1.0017735958099365,0.02831999398767948
frozen,123,101,31,heldout_after,lora,-0.0819706916809082,1.0102736949920654,0.0834168940782547
frozen,123,101,31,heldout_after,batch_lora,-0.09339684247970581,1.01164972782135,0.08592959493398666
frozen,123,101,32,full_batch,activation,-0.050183895975351334,1.0016173124313354,0.025371896103024483
frozen,123,101,32,full_batch,lora,-0.09329645335674286,1.01156485080719,0.08504778146743774
frozen,123,101,32,full_batch,batch_lora,-0.10978682339191437,1.013190507888794,0.0867035835981369
frozen,123,101,32,heldout_before,activation,-0.05217337980866432,1.0016523599624634,0.025125015527009964
frozen,123,101,32,heldout_before,lora,-0.09504310041666031,1.0115385055541992,0.0838945060968399
frozen,123,101,32,heldout_before,batch_lora,-0.11047400534152985,1.0131255388259888,0.08606566488742828
frozen,123,101,32,heldout_after,activation,-0.05217337980866432,1.0016523599624634,0.025125015527009964
frozen,123,101,32,heldout_after,lora,-0.09504310041666031,1.0115385055541992,0.0838945060968399
frozen,123,101,32,heldout_after,batch_lora,-0.11047400534152985,1.0131255388259888,0.08606566488742828
frozen,124,102,1,full_batch,activation,0.6081641316413879,0.7714357376098633,0.6037840843200684
frozen,124,102,1,full_batch,lora,0.7768294811248779,0.5906133651733398,0.7942242622375488
frozen,124,102,1,full_batch,batch_lora,0.828665018081665,0.5611457824707031,0.8682911992073059
frozen,124,102,1,heldout_before,activation,0.5967019200325012,0.7780473828315735,0.601434588432312
frozen,124,102,1,heldout_before,lora,0.7641423940658569,0.6030762791633606,0.7907950282096863
frozen,124,102,1,heldout_before,batch_lora,0.8092435598373413,0.5891961455345154,0.8542677164077759
frozen,124,102,1,heldout_after,activation,0.5967019200325012,0.7780473828315735,0.601434588432312
frozen,124,102,1,heldout_after,lora,0.7641423940658569,0.6030762791633606,0.7907950282096863
frozen,124,102,1,heldout_after,batch_lora,0.8092435598373413,0.5891961455345154,0.8542677164077759
frozen,124,102,2,full_batch,activation,0.5395160913467407,0.8469732999801636,0.5905871391296387
frozen,124,102,2,full_batch,lora,0.675039529800415,0.7498855590820312,0.7703765630722046
frozen,124,102,2,full_batch,batch_lora,0.17906740307807922,1.1927354335784912,0.8533691167831421
frozen,124,102,2,heldout_before,activation,0.5228414535522461,0.8596110343933105,0.5810552835464478
frozen,124,102,2,heldout_before,lora,0.6621930599212646,0.7652645707130432,0.7670291662216187
frozen,124,102,2,heldout_before,batch_lora,0.1716718226671219,1.193248987197876,0.8449579477310181
frozen,124,102,2,heldout_after,activation,0.5228414535522461,0.8596110343933105,0.5810552835464478
frozen,124,102,2,heldout_after,lora,0.6621930599212646,0.7652645707130432,0.7670291662216187
frozen,124,102,2,heldout_after,batch_lora,0.1716718226671219,1.193248987197876,0.8449579477310181
frozen,124,102,3,full_batch,activation,0.4504008889198303,0.9060523509979248,0.5097687244415283
frozen,124,102,3,full_batch,lora,0.5706038475036621,0.8346067070960999,0.6433823704719543
frozen,124,102,3,full_batch,batch_lora,-0.14395327866077423,1.1277360916137695,0.39688968658447266
frozen,124,102,3,heldout_before,activation,0.44844675064086914,0.9042556285858154,0.5008819103240967
frozen,124,102,3,heldout_before,lora,0.5657657980918884,0.8325459957122803,0.6325972676277161
frozen,124,102,3,heldout_before,batch_lora,-0.06767615675926208,1.092159628868103,0.3766128122806549
frozen,124,102,3,heldout_after,activation,0.44844675064086914,0.9042556285858154,0.5008819103240967
frozen,124,102,3,heldout_after,lora,0.5657657980918884,0.8325459957122803,0.6325972676277161
frozen,124,102,3,heldout_after,batch_lora,-0.06767615675926208,1.092159628868103,0.3766128122806549
frozen,124,102,4,full_batch,activation,0.3872328996658325,0.9814183115959167,0.565483808517456
frozen,124,102,4,full_batch,lora,0.47112953662872314,0.9472834467887878,0.6954612731933594
frozen,124,102,4,full_batch,batch_lora,-0.16353845596313477,1.12969172000885,0.386868953704834
frozen,124,102,4,heldout_before,activation,0.3887687623500824,0.9893525242805481,0.590471088886261
frozen,124,102,4,heldout_before,lora,0.47691088914871216,0.955386221408844,0.7271475195884705
frozen,124,102,4,heldout_before,batch_lora,-0.21930281817913055,1.172493577003479,0.4309549629688263
frozen,124,102,4,heldout_after,activation,0.3887687623500824,0.9893525242805481,0.590471088886261
frozen,124,102,4,heldout_after,lora,0.47691088914871216,0.955386221408844,0.7271475195884705
frozen,124,102,4,heldout_after,batch_lora,-0.21930281817913055,1.172493577003479,0.4309549629688263
frozen,124,102,5,full_batch,activation,0.27107173204421997,0.9855378270149231,0.45400965213775635
frozen,124,102,5,full_batch,lora,0.3768767714500427,0.9553859233856201,0.5918549299240112
frozen,124,102,5,full_batch,batch_lora,-0.17397722601890564,1.1405177116394043,0.401390939950943
frozen,124,102,5,heldout_before,activation,0.27979469299316406,0.9849866628646851,0.4653119444847107
frozen,124,102,5,heldout_before,lora,0.38823071122169495,0.9527931213378906,0.6078829169273376
frozen,124,102,5,heldout_before,batch_lora,-0.14393675327301025,1.126058578491211,0.3933950662612915
frozen,124,102,5,heldout_after,activation,0.27979469299316406,0.9849866628646851,0.4653119444847107
frozen,124,102,5,heldout_after,lora,0.38823071122169495,0.9527931213378906,0.6078829169273376
frozen,124,102,5,heldout_after,batch_lora,-0.14393675327301025,1.126058578491211,0.3933950662612915
frozen,124,102,6,full_batch,activation,0.303031861782074,1.0035881996154785,0.4926515817642212
frozen,124,102,6,full_batch,lora,0.39487147331237793,0.9821844100952148,0.6304909586906433
frozen,124,102,6,full_batch,batch_lora,-0.09492678940296173,1.0846812725067139,0.3358220160007477
frozen,124,102,6,heldout_before,activation,0.316050261259079,0.9992476105690002,0.4850272536277771
frozen,124,102,6,heldout_before,lora,0.4045412242412567,0.9786098003387451,0.6243614554405212
frozen,124,102,6,heldout_before,batch_lora,-0.008948734030127525,1.051396369934082,0.31588104367256165
frozen,124,102,6,heldout_after,activation,0.316050261259079,0.9992476105690002,0.4850272536277771
frozen,124,102,6,heldout_after,lora,0.4045412242412567,0.9786098003387451,0.6243614554405212
frozen,124,102,6,heldout_after,batch_lora,-0.008948734030127525,1.051396369934082,0.31588104367256165
frozen,124,102,7,full_batch,activation,0.25820672512054443,0.9787359237670898,0.35099732875823975
frozen,124,102,7,full_batch,lora,0.3531930446624756,0.9515817761421204,0.46005868911743164
frozen,124,102,7,full_batch,batch_lora,0.07580430805683136,1.0103293657302856,0.2386285811662674
frozen,124,102,7,heldout_before,activation,0.24980562925338745,0.9827491641044617,0.35634151101112366
frozen,124,102,7,heldout_before,lora,0.34514445066452026,0.9567491412162781,0.4624823033809662
frozen,124,102,7,heldout_before,batch_lora,0.0623486153781414,1.013432264328003,0.2382238656282425
frozen,124,102,7,heldout_after,activation,0.24980562925338745,0.9827491641044617,0.35634151101112366
frozen,124,102,7,heldout_after,lora,0.34514445066452026,0.9567491412162781,0.4624823033809662
frozen,124,102,7,heldout_after,batch_lora,0.0623486153781414,1.013432264328003,0.2382238656282425
frozen,124,102,8,full_batch,activation,0.2198179066181183,1.030191421508789,0.4650822877883911
frozen,124,102,8,full_batch,lora,0.3102121353149414,1.0187087059020996,0.5935093760490417
frozen,124,102,8,full_batch,batch_lora,-0.04887133091688156,1.084032654762268,0.372453898191452
frozen,124,102,8,heldout_before,activation,0.2244352400302887,1.0221763849258423,0.44208231568336487
frozen,124,102,8,heldout_before,lora,0.3102540969848633,1.0077494382858276,0.5615706443786621
frozen,124,102,8,heldout_before,batch_lora,-0.008124440908432007,1.0624722242355347,0.3509206771850586
frozen,124,102,8,heldout_after,activation,0.2244352400302887,1.0221763849258423,0.44208231568336487
frozen,124,102,8,heldout_after,lora,0.3102540969848633,1.0077494382858276,0.5615706443786621
frozen,124,102,8,heldout_after,batch_lora,-0.008124440908432007,1.0624722242355347,0.3509206771850586
frozen,124,102,9,full_batch,activation,0.19401007890701294,1.0062446594238281,0.36481910943984985
frozen,124,102,9,full_batch,lora,0.2658016085624695,1.003767728805542,0.4774266183376312
frozen,124,102,9,full_batch,batch_lora,-0.0716475248336792,1.0669543743133545,0.30719947814941406
frozen,124,102,9,heldout_before,activation,0.20351959764957428,1.0014864206314087,0.35520750284194946
frozen,124,102,9,heldout_before,lora,0.2776760756969452,0.998322606086731,0.471914142370224
frozen,124,102,9,heldout_before,batch_lora,-0.06350816786289215,1.0583515167236328,0.28882861137390137
frozen,124,102,9,heldout_after,activation,0.20351959764957428,1.0014864206314087,0.35520750284194946
frozen,124,102,9,heldout_after,lora,0.2776760756969452,0.998322606086731,0.471914142370224
frozen,124,102,9,heldout_after,batch_lora,-0.06350816786289215,1.0583515167236328,0.28882861137390137
frozen,124,102,10,full_batch,activation,0.18859727680683136,0.9991149306297302,0.35355252027511597
frozen,124,102,10,full_batch,lora,0.2554439306259155,0.9944057464599609,0.4683516025543213
frozen,124,102,10,full_batch,batch_lora,-0.13695523142814636,1.0782544612884521,0.2889431416988373
frozen,124,102,10,heldout_before,activation,0.19587276875972748,0.9976232051849365,0.35829034447669983
frozen,124,102,10,heldout_before,lora,0.258878231048584,0.9932630062103271,0.47392764687538147
frozen,124,102,10,heldout_before,batch_lora,-0.12445084005594254,1.075814127922058,0.2913183569908142
frozen,124,102,10,heldout_after,activation,0.19587276875972748,0.9976232051849365,0.35829034447669983
frozen,124,102,10,heldout_after,lora,0.258878231048584,0.9932630062103271,0.47392764687538147
frozen,124,102,10,heldout_after,batch_lora,-0.12445084005594254,1.075814127922058,0.2913183569908142
frozen,124,102,11,full_batch,activation,0.15957985818386078,0.9965439438819885,0.29683345556259155
frozen,124,102,11,full_batch,lora,0.20459714531898499,0.9958446025848389,0.39071279764175415
frozen,124,102,11,full_batch,batch_lora,-0.13282877206802368,1.0494353771209717,0.21207384765148163
frozen,124,102,11,heldout_before,activation,0.1476258933544159,1.0003252029418945,0.2906344532966614
frozen,124,102,11,heldout_before,lora,0.19089260697364807,0.9997187256813049,0.3758969008922577
frozen,124,102,11,heldout_before,batch_lora,-0.13033057749271393,1.0480791330337524,0.20945747196674347
frozen,124,102,11,heldout_after,activation,0.1476258933544159,1.0003252029418945,0.2906344532966614
frozen,124,102,11,heldout_after,lora,0.19089260697364807,0.9997187256813049,0.3758969008922577
frozen,124,102,11,heldout_after,batch_lora,-0.13033057749271393,1.0480791330337524,0.20945747196674347
frozen,124,102,12,full_batch,activation,0.11708790063858032,1.0063912868499756,0.2782896161079407
frozen,124,102,12,full_batch,lora,0.15432778000831604,1.0071626901626587,0.35927534103393555
frozen,124,102,12,full_batch,batch_lora,-0.13549745082855225,1.042933702468872,0.1901864856481552
frozen,124,102,12,heldout_before,activation,0.11710146069526672,1.0056524276733398,0.2738245129585266
frozen,124,102,12,heldout_before,lora,0.15067043900489807,1.0069894790649414,0.35335496068000793
frozen,124,102,12,heldout_before,batch_lora,-0.13275310397148132,1.041562557220459,0.18736542761325836
frozen,124,102,12,heldout_after,activation,0.11710146069526672,1.0056524276733398,0.2738245129585266
frozen,124,102,12,heldout_after,lora,0.15067043900489807,1.0069894790649414,0.35335496068000793
frozen,124,102,12,heldout_after,batch_lora,-0.13275310397148132,1.041562557220459,0.18736542761325836
frozen,124,102,13,full_batch,activation,0.07708348333835602,1.0084508657455444,0.22584383189678192
frozen,124,102,13,full_batch,lora,0.10320265591144562,1.0140409469604492,0.3011632561683655
frozen,124,102,13,full_batch,batch_lora,-0.12023299187421799,1.0323485136032104,0.16296198964118958
frozen,124,102,13,heldout_before,activation,0.07262180745601654,1.0095210075378418,0.22783321142196655
frozen,124,102,13,heldout_before,lora,0.09592746943235397,1.0170667171478271,0.3067587912082672
frozen,124,102,13,heldout_before,batch_lora,-0.13639992475509644,1.0364562273025513,0.16830694675445557
frozen,124,102,13,heldout_after,activation,0.07262180745601654,1.0095210075378418,0.22783321142196655
frozen,124,102,13,heldout_after,lora,0.09592746943235397,1.0170667171478271,0.3067587912082672
frozen,124,102,13,heldout_after,batch_lora,-0.13639992475509644,1.0364562273025513,0.16830694675445557
frozen,124,102,14,full_batch,activation,0.06335710734128952,1.0076217651367188,0.20711767673492432
frozen,124,102,14,full_batch,lora,0.09887296706438065,1.0095760822296143,0.2771450877189636
frozen,124,102,14,full_batch,batch_lora,-0.11750370264053345,1.02797532081604,0.14809079468250275
frozen,124,102,14,heldout_before,activation,0.06689488142728806,1.007464051246643,0.2111690789461136
frozen,124,102,14,heldout_before,lora,0.10679458826780319,1.0087814331054688,0.28393346071243286
frozen,124,102,14,heldout_before,batch_lora,-0.08776576071977615,1.0251069068908691,0.1541992723941803
frozen,124,102,14,heldout_after,activation,0.06689488142728806,1.007464051246643,0.2111690789461136
frozen,124,102,14,heldout_after,lora,0.10679458826780319,1.0087814331054688,0.28393346071243286
frozen,124,102,14,heldout_after,batch_lora,-0.08776576071977615,1.0251069068908691,0.1541992723941803
frozen,124,102,15,full_batch,activation,0.058945074677467346,1.004178524017334,0.168251633644104
frozen,124,102,15,full_batch,lora,0.07428191602230072,1.0075093507766724,0.2230960726737976
frozen,124,102,15,full_batch,batch_lora,-0.09863193333148956,1.0205942392349243,0.1279531717300415
frozen,124,102,15,heldout_before,activation,0.05064176023006439,1.0055795907974243,0.1695178598165512
frozen,124,102,15,heldout_before,lora,0.06600067019462585,1.009279727935791,0.22397877275943756
frozen,124,102,15,heldout_before,batch_lora,-0.10033459961414337,1.0216025114059448,0.1314816027879715
frozen,124,102,15,heldout_after,activation,0.05064176023006439,1.0055795907974243,0.1695178598165512
frozen,124,102,15,heldout_after,lora,0.06600067019462585,1.009279727935791,0.22397877275943756
frozen,124,102,15,heldout_after,batch_lora,-0.10033459961414337,1.0216025114059448,0.1314816027879715
frozen,124,102,16,full_batch,activation,0.029296260327100754,1.0066123008728027,0.153035968542099
frozen,124,102,16,full_batch,lora,0.02720409445464611,1.0143837928771973,0.19985119998455048
frozen,124,102,16,full_batch,batch_lora,-0.11337140202522278,1.0188778638839722,0.11238309741020203
frozen,124,102,16,heldout_before,activation,0.028666209429502487,1.0064401626586914,0.15170080959796906
frozen,124,102,16,heldout_before,lora,0.026360921561717987,1.0147860050201416,0.2008741945028305
frozen,124,102,16,heldout_before,batch_lora,-0.1098691076040268,1.0185543298721313,0.11267109215259552
frozen,124,102,16,heldout_after,activation,0.028666209429502487,1.0064401626586914,0.15170080959796906
frozen,124,102,16,heldout_after,lora,0.026360921561717987,1.0147860050201416,0.2008741945028305
frozen,124,102,16,heldout_after,batch_lora,-0.1098691076040268,1.0185543298721313,0.11267109215259552
frozen,124,102,17,full_batch,activation,0.0309438556432724,1.0060243606567383,0.14368703961372375
frozen,124,102,17,full_batch,lora,0.033564671874046326,1.0104739665985107,0.18289315700531006
frozen,124,102,17,full_batch,batch_lora,-0.03733891248703003,1.0096741914749146,0.10700789093971252
frozen,124,102,17,heldout_before,activation,0.031095271930098534,1.0058326721191406,0.14146073162555695
frozen,124,102,17,heldout_before,lora,0.033780843019485474,1.0099629163742065,0.17924174666404724
frozen,124,102,17,heldout_before,batch_lora,-0.034758709371089935,1.0093549489974976,0.10668227076530457
frozen,124,102,17,heldout_after,activation,0.031095271930098534,1.0058326721191406,0.14146073162555695
frozen,124,102,17,heldout_after,lora,0.033780843019485474,1.0099629163742065,0.17924174666404724
frozen,124,102,17,heldout_after,batch_lora,-0.034758709371089935,1.0093549489974976,0.10668227076530457
frozen,124,102,18,full_batch,activation,0.019920658320188522,1.004351258277893,0.12431229650974274
frozen,124,102,18,full_batch,lora,0.01915419101715088,1.0092545747756958,0.16214051842689514
frozen,124,102,18,full_batch,batch_lora,-0.05678468197584152,1.0096697807312012,0.09373953938484192
frozen,124,102,18,heldout_before,activation,0.025729002431035042,1.00344717502594,0.1254611611366272
frozen,124,102,18,heldout_before,lora,0.025086862966418266,1.008671522140503,0.16630420088768005
frozen,124,102,18,heldout_before,batch_lora,-0.05135084316134453,1.0092720985412598,0.09448117017745972
frozen,124,102,18,heldout_after,activation,0.025729002431035042,1.00344717502594,0.1254611611366272
frozen,124,102,18,heldout_after,lora,0.025086862966418266,1.008671522140503,0.16630420088768005
frozen,124,102,18,heldout_after,batch_lora,-0.05135084316134453,1.0092720985412598,0.09448117017745972
frozen,124,102,19,full_batch,activation,0.015558197163045406,1.0034446716308594,0.10749679803848267
frozen,124,102,19,full_batch,lora,0.014254043810069561,1.0065600872039795,0.14224660396575928
frozen,124,102,19,full_batch,batch_lora,-0.03625904768705368,1.0058687925338745,0.07813896983861923
frozen,124,102,19,heldout_before,activation,0.025156594812870026,1.0023590326309204,0.10714660584926605
frozen,124,102,19,heldout_before,lora,0.021071098744869232,1.005619764328003,0.14283481240272522
frozen,124,102,19,heldout_before,batch_lora,-0.01986730471253395,1.0046488046646118,0.0786907896399498
frozen,124,102,19,heldout_after,activation,0.025156594812870026,1.0023590326309204,0.10714660584926605
frozen,124,102,19,heldout_after,lora,0.021071098744869232,1.005619764328003,0.14283481240272522
frozen,124,102,19,heldout_after,batch_lora,-0.01986730471253395,1.0046488046646118,0.0786907896399498
frozen,124,102,20,full_batch,activation,0.012255875393748283,1.0034902095794678,0.09962855279445648
frozen,124,102,20,full_batch,lora,0.008914345875382423,1.0072898864746094,0.13513925671577454
frozen,124,102,20,full_batch,batch_lora,-0.032670605927705765,1.006172776222229,0.0833088606595993
frozen,124,102,20,heldout_before,activation,0.021306617185473442,1.00287663936615,0.10205117613077164
frozen,124,102,20,heldout_before,lora,0.01845480501651764,1.0065374374389648,0.13830029964447021
frozen,124,102,20,heldout_before,batch_lora,-0.020006448030471802,1.0053472518920898,0.08546159416437149
frozen,124,102,20,heldout_after,activation,0.021306617185473442,1.00287663936615,0.10205117613077164
frozen,124,102,20,heldout_after,lora,0.01845480501651764,1.0065374374389648,0.13830029964447021
frozen,124,102,20,heldout_after,batch_lora,-0.020006448030471802,1.0053472518920898,0.08546159416437149
frozen,124,102,21,full_batch,activation,0.0010020406916737556,1.0038797855377197,0.08968469500541687
frozen,124,102,21,full_batch,lora,0.016413364559412003,1.004921317100525,0.12430481612682343
frozen,124,102,21,full_batch,batch_lora,-0.0022032109554857016,1.0036449432373047,0.08328284323215485
frozen,124,102,21,heldout_before,activation,0.003865616861730814,1.003678560256958,0.09021971374750137
frozen,124,102,21,heldout_before,lora,0.017980540171265602,1.0050148963928223,0.12601391971111298
frozen,124,102,21,heldout_before,batch_lora,-0.0030764047987759113,1.0037837028503418,0.08405113220214844
frozen,124,102,21,heldout_after,activation,0.003865616861730814,1.003678560256958,0.09021971374750137
frozen,124,102,21,heldout_after,lora,0.017980540171265602,1.0050148963928223,0.12601391971111298
frozen,124,102,21,heldout_after,batch_lora,-0.0030764047987759113,1.0037837028503418,0.08405113220214844
frozen,124,102,22,full_batch,activation,0.010090903379023075,1.0027655363082886,0.08317624032497406
frozen,124,102,22,full_batch,lora,0.01784578710794449,1.0058492422103882,0.12765151262283325
frozen,124,102,22,full_batch,batch_lora,-0.00783211924135685,1.004952073097229,0.09211757034063339
frozen,124,102,22,heldout_before,activation,0.004117003176361322,1.003281593322754,0.084699347615242
frozen,124,102,22,heldout_before,lora,0.010567803867161274,1.0069944858551025,0.13055773079395294
frozen,124,102,22,heldout_before,batch_lora,-0.02231433428823948,1.0065356492996216,0.09435573220252991
frozen,124,102,22,heldout_after,activation,0.004117003176361322,1.003281593322754,0.084699347615242
frozen,124,102,22,heldout_after,lora,0.010567803867161274,1.0069944858551025,0.13055773079395294
frozen,124,102,22,heldout_after,batch_lora,-0.02231433428823948,1.0065356492996216,0.09435573220252991
frozen,124,102,23,full_batch,activation,-0.0039020562544465065,1.0039682388305664,0.08609829843044281
frozen,124,102,23,full_batch,lora,0.018284492194652557,1.006155252456665,0.1327236294746399
frozen,124,102,23,full_batch,batch_lora,0.0038620943669229746,1.0046138763427734,0.1001114696264267
frozen,124,102,23,heldout_before,activation,-0.0019101655343547463,1.0037869215011597,0.08691252022981644
frozen,124,102,23,heldout_before,lora,0.022227946668863297,1.0056110620498657,0.13291333615779877
frozen,124,102,23,heldout_before,batch_lora,0.010714233852922916,1.0040318965911865,0.10123913735151291
frozen,124,102,23,heldout_after,activation,-0.0019101655343547463,1.0037869215011597,0.08691252022981644
frozen,124,102,23,heldout_after,lora,0.022227946668863297,1.0056110620498657,0.13291333615779877
frozen,124,102,23,heldout_after,batch_lora,0.010714233852922916,1.0040318965911865,0.10123913735151291
frozen,124,102,24,full_batch,activation,-0.0066092247143387794,1.0028856992721558,0.07111424207687378
frozen,124,102,24,full_batch,lora,0.017652364447712898,1.0052235126495361,0.12074144184589386
frozen,124,102,24,full_batch,batch_lora,0.012900220230221748,1.0032986402511597,0.09520743787288666
frozen,124,102,24,heldout_before,activation,-0.008210775442421436,1.0029313564300537,0.06950147449970245
frozen,124,102,24,heldout_before,lora,0.015590298920869827,1.0049855709075928,0.11675276607275009
frozen,124,102,24,heldout_before,batch_lora,0.006319329608231783,1.0037164688110352,0.09284565597772598
frozen,124,102,24,heldout_after,activation,-0.008210775442421436,1.0029313564300537,0.06950147449970245
frozen,124,102,24,heldout_after,lora,0.015590298920869827,1.0049855709075928,0.11675276607275009
frozen,124,102,24,heldout_after,batch_lora,0.006319329608231783,1.0037164688110352,0.09284565597772598
frozen,124,102,25,full_batch,activation,-0.019455261528491974,1.0033466815948486,0.06755784898996353
frozen,124,102,25,full_batch,lora,0.012848918326199055,1.0053731203079224,0.11734939366579056
frozen,124,102,25,full_batch,batch_lora,0.010055041871964931,1.0034654140472412,0.09398262202739716
frozen,124,102,25,heldout_before,activation,-0.02574550360441208,1.0037859678268433,0.06592882424592972
frozen,124,102,25,heldout_before,lora,0.014318988658487797,1.0046619176864624,0.11401966959238052
frozen,124,102,25,heldout_before,batch_lora,0.013236978091299534,1.0032455921173096,0.09495042264461517
frozen,124,102,25,heldout_after,activation,-0.02574550360441208,1.0037859678268433,0.06592882424592972
frozen,124,102,25,heldout_after,lora,0.014318988658487797,1.0046619176864624,0.11401966959238052
frozen,124,102,25,heldout_after,batch_lora,0.013236978091299534,1.0032455921173096,0.09495042264461517
frozen,124,102,26,full_batch,activation,-0.01680373027920723,1.0028927326202393,0.059538476169109344
frozen,124,102,26,full_batch,lora,0.0010306874755769968,1.0063453912734985,0.11234066635370255
frozen,124,102,26,full_batch,batch_lora,-0.009923409670591354,1.0058034658432007,0.09842360764741898
frozen,124,102,26,heldout_before,activation,-0.020261183381080627,1.0030934810638428,0.0595875084400177
frozen,124,102,26,heldout_before,lora,0.0013755387626588345,1.0062353610992432,0.11192305386066437
frozen,124,102,26,heldout_before,batch_lora,-0.009075448848307133,1.005802035331726,0.09918390959501266
frozen,124,102,26,heldout_after,activation,-0.020261183381080627,1.0030934810638428,0.0595875084400177
frozen,124,102,26,heldout_after,lora,0.0013755387626588345,1.0062353610992432,0.11192305386066437
frozen,124,102,26,heldout_after,batch_lora,-0.009075448848307133,1.005802035331726,0.09918390959501266
frozen,124,102,27,full_batch,activation,-0.03337615728378296,1.003842830657959,0.060192257165908813
frozen,124,102,27,full_batch,lora,-0.03356170654296875,1.0109456777572632,0.1193200945854187
frozen,124,102,27,full_batch,batch_lora,-0.05871406942605972,1.0120184421539307,0.10750441998243332
frozen,124,102,27,heldout_before,activation,-0.034141235053539276,1.0038589239120483,0.060436591506004333
frozen,124,102,27,heldout_before,lora,-0.03410454839468002,1.010947585105896,0.11923591047525406
frozen,124,102,27,heldout_before,batch_lora,-0.0616508349776268,1.0122780799865723,0.1071915552020073
frozen,124,102,27,heldout_after,activation,-0.034141235053539276,1.0038589239120483,0.060436591506004333
frozen,124,102,27,heldout_after,lora,-0.03410454839468002,1.010947585105896,0.11923591047525406
frozen,124,102,27,heldout_after,batch_lora,-0.0616508349776268,1.0122780799865723,0.1071915552020073
frozen,124,102,28,full_batch,activation,-0.030292749404907227,1.0032713413238525,0.0558144748210907
frozen,124,102,28,full_batch,lora,-0.042983293533325195,1.0128579139709473,0.12319125980138779
frozen,124,102,28,full_batch,batch_lora,-0.06691540777683258,1.0136704444885254,0.111984983086586
frozen,124,102,28,heldout_before,activation,-0.026540320366621017,1.0029910802841187,0.05510875582695007
frozen,124,102,28,heldout_before,lora,-0.03908121585845947,1.012570858001709,0.1241619810461998
frozen,124,102,28,heldout_before,batch_lora,-0.06177050992846489,1.0131851434707642,0.11247019469738007
frozen,124,102,28,heldout_after,activation,-0.026540320366621017,1.0029910802841187,0.05510875582695007
frozen,124,102,28,heldout_after,lora,-0.03908121585845947,1.012570858001709,0.1241619810461998
frozen,124,102,28,heldout_after,batch_lora,-0.06177050992846489,1.0131851434707642,0.11247019469738007
frozen,124,102,29,full_batch,activation,-0.03652910888195038,1.0030887126922607,0.0496802031993866
frozen,124,102,29,full_batch,lora,-0.04071565717458725,1.0113790035247803,0.11638857424259186
frozen,124,102,29,full_batch,batch_lora,-0.06685594469308853,1.012758493423462,0.10678046196699142
frozen,124,102,29,heldout_before,activation,-0.034507494419813156,1.002938985824585,0.04968477413058281
frozen,124,102,29,heldout_before,lora,-0.040319155901670456,1.0115392208099365,0.11855533719062805
frozen,124,102,29,heldout_before,batch_lora,-0.06560780107975006,1.0129857063293457,0.10887594521045685
frozen,124,102,29,heldout_after,activation,-0.034507494419813156,1.002938985824585,0.04968477413058281
frozen,124,102,29,heldout_after,lora,-0.040319155901670456,1.0115392208099365,0.11855533719062805
frozen,124,102,29,heldout_after,batch_lora,-0.06560780107975006,1.0129857063293457,0.10887594521045685
frozen,124,102,30,full_batch,activation,-0.0493207685649395,1.003664255142212,0.04892304539680481
frozen,124,102,30,full_batch,lora,-0.037798743695020676,1.0115563869476318,0.11860351264476776
frozen,124,102,30,full_batch,batch_lora,-0.04961881786584854,1.0118966102600098,0.11285160481929779
frozen,124,102,30,heldout_before,activation,-0.050259653478860855,1.0036176443099976,0.04825890436768532
frozen,124,102,30,heldout_before,lora,-0.03740928694605827,1.0115429162979126,0.11886293441057205
frozen,124,102,30,heldout_before,batch_lora,-0.048043858259916306,1.0118792057037354,0.1138441190123558
frozen,124,102,30,heldout_after,activation,-0.050259653478860855,1.0036176443099976,0.04825890436768532
frozen,124,102,30,heldout_after,lora,-0.03740928694605827,1.0115429162979126,0.11886293441057205
frozen,124,102,30,heldout_after,batch_lora,-0.048043858259916306,1.0118792057037354,0.1138441190123558
frozen,124,102,31,full_batch,activation,-0.04114885628223419,1.0032260417938232,0.0479242280125618
frozen,124,102,31,full_batch,lora,-0.02575964480638504,1.0114376544952393,0.12701989710330963
frozen,124,102,31,full_batch,batch_lora,-0.03601502254605293,1.0112977027893066,0.11896950751543045
frozen,124,102,31,heldout_before,activation,-0.0453566238284111,1.0033352375030518,0.04702972248196602
frozen,124,102,31,heldout_before,lora,-0.028073463588953018,1.0113935470581055,0.1253069043159485
frozen,124,102,31,heldout_before,batch_lora,-0.037839293479919434,1.0115501880645752,0.11921355128288269
frozen,124,102,31,heldout_after,activation,-0.0453566238284111,1.0033352375030518,0.04702972248196602
frozen,124,102,31,heldout_after,lora,-0.028073463588953018,1.0113935470581055,0.1253069043159485
frozen,124,102,31,heldout_after,batch_lora,-0.037839293479919434,1.0115501880645752,0.11921355128288269
frozen,124,102,32,full_batch,activation,-0.032614413648843765,1.003251314163208,0.0539039671421051
frozen,124,102,32,full_batch,lora,-0.01607699692249298,1.012984037399292,0.1456899493932724
frozen,124,102,32,full_batch,batch_lora,-0.022817347198724747,1.0127207040786743,0.13881118595600128
frozen,124,102,32,heldout_before,activation,-0.02825658768415451,1.0030325651168823,0.054120928049087524
frozen,124,102,32,heldout_before,lora,-0.016486195847392082,1.013486385345459,0.14840373396873474
frozen,124,102,32,heldout_before,batch_lora,-0.023904647678136826,1.0132522583007812,0.1411762237548828
frozen,124,102,32,heldout_after,activation,-0.02825658768415451,1.0030325651168823,0.054120928049087524
frozen,124,102,32,heldout_after,lora,-0.016486195847392082,1.013486385345459,0.14840373396873474
frozen,124,102,32,heldout_after,batch_lora,-0.023904647678136826,1.0132522583007812,0.1411762237548828
frozen,125,103,1,full_batch,activation,0.6585249900817871,0.7396595478057861,0.6665244102478027
frozen,125,103,1,full_batch,lora,0.822237491607666,0.5580011010169983,0.8571855425834656
frozen,125,103,1,full_batch,batch_lora,0.8686479330062866,0.5035006403923035,0.9584364891052246
frozen,125,103,1,heldout_before,activation,0.6519129872322083,0.74455726146698,0.656899631023407
frozen,125,103,1,heldout_before,lora,0.8195205330848694,0.5607056617736816,0.8464036583900452
frozen,125,103,1,heldout_before,batch_lora,0.8581697940826416,0.5165874361991882,0.9157724976539612
frozen,125,103,1,heldout_after,activation,0.6519129872322083,0.74455726146698,0.656899631023407
frozen,125,103,1,heldout_after,lora,0.8195205330848694,0.5607056617736816,0.8464036583900452
frozen,125,103,1,heldout_after,batch_lora,0.8581697940826416,0.5165874361991882,0.9157724976539612
frozen,125,103,2,full_batch,activation,0.4933255910873413,0.9001173973083496,0.6617804765701294
frozen,125,103,2,full_batch,lora,0.6343029737472534,0.8350591063499451,0.8624874949455261
frozen,125,103,2,full_batch,batch_lora,0.2786085903644562,1.182989239692688,0.9693230390548706
frozen,125,103,2,heldout_before,activation,0.4720814824104309,0.9170705676078796,0.6541361212730408
frozen,125,103,2,heldout_before,lora,0.6185412406921387,0.8550060987472534,0.8574010729789734
frozen,125,103,2,heldout_before,batch_lora,0.2992910146713257,1.1544733047485352,0.9492015242576599
frozen,125,103,2,heldout_after,activation,0.4720814824104309,0.9170705676078796,0.6541361212730408
frozen,125,103,2,heldout_after,lora,0.6185412406921387,0.8550060987472534,0.8574010729789734
frozen,125,103,2,heldout_after,batch_lora,0.2992910146713257,1.1544733047485352,0.9492015242576599
frozen,125,103,3,full_batch,activation,0.4596223831176758,0.901896059513092,0.5364974141120911
frozen,125,103,3,full_batch,lora,0.6047424077987671,0.8166518807411194,0.6998506188392639
frozen,125,103,3,full_batch,batch_lora,0.11819401383399963,1.0632644891738892,0.49832719564437866
frozen,125,103,3,heldout_before,activation,0.47343385219573975,0.898461103439331,0.5572788715362549
frozen,125,103,3,heldout_before,lora,0.6150171756744385,0.8141760230064392,0.7265943884849548
frozen,125,103,3,heldout_before,batch_lora,0.19511908292770386,1.0294215679168701,0.5078176856040955
frozen,125,103,3,heldout_after,activation,0.47343385219573975,0.898461103439331,0.5572788715362549
frozen,125,103,3,heldout_after,lora,0.6150171756744385,0.8141760230064392,0.7265943884849548
frozen,125,103,3,heldout_after,batch_lora,0.19511908292770386,1.0294215679168701,0.5078176856040955
frozen,125,103,4,full_batch,activation,0.44631534814834595,0.9131250977516174,0.5154255032539368
frozen,125,103,4,full_batch,lora,0.567495584487915,0.8495460748672485,0.6725415587425232
frozen,125,103,4,full_batch,batch_lora,-0.10228382050991058,1.1318395137786865,0.43764472007751465
frozen,125,103,4,heldout_before,activation,0.4384180009365082,0.9188864231109619,0.5282318592071533
frozen,125,103,4,heldout_before,lora,0.5551304817199707,0.8617020845413208,0.683949887752533
frozen,125,103,4,heldout_before,batch_lora,-0.1972968876361847,1.1904165744781494,0.4779939651489258
frozen,125,103,4,heldout_after,activation,0.4384180009365082,0.9188864231109619,0.5282318592071533
frozen,125,103,4,heldout_after,lora,0.5551304817199707,0.8617020845413208,0.683949887752533
frozen,125,103,4,heldout_after,batch_lora,-0.1972968876361847,1.1904165744781494,0.4779939651489258
frozen,125,103,5,full_batch,activation,0.3509458303451538,0.941536545753479,0.414707213640213
frozen,125,103,5,full_batch,lora,0.4710844159126282,0.890427827835083,0.5422808527946472
frozen,125,103,5,full_batch,batch_lora,-0.12357967346906662,1.096553921699524,0.34300628304481506
frozen,125,103,5,heldout_before,activation,0.34019556641578674,0.9470133781433105,0.41706138849258423
frozen,125,103,5,heldout_before,lora,0.4593271315097809,0.898405134677887,0.552378237247467
frozen,125,103,5,heldout_before,batch_lora,-0.0950465053319931,1.0892046689987183,0.34699496626853943
frozen,125,103,5,heldout_after,activation,0.34019556641578674,0.9470133781433105,0.41706138849258423
frozen,125,103,5,heldout_after,lora,0.4593271315097809,0.898405134677887,0.552378237247467
frozen,125,103,5,heldout_after,batch_lora,-0.0950465053319931,1.0892046689987183,0.34699496626853943
frozen,125,103,6,full_batch,activation,0.37563443183898926,0.9271692037582397,0.38726454973220825
frozen,125,103,6,full_batch,lora,0.48854154348373413,0.874586820602417,0.5128180384635925
frozen,125,103,6,full_batch,batch_lora,0.1283321976661682,1.0155296325683594,0.34689462184906006
frozen,125,103,6,heldout_before,activation,0.37275204062461853,0.9279947876930237,0.3964781165122986
frozen,125,103,6,heldout_before,lora,0.48742014169692993,0.8752155900001526,0.5290288925170898
frozen,125,103,6,heldout_before,batch_lora,0.07705701887607574,1.0348169803619385,0.3541562259197235
frozen,125,103,6,heldout_after,activation,0.37275204062461853,0.9279947876930237,0.3964781165122986
frozen,125,103,6,heldout_after,lora,0.48742014169692993,0.8752155900001526,0.5290288925170898
frozen,125,103,6,heldout_after,batch_lora,0.07705701887607574,1.0348169803619385,0.3541562259197235
frozen,125,103,7,full_batch,activation,0.35494256019592285,0.9400073885917664,0.38696199655532837
frozen,125,103,7,full_batch,lora,0.4590586721897125,0.9005426168441772,0.5037233233451843
frozen,125,103,7,full_batch,batch_lora,-0.1887834072113037,1.1193722486495972,0.34846264123916626
frozen,125,103,7,heldout_before,activation,0.35510358214378357,0.9396116137504578,0.3849324584007263
frozen,125,103,7,heldout_before,lora,0.45591479539871216,0.902383029460907,0.5017814636230469
frozen,125,103,7,heldout_before,batch_lora,-0.179591566324234,1.118605136871338,0.35288435220718384
frozen,125,103,7,heldout_after,activation,0.35510358214378357,0.9396116137504578,0.3849324584007263
frozen,125,103,7,heldout_after,lora,0.45591479539871216,0.902383029460907,0.5017814636230469
frozen,125,103,7,heldout_after,batch_lora,-0.179591566324234,1.118605136871338,0.35288435220718384
frozen,125,103,8,full_batch,activation,0.2447860836982727,0.974208652973175,0.29453033208847046
frozen,125,103,8,full_batch,lora,0.3153804540634155,0.9618691205978394,0.40050166845321655
frozen,125,103,8,full_batch,batch_lora,-0.12492629885673523,1.0642609596252441,0.2601165771484375
frozen,125,103,8,heldout_before,activation,0.2308739423751831,0.9792426824569702,0.29422202706336975
frozen,125,103,8,heldout_before,lora,0.30262118577957153,0.9686614274978638,0.40334948897361755
frozen,125,103,8,heldout_before,batch_lora,-0.13778389990329742,1.0675572156906128,0.26054123044013977
frozen,125,103,8,heldout_after,activation,0.2308739423751831,0.9792426824569702,0.29422202706336975
frozen,125,103,8,heldout_after,lora,0.30262118577957153,0.9686614274978638,0.40334948897361755
frozen,125,103,8,heldout_after,batch_lora,-0.13778389990329742,1.0675572156906128,0.26054123044013977
frozen,125,103,9,full_batch,activation,0.288337767124176,0.9760959148406982,0.3627912402153015
frozen,125,103,9,full_batch,lora,0.359000027179718,0.9651273488998413,0.47407257556915283
frozen,125,103,9,full_batch,batch_lora,-0.12277692556381226,1.07217276096344,0.282967746257782
frozen,125,103,9,heldout_before,activation,0.29094377160072327,0.9770709872245789,0.3715607225894928
frozen,125,103,9,heldout_before,lora,0.35776904225349426,0.9685397148132324,0.48180335760116577
frozen,125,103,9,heldout_before,batch_lora,-0.15632331371307373,1.0834484100341797,0.2889825999736786
frozen,125,103,9,heldout_after,activation,0.29094377160072327,0.9770709872245789,0.3715607225894928
frozen,125,103,9,heldout_after,lora,0.35776904225349426,0.9685397148132324,0.48180335760116577
frozen,125,103,9,heldout_after,batch_lora,-0.15632331371307373,1.0834484100341797,0.2889825999736786
frozen,125,103,10,full_batch,activation,0.23004814982414246,1.0013971328735352,0.337105393409729
frozen,125,103,10,full_batch,lora,0.26100170612335205,1.006109356880188,0.4272764027118683
frozen,125,103,10,full_batch,batch_lora,-0.16198357939720154,1.0685524940490723,0.24794718623161316
frozen,125,103,10,heldout_before,activation,0.2421136349439621,1.0016400814056396,0.3394850194454193
frozen,125,103,10,heldout_before,lora,0.26685258746147156,1.0086846351623535,0.4271714985370636
frozen,125,103,10,heldout_before,batch_lora,-0.07856443524360657,1.048648476600647,0.24675986170768738
frozen,125,103,10,heldout_after,activation,0.2421136349439621,1.0016400814056396,0.3394850194454193
frozen,125,103,10,heldout_after,lora,0.26685258746147156,1.0086846351623535,0.4271714985370636
frozen,125,103,10,heldout_after,batch_lora,-0.07856443524360657,1.048648476600647,0.24675986170768738
frozen,125,103,11,full_batch,activation,0.20014607906341553,0.9813087582588196,0.24125294387340546
frozen,125,103,11,full_batch,lora,0.22137443721294403,0.9794293642044067,0.30938175320625305
frozen,125,103,11,full_batch,batch_lora,-0.10306916385889053,1.0417206287384033,0.20645490288734436
frozen,125,103,11,heldout_before,activation,0.19136874377727509,0.9837090969085693,0.23788663744926453
frozen,125,103,11,heldout_before,lora,0.2146255224943161,0.9821864366531372,0.3040243089199066
frozen,125,103,11,heldout_before,batch_lora,-0.12058193981647491,1.0449005365371704,0.2055424302816391
frozen,125,103,11,heldout_after,activation,0.19136874377727509,0.9837090969085693,0.23788663744926453
frozen,125,103,11,heldout_after,lora,0.2146255224943161,0.9821864366531372,0.3040243089199066
frozen,125,103,11,heldout_after,batch_lora,-0.12058193981647491,1.0449005365371704,0.2055424302816391
frozen,125,103,12,full_batch,activation,0.13890571892261505,1.000543475151062,0.2666122317314148
frozen,125,103,12,full_batch,lora,0.156441330909729,1.0098319053649902,0.3436013460159302
frozen,125,103,12,full_batch,batch_lora,-0.19624200463294983,1.066685676574707,0.2236737608909607
frozen,125,103,12,heldout_before,activation,0.14160968363285065,0.9986860156059265,0.25958940386772156
frozen,125,103,12,heldout_before,lora,0.16413991153240204,1.006039023399353,0.33672988414764404
frozen,125,103,12,heldout_before,batch_lora,-0.19199563562870026,1.0656148195266724,0.22321191430091858
frozen,125,103,12,heldout_after,activation,0.14160968363285065,0.9986860156059265,0.25958940386772156
frozen,125,103,12,heldout_after,lora,0.16413991153240204,1.006039023399353,0.33672988414764404
frozen,125,103,12,heldout_after,batch_lora,-0.19199563562870026,1.0656148195266724,0.22321191430091858
frozen,125,103,13,full_batch,activation,0.1322227567434311,0.9953555464744568,0.22465866804122925
frozen,125,103,13,full_batch,lora,0.1354517936706543,1.0031012296676636,0.28464165329933167
frozen,125,103,13,full_batch,batch_lora,-0.13691045343875885,1.0354233980178833,0.16449639201164246
frozen,125,103,13,heldout_before,activation,0.12846478819847107,0.995202898979187,0.21977610886096954
frozen,125,103,13,heldout_before,lora,0.13526470959186554,1.0018324851989746,0.2796478867530823
frozen,125,103,13,heldout_before,batch_lora,-0.14964483678340912,1.0370349884033203,0.1631411463022232
frozen,125,103,13,heldout_after,activation,0.12846478819847107,0.995202898979187,0.21977610886096954
frozen,125,103,13,heldout_after,lora,0.13526470959186554,1.0018324851989746,0.2796478867530823
frozen,125,103,13,heldout_after,batch_lora,-0.14964483678340912,1.0370349884033203,0.1631411463022232
frozen,125,103,14,full_batch,activation,0.08700013160705566,1.0006979703903198,0.17843236029148102
frozen,125,103,14,full_batch,lora,0.09700006991624832,1.0041766166687012,0.2323903888463974
frozen,125,103,14,full_batch,batch_lora,-0.1073278933763504,1.0253868103027344,0.1435457170009613
frozen,125,103,14,heldout_before,activation,0.08335141837596893,1.0008138418197632,0.17544493079185486
frozen,125,103,14,heldout_before,lora,0.09696751087903976,1.0031890869140625,0.2287594974040985
frozen,125,103,14,heldout_before,batch_lora,-0.11207453906536102,1.0256521701812744,0.14193953573703766
frozen,125,103,14,heldout_after,activation,0.08335141837596893,1.0008138418197632,0.17544493079185486
frozen,125,103,14,heldout_after,lora,0.09696751087903976,1.0031890869140625,0.2287594974040985
frozen,125,103,14,heldout_after,batch_lora,-0.11207453906536102,1.0256521701812744,0.14193953573703766
frozen,125,103,15,full_batch,activation,0.07505279034376144,0.9996989369392395,0.16018816828727722
frozen,125,103,15,full_batch,lora,0.060763172805309296,1.0090324878692627,0.21003636717796326
frozen,125,103,15,full_batch,batch_lora,-0.12323570251464844,1.019741415977478,0.11141262203454971
frozen,125,103,15,heldout_before,activation,0.07296240329742432,1.000274896621704,0.15905626118183136
frozen,125,103,15,heldout_before,lora,0.0595262385904789,1.0092463493347168,0.20815680921077728
frozen,125,103,15,heldout_before,batch_lora,-0.12837907671928406,1.0203275680541992,0.11151597648859024
frozen,125,103,15,heldout_after,activation,0.07296240329742432,1.000274896621704,0.15905626118183136
frozen,125,103,15,heldout_after,lora,0.0595262385904789,1.0092463493347168,0.20815680921077728
frozen,125,103,15,heldout_after,batch_lora,-0.12837907671928406,1.0203275680541992,0.11151597648859024
frozen,125,103,16,full_batch,activation,0.04670407623052597,1.0030572414398193,0.13599789142608643
frozen,125,103,16,full_batch,lora,0.04175282269716263,1.0105420351028442,0.18560361862182617
frozen,125,103,16,full_batch,batch_lora,-0.10022476315498352,1.0161539316177368,0.1062062680721283
frozen,125,103,16,heldout_before,activation,0.04735622927546501,1.0030274391174316,0.13695868849754333
frozen,125,103,16,heldout_before,lora,0.044292960315942764,1.0105348825454712,0.1882343739271164
frozen,125,103,16,heldout_before,batch_lora,-0.09906849265098572,1.0163781642913818,0.10790784657001495
frozen,125,103,16,heldout_after,activation,0.04735622927546501,1.0030274391174316,0.13695868849754333
frozen,125,103,16,heldout_after,lora,0.044292960315942764,1.0105348825454712,0.1882343739271164
frozen,125,103,16,heldout_after,batch_lora,-0.09906849265098572,1.0163781642913818,0.10790784657001495
frozen,125,103,17,full_batch,activation,0.028830016031861305,1.0032484531402588,0.1160925105214119
frozen,125,103,17,full_batch,lora,0.00680495984852314,1.0116376876831055,0.16095301508903503
frozen,125,103,17,full_batch,batch_lora,-0.1330287605524063,1.0182465314865112,0.10047247260808945
frozen,125,103,17,heldout_before,activation,0.023413341492414474,1.003629207611084,0.11333592236042023
frozen,125,103,17,heldout_before,lora,0.0008379998616874218,1.0111459493637085,0.1539209634065628
frozen,125,103,17,heldout_before,batch_lora,-0.13085904717445374,1.0181199312210083,0.10085704922676086
frozen,125,103,17,heldout_after,activation,0.023413341492414474,1.003629207611084,0.11333592236042023
frozen,125,103,17,heldout_after,lora,0.0008379998616874218,1.0111459493637085,0.1539209634065628
frozen,125,103,17,heldout_after,batch_lora,-0.13085904717445374,1.0181199312210083,0.10085704922676086
frozen,125,103,18,full_batch,activation,0.0351140983402729,1.0028578042984009,0.11933489143848419
frozen,125,103,18,full_batch,lora,0.016789129003882408,1.0104814767837524,0.16663727164268494
frozen,125,103,18,full_batch,batch_lora,-0.1057235598564148,1.0181423425674438,0.1128884106874466
frozen,125,103,18,heldout_before,activation,0.033214643597602844,1.0028120279312134,0.11633388698101044
frozen,125,103,18,heldout_before,lora,0.01567884162068367,1.009913444519043,0.16189917922019958
frozen,125,103,18,heldout_before,batch_lora,-0.11288794130086899,1.018837809562683,0.11244317144155502
frozen,125,103,18,heldout_after,activation,0.033214643597602844,1.0028120279312134,0.11633388698101044
frozen,125,103,18,heldout_after,lora,0.01567884162068367,1.009913444519043,0.16189917922019958
frozen,125,103,18,heldout_after,batch_lora,-0.11288794130086899,1.018837809562683,0.11244317144155502
frozen,125,103,19,full_batch,activation,0.023721609264612198,1.0036338567733765,0.10873293876647949
frozen,125,103,19,full_batch,lora,-0.006123918574303389,1.0144429206848145,0.15649373829364777
frozen,125,103,19,full_batch,batch_lora,-0.11564012616872787,1.0179286003112793,0.10696058720350266
frozen,125,103,19,heldout_before,activation,0.02655317820608616,1.00349760055542,0.11045774817466736
frozen,125,103,19,heldout_before,lora,-0.0023748462554067373,1.0145090818405151,0.16015967726707458
frozen,125,103,19,heldout_before,batch_lora,-0.11058148741722107,1.017902135848999,0.10931188613176346
frozen,125,103,19,heldout_after,activation,0.02655317820608616,1.00349760055542,0.11045774817466736
frozen,125,103,19,heldout_after,lora,-0.0023748462554067373,1.0145090818405151,0.16015967726707458
frozen,125,103,19,heldout_after,batch_lora,-0.11058148741722107,1.017902135848999,0.10931188613176346
frozen,125,103,20,full_batch,activation,0.007263652980327606,1.0040639638900757,0.098035529255867
frozen,125,103,20,full_batch,lora,-0.0282254870980978,1.0138049125671387,0.13981083035469055
frozen,125,103,20,full_batch,batch_lora,-0.12135976552963257,1.019546389579773,0.11145631223917007
frozen,125,103,20,heldout_before,activation,0.0065446035005152225,1.0040634870529175,0.09743655472993851
frozen,125,103,20,heldout_before,lora,-0.02804509736597538,1.013371467590332,0.13912557065486908
frozen,125,103,20,heldout_before,batch_lora,-0.12175217270851135,1.0194593667984009,0.11088705062866211
frozen,125,103,20,heldout_after,activation,0.0065446035005152225,1.0040634870529175,0.09743655472993851
frozen,125,103,20,heldout_after,lora,-0.02804509736597538,1.013371467590332,0.13912557065486908
frozen,125,103,20,heldout_after,batch_lora,-0.12175217270851135,1.0194593667984009,0.11088705062866211
frozen,125,103,21,full_batch,activation,0.01754404976963997,1.0021696090698242,0.08633477985858917
frozen,125,103,21,full_batch,lora,-0.017023488879203796,1.010106086730957,0.126119002699852
frozen,125,103,21,full_batch,batch_lora,-0.085265152156353,1.0141669511795044,0.1039566844701767
frozen,125,103,21,heldout_before,activation,0.019438114017248154,1.0019439458847046,0.08589677512645721
frozen,125,103,21,heldout_before,lora,-0.018201110884547234,1.010223627090454,0.12601454555988312
frozen,125,103,21,heldout_before,batch_lora,-0.09180344641208649,1.0143585205078125,0.10146063566207886
frozen,125,103,21,heldout_after,activation,0.019438114017248154,1.0019439458847046,0.08589677512645721
frozen,125,103,21,heldout_after,lora,-0.018201110884547234,1.010223627090454,0.12601454555988312
frozen,125,103,21,heldout_after,batch_lora,-0.09180344641208649,1.0143585205078125,0.10146063566207886
frozen,125,103,22,full_batch,activation,0.01315061841160059,1.002691626548767,0.0872446820139885
frozen,125,103,22,full_batch,lora,-0.021881939843297005,1.0132813453674316,0.1392894834280014
frozen,125,103,22,full_batch,batch_lora,-0.08643092215061188,1.0160630941390991,0.11320478469133377
frozen,125,103,22,heldout_before,activation,0.011009013280272484,1.0027633905410767,0.085324726998806
frozen,125,103,22,heldout_before,lora,-0.022039512172341347,1.0126569271087646,0.1364840567111969
frozen,125,103,22,heldout_before,batch_lora,-0.09201736748218536,1.0166215896606445,0.1128893792629242
frozen,125,103,22,heldout_after,activation,0.011009013280272484,1.0027633905410767,0.085324726998806
frozen,125,103,22,heldout_after,lora,-0.022039512172341347,1.0126569271087646,0.1364840567111969
frozen,125,103,22,heldout_after,batch_lora,-0.09201736748218536,1.0166215896606445,0.1128893792629242
frozen,125,103,23,full_batch,activation,0.010256540030241013,1.0018024444580078,0.0675768181681633
frozen,125,103,23,full_batch,lora,-0.051900990307331085,1.0124833583831787,0.111002616584301
frozen,125,103,23,full_batch,batch_lora,-0.15497568249702454,1.019497036933899,0.09680121392011642
frozen,125,103,23,heldout_before,activation,0.009393017739057541,1.0019102096557617,0.06818720698356628
frozen,125,103,23,heldout_before,lora,-0.05274895578622818,1.0129494667053223,0.11331848055124283
frozen,125,103,23,heldout_before,batch_lora,-0.15432654321193695,1.0198979377746582,0.09867260605096817
frozen,125,103,23,heldout_after,activation,0.009393017739057541,1.0019102096557617,0.06818720698356628
frozen,125,103,23,heldout_after,lora,-0.05274895578622818,1.0129494667053223,0.11331848055124283
frozen,125,103,23,heldout_after,batch_lora,-0.15432654321193695,1.0198979377746582,0.09867260605096817
frozen,125,103,24,full_batch,activation,0.0035688444040715694,1.0015121698379517,0.057801611721515656
frozen,125,103,24,full_batch,lora,-0.06729419529438019,1.0111757516860962,0.09685764461755753
frozen,125,103,24,full_batch,batch_lora,-0.15531262755393982,1.0159302949905396,0.08182990550994873
frozen,125,103,24,heldout_before,activation,0.004585896618664265,1.0014662742614746,0.05757778137922287
frozen,125,103,24,heldout_before,lora,-0.07025100290775299,1.0111740827560425,0.09459647536277771
frozen,125,103,24,heldout_before,batch_lora,-0.15513929724693298,1.0155972242355347,0.08045798540115356
frozen,125,103,24,heldout_after,activation,0.004585896618664265,1.0014662742614746,0.05757778137922287
frozen,125,103,24,heldout_after,lora,-0.07025100290775299,1.0111740827560425,0.09459647536277771
frozen,125,103,24,heldout_after,batch_lora,-0.15513929724693298,1.0155972242355347,0.08045798540115356
frozen,125,103,25,full_batch,activation,-0.00489645404741168,1.001460075378418,0.04934367537498474
frozen,125,103,25,full_batch,lora,-0.10532772541046143,1.0117182731628418,0.08062438666820526
frozen,125,103,25,full_batch,batch_lora,-0.16944894194602966,1.0142321586608887,0.07009173184633255
frozen,125,103,25,heldout_before,activation,-0.0036785174161195755,1.0014569759368896,0.049269381910562515
frozen,125,103,25,heldout_before,lora,-0.10482519119977951,1.0116389989852905,0.08029980957508087
frozen,125,103,25,heldout_before,batch_lora,-0.167111337184906,1.0140786170959473,0.07012657076120377
frozen,125,103,25,heldout_after,activation,-0.0036785174161195755,1.0014569759368896,0.049269381910562515
frozen,125,103,25,heldout_after,lora,-0.10482519119977951,1.0116389989852905,0.08029980957508087
frozen,125,103,25,heldout_after,batch_lora,-0.167111337184906,1.0140786170959473,0.07012657076120377
frozen,125,103,26,full_batch,activation,-0.005294690374284983,1.001479148864746,0.04819655418395996
frozen,125,103,26,full_batch,lora,-0.0921211987733841,1.0114341974258423,0.08436772972345352
frozen,125,103,26,full_batch,batch_lora,-0.1486608386039734,1.0137038230895996,0.0742638111114502
frozen,125,103,26,heldout_before,activation,-0.00610385974869132,1.0015318393707275,0.04867197945713997
frozen,125,103,26,heldout_before,lora,-0.09337898343801498,1.0117355585098267,0.08541872352361679
frozen,125,103,26,heldout_before,batch_lora,-0.14754539728164673,1.013870358467102,0.07539592683315277
frozen,125,103,26,heldout_after,activation,-0.00610385974869132,1.0015318393707275,0.04867197945713997
frozen,125,103,26,heldout_after,lora,-0.09337898343801498,1.0117355585098267,0.08541872352361679
frozen,125,103,26,heldout_after,batch_lora,-0.14754539728164673,1.013870358467102,0.07539592683315277
frozen,125,103,27,full_batch,activation,-0.005961203947663307,1.0013729333877563,0.046180687844753265
frozen,125,103,27,full_batch,lora,-0.09936189651489258,1.0118846893310547,0.08379702270030975
frozen,125,103,27,full_batch,batch_lora,-0.14367207884788513,1.013853907585144,0.07664913684129715
frozen,125,103,27,heldout_before,activation,-0.006844540126621723,1.0014252662658691,0.04634688049554825
frozen,125,103,27,heldout_before,lora,-0.10252965241670609,1.0122469663619995,0.08408734202384949
frozen,125,103,27,heldout_before,batch_lora,-0.14747220277786255,1.0142714977264404,0.07723796367645264
frozen,125,103,27,heldout_after,activation,-0.006844540126621723,1.0014252662658691,0.04634688049554825
frozen,125,103,27,heldout_after,lora,-0.10252965241670609,1.0122469663619995,0.08408734202384949
frozen,125,103,27,heldout_after,batch_lora,-0.14747220277786255,1.0142714977264404,0.07723796367645264
frozen,125,103,28,full_batch,activation,-0.005233124829828739,1.0011227130889893,0.040907420217990875
frozen,125,103,28,full_batch,lora,-0.09927970170974731,1.0111799240112305,0.07967819273471832
frozen,125,103,28,full_batch,batch_lora,-0.14645129442214966,1.0130752325057983,0.0721103772521019
frozen,125,103,28,heldout_before,activation,-0.004628083668649197,1.0010532140731812,0.040031470358371735
frozen,125,103,28,heldout_before,lora,-0.09859705716371536,1.010935664176941,0.0787331759929657
frozen,125,103,28,heldout_before,batch_lora,-0.14402897655963898,1.0128095149993896,0.07167312502861023
frozen,125,103,28,heldout_after,activation,-0.004628083668649197,1.0010532140731812,0.040031470358371735
frozen,125,103,28,heldout_after,lora,-0.09859705716371536,1.010935664176941,0.0787331759929657
frozen,125,103,28,heldout_after,batch_lora,-0.14402897655963898,1.0128095149993896,0.07167312502861023
frozen,125,103,29,full_batch,activation,-0.010803282260894775,1.0012171268463135,0.039065759629011154
frozen,125,103,29,full_batch,lora,-0.10609721392393112,1.0105466842651367,0.0743626058101654
frozen,125,103,29,full_batch,batch_lora,-0.14544710516929626,1.0124090909957886,0.06932477653026581
frozen,125,103,29,heldout_before,activation,-0.010712315328419209,1.0012187957763672,0.03912362456321716
frozen,125,103,29,heldout_before,lora,-0.10274140536785126,1.0104459524154663,0.0751512348651886
frozen,125,103,29,heldout_before,batch_lora,-0.14249169826507568,1.012338399887085,0.06995393335819244
frozen,125,103,29,heldout_after,activation,-0.010712315328419209,1.0012187957763672,0.03912362456321716
frozen,125,103,29,heldout_after,lora,-0.10274140536785126,1.0104459524154663,0.0751512348651886
frozen,125,103,29,heldout_after,batch_lora,-0.14249169826507568,1.012338399887085,0.06995393335819244
frozen,125,103,30,full_batch,activation,-0.007507605943828821,1.000745415687561,0.03133860230445862
frozen,125,103,30,full_batch,lora,-0.10377179086208344,1.0079951286315918,0.05945482850074768
frozen,125,103,30,full_batch,batch_lora,-0.13301989436149597,1.008778691291809,0.05493907630443573
frozen,125,103,30,heldout_before,activation,-0.005989705212414265,1.0006741285324097,0.031002679839730263
frozen,125,103,30,heldout_before,lora,-0.1008361279964447,1.0077402591705322,0.05884254723787308
frozen,125,103,30,heldout_before,batch_lora,-0.1268383413553238,1.0083905458450317,0.054654188454151154
frozen,125,103,30,heldout_after,activation,-0.005989705212414265,1.0006741285324097,0.031002679839730263
frozen,125,103,30,heldout_after,lora,-0.1008361279964447,1.0077402591705322,0.05884254723787308
frozen,125,103,30,heldout_after,batch_lora,-0.1268383413553238,1.0083905458450317,0.054654188454151154
frozen,125,103,31,full_batch,activation,-0.012088632211089134,1.0010054111480713,0.032901331782341
frozen,125,103,31,full_batch,lora,-0.10514038801193237,1.0087345838546753,0.06326340138912201
frozen,125,103,31,full_batch,batch_lora,-0.13285987079143524,1.0095661878585815,0.05917038396000862
frozen,125,103,31,heldout_before,activation,-0.011886302381753922,1.0009745359420776,0.0323445200920105
frozen,125,103,31,heldout_before,lora,-0.1049768403172493,1.0086427927017212,0.06270783394575119
frozen,125,103,31,heldout_before,batch_lora,-0.13220521807670593,1.00946843624115,0.058856792747974396
frozen,125,103,31,heldout_after,activation,-0.011886302381753922,1.0009745359420776,0.0323445200920105
frozen,125,103,31,heldout_after,lora,-0.1049768403172493,1.0086427927017212,0.06270783394575119
frozen,125,103,31,heldout_after,batch_lora,-0.13220521807670593,1.00946843624115,0.058856792747974396
frozen,125,103,32,full_batch,activation,-0.010281117632985115,1.0009486675262451,0.03322480246424675
frozen,125,103,32,full_batch,lora,-0.07882790267467499,1.0073022842407227,0.06426186859607697
frozen,125,103,32,full_batch,batch_lora,-0.1001480370759964,1.0079931020736694,0.06134385988116264
frozen,125,103,32,heldout_before,activation,-0.010895978659391403,1.0009632110595703,0.033055324107408524
frozen,125,103,32,heldout_before,lora,-0.08346568048000336,1.007473349571228,0.06366578489542007
frozen,125,103,32,heldout_before,batch_lora,-0.1062513068318367,1.008225917816162,0.06050806865096092
frozen,125,103,32,heldout_after,activation,-0.010895978659391403,1.0009632110595703,0.033055324107408524
frozen,125,103,32,heldout_after,lora,-0.08346568048000336,1.007473349571228,0.06366578489542007
frozen,125,103,32,heldout_after,batch_lora,-0.1062513068318367,1.008225917816162,0.06050806865096092
