condition,model,task,lr,predictor_seed,update_seed,step,completed_lora_updates,calibration_epochs_executed,selected_epoch,validation16_before_activation_cosine,validation16_before_activation_relative_l2,validation16_before_activation_norm_ratio,validation16_before_lora_cosine,validation16_before_lora_relative_l2,validation16_before_lora_norm_ratio,validation16_before_batch_lora_cosine,validation16_before_batch_lora_relative_l2,validation16_before_batch_lora_norm_ratio,validation16_after_activation_cosine,validation16_after_activation_relative_l2,validation16_after_activation_norm_ratio,validation16_after_lora_cosine,validation16_after_lora_relative_l2,validation16_after_lora_norm_ratio,validation16_after_batch_lora_cosine,validation16_after_batch_lora_relative_l2,validation16_after_batch_lora_norm_ratio,heldout28_activation_cosine,heldout28_activation_relative_l2,heldout28_activation_norm_ratio,heldout28_lora_cosine,heldout28_lora_relative_l2,heldout28_lora_norm_ratio,heldout28_batch_lora_cosine,heldout28_batch_lora_relative_l2,heldout28_batch_lora_norm_ratio,actual_batch_gradient_cosine,actual_batch_gradient_relative_l2,actual_batch_gradient_norm_ratio,same_history_adam_delta_cosine,same_history_adam_delta_relative_l2,same_history_adam_delta_norm_ratio
1p5b_countdown,1p5b,countdown,0.0001,123,101,1,0,30,0,0.6102802343666553,0.7829860784113407,0.5882493834942579,0.7974350675940514,0.5957554131746292,0.8565463423728943,0.9004694819450378,0.44000953435897827,0.9672055244445801,0.6102802343666553,0.7829860784113407,0.5882493834942579,0.7974350675940514,0.5957554131746292,0.8565463423728943,0.9004694819450378,0.44000953435897827,0.9672055244445801,0.6134425614561353,0.7770927527121135,0.6045164785214833,0.7976916815553393,0.5891966660107885,0.8415062225290707,0.9043691754341125,0.4716769754886627,1.105273723602295,0.9345310926437378,0.3695642948150635,1.0341624021530151,0.7543494701385498,0.7009164690971375,0.9999644756317139
1p5b_countdown,1p5b,countdown,0.0001,123,101,2,1,30,4,0.37848534481599927,0.9632830917835236,0.5995495487004519,0.5933337826281786,0.8711316362023354,0.8759467601776123,0.2852819859981537,1.2643197774887085,1.109836459159851,0.40817920630797744,0.9205624051392078,0.5140293966978788,0.6473173089325428,0.7583957277238369,0.6894671991467476,0.5017833113670349,0.9008843898773193,0.7535356283187866,0.4087863692215511,0.9283594744546073,0.5270708948373795,0.6456704288721085,0.7654399169342858,0.7333837896585464,0.5810589790344238,0.8816948533058167,0.9201978445053101,0.6116850972175598,0.8805862665176392,0.9984546899795532,0.8144227266311646,0.6574642062187195,1.1235239505767822
1p5b_countdown,1p5b,countdown,0.0001,123,101,3,2,30,6,0.33120887726545334,0.9634381532669067,0.5083567928522825,0.5760038523003459,0.8240499161183834,0.6814391631633043,0.2958593964576721,1.042370080947876,0.7130740880966187,0.37782959872856736,0.9226954467594624,0.4450549576431513,0.6072621326893568,0.7914952002465725,0.6592147331684828,0.4788721799850464,0.8880724906921387,0.6130039095878601,,,,,,,,,,,,,,,
1p5b_countdown,1p5b,countdown,0.0001,123,101,4,3,30,6,0.32833912898786366,0.94972949847579,0.4357976261526346,0.559099230915308,0.8338249884545803,0.6413701232522726,0.4000409245491028,0.9289987683296204,0.5519338250160217,0.3576655946671963,0.9302958510816097,0.37287203315645456,0.6049025058746338,0.8002520501613617,0.5983514282852411,0.5840691328048706,0.8132871389389038,0.6347895860671997,,,,,,,,,,,,,,,
1p5b_countdown,1p5b,countdown,0.0001,123,101,5,4,30,6,0.351797285489738,0.9342454485595226,0.3824567077681422,0.58529869094491,0.8162164501845837,0.6118224877864122,0.5538276433944702,0.8394486904144287,0.660594642162323,0.3483628868125379,0.934115570038557,0.377786791883409,0.5946861244738102,0.8005097098648548,0.5824805423617363,0.5664035081863403,0.8242083191871643,0.5779063701629639,,,,,,,,,,,,,,,
1p5b_countdown,1p5b,countdown,0.0001,123,101,6,5,30,16,0.34684669226408005,0.9359569735825062,0.39372814260423183,0.578107500448823,0.8130393326282501,0.6029568780213594,0.5069617033004761,0.8678842782974243,0.6081215143203735,0.37824081536382437,0.9254595898091793,0.37907475605607033,0.6009582560509443,0.8078034073114395,0.6416585706174374,0.6331080198287964,0.7812511324882507,0.7388397455215454,,,,,,,,,,,,,,,
1p5b_countdown,1p5b,countdown,0.0001,123,101,7,6,30,3,0.37940117716789246,0.925260454416275,0.38380661606788635,0.5941445678472519,0.813031267374754,0.6476352568715811,0.6185530424118042,0.7954959273338318,0.742737352848053,0.37955778278410435,0.9257594160735607,0.37930607609450817,0.5895068421959877,0.8179334849119186,0.6609458066523075,0.6534627676010132,0.7790946960449219,0.8378596901893616,,,,,,,,,,,,,,,
1p5b_countdown,1p5b,countdown,0.0001,123,101,8,7,30,14,0.39183025155216455,0.9220518469810486,0.3955391114577651,0.5879014562815428,0.8224866017699242,0.6891267336905003,0.6183202862739563,0.8338000178337097,0.8967845439910889,0.39931926876306534,0.9162796288728714,0.41864441614598036,0.628943745046854,0.7771317064762115,0.670749107375741,0.6269821524620056,0.7995118498802185,0.8067759871482849,0.3725352965827499,0.929174501981054,0.44048503413796425,0.5929793630327497,0.8018156162330082,0.6731607254062381,0.519881010055542,0.937273383140564,0.905572235584259,0.5581263899803162,0.9213759303092957,0.9586743116378784,0.9601388573646545,0.2806609272956848,0.9853792786598206
1p5b_countdown,1p5b,countdown,0.0001,123,101,9,8,30,2,0.4096346031874418,0.9142158329486847,0.440052879974246,0.6325835883617401,0.7793885432183743,0.7052805833518505,0.623233437538147,0.8123517632484436,0.8430859446525574,0.41112254187464714,0.9146421030163765,0.4460355909541249,0.6292371675372124,0.7833969816565514,0.6712953615933657,0.6362593770027161,0.7876564264297485,0.7950947284698486,,,,,,,,,,,,,,,
1p5b_countdown,1p5b,countdown,0.0001,123,101,10,9,30,22,0.4127291669137776,0.9188677407801151,0.46123561169952154,0.618307676166296,0.8019082881510258,0.6959271486848593,0.6057726144790649,0.8270308971405029,0.8314723968505859,0.4236972415819764,0.9101242832839489,0.44384906627237797,0.6439884677529335,0.7794091776013374,0.7114431392401457,0.6799236536026001,0.7375962138175964,0.7595757842063904,,,,,,,,,,,,,,,
1p5b_countdown,1p5b,countdown,0.0001,123,101,11,10,30,1,0.42379297502338886,0.9128732196986675,0.4634568691253662,0.62961520627141,0.8006935641169548,0.7416883017867804,0.6267774105072021,0.7893240451812744,0.7528024315834045,0.42323096841573715,0.9128395840525627,0.45998446829617023,0.6284410730004311,0.7951594851911068,0.7131335660815239,0.6369712352752686,0.7760072350502014,0.7259630560874939,,,,,,,,,,,,,,,
1p5b_countdown,1p5b,countdown,0.0001,123,101,12,11,30,3,0.4217627951875329,0.916267666965723,0.46962200477719307,0.6144569329917431,0.8126804381608963,0.7291379347443581,0.5961711406707764,0.8155815005302429,0.7396737337112427,0.4309435226023197,0.9091837331652641,0.4887455152347684,0.6307660229504108,0.78922263905406,0.7361042033880949,0.6699610948562622,0.7529744505882263,0.7957324981689453,,,,,,,,,,,,,,,
1p5b_countdown,1p5b,countdown,0.0001,123,101,13,12,30,2,0.4034995371475816,0.923905223608017,0.4828594271093607,0.5892643332481384,0.8249926939606667,0.730434974655509,0.6012882590293884,0.8397405743598938,0.8595743775367737,0.4035510281100869,0.9201622493565083,0.4491572994738817,0.5914882104843855,0.8169178701937199,0.6991197746247053,0.6420885920524597,0.8078600168228149,0.896874189376831,,,,,,,,,,,,,,,
1p5b_countdown,1p5b,countdown,0.0001,123,101,14,13,30,17,0.37667969055473804,0.9305282942950726,0.4415206257253885,0.551542030647397,0.8445365875959396,0.6892207805067301,0.5508741736412048,0.9088526368141174,0.9107013940811157,0.4055426917038858,0.9205392487347126,0.4957268163561821,0.6008398896083236,0.806093379855156,0.7305058129131794,0.6515102982521057,0.8108763098716736,0.9378423094749451,,,,,,,,,,,,,,,
1p5b_countdown,1p5b,countdown,0.0001,123,101,15,14,30,4,0.3733454954344779,0.9370950125157833,0.479140417650342,0.5504448390565813,0.8489651568233967,0.7070835642516613,0.48902833461761475,0.9779801368713379,0.9312884211540222,0.3881991715170443,0.9294097945094109,0.47849589958786964,0.5807192157953978,0.8285370096564293,0.7242925241589546,0.6090208292007446,0.8937875032424927,1.0210431814193726,,,,,,,,,,,,,,,
1p5b_countdown,1p5b,countdown,0.0001,123,101,16,15,30,1,0.3621392357163131,0.9413033239543438,0.4572879746556282,0.5468422845005989,0.8523660786449909,0.6937462408095598,0.49147745966911316,1.0110969543457031,1.0051575899124146,0.3543090345337987,0.9421646781265736,0.442686315625906,0.5428682826459408,0.8468642868101597,0.6730840913951397,0.48344725370407104,0.9902673363685608,0.9464275240898132,0.3398223825331245,0.948987888438361,0.4293884778661387,0.5427223976169314,0.8542925183262143,0.6684509207095418,0.6749659180641174,0.7963833212852478,0.9746413826942444,0.6708865761756897,0.7900887131690979,0.9435198903083801,0.9660996794700623,0.2731434404850006,1.0552959442138672
1p5b_countdown,1p5b,countdown,0.0001,123,101,17,16,30,4,0.29370208363980055,0.9751172438263893,0.4362032227218151,0.4726480811368674,0.9029000028967857,0.6614322531968355,0.2542805075645447,1.160125494003296,0.8950220942497253,0.33143878332339227,0.9455172345042229,0.3927291678264737,0.5125939957797527,0.8615869209170341,0.6562685444951057,0.512276291847229,0.9444192051887512,0.9051562547683716,,,,,,,,,,,,,,,
1p5b_countdown,1p5b,countdown,0.0001,123,101,18,17,30,4,0.29752703569829464,0.9586141929030418,0.3822268880903721,0.45296671288087964,0.8984802067279816,0.6448314674198627,0.33060747385025024,1.1292985677719116,0.9507818222045898,0.31814544717781246,0.9506870694458485,0.3991180630400777,0.4781133043579757,0.8815190121531487,0.6789686214178801,0.45999500155448914,0.98015296459198,0.8750794529914856,,,,,,,,,,,,,,,
1p5b_countdown,1p5b,countdown,0.0001,123,101,19,18,30,7,0.3011209884425625,0.957946352660656,0.393853222951293,0.45598375145345926,0.8979133330285549,0.6736548580229282,0.3899855613708496,1.046065092086792,0.8863130211830139,0.3187611064640805,0.9464416988193989,0.3517857640981674,0.5049520530737936,0.8616069406270981,0.6158353723585606,0.5039424896240234,0.9149249196052551,0.8056805729866028,,,,,,,,,,,,,,,
1p5b_countdown,1p5b,countdown,0.0001,123,101,20,19,30,2,0.305664645973593,0.9516222439706326,0.35326039884239435,0.4854911039583385,0.8806434087455273,0.6209221817553043,0.41463831067085266,0.9722076654434204,0.7568554878234863,0.30387161299586296,0.9512481167912483,0.33456103038042784,0.4905985211953521,0.8668501563370228,0.5564367771148682,0.3832058012485504,0.9395352005958557,0.5551739931106567,,,,,,,,,,,,,,,
1p5b_countdown,1p5b,countdown,0.0001,123,101,21,20,30,13,0.3083289167843759,0.9482288621366024,0.3313144240528345,0.4913378204219043,0.8637513034045696,0.5514798555523157,0.3789873719215393,0.9417460560798645,0.5536789298057556,0.3074287117924541,0.9501793757081032,0.36189395282417536,0.4948380487039685,0.8605116531252861,0.5770214479416609,0.40904122591018677,0.9315618276596069,0.5964502692222595,,,,,,,,,,,,,,,
1p5b_countdown,1p5b,countdown,0.0001,123,101,22,21,30,8,0.311183272395283,0.9489173591136932,0.36149330995976925,0.48506281804293394,0.8679536022245884,0.5757037773728371,0.36223602294921875,0.9602515697479248,0.5930995941162109,0.31273152958601713,0.9488341137766838,0.36750628519803286,0.4895532978698611,0.8786115907132626,0.6081106755882502,0.4728887379169464,0.9254499673843384,0.7558753490447998,,,,,,,,,,,,,,,
1p5b_countdown,1p5b,countdown,0.0001,123,101,23,22,30,4,0.3290086919441819,0.9442443586885929,0.37852839566767216,0.49627422355115414,0.8769134543836117,0.6231358256191015,0.46745896339416504,0.9705093502998352,0.86796635389328,0.3291637138463557,0.9449963867664337,0.36824462935328484,0.5074479300528765,0.8629479929804802,0.5765941422432661,0.4273732304573059,0.9599320292472839,0.7500455379486084,,,,,,,,,,,,,,,
1p5b_countdown,1p5b,countdown,0.0001,123,101,24,23,30,5,0.35323683824390173,0.9358000047504902,0.3903005365282297,0.5113180838525295,0.8620982989668846,0.6087015960365534,0.3153344988822937,1.122031331062317,0.9139914512634277,0.35091048292815685,0.9346989616751671,0.3620138093829155,0.5144362673163414,0.856846310198307,0.5747916549444199,0.30878183245658875,1.1020623445510864,0.8654574751853943,,,,,,,,,,,,,,,
1p5b_countdown,1p5b,countdown,0.0001,123,101,25,24,30,2,0.3435624586418271,0.9371128901839256,0.3638872168958187,0.4983965251594782,0.8681628592312336,0.5753880348056555,0.22586676478385925,1.1573742628097534,0.850791335105896,0.3527487739920616,0.9345708265900612,0.3664517533034086,0.5096109267324209,0.8627966642379761,0.5751377958804369,0.3282800316810608,1.0881096124649048,0.8684194684028625,,,,,,,,,,,,,,,
1p5b_countdown,1p5b,countdown,0.0001,123,101,26,25,30,5,0.34712906600907445,0.9368411041796207,0.36433792766183615,0.5003982977941632,0.8679430671036243,0.572506045922637,0.26612624526023865,1.1268110275268555,0.8496724367141724,0.36692049726843834,0.9301485903561115,0.3715443015098572,0.5360839609056711,0.8451542966067791,0.5491427052766085,0.4132493734359741,0.9595167636871338,0.7156521677970886,,,,,,,,,,,,,,,
1p5b_countdown,1p5b,countdown,0.0001,123,101,27,26,30,1,0.35853737709112465,0.9325588382780552,0.3723247954621911,0.5256361030042171,0.851126816123724,0.5484258867800236,0.3973234295845032,0.9581454396247864,0.6728385090827942,0.35817849123850465,0.9325331971049309,0.3597147138789296,0.5269056316465139,0.8498471938073635,0.5260271485894918,0.4064326286315918,0.9358843564987183,0.6090825796127319,,,,,,,,,,,,,,,
1p5b_countdown,1p5b,countdown,0.0001,123,101,28,27,30,0,0.3357955738902092,0.940110195428133,0.3547133896499872,0.5058593088760972,0.8610712960362434,0.5194840468466282,0.3358268737792969,0.9791035652160645,0.6030784249305725,0.3357955738902092,0.940110195428133,0.3547133896499872,0.5058593088760972,0.8610712960362434,0.5194840468466282,0.3358268737792969,0.9791035652160645,0.6030784249305725,,,,,,,,,,,,,,,
1p5b_countdown,1p5b,countdown,0.0001,123,101,29,28,30,0,0.3350662258453667,0.9407009370625019,0.36215697787702084,0.5060790283605456,0.8614041544497013,0.5297742020338774,0.32150065898895264,0.9890035390853882,0.6069662570953369,0.3350662258453667,0.9407009370625019,0.36215697787702084,0.5060790283605456,0.8614041544497013,0.5297742020338774,0.32150065898895264,0.9890035390853882,0.6069662570953369,,,,,,,,,,,,,,,
1p5b_countdown,1p5b,countdown,0.0001,123,101,30,29,30,11,0.31665567390155047,0.9473299644887447,0.3563037123531103,0.4876843262463808,0.8710352703928947,0.5216283071786165,0.27267539501190186,1.00747811794281,0.5716137886047363,0.3228190359659493,0.9474480450153351,0.3613412082195282,0.48888099752366543,0.8800029791891575,0.5659758113324642,0.36667492985725403,0.9857805371284485,0.6925795674324036,,,,,,,,,,,,,,,
1p5b_countdown,1p5b,countdown,0.0001,123,101,31,30,30,9,0.3166147822048515,0.9486556425690651,0.3593387622386217,0.48117322102189064,0.8831042796373367,0.563573757186532,0.337440550327301,0.999182403087616,0.6724505424499512,0.3233457086607814,0.9461748749017715,0.3461433229967952,0.48231021501123905,0.8805909119546413,0.543120538815856,0.35443198680877686,1.0001494884490967,0.7092853784561157,,,,,,,,,,,,,,,
1p5b_countdown,1p5b,countdown,0.0001,123,101,32,31,30,6,0.312723534880206,0.9517479054629803,0.3565639788284898,0.46989314537495375,0.8918161801993847,0.5601260922849178,0.32416093349456787,1.0185893774032593,0.7017910480499268,0.3159257012885064,0.9461211934685707,0.3540144879370928,0.49696998158469796,0.8639970682561398,0.5376986302435398,0.4160218834877014,0.9277762174606323,0.5999861359596252,0.2882371113768646,0.9615988177912576,0.3974270394870213,0.46452480661017553,0.8897749164274761,0.5859581338507789,0.18867959082126617,1.253265142440796,0.9673152565956116,0.26871901750564575,1.1849702596664429,0.9589105248451233,0.9836946725845337,0.19857092201709747,1.0678696632385254
1p5b_countdown_gentle,1p5b,countdown,1e-05,123,101,1,0,30,0,0.86723642796278,0.4902902729809284,0.8828140906989574,0.9423143453896046,0.32585369888693094,0.9614560790359974,0.9935625791549683,0.11328992247581482,0.9946591854095459,0.86723642796278,0.4902902729809284,0.8828140906989574,0.9423143453896046,0.32585369888693094,0.9614560790359974,0.9935625791549683,0.11328992247581482,0.9946591854095459,0.8708672374486923,0.4813172018953732,0.8691886450563159,0.9443722345999309,0.31884704157710075,0.9461480293955121,0.9952217936515808,0.0979071706533432,0.9879867434501648,0.9955692291259766,0.09417447447776794,0.9903761744499207,0.9594820141792297,0.2846679985523224,0.9999997019767761
1p5b_countdown_gentle,1p5b,countdown,1e-05,123,101,2,1,30,0,0.8652719855308533,0.49315033853054047,0.880241621285677,0.9405771195888519,0.3301308900117874,0.9611884765326977,0.9934401512145996,0.11440533399581909,0.996923565864563,0.8652719855308533,0.49315033853054047,0.880241621285677,0.9405771195888519,0.3301308900117874,0.9611884765326977,0.9934401512145996,0.11440533399581909,0.996923565864563,0.8560489522559303,0.5018614966954503,0.8539685585669109,0.9377726891211101,0.3326437957584858,0.9486492872238159,0.9947700500488281,0.10226922482252121,0.9999012351036072,0.9953498244285583,0.09652871638536453,1.0015978813171387,0.991178035736084,0.133186474442482,1.004307746887207
1p5b_countdown_gentle,1p5b,countdown,1e-05,123,101,3,2,30,0,0.8673668503761292,0.4898517485707998,0.8820970617234707,0.9425089098513126,0.3251606058329344,0.9620656184852123,0.9936157464981079,0.1128527969121933,0.9964253902435303,0.8673668503761292,0.4898517485707998,0.8820970617234707,0.9425089098513126,0.3251606058329344,0.9620656184852123,0.9936157464981079,0.1128527969121933,0.9964253902435303,,,,,,,,,,,,,,,
1p5b_countdown_gentle,1p5b,countdown,1e-05,123,101,4,3,30,0,0.8663687407970428,0.4917052127420902,0.8809354603290558,0.941750168800354,0.32734709698706865,0.9609002396464348,0.9934536218643188,0.11424940824508667,0.995176374912262,0.8663687407970428,0.4917052127420902,0.8809354603290558,0.941750168800354,0.32734709698706865,0.9609002396464348,0.9934536218643188,0.11424940824508667,0.995176374912262,,,,,,,,,,,,,,,
1p5b_countdown_gentle,1p5b,countdown,1e-05,123,101,5,4,30,0,0.8667404688894749,0.4910375438630581,0.8825191743671894,0.9425274729728699,0.3248723018914461,0.9614717327058315,0.9935808181762695,0.11312908679246902,0.9946994781494141,0.8667404688894749,0.4910375438630581,0.8825191743671894,0.9425274729728699,0.3248723018914461,0.9614717327058315,0.9935808181762695,0.11312908679246902,0.9946994781494141,,,,,,,,,,,,,,,
1p5b_countdown_gentle,1p5b,countdown,1e-05,123,101,6,5,30,0,0.8675421364605427,0.4897357076406479,0.8828482329845428,0.9426576755940914,0.3248312259092927,0.9632846899330616,0.9934027791023254,0.11471925675868988,0.9965142011642456,0.8675421364605427,0.4897357076406479,0.8828482329845428,0.9426576755940914,0.3248312259092927,0.9632846899330616,0.9934027791023254,0.11471925675868988,0.9965142011642456,,,,,,,,,,,,,,,
1p5b_countdown_gentle,1p5b,countdown,1e-05,123,101,7,6,30,0,0.8663161545991898,0.49221223779022694,0.8812893107533455,0.9418862797319889,0.32772426307201385,0.963977612555027,0.9934461116790771,0.1144537404179573,0.9993508458137512,0.8663161545991898,0.49221223779022694,0.8812893107533455,0.9418862797319889,0.32772426307201385,0.963977612555027,0.9934461116790771,0.1144537404179573,0.9993508458137512,,,,,,,,,,,,,,,
1p5b_countdown_gentle,1p5b,countdown,1e-05,123,101,8,7,30,0,0.8655303604900837,0.4935376178473234,0.8819536045193672,0.9415117166936398,0.328852872364223,0.9657710678875446,0.9933062791824341,0.1158163920044899,1.0017294883728027,0.8655303604900837,0.4935376178473234,0.8819536045193672,0.9415117166936398,0.328852872364223,0.9657710678875446,0.9933062791824341,0.1158163920044899,1.0017294883728027,0.8375093553747449,0.5308175714952605,0.8467004001140594,0.9243765643664769,0.36486391137753216,0.9415881655045918,0.9929136633872986,0.11888391524553299,0.9962151050567627,0.9937416315078735,0.11171932518482208,0.9956486821174622,0.9987239837646484,0.0506257638335228,1.0022428035736084
1p5b_countdown_gentle,1p5b,countdown,1e-05,123,101,9,8,30,0,0.867488469928503,0.4894962180405855,0.8831388838589191,0.9431838393211365,0.3231549300253391,0.9644704312086105,0.9933907985687256,0.11487029492855072,0.9978954792022705,0.867488469928503,0.4894962180405855,0.8831388838589191,0.9431838393211365,0.3231549300253391,0.9644704312086105,0.9933907985687256,0.11487029492855072,0.9978954792022705,,,,,,,,,,,,,,,
1p5b_countdown_gentle,1p5b,countdown,1e-05,123,101,10,9,30,0,0.8683148175477982,0.4886036552488804,0.8822408653795719,0.9435195252299309,0.3227571379393339,0.9647166058421135,0.993324875831604,0.11543954163789749,0.9978558421134949,0.8683148175477982,0.4886036552488804,0.8822408653795719,0.9435195252299309,0.3227571379393339,0.9647166058421135,0.993324875831604,0.11543954163789749,0.9978558421134949,,,,,,,,,,,,,,,
1p5b_countdown_gentle,1p5b,countdown,1e-05,123,101,11,10,30,0,0.8665045872330666,0.4916389621794224,0.8806122243404388,0.9421755634248257,0.3263690546154976,0.9642904847860336,0.9930470585823059,0.11789358407258987,0.9994796514511108,0.8665045872330666,0.4916389621794224,0.8806122243404388,0.9421755634248257,0.3263690546154976,0.9642904847860336,0.9930470585823059,0.11789358407258987,0.9994796514511108,,,,,,,,,,,,,,,
1p5b_countdown_gentle,1p5b,countdown,1e-05,123,101,12,11,30,0,0.8651386126875877,0.4939299952238798,0.8823858685791492,0.9416415840387344,0.3283047517761588,0.9668263383209705,0.9929606914520264,0.11878985911607742,1.0020196437835693,0.8651386126875877,0.4939299952238798,0.8823858685791492,0.9416415840387344,0.3283047517761588,0.9668263383209705,0.9929606914520264,0.11878985911607742,1.0020196437835693,,,,,,,,,,,,,,,
1p5b_countdown_gentle,1p5b,countdown,1e-05,123,101,13,12,30,0,0.8666183724999428,0.4912738408893347,0.8806250393390656,0.9430334456264973,0.3238736726343632,0.9644030034542084,0.9928255677223206,0.11972138285636902,0.9988068342208862,0.8666183724999428,0.4912738408893347,0.8806250393390656,0.9430334456264973,0.3238736726343632,0.9644030034542084,0.9928255677223206,0.11972138285636902,0.9988068342208862,,,,,,,,,,,,,,,
1p5b_countdown_gentle,1p5b,countdown,1e-05,123,101,14,13,30,0,0.8662199005484581,0.4922602213919163,0.881271243095398,0.9423892386257648,0.32656113989651203,0.9677993804216385,0.992842972278595,0.11988344043493271,1.0033003091812134,0.8662199005484581,0.4922602213919163,0.881271243095398,0.9423892386257648,0.32656113989651203,0.9677993804216385,0.992842972278595,0.11988344043493271,1.0033003091812134,,,,,,,,,,,,,,,
1p5b_countdown_gentle,1p5b,countdown,1e-05,123,101,15,14,30,0,0.8669767826795578,0.4910030737519264,0.8816685751080513,0.9427661709487438,0.32520351372659206,0.9655389003455639,0.992534875869751,0.12217631191015244,0.9997816681861877,0.8669767826795578,0.4910030737519264,0.8816685751080513,0.9427661709487438,0.32520351372659206,0.9655389003455639,0.992534875869751,0.12217631191015244,0.9997816681861877,,,,,,,,,,,,,,,
1p5b_countdown_gentle,1p5b,countdown,1e-05,123,101,16,15,30,1,0.8663427121937275,0.4920434392988682,0.8817306570708752,0.9426452778279781,0.3256180416792631,0.9669247753918171,0.9924192428588867,0.12321264296770096,1.001214623451233,0.8665993399918079,0.49212406761944294,0.8649934455752373,0.9433261230587959,0.32510647457093,0.9428283013403416,0.9926095008850098,0.12218242138624191,0.9783943295478821,0.8517863260848182,0.5085358694195747,0.8580277689865657,0.934822467820985,0.3377130228493895,0.95541969367436,0.9930201172828674,0.11874309182167053,1.006766676902771,0.99412602186203,0.10850011557340622,1.001781702041626,0.999394416809082,0.034829333424568176,1.0008548498153687
1p5b_countdown_gentle,1p5b,countdown,1e-05,123,101,17,16,30,0,0.8674237802624702,0.4905442651361227,0.8653373420238495,0.9438118636608124,0.32353072334080935,0.9453826509416103,0.9925141334533691,0.12265318632125854,0.9812000393867493,0.8674237802624702,0.4905442651361227,0.8653373420238495,0.9438118636608124,0.32353072334080935,0.9453826509416103,0.9925141334533691,0.12265318632125854,0.9812000393867493,,,,,,,,,,,,,,,
1p5b_countdown_gentle,1p5b,countdown,1e-05,123,101,18,17,30,0,0.867237038910389,0.49096093885600567,0.8637923114001751,0.9438431859016418,0.32344499230384827,0.9422478899359703,0.9926177859306335,0.12217292934656143,0.9779078364372253,0.867237038910389,0.49096093885600567,0.8637923114001751,0.9438431859016418,0.32344499230384827,0.9422478899359703,0.9926177859306335,0.12217292934656143,0.9779078364372253,,,,,,,,,,,,,,,
1p5b_countdown_gentle,1p5b,countdown,1e-05,123,101,19,18,30,0,0.8674527145922184,0.49092370830476284,0.8642559200525284,0.9441321007907391,0.3231537025421858,0.9433947652578354,0.9924168586730957,0.12369795888662338,0.9785448312759399,0.8674527145922184,0.49092370830476284,0.8642559200525284,0.9441321007907391,0.3231537025421858,0.9433947652578354,0.9924168586730957,0.12369795888662338,0.9785448312759399,,,,,,,,,,,,,,,
1p5b_countdown_gentle,1p5b,countdown,1e-05,123,101,20,19,30,0,0.8663134761154652,0.49233250692486763,0.8642224036157131,0.9435341916978359,0.32410918921232224,0.9440385177731514,0.9921761751174927,0.1255192905664444,0.9791996479034424,0.8663134761154652,0.49233250692486763,0.8642224036157131,0.9435341916978359,0.32410918921232224,0.9440385177731514,0.9921761751174927,0.1255192905664444,0.9791996479034424,,,,,,,,,,,,,,,
1p5b_countdown_gentle,1p5b,countdown,1e-05,123,101,21,20,30,0,0.8660490028560162,0.49301452189683914,0.8632007203996181,0.943372581154108,0.32502789329737425,0.9435128569602966,0.9924489259719849,0.12330065667629242,0.979887068271637,0.8660490028560162,0.49301452189683914,0.8632007203996181,0.943372581154108,0.32502789329737425,0.9435128569602966,0.9924489259719849,0.12330065667629242,0.979887068271637,,,,,,,,,,,,,,,
1p5b_countdown_gentle,1p5b,countdown,1e-05,123,101,22,21,30,0,0.8667362295091152,0.4917552098631859,0.8634793013334274,0.9439674504101276,0.32302139047533274,0.9435219615697861,0.9919825196266174,0.1270485818386078,0.9789164662361145,0.8667362295091152,0.4917552098631859,0.8634793013334274,0.9439674504101276,0.32302139047533274,0.9435219615697861,0.9919825196266174,0.1270485818386078,0.9789164662361145,,,,,,,,,,,,,,,
1p5b_countdown_gentle,1p5b,countdown,1e-05,123,101,23,22,30,0,0.8650827370584011,0.49467357993125916,0.8609726130962372,0.942793782800436,0.3266048636287451,0.9428380616009235,0.9919087886810303,0.12754876911640167,0.9795974493026733,0.8650827370584011,0.49467357993125916,0.8609726130962372,0.942793782800436,0.3266048636287451,0.9428380616009235,0.9919087886810303,0.12754876911640167,0.9795974493026733,,,,,,,,,,,,,,,
1p5b_countdown_gentle,1p5b,countdown,1e-05,123,101,24,23,30,0,0.8654999248683453,0.49413541331887245,0.8600955717265606,0.9432537294924259,0.3255043812096119,0.9433218836784363,0.991834819316864,0.12797753512859344,0.9811331033706665,0.8654999248683453,0.49413541331887245,0.8600955717265606,0.9432537294924259,0.3255043812096119,0.9433218836784363,0.991834819316864,0.12797753512859344,0.9811331033706665,,,,,,,,,,,,,,,
1p5b_countdown_gentle,1p5b,countdown,1e-05,123,101,25,24,30,0,0.8660668097436428,0.4932687934488058,0.8630206249654293,0.9435163736343384,0.3248640112578869,0.9458726607263088,0.9915244579315186,0.13025116920471191,0.982247531414032,0.8660668097436428,0.4932687934488058,0.8630206249654293,0.9435163736343384,0.3248640112578869,0.9458726607263088,0.9915244579315186,0.13025116920471191,0.982247531414032,,,,,,,,,,,,,,,
1p5b_countdown_gentle,1p5b,countdown,1e-05,123,101,26,25,30,0,0.8662942238152027,0.492709144949913,0.8625280484557152,0.9436220824718475,0.3245359640568495,0.9445355422794819,0.9912870526313782,0.13222020864486694,0.9797832369804382,0.8662942238152027,0.492709144949913,0.8625280484557152,0.9436220824718475,0.3245359640568495,0.9445355422794819,0.9912870526313782,0.13222020864486694,0.9797832369804382,,,,,,,,,,,,,,,
1p5b_countdown_gentle,1p5b,countdown,1e-05,123,101,27,26,30,0,0.8650148548185825,0.4950290657579899,0.8621854707598686,0.94274777546525,0.32715436443686485,0.9467807337641716,0.9911066293716431,0.13325822353363037,0.9840347170829773,0.8650148548185825,0.4950290657579899,0.8621854707598686,0.94274777546525,0.32715436443686485,0.9467807337641716,0.9911066293716431,0.13325822353363037,0.9840347170829773,,,,,,,,,,,,,,,
1p5b_countdown_gentle,1p5b,countdown,1e-05,123,101,28,27,30,0,0.8648380003869534,0.4952877312898636,0.8619873411953449,0.9429673328995705,0.32651145942509174,0.9475158900022507,0.9909067749977112,0.13470852375030518,0.9843739867210388,0.8648380003869534,0.4952877312898636,0.8619873411953449,0.9429673328995705,0.32651145942509174,0.9475158900022507,0.9909067749977112,0.13470852375030518,0.9843739867210388,,,,,,,,,,,,,,,
1p5b_countdown_gentle,1p5b,countdown,1e-05,123,101,29,28,30,0,0.8653112649917603,0.49454350769519806,0.8607370741665363,0.9429134912788868,0.3264702195301652,0.946179136633873,0.9906254410743713,0.13685938715934753,0.9823104739189148,0.8653112649917603,0.49454350769519806,0.8607370741665363,0.9429134912788868,0.3264702195301652,0.946179136633873,0.9906254410743713,0.13685938715934753,0.9823104739189148,,,,,,,,,,,,,,,
1p5b_countdown_gentle,1p5b,countdown,1e-05,123,101,30,29,30,0,0.865295022726059,0.49466697685420513,0.859759021550417,0.943085927516222,0.3262409260496497,0.9439413584768772,0.9904820919036865,0.13807544112205505,0.9795454740524292,0.865295022726059,0.49466697685420513,0.859759021550417,0.943085927516222,0.3262409260496497,0.9439413584768772,0.9904820919036865,0.13807544112205505,0.9795454740524292,,,,,,,,,,,,,,,
1p5b_countdown_gentle,1p5b,countdown,1e-05,123,101,31,30,30,0,0.864788256585598,0.4953542947769165,0.8625067360699177,0.942739725112915,0.32713127601891756,0.9478749297559261,0.9901906251907349,0.13987785577774048,0.9836165308952332,0.864788256585598,0.4953542947769165,0.8625067360699177,0.942739725112915,0.32713127601891756,0.9478749297559261,0.9901906251907349,0.13987785577774048,0.9836165308952332,,,,,,,,,,,,,,,
1p5b_countdown_gentle,1p5b,countdown,1e-05,123,101,32,31,30,0,0.8656025528907776,0.4941071458160877,0.8636290356516838,0.9431425705552101,0.3261451004073024,0.9479902237653732,0.9899889230728149,0.14131535589694977,0.9830560088157654,0.8656025528907776,0.4941071458160877,0.8636290356516838,0.9431425705552101,0.3261451004073024,0.9479902237653732,0.9899889230728149,0.14131535589694977,0.9830560088157654,0.8642411742891584,0.49376260169914793,0.8525865120547158,0.9429557153156826,0.32572945952415466,0.9377487983022418,0.990319013595581,0.13916081190109253,0.9804430603981018,0.990181028842926,0.13993413746356964,0.9838630557060242,0.9992685317993164,0.038278985768556595,1.0009263753890991
1p5b_gsm8k,1p5b,gsm8k,0.0001,123,101,1,0,30,0,0.1079713114304468,0.9935752712190151,0.09022660437040031,0.28961331071332097,0.9511182010173798,0.29366213362663984,0.3341922461986542,0.9440118670463562,0.3875099718570709,0.1079713114304468,0.9935752712190151,0.09022660437040031,0.28961331071332097,0.9511182010173798,0.29366213362663984,0.3341922461986542,0.9440118670463562,0.3875099718570709,0.1121079086858247,0.9912362141268594,0.10284177932356085,0.272492095229349,0.9490280087505069,0.3023201179291521,0.316167950630188,0.958561360836029,0.4532889723777771,0.2698819041252136,0.9756806492805481,0.4273270070552826,0.17175252735614777,1.2863538265228271,0.9989194869995117
1p5b_gsm8k,1p5b,gsm8k,0.0001,123,101,2,1,30,0,0.10742003621999174,0.9936672709882259,0.09061875473707914,0.28656101383967325,0.9527321085333824,0.2963690236210823,0.28409767150878906,0.9653886556625366,0.39673271775245667,0.10742003621999174,0.9936672709882259,0.09061875473707914,0.28656101383967325,0.9527321085333824,0.2963690236210823,0.28409767150878906,0.9653886556625366,0.39673271775245667,0.1297407361811825,0.9894217657191413,0.09674206056765147,0.28354857489466667,0.9515155596392495,0.28143468339528355,0.17376181483268738,1.016335368156433,0.42502039670944214,0.19665566086769104,1.014959692955017,0.45898452401161194,0.5893241763114929,0.9858055710792542,1.1542272567749023
1p5b_gsm8k,1p5b,gsm8k,0.0001,123,101,3,2,30,0,0.10705323168076575,0.9937499836087227,0.090849535074085,0.2818905528692994,0.954582154750824,0.2961318399757147,0.2590388059616089,0.9753283858299255,0.3945617079734802,0.10705323168076575,0.9937499836087227,0.090849535074085,0.2818905528692994,0.954582154750824,0.2961318399757147,0.2590388059616089,0.9753283858299255,0.3945617079734802,,,,,,,,,,,,,,,
1p5b_gsm8k,1p5b,gsm8k,0.0001,123,101,4,3,30,0,0.10735958779696375,0.9938187189400196,0.08960746275261045,0.27625533170066774,0.9571299217641354,0.29078785330057144,0.24707618355751038,0.9793714284896851,0.3892562687397003,0.10735958779696375,0.9938187189400196,0.08960746275261045,0.27625533170066774,0.9571299217641354,0.29078785330057144,0.24707618355751038,0.9793714284896851,0.3892562687397003,,,,,,,,,,,,,,,
1p5b_gsm8k,1p5b,gsm8k,0.0001,123,101,5,4,30,1,0.10438541881740093,0.9942653141915798,0.08947801357135177,0.26335377991199493,0.9621949382126331,0.2895688824355602,0.22413329780101776,0.9880675673484802,0.38696223497390747,0.1039574621245265,0.9944072514772415,0.08822123589925468,0.257834910415113,0.9638875238597393,0.28014383651316166,0.23927250504493713,0.9774981141090393,0.35220542550086975,,,,,,,,,,,,,,,
1p5b_gsm8k,1p5b,gsm8k,0.0001,123,101,6,5,30,0,0.10152116935933009,0.9948562569916248,0.08736278512515128,0.24690507267951034,0.9685042947530746,0.2748812409117818,0.24779552221298218,0.9742982387542725,0.3510415852069855,0.10152116935933009,0.9948562569916248,0.08736278512515128,0.24690507267951034,0.9685042947530746,0.2748812409117818,0.24779552221298218,0.9742982387542725,0.3510415852069855,,,,,,,,,,,,,,,
1p5b_gsm8k,1p5b,gsm8k,0.0001,123,101,7,6,30,0,0.09497477521654218,0.9956592656672001,0.08641448547132313,0.22680891636991873,0.9754070825874805,0.2701815445907414,0.2194686383008957,0.9833860397338867,0.34281590580940247,0.09497477521654218,0.9956592656672001,0.08641448547132313,0.22680891636991873,0.9754070825874805,0.2701815445907414,0.2194686383008957,0.9833860397338867,0.34281590580940247,,,,,,,,,,,,,,,
1p5b_gsm8k,1p5b,gsm8k,0.0001,123,101,8,7,30,1,0.08538454840163467,0.9966879710555077,0.08583123842254281,0.20378388883545995,0.9822730086743832,0.26756074419245124,0.1702101230621338,0.9987004995346069,0.3326110243797302,0.08415078354300931,0.9967508725821972,0.08556057815439999,0.20209770824294537,0.9818445444107056,0.267277963925153,0.17458464205265045,0.9992549419403076,0.3448496460914612,0.09174552646332554,0.9952184792075839,0.08522410065467868,0.20960529867027486,0.9784050945724759,0.26210291244621786,-0.07839404046535492,1.0826524496078491,0.3438403010368347,-0.04821287468075752,1.0715901851654053,0.33989793062210083,0.8177979588508606,0.697031557559967,1.2110493183135986
1p5b_gsm8k,1p5b,gsm8k,0.0001,123,101,9,8,30,0,0.0759003758430481,0.9975977838039398,0.08611094462685287,0.1818501675297739,0.9879692047834396,0.26749382307752967,0.09368058294057846,1.025468349456787,0.33936601877212524,0.0759003758430481,0.9975977838039398,0.08611094462685287,0.1818501675297739,0.9879692047834396,0.26749382307752967,0.09368058294057846,1.025468349456787,0.33936601877212524,,,,,,,,,,,,,,,
1p5b_gsm8k,1p5b,gsm8k,0.0001,123,101,10,9,30,2,0.06769695249386132,0.9982991367578506,0.08666983805596828,0.16504767769947648,0.9924401715397835,0.2714737025089562,0.013324561528861523,1.0465582609176636,0.32229337096214294,0.07395854382775724,0.997657872736454,0.08082121051847935,0.17600133852101862,0.9905773475766182,0.2554644690826535,0.04831841588020325,1.027395486831665,0.288893461227417,,,,,,,,,,,,,,,
1p5b_gsm8k,1p5b,gsm8k,0.0001,123,101,11,10,30,1,0.0698842074489221,0.9980797618627548,0.08110086945816875,0.1681179387960583,0.9931884109973907,0.2575466791167855,0.02587909996509552,1.0314750671386719,0.28006505966186523,0.0719183535547927,0.997672077268362,0.07915080478414893,0.17229115520603955,0.9895970821380615,0.25226493179798126,0.06594595313072205,1.0217574834823608,0.2858029007911682,,,,,,,,,,,,,,,
1p5b_gsm8k,1p5b,gsm8k,0.0001,123,101,12,11,30,1,0.06928626250009984,0.9979296624660492,0.08041141112335026,0.16674642404541373,0.9916797801852226,0.25862920144572854,0.03973981738090515,1.0261814594268799,0.27346548438072205,0.06398565066047013,0.9982052259147167,0.07773296069353819,0.15984615072375163,0.9912677332758904,0.24712965730577707,0.028587570413947105,1.024112582206726,0.2513512670993805,,,,,,,,,,,,,,,
1p5b_gsm8k,1p5b,gsm8k,0.0001,123,101,13,12,30,1,0.05908479436766356,0.9986326172947884,0.07845294196158648,0.15052810960332863,0.9942665509879589,0.25400398718193173,-0.00957286823540926,1.030765414237976,0.24056512117385864,0.05981605721171945,0.9983919188380241,0.07611283892765641,0.1538217975758016,0.9922061637043953,0.24766643717885017,0.019176844507455826,1.0240229368209839,0.24051536619663239,,,,,,,,,,,,,,,
1p5b_gsm8k,1p5b,gsm8k,0.0001,123,101,14,13,30,11,0.059384185704402626,0.9984740912914276,0.07776589831337333,0.15215652756160125,0.9933002255856991,0.2542747654952109,-0.0020698532462120056,1.0290138721466064,0.24056948721408844,0.0698090682271868,0.9974080249667168,0.05748289683833718,0.1991084786131978,0.9805092848837376,0.21343465335667133,0.2814740538597107,0.9618991017341614,0.348388671875,,,,,,,,,,,,,,,
1p5b_gsm8k,1p5b,gsm8k,0.0001,123,101,15,14,30,5,0.06692155974451452,0.9976285621523857,0.05782948597334325,0.19293082039803267,0.9820103943347931,0.21571283787488937,0.26278650760650635,0.968245267868042,0.3437545597553253,0.07131789939012378,0.9973481968045235,0.057956351432949305,0.2030257796868682,0.9801119528710842,0.21240091370418668,0.31252458691596985,0.9501190781593323,0.33247536420822144,,,,,,,,,,,,,,,
1p5b_gsm8k,1p5b,gsm8k,0.0001,123,101,16,15,30,0,0.07103681185981259,0.9973895289003849,0.059413191163912416,0.19764912826940417,0.9812842309474945,0.21241459529846907,0.2980875074863434,0.9551854729652405,0.3332368731498718,0.07103681185981259,0.9973895289003849,0.059413191163912416,0.19764912826940417,0.9812842309474945,0.21241459529846907,0.2980875074863434,0.9551854729652405,0.3332368731498718,0.061971042587954016,0.9976552320378167,0.06004263859774385,0.1664283199102751,0.9856520784752709,0.19874758166926249,0.3115466833114624,0.9510291814804077,0.3505057692527771,0.26649218797683716,0.9694393873214722,0.37056371569633484,0.891161322593689,0.49399101734161377,1.086598515510559
1p5b_gsm8k,1p5b,gsm8k,0.0001,123,101,17,16,30,0,0.07095952040981501,0.9974374733865261,0.0594769767485559,0.19100023922510445,0.9829190634191036,0.211091716773808,0.2768867015838623,0.9621319770812988,0.3255093991756439,0.07095952040981501,0.9974374733865261,0.0594769767485559,0.19100023922510445,0.9829190634191036,0.211091716773808,0.2768867015838623,0.9621319770812988,0.3255093991756439,,,,,,,,,,,,,,,
1p5b_gsm8k,1p5b,gsm8k,0.0001,123,101,18,17,30,0,0.06895646511111408,0.9975670911371708,0.058594702277332544,0.18118781771045178,0.9848422110080719,0.20727088768035173,0.24553950130939484,0.9722257852554321,0.3197874426841736,0.06895646511111408,0.9975670911371708,0.058594702277332544,0.18118781771045178,0.9848422110080719,0.20727088768035173,0.24553950130939484,0.9722257852554321,0.3197874426841736,,,,,,,,,,,,,,,
1p5b_gsm8k,1p5b,gsm8k,0.0001,123,101,19,18,30,0,0.06615524145308882,0.9977442547678947,0.05795564618892968,0.16765259660314769,0.9875463172793388,0.20342760533094406,0.20447774231433868,0.985823392868042,0.321348637342453,0.06615524145308882,0.9977442547678947,0.05795564618892968,0.16765259660314769,0.9875463172793388,0.20342760533094406,0.20447774231433868,0.985823392868042,0.321348637342453,,,,,,,,,,,,,,,
1p5b_gsm8k,1p5b,gsm8k,0.0001,123,101,20,19,30,0,0.06282791908597574,0.9979357570409775,0.056620388524606824,0.15254358600941487,0.9901288151741028,0.19672080408781767,0.14169029891490936,1.0050445795059204,0.31544551253318787,0.06282791908597574,0.9979357570409775,0.056620388524606824,0.15254358600941487,0.9901288151741028,0.19672080408781767,0.14169029891490936,1.0050445795059204,0.31544551253318787,,,,,,,,,,,,,,,
1p5b_gsm8k,1p5b,gsm8k,0.0001,123,101,21,20,30,5,0.057435858936514705,0.9981876984238625,0.05603275168687105,0.130390289821662,0.9933979362249374,0.1911136107519269,0.06041514873504639,1.0305914878845215,0.31686949729919434,0.05549843161134049,0.9982497878372669,0.04907693469431251,0.14164397062268108,0.989285334944725,0.16173557983711362,0.07918574661016464,1.0079718828201294,0.22844284772872925,,,,,,,,,,,,,,,
1p5b_gsm8k,1p5b,gsm8k,0.0001,123,101,22,21,30,3,0.053905093285720795,0.9982792474329472,0.04846180975437164,0.12848561786813661,0.9911683276295662,0.15749972872436047,0.02808672934770584,1.0190740823745728,0.22633108496665955,0.05745070066768676,0.9980875179171562,0.05237194651272148,0.13605198383447714,0.989729717373848,0.1659878073260188,0.030237682163715363,1.0193712711334229,0.23031793534755707,,,,,,,,,,,,,,,
1p5b_gsm8k,1p5b,gsm8k,0.0001,123,101,23,22,30,0,0.05281435960205272,0.9982844069600105,0.05127662851009518,0.1199240887654014,0.9917999505996704,0.15973462187685072,-0.02898295596241951,1.0283085107803345,0.212384894490242,0.05281435960205272,0.9982844069600105,0.05127662851009518,0.1199240887654014,0.9917999505996704,0.15973462187685072,-0.02898295596241951,1.0283085107803345,0.212384894490242,,,,,,,,,,,,,,,
1p5b_gsm8k,1p5b,gsm8k,0.0001,123,101,24,23,30,3,0.04637979761173483,0.9985956400632858,0.050510975997895,0.10356369812507182,0.9942118674516678,0.15597202582284808,-0.06666964292526245,1.0308871269226074,0.19250784814357758,0.044307697826297954,0.9989207461476326,0.04173661966342479,0.10251630475977436,0.9952652789652348,0.13575384044088423,0.0020577479153871536,1.0170124769210815,0.18731063604354858,,,,,,,,,,,,,,,
1p5b_gsm8k,1p5b,gsm8k,0.0001,123,101,25,24,30,28,0.041865264225634746,0.9990263804793358,0.04021299409214407,0.09182354109361768,0.9966353811323643,0.1283018421381712,-0.012964224442839622,1.0152302980422974,0.16270816326141357,0.07173923496156931,0.9974296055734158,0.08134524442721158,0.16162250586785376,0.9977010935544968,0.2672090302221477,0.3076489567756653,0.9533141851425171,0.36643391847610474,,,,,,,,,,,,,,,
1p5b_gsm8k,1p5b,gsm8k,0.0001,123,101,26,25,30,1,0.06953727349173278,0.9975423440337181,0.08030058862641454,0.15705033554695547,0.9981415346264839,0.2613898986019194,0.3103397786617279,0.9513969421386719,0.3486395478248596,0.0682441255194135,0.9974519573152065,0.07511101651471108,0.1536884242668748,0.9955237545073032,0.2448806562460959,0.29769080877304077,0.9549264311790466,0.3201466500759125,,,,,,,,,,,,,,,
1p5b_gsm8k,1p5b,gsm8k,0.0001,123,101,27,26,30,25,0.06519813495106064,0.9977383278310299,0.07540007028728724,0.14644982013851404,0.9976406395435333,0.24455664679408073,0.2864810824394226,0.958550751209259,0.31633085012435913,0.07360055181925418,0.9973110966384411,0.08845346490852535,0.18618879071436822,0.993843462318182,0.3010155516676605,0.4355311989784241,0.9010970592498779,0.47631582617759705,,,,,,,,,,,,,,,
1p5b_gsm8k,1p5b,gsm8k,0.0001,123,101,28,27,30,4,0.06757250293230754,0.9978855326771736,0.09009328740648925,0.1677301003364846,1.0005721598863602,0.3107250025495887,0.38880324363708496,0.9363815784454346,0.5560707449913025,0.067310893573449,0.9976076558232307,0.07366426498629153,0.16454087785677984,0.9914411976933479,0.23585849674418569,0.3926164209842682,0.9198131561279297,0.4068918526172638,,,,,,,,,,,,,,,
1p5b_gsm8k,1p5b,gsm8k,0.0001,123,101,29,28,30,1,0.0596512270567473,0.9982919059693813,0.07625294104218483,0.14388083026278764,0.9978001229465008,0.2480950029566884,0.3112901449203491,0.9628980159759521,0.4664483070373535,0.05973602882295381,0.998204980045557,0.07137610577046871,0.14669924671761692,0.9945513159036636,0.22804605402052402,0.31609928607940674,0.9552157521247864,0.4272557497024536,,,,,,,,,,,,,,,
1p5b_gsm8k,1p5b,gsm8k,0.0001,123,101,30,29,30,0,0.052235704599297605,0.9988080412149429,0.07331589376553893,0.1239135701325722,1.000525988638401,0.23801213828846812,0.1997922658920288,1.0211466550827026,0.48729413747787476,0.052235704599297605,0.9988080412149429,0.07331589376553893,0.1239135701325722,1.000525988638401,0.23801213828846812,0.1997922658920288,1.0211466550827026,0.48729413747787476,,,,,,,,,,,,,,,
1p5b_gsm8k,1p5b,gsm8k,0.0001,123,101,31,30,30,8,0.04494973155669868,0.9994353577494621,0.07513740099966526,0.09936783235752955,1.0078914612531662,0.2475922373123467,0.059409983456134796,1.1010346412658691,0.5239603519439697,0.05060112627688795,0.9991698637604713,0.08206611941568553,0.11779525806196034,1.0097753442823887,0.2733939061872661,0.11582447588443756,1.0788992643356323,0.5370596051216125,,,,,,,,,,,,,,,
1p5b_gsm8k,1p5b,gsm8k,0.0001,123,101,32,31,30,4,0.0460585065302439,0.9995596222579479,0.08320268243551254,0.10164130921475589,1.0143725089728832,0.2797608356922865,0.018065812066197395,1.1293675899505615,0.5432302951812744,0.042825416967389174,0.9992610402405262,0.06681260315235704,0.09942770493216813,1.0021890923380852,0.2174449390731752,-0.008779782801866531,1.0899122953414917,0.4247935712337494,0.03965517770432468,0.9995351199592862,0.05902260235909905,0.09952119450151388,1.0009013712406158,0.1952492536178657,0.15254265069961548,1.0540165901184082,0.5189033150672913,0.2164965569972992,1.0208762884140015,0.5149245858192444,0.92987060546875,0.408721387386322,1.1079508066177368
1p5b_gsm8k_gentle,1p5b,gsm8k,3e-06,123,101,1,0,30,0,0.33043745532631874,0.943897258490324,0.31451866403222084,0.537950849160552,0.8399892970919609,0.5421255892142653,0.8927459716796875,0.4512258470058441,0.8682470321655273,0.33043745532631874,0.943897258490324,0.31451866403222084,0.537950849160552,0.8399892970919609,0.5421255892142653,0.8927459716796875,0.4512258470058441,0.8682470321655273,0.3493025829749448,0.9355833466563906,0.32349776210529463,0.5230686792305538,0.8539258262940815,0.5225673275334495,0.9238651990890503,0.3843008279800415,0.8890213966369629,0.8759968280792236,0.4846334755420685,0.828667163848877,0.7838958501815796,0.6573934555053711,0.9999023675918579
1p5b_gsm8k_gentle,1p5b,gsm8k,3e-06,123,101,2,1,30,0,0.331122076138854,0.9437264911830425,0.31476269010454416,0.5400087218731642,0.8387401662766933,0.54418243188411,0.8948670625686646,0.44692569971084595,0.871853768825531,0.331122076138854,0.9437264911830425,0.31476269010454416,0.5400087218731642,0.8387401662766933,0.54418243188411,0.8948670625686646,0.44692569971084595,0.871853768825531,0.37303874801312176,0.9234925380774907,0.3207693262291806,0.5477128635559764,0.829306817480496,0.5304619499615261,0.9257004261016846,0.3795011043548584,0.8950016498565674,0.924312949180603,0.38319435715675354,0.8897849917411804,0.9442378878593445,0.34399378299713135,1.0438220500946045
1p5b_gsm8k_gentle,1p5b,gsm8k,3e-06,123,101,3,2,30,0,0.33007774222642183,0.944025345146656,0.3130677593871951,0.5384293105453253,0.8394994959235191,0.5402774615213275,0.893393337726593,0.4501797556877136,0.8648729920387268,0.33007774222642183,0.944025345146656,0.3130677593871951,0.5384293105453253,0.8394994959235191,0.5402774615213275,0.893393337726593,0.4501797556877136,0.8648729920387268,,,,,,,,,,,,,,,
1p5b_gsm8k_gentle,1p5b,gsm8k,3e-06,123,101,4,3,30,0,0.3308613197878003,0.9437172710895538,0.31384347286075354,0.5391789246350527,0.8391638174653053,0.5425732908770442,0.8951440453529358,0.44638991355895996,0.8717609643936157,0.3308613197878003,0.9437172710895538,0.31384347286075354,0.5391789246350527,0.8391638174653053,0.5425732908770442,0.8951440453529358,0.44638991355895996,0.8717609643936157,,,,,,,,,,,,,,,
1p5b_gsm8k_gentle,1p5b,gsm8k,3e-06,123,101,5,4,30,0,0.3289580587297678,0.9445505663752556,0.31494931038469076,0.5368972681462765,0.840900357812643,0.5450724251568317,0.8938330411911011,0.4487341344356537,0.8765147924423218,0.3289580587297678,0.9445505663752556,0.31494931038469076,0.5368972681462765,0.840900357812643,0.5450724251568317,0.8938330411911011,0.4487341344356537,0.8765147924423218,,,,,,,,,,,,,,,
1p5b_gsm8k_gentle,1p5b,gsm8k,3e-06,123,101,6,5,30,0,0.3291889112442732,0.9441270790994167,0.3139276998117566,0.5385449957102537,0.8392253816127777,0.5439065778627992,0.8932198286056519,0.45005717873573303,0.8733941316604614,0.3291889112442732,0.9441270790994167,0.3139276998117566,0.5385449957102537,0.8392253816127777,0.5439065778627992,0.8932198286056519,0.45005717873573303,0.8733941316604614,,,,,,,,,,,,,,,
1p5b_gsm8k_gentle,1p5b,gsm8k,3e-06,123,101,7,6,30,0,0.32941424660384655,0.944116834551096,0.3134698262438178,0.5381455942988396,0.8395625539124012,0.543833832256496,0.8940035104751587,0.4484975039958954,0.874201238155365,0.32941424660384655,0.944116834551096,0.3134698262438178,0.5381455942988396,0.8395625539124012,0.543833832256496,0.8940035104751587,0.4484975039958954,0.874201238155365,,,,,,,,,,,,,,,
1p5b_gsm8k_gentle,1p5b,gsm8k,3e-06,123,101,8,7,30,0,0.3281980203464627,0.944565188139677,0.31441620644181967,0.536235723644495,0.840904463082552,0.5460029356181622,0.8931010961532593,0.45004260540008545,0.8801405429840088,0.3281980203464627,0.944565188139677,0.31441620644181967,0.536235723644495,0.840904463082552,0.5460029356181622,0.8931010961532593,0.45004260540008545,0.8801405429840088,0.3551914095878601,0.9333776384592056,0.31376887538603376,0.5419054084590503,0.8377851928983416,0.5380454733967781,0.9227588176727295,0.3871961236000061,0.8852776288986206,0.9371088743209839,0.35118868947029114,0.8982954025268555,0.9907553195953369,0.13861335813999176,1.0192101001739502
1p5b_gsm8k_gentle,1p5b,gsm8k,3e-06,123,101,9,8,30,0,0.32869721949100494,0.9443715959787369,0.3155368212610483,0.5383861809968948,0.8395868316292763,0.547345775179565,0.8918246030807495,0.4526815116405487,0.8753373622894287,0.32869721949100494,0.9443715959787369,0.3155368212610483,0.5383861809968948,0.8395868316292763,0.547345775179565,0.8918246030807495,0.4526815116405487,0.8753373622894287,,,,,,,,,,,,,,,
1p5b_gsm8k_gentle,1p5b,gsm8k,3e-06,123,101,10,9,30,0,0.3294988702982664,0.9441163837909698,0.31429094541817904,0.5391250178217888,0.8390709385275841,0.5460923435166478,0.8944187760353088,0.44756847620010376,0.8770272731781006,0.3294988702982664,0.9441163837909698,0.31429094541817904,0.5391250178217888,0.8390709385275841,0.5460923435166478,0.8944187760353088,0.44756847620010376,0.8770272731781006,,,,,,,,,,,,,,,
1p5b_gsm8k_gentle,1p5b,gsm8k,3e-06,123,101,11,10,30,0,0.33138138707727194,0.9435766898095608,0.315324816852808,0.5411709621548653,0.8376782685518265,0.547352553345263,0.8969480395317078,0.44249704480171204,0.8790728449821472,0.33138138707727194,0.9435766898095608,0.315324816852808,0.5411709621548653,0.8376782685518265,0.547352553345263,0.8969480395317078,0.44249704480171204,0.8790728449821472,,,,,,,,,,,,,,,
1p5b_gsm8k_gentle,1p5b,gsm8k,3e-06,123,101,12,11,30,0,0.32899530604481697,0.9443187788128853,0.31484236288815737,0.5394227262586355,0.8388564735651016,0.5478141205385327,0.895463228225708,0.44534939527511597,0.8816663026809692,0.32899530604481697,0.9443187788128853,0.31484236288815737,0.5394227262586355,0.8388564735651016,0.5478141205385327,0.895463228225708,0.44534939527511597,0.8816663026809692,,,,,,,,,,,,,,,
1p5b_gsm8k_gentle,1p5b,gsm8k,3e-06,123,101,13,12,30,0,0.3293150570243597,0.9442011341452599,0.3144494527950883,0.5397726856172085,0.8386852666735649,0.5472618220373988,0.8961138725280762,0.4440455138683319,0.8820958137512207,0.3293150570243597,0.9442011341452599,0.3144494527950883,0.5397726856172085,0.8386852666735649,0.5472618220373988,0.8961138725280762,0.4440455138683319,0.8820958137512207,,,,,,,,,,,,,,,
1p5b_gsm8k_gentle,1p5b,gsm8k,3e-06,123,101,14,13,30,0,0.3290248606353998,0.9442320168018341,0.31422142405062914,0.5376635175198317,0.8399569764733315,0.5467051761224866,0.8946855068206787,0.44692912697792053,0.8802691102027893,0.3290248606353998,0.9442320168018341,0.31422142405062914,0.5376635175198317,0.8399569764733315,0.5467051761224866,0.8946855068206787,0.44692912697792053,0.8802691102027893,,,,,,,,,,,,,,,
1p5b_gsm8k_gentle,1p5b,gsm8k,3e-06,123,101,15,14,30,0,0.3288745693862438,0.9443949796259403,0.3141254661604762,0.5381144564598799,0.8397139981389046,0.5473978435620666,0.8942288160324097,0.44781240820884705,0.8807728886604309,0.3288745693862438,0.9443949796259403,0.3141254661604762,0.5381144564598799,0.8397139981389046,0.5473978435620666,0.8942288160324097,0.44781240820884705,0.8807728886604309,,,,,,,,,,,,,,,
1p5b_gsm8k_gentle,1p5b,gsm8k,3e-06,123,101,16,15,30,0,0.329395798034966,0.9442607201635838,0.3142234096303582,0.538424052298069,0.8395872376859188,0.5476425951346755,0.8945795297622681,0.44712474942207336,0.8806890845298767,0.329395798034966,0.9442607201635838,0.3142234096303582,0.538424052298069,0.8395872376859188,0.5476425951346755,0.8945795297622681,0.44712474942207336,0.8806890845298767,0.32480934421930996,0.9437069594860077,0.29951744952372145,0.5035267876727241,0.8610479320798602,0.5251825026103428,0.9169082641601562,0.39983317255973816,0.9411437511444092,0.9244899749755859,0.38201984763145447,0.9494099617004395,0.9938211441040039,0.11284925788640976,1.014201283454895
1p5b_gsm8k_gentle,1p5b,gsm8k,3e-06,123,101,17,16,30,0,0.32771261781454086,0.9446218498051167,0.3150096442550421,0.5392728019505739,0.8387502655386925,0.5502632670104504,0.8952091932296753,0.445736825466156,0.8862140774726868,0.32771261781454086,0.9446218498051167,0.3150096442550421,0.5392728019505739,0.8387502655386925,0.5502632670104504,0.8952091932296753,0.445736825466156,0.8862140774726868,,,,,,,,,,,,,,,
1p5b_gsm8k_gentle,1p5b,gsm8k,3e-06,123,101,18,17,30,0,0.3284479584544897,0.9444580785930157,0.31531937327235937,0.5388349369168282,0.8393690139055252,0.5504062063992023,0.8946505784988403,0.4468947947025299,0.8839488625526428,0.3284479584544897,0.9444580785930157,0.31531937327235937,0.5388349369168282,0.8393690139055252,0.5504062063992023,0.8946505784988403,0.4468947947025299,0.8839488625526428,,,,,,,,,,,,,,,
1p5b_gsm8k_gentle,1p5b,gsm8k,3e-06,123,101,19,18,30,0,0.3283392135053873,0.9446241073310375,0.31501202657818794,0.5397828482091427,0.8388625495135784,0.5507597420364618,0.8967161178588867,0.4427039623260498,0.8874098062515259,0.3283392135053873,0.9446241073310375,0.31501202657818794,0.5397828482091427,0.8388625495135784,0.5507597420364618,0.8967161178588867,0.4427039623260498,0.8874098062515259,,,,,,,,,,,,,,,
1p5b_gsm8k_gentle,1p5b,gsm8k,3e-06,123,101,20,19,30,0,0.32675879541784525,0.9451670236885548,0.3155673136934638,0.5383113212883472,0.8399237729609013,0.552139394916594,0.8938273191452026,0.4484265446662903,0.8901339769363403,0.32675879541784525,0.9451670236885548,0.3155673136934638,0.5383113212883472,0.8399237729609013,0.552139394916594,0.8938273191452026,0.4484265446662903,0.8901339769363403,,,,,,,,,,,,,,,
1p5b_gsm8k_gentle,1p5b,gsm8k,3e-06,123,101,21,20,30,0,0.3271512147039175,0.9450289383530617,0.3162324922159314,0.5387815870344639,0.8395355679094791,0.5526274153962731,0.8938971757888794,0.44828924536705017,0.8899574875831604,0.3271512147039175,0.9450289383530617,0.3162324922159314,0.5387815870344639,0.8395355679094791,0.5526274153962731,0.8938971757888794,0.44828924536705017,0.8899574875831604,,,,,,,,,,,,,,,
1p5b_gsm8k_gentle,1p5b,gsm8k,3e-06,123,101,22,21,30,0,0.32678733579814434,0.9451010823249817,0.3152741324156523,0.5390477627515793,0.8392940796911716,0.5518573578447104,0.8955054879188538,0.44507312774658203,0.890999972820282,0.32678733579814434,0.9451010823249817,0.3152741324156523,0.5390477627515793,0.8392940796911716,0.5518573578447104,0.8955054879188538,0.44507312774658203,0.890999972820282,,,,,,,,,,,,,,,
1p5b_gsm8k_gentle,1p5b,gsm8k,3e-06,123,101,23,22,30,0,0.32591619342565536,0.9453960210084915,0.3157806545495987,0.5371259246021509,0.8405106924474239,0.5532044935971498,0.8930177688598633,0.45002156496047974,0.8927558064460754,0.32591619342565536,0.9453960210084915,0.3157806545495987,0.5371259246021509,0.8405106924474239,0.5532044935971498,0.8930177688598633,0.45002156496047974,0.8927558064460754,,,,,,,,,,,,,,,
1p5b_gsm8k_gentle,1p5b,gsm8k,3e-06,123,101,24,23,30,0,0.32849367894232273,0.9445135779678822,0.31456951703876257,0.5403265189379454,0.8382768705487251,0.5509482277557254,0.8962656259536743,0.44362279772758484,0.8866114020347595,0.32849367894232273,0.9445135779678822,0.31456951703876257,0.5403265189379454,0.8382768705487251,0.5509482277557254,0.8962656259536743,0.44362279772758484,0.8866114020347595,,,,,,,,,,,,,,,
1p5b_gsm8k_gentle,1p5b,gsm8k,3e-06,123,101,25,24,30,0,0.3277081847190857,0.9449319578707218,0.3160697752609849,0.5382105950266123,0.840058047324419,0.554367863573134,0.8956401348114014,0.44479286670684814,0.8921845555305481,0.3277081847190857,0.9449319578707218,0.3160697752609849,0.5382105950266123,0.840058047324419,0.554367863573134,0.8956401348114014,0.44479286670684814,0.8921845555305481,,,,,,,,,,,,,,,
1p5b_gsm8k_gentle,1p5b,gsm8k,3e-06,123,101,26,25,30,0,0.32812791131436825,0.9446594528853893,0.31607245560735464,0.5385688580572605,0.8395531997084618,0.5549826305359602,0.8956824541091919,0.4446955621242523,0.8944783806800842,0.32812791131436825,0.9446594528853893,0.31607245560735464,0.5385688580572605,0.8395531997084618,0.5549826305359602,0.8956824541091919,0.4446955621242523,0.8944783806800842,,,,,,,,,,,,,,,
1p5b_gsm8k_gentle,1p5b,gsm8k,3e-06,123,101,27,26,30,0,0.3255410883575678,0.9456228092312813,0.3159515466541052,0.5378862246870995,0.839978888630867,0.5547234928235412,0.8950417041778564,0.44598710536956787,0.8971299529075623,0.3255410883575678,0.9456228092312813,0.3159515466541052,0.5378862246870995,0.839978888630867,0.5547234928235412,0.8950417041778564,0.44598710536956787,0.8971299529075623,,,,,,,,,,,,,,,
1p5b_gsm8k_gentle,1p5b,gsm8k,3e-06,123,101,28,27,30,0,0.3257152494043112,0.9455143064260483,0.3166780322790146,0.5383912436664104,0.8399017788469791,0.5575476130470634,0.8963804841041565,0.4433043301105499,0.9004740118980408,0.3257152494043112,0.9455143064260483,0.3166780322790146,0.5383912436664104,0.8399017788469791,0.5575476130470634,0.8963804841041565,0.4433043301105499,0.9004740118980408,,,,,,,,,,,,,,,
1p5b_gsm8k_gentle,1p5b,gsm8k,3e-06,123,101,29,28,30,0,0.32572492863982916,0.9454704262316227,0.31756176985800266,0.5395010691136122,0.8390649631619453,0.5569019289687276,0.8946094512939453,0.4468547999858856,0.8969094753265381,0.32572492863982916,0.9454704262316227,0.31756176985800266,0.5395010691136122,0.8390649631619453,0.5569019289687276,0.8946094512939453,0.4468547999858856,0.8969094753265381,,,,,,,,,,,,,,,
1p5b_gsm8k_gentle,1p5b,gsm8k,3e-06,123,101,30,29,30,0,0.32599081844091415,0.9455399438738823,0.31802078429609537,0.5379778016358614,0.8403581529855728,0.559146985411644,0.8947854042053223,0.4465829133987427,0.9035703539848328,0.32599081844091415,0.9455399438738823,0.31802078429609537,0.5379778016358614,0.8403581529855728,0.559146985411644,0.8947854042053223,0.4465829133987427,0.9035703539848328,,,,,,,,,,,,,,,
1p5b_gsm8k_gentle,1p5b,gsm8k,3e-06,123,101,31,30,30,0,0.32570466585457325,0.9456409439444542,0.3182751378044486,0.5393904987722635,0.8392924927175045,0.5592038771137595,0.8963486552238464,0.4433952271938324,0.9026895761489868,0.32570466585457325,0.9456409439444542,0.3182751378044486,0.5393904987722635,0.8392924927175045,0.5592038771137595,0.8963486552238464,0.4433952271938324,0.9026895761489868,,,,,,,,,,,,,,,
1p5b_gsm8k_gentle,1p5b,gsm8k,3e-06,123,101,32,31,30,0,0.3265514485538006,0.9452698938548565,0.31706222891807556,0.5380660351365805,0.8401479981839657,0.558407885953784,0.8960085511207581,0.4440629482269287,0.9008379578590393,0.3265514485538006,0.9452698938548565,0.31706222891807556,0.5380660351365805,0.8401479981839657,0.558407885953784,0.8960085511207581,0.4440629482269287,0.9008379578590393,0.32752050565821783,0.9445824984993253,0.2954794809754406,0.5223827734589577,0.8592186527592796,0.5081708346094403,0.9342493414878845,0.3615773320198059,0.8745825886726379,0.9379768371582031,0.3518635034561157,0.8779062628746033,0.9953184723854065,0.09680401533842087,1.0007801055908203
1p5b_math,1p5b,math,0.0003,123,101,1,0,30,6,0.006033942139765713,1.0000616796314716,0.01964937918819487,0.1345115164294839,0.9908934980630875,0.15365974185988307,0.031745545566082,1.0225087404251099,0.24745813012123108,0.0063343050933326595,1.0000806488096714,0.020642599498387426,0.13685452938079834,0.9928936995565891,0.16186171025037766,0.12045247852802277,1.014130711555481,0.3277439475059509,0.008730262732050116,0.9999910571745464,0.0189458236896566,0.1484838040944721,0.9874962908881051,0.14119940769991704,0.06421450525522232,1.0300191640853882,0.31928884983062744,0.1574924737215042,1.003407597541809,0.3353426158428192,0.13050541281700134,1.3152337074279785,0.9947227239608765
1p5b_math,1p5b,math,0.0003,123,101,2,1,30,0,0.006462711913627572,1.0000796653330326,0.020693085331004113,0.1327753036748618,0.9937773682177067,0.16279320046305656,0.0677938461303711,1.0330952405929565,0.3359019458293915,0.006462711913627572,1.0000796653330326,0.020693085331004113,0.1327753036748618,0.9937773682177067,0.16279320046305656,0.0677938461303711,1.0330952405929565,0.3359019458293915,0.00826764537487179,1.0000464767217636,0.020378828065336814,0.1230374915259225,0.994938326733453,0.15131010194974287,0.08062084019184113,1.0471124649047852,0.40147003531455994,0.05355903506278992,1.0592565536499023,0.40696093440055847,0.36349791288375854,1.2543779611587524,1.203494906425476
1p5b_math,1p5b,math,0.0003,123,101,3,2,30,1,0.0065814509289339185,1.0000789426267147,0.020851280016358942,0.12689982424490154,0.9947141446173191,0.16470408672466874,0.01261064875870943,1.0552445650100708,0.34980475902557373,0.006692604885756737,1.0000645518302917,0.020546818966977298,0.12690715998178348,0.9927952252328396,0.16297859186306596,-0.01988624408841133,1.057126760482788,0.32349762320518494,,,,,,,,,,,,,,,
1p5b_math,1p5b,math,0.0003,123,101,4,3,30,0,0.006564736919244751,1.0000699423253536,0.020579192030709237,0.11839460383635014,0.9943596869707108,0.16243077302351594,-0.05947329103946686,1.0690735578536987,0.3232213854789734,0.006564736919244751,1.0000699423253536,0.020579192030709237,0.11839460383635014,0.9943596869707108,0.16243077302351594,-0.05947329103946686,1.0690735578536987,0.3232213854789734,,,,,,,,,,,,,,,
1p5b_math,1p5b,math,0.0003,123,101,5,4,30,2,0.00638349013752304,1.0000768788158894,0.020612699852790684,0.10874655691441149,0.9962456785142422,0.16225083451718092,-0.09502244740724564,1.0790083408355713,0.32125645875930786,0.006816801134846173,1.0000457614660263,0.02002736704889685,0.11506387509871274,0.9929241202771664,0.16102137276902795,-0.038605332374572754,1.058563470840454,0.3107467293739319,,,,,,,,,,,,,,,
1p5b_math,1p5b,math,0.0003,123,101,6,5,30,0,0.006437891272071283,1.0000555589795113,0.019924816500861198,0.10639757028548047,0.9945873767137527,0.1590271561872214,-0.07116692513227463,1.0646929740905762,0.30117136240005493,0.006437891272071283,1.0000555589795113,0.019924816500861198,0.10639757028548047,0.9945873767137527,0.1590271561872214,-0.07116692513227463,1.0646929740905762,0.30117136240005493,,,,,,,,,,,,,,,
1p5b_math,1p5b,math,0.0003,123,101,7,6,30,4,0.005972595405182801,1.0000652894377708,0.019716813985724002,0.09759201487759128,0.9962219446897507,0.15619749180041254,-0.10239410400390625,1.0691579580307007,0.289502888917923,0.006966204877244309,1.0000583305954933,0.020061058923602104,0.11056542498408817,0.9970918297767639,0.16416966286487877,0.06533569097518921,1.0393372774124146,0.3560086190700531,,,,,,,,,,,,,,,
1p5b_math,1p5b,math,0.0003,123,101,8,7,30,3,0.006424293227610178,1.00006802380085,0.01977438823087141,0.10260549711529166,0.9983387179672718,0.16076934011653066,0.05195171758532524,1.0391584634780884,0.3392658233642578,0.006141989779280266,1.0000631175935268,0.01881548250094056,0.10375900112558156,0.9974223002791405,0.14469155226834118,0.022451646625995636,1.033046841621399,0.2826247811317444,0.01129825768397755,0.99984558565276,0.01975165754889271,0.12140344680353467,0.9883721534694944,0.12892029966626847,0.0899243950843811,1.0178415775299072,0.2998957335948944,0.15304073691368103,1.0015674829483032,0.31600964069366455,0.7461041808128357,0.7701746225357056,1.133196473121643
1p5b_math,1p5b,math,0.0003,123,101,9,8,30,0,0.005760268435551552,1.0000707656145096,0.018760264792945236,0.09810924576595426,0.9983727224171162,0.14418838685378432,0.017194760963320732,1.0331913232803345,0.2775404155254364,0.005760268435551552,1.0000707656145096,0.018760264792945236,0.09810924576595426,0.9983727224171162,0.14418838685378432,0.017194760963320732,1.0331913232803345,0.2775404155254364,,,,,,,,,,,,,,,
1p5b_math,1p5b,math,0.0003,123,101,10,9,30,7,0.005421909074357245,1.0000762306153774,0.01859190157847479,0.0939208512136247,0.9991679191589355,0.14401137782260776,0.008166970685124397,1.0350041389465332,0.27518802881240845,0.006068911679903977,1.000097669661045,0.020223146653734148,0.10001852948335,1.0016085393726826,0.160810312256217,0.14778557419776917,1.0131640434265137,0.3676535487174988,,,,,,,,,,,,,,,
1p5b_math,1p5b,math,0.0003,123,101,11,10,30,3,0.005880562945094425,1.000098992139101,0.020074195170309395,0.09675938909640536,1.00188871845603,0.15915581211447716,0.1365801841020584,1.0161114931106567,0.3627144992351532,0.006192666667629965,1.0000824965536594,0.01934845623327419,0.1052929115248844,1.0000022947788239,0.15071399742737412,0.1497310996055603,1.0051113367080688,0.33047446608543396,,,,,,,,,,,,,,,
1p5b_math,1p5b,math,0.0003,123,101,12,11,30,0,0.005948181402345654,1.000086359679699,0.019264835340436548,0.10056893149157986,1.0008442886173725,0.1513737258501351,0.13743853569030762,1.0093531608581543,0.3315597176551819,0.005948181402345654,1.000086359679699,0.019264835340436548,0.10056893149157986,1.0008442886173725,0.1513737258501351,0.13743853569030762,1.0093531608581543,0.3315597176551819,,,,,,,,,,,,,,,
1p5b_math,1p5b,math,0.0003,123,101,13,12,30,1,0.00570528231037315,1.0000907182693481,0.019207650679163635,0.09582897971267812,1.0017447099089622,0.15288872923702002,0.12046880275011063,1.0163127183914185,0.33819401264190674,0.005579062803008128,1.0000775530934334,0.018388127849902958,0.09506222634809092,0.9999597668647766,0.14220304437913,0.07251821458339691,1.0178649425506592,0.27576181292533875,,,,,,,,,,,,,,,
1p5b_math,1p5b,math,0.0003,123,101,14,13,30,4,0.005439698783447966,1.0000784359872341,0.01827555993804708,0.09198322636075318,1.00027534365654,0.14119906770065427,0.06573830544948578,1.0199240446090698,0.27684640884399414,0.005739065527450293,1.000086646527052,0.01909781090216711,0.0957999563543126,1.0004970729351044,0.15091103874146938,0.1376846432685852,1.0113487243652344,0.34209418296813965,,,,,,,,,,,,,,,
1p5b_math,1p5b,math,0.0003,123,101,15,14,30,3,0.005606568127404898,1.0000896602869034,0.01911378011573106,0.09243266348494217,1.0009107254445553,0.15101805236190557,0.12290686368942261,1.0167373418807983,0.3439517617225647,0.005537434717552969,1.000075876712799,0.018213755218312144,0.09339250539778732,0.9995593577623367,0.1396891255863011,0.11395634710788727,1.00810706615448,0.2850288450717926,,,,,,,,,,,,,,,
1p5b_math,1p5b,math,0.0003,123,101,16,15,30,0,0.005415380328486208,1.000077337026596,0.018182819534558803,0.0898475328576751,1.0000358000397682,0.14044614462181926,0.10485526919364929,1.0114750862121582,0.28945326805114746,0.005415380328486208,1.000077337026596,0.018182819534558803,0.0898475328576751,1.0000358000397682,0.14044614462181926,0.10485526919364929,1.0114750862121582,0.28945326805114746,0.00571261278829687,1.000052090202059,0.017132574259968742,0.08428817448605384,0.9969113745859691,0.13255050099853957,0.06804855912923813,1.0331977605819702,0.33661574125289917,0.0618242509663105,1.0371389389038086,0.3437451720237732,0.8241407871246338,0.6465950608253479,1.1360591650009155
1p5b_math,1p5b,math,0.0003,123,101,17,16,30,0,0.005414591621956788,1.0000768601894379,0.01820057031000033,0.08773287580697797,1.0004199631512165,0.14249352039769292,0.0932602733373642,1.0166884660720825,0.2990580201148987,0.005414591621956788,1.0000768601894379,0.01820057031000033,0.08773287580697797,1.0004199631512165,0.14249352039769292,0.0932602733373642,1.0166884660720825,0.2990580201148987,,,,,,,,,,,,,,,
1p5b_math,1p5b,math,0.0003,123,101,18,17,30,0,0.005324714526068419,1.0000803470611572,0.018313760228920728,0.08449987437052187,1.001065120100975,0.14583675237372518,0.07713303714990616,1.0240483283996582,0.31085148453712463,0.005324714526068419,1.0000803470611572,0.018313760228920728,0.08449987437052187,1.001065120100975,0.14583675237372518,0.07713303714990616,1.0240483283996582,0.31085148453712463,,,,,,,,,,,,,,,
1p5b_math,1p5b,math,0.0003,123,101,19,18,30,1,0.005341140989912674,1.000080168247223,0.018350003578234464,0.081696796027245,1.0017125345766544,0.1489086328074336,0.06348510086536407,1.0308481454849243,0.32170629501342773,0.005484709530719556,1.0000726096332073,0.018238022865261883,0.08839017397258431,0.9990485049784184,0.14108123863115907,0.045721955597400665,1.0267937183380127,0.2831999361515045,,,,,,,,,,,,,,,
1p5b_math,1p5b,math,0.0003,123,101,20,19,30,0,0.0054540958153666,1.000073455274105,0.018332881678361446,0.08568444557022303,0.9994304217398167,0.14350383542478085,0.0371706485748291,1.0314549207687378,0.29267221689224243,0.0054540958153666,1.000073455274105,0.018332881678361446,0.08568444557022303,0.9994304217398167,0.14350383542478085,0.0371706485748291,1.0314549207687378,0.29267221689224243,,,,,,,,,,,,,,,
1p5b_math,1p5b,math,0.0003,123,101,21,20,30,0,0.005479294537508395,1.0000732131302357,0.018363192095421255,0.08482455695047975,0.9996439255774021,0.14551417669281363,0.03103415109217167,1.0346641540527344,0.2984161674976349,0.005479294537508395,1.0000732131302357,0.018363192095421255,0.08482455695047975,0.9996439255774021,0.14551417669281363,0.03103415109217167,1.0346641540527344,0.2984161674976349,,,,,,,,,,,,,,,
1p5b_math,1p5b,math,0.0003,123,101,22,21,30,0,0.005343790973711293,1.0000742562115192,0.018333918415009975,0.08128026608028449,1.0001840218901634,0.1482362663373351,0.018343336880207062,1.0415313243865967,0.31010350584983826,0.005343790973711293,1.0000742562115192,0.018333918415009975,0.08128026608028449,1.0001840218901634,0.1482362663373351,0.018343336880207062,1.0415313243865967,0.31010350584983826,,,,,,,,,,,,,,,
1p5b_math,1p5b,math,0.0003,123,101,23,22,30,5,0.005361952986277174,1.0000743381679058,0.018401445006020367,0.07897099424735643,1.000652477145195,0.15103430580347776,0.0033022304996848106,1.0485109090805054,0.3185576796531677,0.005686069816874806,1.000051036477089,0.017330774979200214,0.08191502711270005,0.998595517128706,0.14091865718364716,0.022412793710827827,1.0382249355316162,0.30243656039237976,,,,,,,,,,,,,,,
1p5b_math,1p5b,math,0.0003,123,101,24,23,30,1,0.005682879746018443,1.0000499784946442,0.017299051978625357,0.08029405394336209,0.9987737536430359,0.14128751680254936,0.02170763537287712,1.0392460823059082,0.3054392337799072,0.005596524017164484,1.0000560469925404,0.017812463745940477,0.07950860552955419,0.9989784434437752,0.1464410461485386,0.029407154768705368,1.0471746921539307,0.34156033396720886,,,,,,,,,,,,,,,
1p5b_math,1p5b,math,0.0003,123,101,25,24,30,4,0.005494272685609758,1.0000559277832508,0.01770352275343612,0.0763209299184382,0.9995604008436203,0.14715334307402372,0.01878974959254265,1.0511724948883057,0.34331491589546204,0.005404628536780365,1.000044859945774,0.01666385371936485,0.07775020081317052,0.9980519376695156,0.13291436829604208,-0.023895330727100372,1.0394986867904663,0.26093530654907227,,,,,,,,,,,,,,,
1p5b_math,1p5b,math,0.0003,123,101,26,25,30,0,0.005289414715662133,1.0000460669398308,0.016542357217986137,0.07561263703973964,0.9984539709985256,0.1327757090330124,-0.03047621063888073,1.041512131690979,0.26222893595695496,0.005289414715662133,1.0000460669398308,0.016542357217986137,0.07561263703973964,0.9984539709985256,0.1327757090330124,-0.03047621063888073,1.041512131690979,0.26222893595695496,,,,,,,,,,,,,,,
1p5b_math,1p5b,math,0.0003,123,101,27,26,30,0,0.005133010934514459,1.0000475533306599,0.01639008813071996,0.07312499100225978,0.9989736340939999,0.13299820409156382,-0.03415507450699806,1.0424697399139404,0.26234087347984314,0.005133010934514459,1.0000475533306599,0.01639008813071996,0.07312499100225978,0.9989736340939999,0.13299820409156382,-0.03415507450699806,1.0424697399139404,0.26234087347984314,,,,,,,,,,,,,,,
1p5b_math,1p5b,math,0.0003,123,101,28,27,30,0,0.004893743418506347,1.0000502169132233,0.01619969034800306,0.06902853195788339,0.99974475055933,0.13273798511363566,-0.04523662477731705,1.0451083183288574,0.26184284687042236,0.004893743418506347,1.0000502169132233,0.01619969034800306,0.06902853195788339,0.99974475055933,0.13273798511363566,-0.04523662477731705,1.0451083183288574,0.26184284687042236,,,,,,,,,,,,,,,
1p5b_math,1p5b,math,0.0003,123,101,29,28,30,0,0.004599525731464382,1.000053122639656,0.01598218665458262,0.06439448698074557,1.0005345307290554,0.13216076651588082,-0.05789720267057419,1.0484451055526733,0.2623981535434723,0.004599525731464382,1.000053122639656,0.01598218665458262,0.06439448698074557,1.0005345307290554,0.13216076651588082,-0.05789720267057419,1.0484451055526733,0.2623981535434723,,,,,,,,,,,,,,,
1p5b_math,1p5b,math,0.0003,123,101,30,29,30,0,0.004418704113049898,1.0000548250973225,0.0158062536502257,0.060835505195427686,1.0012424178421497,0.13199317082762718,-0.06902725249528885,1.051043152809143,0.26181456446647644,0.004418704113049898,1.0000548250973225,0.0158062536502257,0.060835505195427686,1.0012424178421497,0.13199317082762718,-0.06902725249528885,1.051043152809143,0.26181456446647644,,,,,,,,,,,,,,,
1p5b_math,1p5b,math,0.0003,123,101,31,30,30,0,0.004043216002173722,1.0000593066215515,0.015537525701802224,0.05507044109981507,1.0023194290697575,0.13148399884812534,-0.07723823189735413,1.0524603128433228,0.25986480712890625,0.004043216002173722,1.0000593066215515,0.015537525701802224,0.05507044109981507,1.0023194290697575,0.13148399884812534,-0.07723823189735413,1.0524603128433228,0.25986480712890625,,,,,,,,,,,,,,,
1p5b_math,1p5b,math,0.0003,123,101,32,31,30,0,0.0038514822372235358,1.0000614821910858,0.015364647435490042,0.050846150144934654,1.0032292939722538,0.13172303652390838,-0.08866441249847412,1.0552747249603271,0.25985509157180786,0.0038514822372235358,1.0000614821910858,0.015364647435490042,0.050846150144934654,1.0032292939722538,0.13172303652390838,-0.08866441249847412,1.0552747249603271,0.25985509157180786,0.006843587315545717,0.9999892094305584,0.015126562477754695,0.06548360771765667,0.9986764320305416,0.1202556441671082,-0.04146662726998329,1.0492420196533203,0.27888956665992737,-0.012596998363733292,1.0479300022125244,0.3009570240974426,0.7685760259628296,0.7862734198570251,1.2256699800491333
1p5b_math_gentle,1p5b,math,1e-05,123,101,1,0,30,5,0.21532183536328375,0.976188562810421,0.20277806790545583,0.4565851083025336,0.8947295546531677,0.4644882772117853,0.771110475063324,0.6371400952339172,0.747471809387207,0.21837781881913543,0.97572360932827,0.20294228056445718,0.48174786381423473,0.8815534487366676,0.46776410192251205,0.8378394842147827,0.552363932132721,0.7536912560462952,0.25753766511167797,0.9639188072511128,0.19649916142225266,0.5384397192725113,0.8464583264929908,0.4415593738002436,0.9204168319702148,0.4411733150482178,0.7159638404846191,0.9268895387649536,0.4220229685306549,0.7339450716972351,0.8205728530883789,0.5989528298377991,0.9996935129165649
1p5b_math_gentle,1p5b,math,1e-05,123,101,2,1,30,0,0.21619271161034703,0.9762650281190872,0.20274087646976113,0.47916173562407494,0.883388590067625,0.46968785114586353,0.8343266248703003,0.5560783743858337,0.7613603472709656,0.21619271161034703,0.9762650281190872,0.20274087646976113,0.47916173562407494,0.883388590067625,0.46968785114586353,0.8343266248703003,0.5560783743858337,0.7613603472709656,0.24697024654597044,0.9630367287567684,0.2120716984250716,0.505433164536953,0.8491296406303134,0.45102283571447643,0.9170078039169312,0.42592746019363403,0.7676177620887756,0.9270750284194946,0.41724202036857605,0.7438838481903076,0.930127739906311,0.3875161409378052,1.053846001625061
1p5b_math_gentle,1p5b,math,1e-05,123,101,3,2,30,0,0.2139452169649303,0.9767923802137375,0.20363291539251804,0.4760799240320921,0.8854080848395824,0.47294536605477333,0.8320482969284058,0.5582590103149414,0.7691401243209839,0.2139452169649303,0.9767923802137375,0.20363291539251804,0.4760799240320921,0.8854080848395824,0.47294536605477333,0.8320482969284058,0.5582590103149414,0.7691401243209839,,,,,,,,,,,,,,,
1p5b_math_gentle,1p5b,math,1e-05,123,101,4,3,30,0,0.212850634008646,0.977170929312706,0.20321727823466063,0.47498808428645134,0.8864544481039047,0.473098523914814,0.8330318927764893,0.5567901730537415,0.7701230049133301,0.212850634008646,0.977170929312706,0.20321727823466063,0.47498808428645134,0.8864544481039047,0.473098523914814,0.8330318927764893,0.5567901730537415,0.7701230049133301,,,,,,,,,,,,,,,
1p5b_math_gentle,1p5b,math,1e-05,123,101,5,4,30,0,0.21051542763598263,0.9777667336165905,0.20393149508163333,0.4725789465010166,0.888093363493681,0.4768644589930773,0.8281534910202026,0.5626391768455505,0.7791519165039062,0.21051542763598263,0.9777667336165905,0.20393149508163333,0.4725789465010166,0.888093363493681,0.4768644589930773,0.8281534910202026,0.5626391768455505,0.7791519165039062,,,,,,,,,,,,,,,
1p5b_math_gentle,1p5b,math,1e-05,123,101,6,5,30,0,0.20934830326586962,0.9780272208154202,0.20347820175811648,0.46921345219016075,0.8901787549257278,0.47693460807204247,0.8220924139022827,0.5707846283912659,0.7817087173461914,0.20934830326586962,0.9780272208154202,0.20347820175811648,0.46921345219016075,0.8901787549257278,0.47693460807204247,0.8220924139022827,0.5707846283912659,0.7817087173461914,,,,,,,,,,,,,,,
1p5b_math_gentle,1p5b,math,1e-05,123,101,7,6,30,2,0.2060810257680714,0.9790399745106697,0.20367168076336384,0.4660608200356364,0.8933117464184761,0.4800063818693161,0.8207535743713379,0.5720191597938538,0.7917316555976868,0.20724601997062564,0.9791219718754292,0.2029757467098534,0.4733779039233923,0.8909342065453529,0.47232652828097343,0.8466646671295166,0.5377594828605652,0.7690352201461792,,,,,,,,,,,,,,,
1p5b_math_gentle,1p5b,math,1e-05,123,101,8,7,30,0,0.2047328206244856,0.9797043427824974,0.2030010442249477,0.46959786862134933,0.8934881053864956,0.47382298670709133,0.8423599004745483,0.5430443286895752,0.7755213975906372,0.2047328206244856,0.9797043427824974,0.2030010442249477,0.46959786862134933,0.8934881053864956,0.47382298670709133,0.8423599004745483,0.5430443286895752,0.7755213975906372,0.20331212595504308,0.9743004845721381,0.21489923287715232,0.437526989196028,0.8898001079048429,0.4863863874758993,0.8907229900360107,0.45456811785697937,0.8862952589988708,0.8916682004928589,0.4543481171131134,0.8528828620910645,0.9858518242835999,0.17073357105255127,1.0183151960372925
1p5b_math_gentle,1p5b,math,1e-05,123,101,9,8,30,0,0.20357694569975138,0.9800639264285564,0.20334183471277356,0.46795883495360613,0.8947890847921371,0.47584497928619385,0.841483473777771,0.5436517000198364,0.7810549736022949,0.20357694569975138,0.9800639264285564,0.20334183471277356,0.46795883495360613,0.8947890847921371,0.47584497928619385,0.841483473777771,0.5436517000198364,0.7810549736022949,,,,,,,,,,,,,,,
1p5b_math_gentle,1p5b,math,1e-05,123,101,10,9,30,1,0.2047352814115584,0.9797996841371059,0.20343489199876785,0.47093520406633615,0.8931218348443508,0.4770512077957392,0.8440364599227905,0.5400646328926086,0.7802612781524658,0.20400257594883442,0.9798487424850464,0.19855790864676237,0.4651232361793518,0.8944093696773052,0.45151360519230366,0.8356897830963135,0.5614852905273438,0.7188857793807983,,,,,,,,,,,,,,,
1p5b_math_gentle,1p5b,math,1e-05,123,101,11,10,30,0,0.20065059373155236,0.9806970357894897,0.19860049150884151,0.45931326597929,0.8980090096592903,0.45261626690626144,0.8309786915779114,0.5660572648048401,0.7263532280921936,0.20065059373155236,0.9806970357894897,0.19860049150884151,0.45931326597929,0.8980090096592903,0.45261626690626144,0.8309786915779114,0.5660572648048401,0.7263532280921936,,,,,,,,,,,,,,,
1p5b_math_gentle,1p5b,math,1e-05,123,101,12,11,30,0,0.19782476779073477,0.9814299792051315,0.1993146874010563,0.4560573883354664,0.900199830532074,0.4567883126437664,0.8278795480728149,0.5684353113174438,0.7356663942337036,0.19782476779073477,0.9814299792051315,0.1993146874010563,0.4560573883354664,0.900199830532074,0.4567883126437664,0.8278795480728149,0.5684353113174438,0.7356663942337036,,,,,,,,,,,,,,,
1p5b_math_gentle,1p5b,math,1e-05,123,101,13,12,30,0,0.19628551579080522,0.9817370474338531,0.19908934319391847,0.454554395750165,0.9007036834955215,0.45676124282181263,0.8252497911453247,0.5715715289115906,0.7373228669166565,0.19628551579080522,0.9817370474338531,0.19908934319391847,0.454554395750165,0.9007036834955215,0.45676124282181263,0.8252497911453247,0.5715715289115906,0.7373228669166565,,,,,,,,,,,,,,,
1p5b_math_gentle,1p5b,math,1e-05,123,101,14,13,30,6,0.19371430482715368,0.9824745208024979,0.19922560546547174,0.4507455751299858,0.9035377725958824,0.4593964386731386,0.822342038154602,0.5740522742271423,0.7462998628616333,0.19015521742403507,0.9828723892569542,0.17241735942661762,0.4343650843948126,0.9091935008764267,0.3842841926962137,0.8131466507911682,0.6281455755233765,0.576980710029602,,,,,,,,,,,,,,,
1p5b_math_gentle,1p5b,math,1e-05,123,101,15,14,30,0,0.19041472813114524,0.982731144875288,0.17188925296068192,0.43528254609555006,0.9085518792271614,0.38276294711977243,0.8141583204269409,0.6276381611824036,0.5758654475212097,0.19041472813114524,0.982731144875288,0.17188925296068192,0.43528254609555006,0.9085518792271614,0.38276294711977243,0.8141583204269409,0.6276381611824036,0.5758654475212097,,,,,,,,,,,,,,,
1p5b_math_gentle,1p5b,math,1e-05,123,101,16,15,30,0,0.1891689773183316,0.9828947633504868,0.17230886919423938,0.433845947496593,0.9091092273592949,0.38514395616948605,0.8112867474555969,0.6282218098640442,0.5813978910446167,0.1891689773183316,0.9828947633504868,0.17230886919423938,0.433845947496593,0.9091092273592949,0.38514395616948605,0.8112867474555969,0.6282218098640442,0.5813978910446167,0.21693050595266478,0.9759729823895863,0.1767495476773807,0.4613808458670974,0.8933061127151761,0.37878662454230444,0.9146387577056885,0.5009518265724182,0.6188062429428101,0.9131466746330261,0.49292656779289246,0.6359941959381104,0.9926018714904785,0.12155508995056152,0.9867500066757202
1p5b_math_gentle,1p5b,math,1e-05,123,101,17,16,30,0,0.1870615603402257,0.9834729246795177,0.17192942602559924,0.43125105649232864,0.9109096117317677,0.3851405866444111,0.8084341287612915,0.6297276020050049,0.5845534205436707,0.1870615603402257,0.9834729246795177,0.17192942602559924,0.43125105649232864,0.9109096117317677,0.3851405866444111,0.8084341287612915,0.6297276020050049,0.5845534205436707,,,,,,,,,,,,,,,
1p5b_math_gentle,1p5b,math,1e-05,123,101,18,17,30,0,0.1844697562046349,0.9838579297065735,0.17241475218907,0.42808706127107143,0.9115205407142639,0.38774411007761955,0.8067998886108398,0.6286835670471191,0.5919299125671387,0.1844697562046349,0.9838579297065735,0.17241475218907,0.42808706127107143,0.9115205407142639,0.38774411007761955,0.8067998886108398,0.6286835670471191,0.5919299125671387,,,,,,,,,,,,,,,
1p5b_math_gentle,1p5b,math,1e-05,123,101,19,18,30,0,0.18144752504304051,0.9845510795712471,0.17240821802988648,0.42362857423722744,0.9141498021781445,0.3895185012370348,0.7999343872070312,0.6332087516784668,0.5978243947029114,0.18144752504304051,0.9845510795712471,0.17240821802988648,0.42362857423722744,0.9141498021781445,0.3895185012370348,0.7999343872070312,0.6332087516784668,0.5978243947029114,,,,,,,,,,,,,,,
1p5b_math_gentle,1p5b,math,1e-05,123,101,20,19,30,3,0.18115323851816356,0.9846506454050541,0.17254602955654263,0.42406839318573475,0.9144566990435123,0.3903421116992831,0.8008850812911987,0.6320606470108032,0.5986040830612183,0.18309738859534264,0.9844499006867409,0.1855650097131729,0.4317603260278702,0.911357443779707,0.41402583569288254,0.8146443367004395,0.6033967733383179,0.6481115818023682,,,,,,,,,,,,,,,
1p5b_math_gentle,1p5b,math,1e-05,123,101,21,20,30,4,0.1820635967887938,0.9846074096858501,0.18539312295615673,0.4306166544556618,0.9114694111049175,0.41375971864908934,0.813554048538208,0.6036292314529419,0.6515709757804871,0.17897207103669643,0.9846717864274979,0.16776942601427436,0.40947199892252684,0.9182353504002094,0.3801146987825632,0.7631319165229797,0.6701940894126892,0.5855633020401001,,,,,,,,,,,,,,,
1p5b_math_gentle,1p5b,math,1e-05,123,101,22,21,30,0,0.17710554576478899,0.9850110225379467,0.16809105826541781,0.4075159803032875,0.9193586185574532,0.3823570953682065,0.759816586971283,0.6717337369918823,0.5908563137054443,0.17710554576478899,0.9850110225379467,0.16809105826541781,0.4075159803032875,0.9193586185574532,0.3823570953682065,0.759816586971283,0.6717337369918823,0.5908563137054443,,,,,,,,,,,,,,,
1p5b_math_gentle,1p5b,math,1e-05,123,101,23,22,30,0,0.17617742181755602,0.9853896610438824,0.16753830341622233,0.40414860378950834,0.921273410320282,0.382005138322711,0.7554237842559814,0.6761950254440308,0.5883763432502747,0.17617742181755602,0.9853896610438824,0.16753830341622233,0.40414860378950834,0.921273410320282,0.382005138322711,0.7554237842559814,0.6761950254440308,0.5883763432502747,,,,,,,,,,,,,,,
1p5b_math_gentle,1p5b,math,1e-05,123,101,24,23,30,0,0.17482245853170753,0.9855652824044228,0.16806737380102277,0.4038649732246995,0.9209339879453182,0.3834451762959361,0.7541028261184692,0.675814151763916,0.5947422385215759,0.17482245853170753,0.9855652824044228,0.16806737380102277,0.4038649732246995,0.9209339879453182,0.3834451762959361,0.7541028261184692,0.675814151763916,0.5947422385215759,,,,,,,,,,,,,,,
1p5b_math_gentle,1p5b,math,1e-05,123,101,25,24,30,0,0.1736347395926714,0.9858830757439137,0.16773861041292548,0.40122177079319954,0.922499269247055,0.3842388540506363,0.7525944709777832,0.6763202548027039,0.5982977151870728,0.1736347395926714,0.9858830757439137,0.16773861041292548,0.40122177079319954,0.922499269247055,0.3842388540506363,0.7525944709777832,0.6763202548027039,0.5982977151870728,,,,,,,,,,,,,,,
1p5b_math_gentle,1p5b,math,1e-05,123,101,26,25,30,0,0.1701464158250019,0.9865081943571568,0.16804186766967177,0.39736755890771747,0.924059022217989,0.3858101023361087,0.7480685710906982,0.6784438490867615,0.6070272922515869,0.1701464158250019,0.9865081943571568,0.16804186766967177,0.39736755890771747,0.924059022217989,0.3858101023361087,0.7480685710906982,0.6784438490867615,0.6070272922515869,,,,,,,,,,,,,,,
1p5b_math_gentle,1p5b,math,1e-05,123,101,27,26,30,0,0.1693127597682178,0.9866798892617226,0.16789437644183636,0.3964663064107299,0.9243737943470478,0.38649909663945436,0.7504815459251404,0.6758103966712952,0.6092645525932312,0.1693127597682178,0.9866798892617226,0.16789437644183636,0.3964663064107299,0.9243737943470478,0.38649909663945436,0.7504815459251404,0.6758103966712952,0.6092645525932312,,,,,,,,,,,,,,,
1p5b_math_gentle,1p5b,math,1e-05,123,101,28,27,30,1,0.16715455090161413,0.9871219657361507,0.16816385090351105,0.3937670518644154,0.9254027344286442,0.3873801128938794,0.747888445854187,0.6774290800094604,0.6128062009811401,0.16576997796073556,0.9871917627751827,0.16103838477283716,0.375338280107826,0.931641548871994,0.36060507874935865,0.7126094102859497,0.7220461368560791,0.5418384671211243,,,,,,,,,,,,,,,
1p5b_math_gentle,1p5b,math,1e-05,123,101,29,28,30,6,0.1633440018631518,0.9877384826540947,0.16060948045924306,0.3714091284200549,0.9338563196361065,0.3601747890934348,0.6991969347000122,0.7311867475509644,0.5458661317825317,0.16212326381355524,0.987623393535614,0.1512828622944653,0.3950539513025433,0.9263886958360672,0.36623820569366217,0.7215621471405029,0.7011374235153198,0.6109025478363037,,,,,,,,,,,,,,,
1p5b_math_gentle,1p5b,math,1e-05,123,101,30,29,30,0,0.16227224189788103,0.9875290170311928,0.1514129787683487,0.39565131114795804,0.9258103407919407,0.36795108672231436,0.7263931035995483,0.6969095468521118,0.6109381914138794,0.16227224189788103,0.9875290170311928,0.1514129787683487,0.39565131114795804,0.9258103407919407,0.36795108672231436,0.7263931035995483,0.6969095468521118,0.6109381914138794,,,,,,,,,,,,,,,
1p5b_math_gentle,1p5b,math,1e-05,123,101,31,30,30,0,0.15934715094044805,0.9881669208407402,0.15176913770847023,0.3909622197970748,0.9286559149622917,0.3703338960185647,0.7191608548164368,0.7020575404167175,0.6187757253646851,0.15934715094044805,0.9881669208407402,0.15176913770847023,0.3909622197970748,0.9286559149622917,0.3703338960185647,0.7191608548164368,0.7020575404167175,0.6187757253646851,,,,,,,,,,,,,,,
1p5b_math_gentle,1p5b,math,1e-05,123,101,32,31,30,0,0.15938541432842612,0.9881478026509285,0.1515426493715495,0.39209679747000337,0.9281196594238281,0.3698654770851135,0.7216325402259827,0.6999326944351196,0.6183894872665405,0.15938541432842612,0.9881478026509285,0.1515426493715495,0.39209679747000337,0.9281196594238281,0.3698654770851135,0.7216325402259827,0.6999326944351196,0.6183894872665405,0.19482100595320975,0.9823620574814933,0.15349063942474978,0.43904171298657146,0.9116893538406917,0.34926722198724747,0.8394362926483154,0.6321671605110168,0.5164988040924072,0.8526782393455505,0.6076041460037231,0.5424477458000183,0.9892127513885498,0.14811952412128448,0.9672807455062866
7b_countdown,7b,countdown,0.0003,123,101,1,0,30,0,0.44026088528335094,0.9049949757754803,0.34572376031428576,0.7768650576472282,0.6250115875154734,0.7178000994026661,0.8893731832504272,0.4946569502353668,0.7005077004432678,0.44026088528335094,0.9049949757754803,0.34572376031428576,0.7768650576472282,0.6250115875154734,0.7178000994026661,0.8893731832504272,0.4946569502353668,0.7005077004432678,0.40007859308804783,0.9142952795539584,0.37034914482917103,0.7736604256289346,0.6316683090158871,0.8437211800898824,0.6748636960983276,0.7415231466293335,0.747647762298584,0.6940994262695312,0.7248840928077698,0.7791355848312378,0.4204203486442566,1.075926661491394,0.998668909072876
7b_countdown,7b,countdown,0.0003,123,101,2,1,30,25,0.26979342475533485,0.963906791061163,0.2776082372292876,0.4913436807692051,0.8739601373672485,0.5333652589470148,0.15346723794937134,1.0096957683563232,0.36092236638069153,0.30246331449598074,0.9541907496750355,0.30487569235265255,0.6493550837039948,0.7875291034579277,0.7860194891691208,0.7632971405982971,0.6552896499633789,0.8729646801948547,0.26604889931955505,0.9638386986085347,0.2920353500438588,0.5708917177149228,0.8524150656802314,0.7862906881741115,0.6920472979545593,0.8135841488838196,1.0673452615737915,0.7587510347366333,0.7104578614234924,1.0423943996429443,0.6642045974731445,0.8297248482704163,1.0242197513580322
7b_countdown,7b,countdown,0.0003,123,101,3,2,30,17,0.20382516412064433,1.0168463550508022,0.41107610892504454,0.33685486856848,1.2633531913161278,1.1265473328530788,-0.09757807105779648,2.1202943325042725,1.7746316194534302,0.23302102740854025,0.9811549335718155,0.2844024794176221,0.5117019508033991,0.8752310574054718,0.6356855016201735,0.5278247594833374,0.9228340983390808,0.888687014579773,,,,,,,,,,,,,,,
7b_countdown,7b,countdown,0.0003,123,101,4,3,30,3,0.26244494691491127,0.9662063904106617,0.2798553751781583,0.4997626207768917,0.8681904561817646,0.6356532424688339,0.4244444668292999,1.1719375848770142,1.1684812307357788,0.2651010761037469,0.9686442203819752,0.3124223817139864,0.5292264819145203,0.8480058163404465,0.6117200050503016,0.4242619276046753,1.0604995489120483,0.9762197732925415,,,,,,,,,,,,,,,
7b_countdown,7b,countdown,0.0003,123,101,5,4,30,7,0.2391659040004015,0.9753677882254124,0.28829889465123415,0.39261091966181993,0.9695930443704128,0.5890543814748526,-0.001055561937391758,1.1374109983444214,0.5408899188041687,0.24079802399501204,0.9716494120657444,0.19351497432217002,0.4979997016489506,0.870317354798317,0.4813334960490465,0.451413094997406,0.8954167366027832,0.5258777737617493,,,,,,,,,,,,,,,
7b_countdown,7b,countdown,0.0003,123,101,6,5,30,30,0.22782577318139374,0.9756059236824512,0.16637730179354548,0.4372474607080221,0.9052928425371647,0.4038810944184661,0.3425244987010956,0.9401172995567322,0.37633824348449707,0.24126614921260625,0.9730327874422073,0.2550165355205536,0.5489906538277864,0.8442988656461239,0.6241768635809422,0.7384206056594849,0.6770991086959839,0.6773632168769836,,,,,,,,,,,,,,,
7b_countdown,7b,countdown,0.0003,123,101,7,6,30,11,0.19773037964478135,0.9893392398953438,0.2659972747787833,0.37388117783120833,0.9993603751063347,0.6722641829401255,0.38446110486984253,0.9769126176834106,0.7040994167327881,0.22164739994332194,0.989978089928627,0.29473691806197166,0.4484030678868294,0.9668009467422962,0.7319384068250656,0.6700652241706848,0.768099308013916,0.867458164691925,,,,,,,,,,,,,,,
7b_countdown,7b,countdown,0.0003,123,101,8,7,30,30,0.14260844350792468,1.0058666318655014,0.2609621686860919,0.26691718329675496,1.0774711854755878,0.6800635755062103,0.1858854740858078,1.2451410293579102,0.950692355632782,0.16319223144091666,0.9907048642635345,0.22125207725912333,0.42814083071425557,0.9112716391682625,0.5212980639189482,0.4349803924560547,0.9269393086433411,0.655035674571991,0.15593004998351848,0.9920049863202232,0.20567527067448413,0.45051489397883415,0.9024283034460885,0.5168464694704328,0.5300090312957764,0.848004937171936,0.5253111124038696,0.5459148287773132,0.8378422856330872,0.5475448966026306,0.7803752422332764,0.6673191785812378,1.013399600982666
7b_countdown,7b,countdown,0.0003,123,101,9,8,30,3,0.1569917700253427,0.993216197937727,0.25340172182768583,0.40788601199164987,0.9238136671483517,0.5867556594312191,0.4414612054824829,1.0088058710098267,0.9025224447250366,0.16351390536874533,0.9927707463502884,0.26294739078730345,0.42560471780598164,0.9156087301671505,0.5668689180165529,0.5093063116073608,0.934269368648529,0.8729709982872009,,,,,,,,,,,,,,,
7b_countdown,7b,countdown,0.0003,123,101,10,9,30,24,0.1474243791308254,1.004458349198103,0.30255697574466467,0.3297720472328365,0.999632328748703,0.6453896500170231,0.15727972984313965,1.3761513233184814,1.115679144859314,0.16298191668465734,0.9923415519297123,0.2520605642348528,0.397807490080595,0.92328742146492,0.48045371007174253,0.32457852363586426,0.9809463620185852,0.584591805934906,,,,,,,,,,,,,,,
7b_countdown,7b,countdown,0.0003,123,101,11,10,30,4,0.14290101313963532,1.0001299157738686,0.2658387152478099,0.3456010762602091,0.9581604786217213,0.4987169913947582,0.24030081927776337,1.0089339017868042,0.5154229998588562,0.1489529183600098,0.9950637295842171,0.24226894415915012,0.3659170255996287,0.9416897036135197,0.47081828117370605,0.3584213852882385,0.9526413083076477,0.54813551902771,,,,,,,,,,,,,,,
7b_countdown,7b,countdown,0.0003,123,101,12,11,30,8,0.13699209224432707,0.9994934909045696,0.25217489432543516,0.32990244589746,0.9616734459996223,0.4818291384726763,0.2816583514213562,0.987169623374939,0.5136826038360596,0.12955918908119202,0.9940354190766811,0.17298966366797686,0.3348828926682472,0.9530654884874821,0.4149803528562188,0.33788201212882996,0.9465385675430298,0.43837839365005493,,,,,,,,,,,,,,,
7b_countdown,7b,countdown,0.0003,123,101,13,12,30,3,0.11937830946408212,0.9957755729556084,0.17259408300742507,0.30237322114408016,0.9645222723484039,0.40215294621884823,0.2755071520805359,0.9699910283088684,0.4050716459751129,0.11750418541487306,0.9958972036838531,0.1696888725273311,0.3304778737947345,0.9509992375969887,0.404519684612751,0.35621964931488037,0.941541850566864,0.471949964761734,,,,,,,,,,,,,,,
7b_countdown,7b,countdown,0.0003,123,101,14,13,30,3,0.11948591889813542,0.9953844323754311,0.17263173684477806,0.30931332893669605,0.9603193216025829,0.40213083662092686,0.29555219411849976,0.9648396372795105,0.4307056665420532,0.13070179894566536,0.9918036162853241,0.1475483221001923,0.3194542406126857,0.9529544375836849,0.3702773852273822,0.3040367066860199,0.9528815746307373,0.32456669211387634,,,,,,,,,,,,,,,
7b_countdown,7b,countdown,0.0003,123,101,15,14,30,30,0.12944779131794348,0.9919723011553288,0.14238519920036197,0.3020816380158067,0.9605488628149033,0.35747362580150366,0.25892284512519836,0.9660981893539429,0.2785908579826355,0.1452679317444563,0.9889561012387276,0.16967151267454028,0.38818708434700966,0.9328174479305744,0.45707268454134464,0.5142943859100342,0.861733615398407,0.5984580516815186,,,,,,,,,,,,,,,
7b_countdown,7b,countdown,0.0003,123,101,16,15,30,2,0.1475311234826222,0.9885785058140755,0.1664661280810833,0.375046007335186,0.9387944787740707,0.44649787805974483,0.4949386715888977,0.8760676383972168,0.6065576672554016,0.15106658008880913,0.9880704581737518,0.14978062408044934,0.3877905523404479,0.9303683787584305,0.4212669627740979,0.48770326375961304,0.8741474151611328,0.5322921872138977,0.12315491289232991,0.9940350864614759,0.14416672755032778,0.3527800819969603,0.9379908229623523,0.43045380658337046,0.41141363978385925,0.9783861041069031,0.7670827507972717,0.46271464228630066,0.9343315958976746,0.7578084468841553,0.9204494953155518,0.4202457070350647,1.074830412864685
7b_countdown,7b,countdown,0.0003,123,101,17,16,30,0,0.14899601030629128,0.9886331595480442,0.14980566408485174,0.3534128356259316,0.9464441724121571,0.4257471337914467,0.4496125876903534,0.9086515307426453,0.6163428425788879,0.14899601030629128,0.9886331595480442,0.14980566408485174,0.3534128356259316,0.9464441724121571,0.4257471337914467,0.4496125876903534,0.9086515307426453,0.6163428425788879,,,,,,,,,,,,,,,
7b_countdown,7b,countdown,0.0003,123,101,18,17,30,10,0.13118600053712726,0.9916920550167561,0.14621128095313907,0.27580737322568893,0.9771163165569305,0.4181931000202894,0.3226676881313324,1.0685067176818848,0.8184710144996643,0.14267247775569558,0.9908264875411987,0.14258087240159512,0.3205152237787843,0.9515436887741089,0.3605607068166137,0.3372645378112793,0.9783697724342346,0.6036381721496582,,,,,,,,,,,,,,,
7b_countdown,7b,countdown,0.0003,123,101,19,18,30,13,0.13056566985324025,0.9938099719583988,0.14103805692866445,0.28378746798262,0.9647175297141075,0.34926247131079435,0.1946040838956833,1.0854249000549316,0.6593814492225647,0.14344505732879043,0.994060754776001,0.1804754394106567,0.30543893948197365,0.9603964909911156,0.4115860825404525,0.23700493574142456,1.0586835145950317,0.6576975584030151,,,,,,,,,,,,,,,
7b_countdown,7b,countdown,0.0003,123,101,20,19,30,7,0.13548317458480597,0.997466292232275,0.1647160870488733,0.2612699558958411,0.9796256981790066,0.3706758813932538,0.09584353864192963,1.047804594039917,0.42307499051094055,0.15813422575592995,0.9921347796916962,0.18166476301848888,0.30135927349328995,0.9692374654114246,0.40541121177375317,0.3980467915534973,0.941673219203949,0.6106255054473877,,,,,,,,,,,,,,,
7b_countdown,7b,countdown,0.0003,123,101,21,20,30,2,0.15869060019031167,0.9928537495434284,0.17320206202566624,0.28439859207719564,0.9771437346935272,0.38751201424747705,0.35090577602386475,0.9457511901855469,0.4834965467453003,0.15715155890211463,0.9920014701783657,0.1619825791567564,0.2808647723868489,0.9778334870934486,0.3859995845705271,0.34949031472206116,0.9462690353393555,0.4820370078086853,,,,,,,,,,,,,,,
7b_countdown,7b,countdown,0.0003,123,101,22,21,30,0,0.15319711016491055,0.9926612786948681,0.149817070690915,0.24928155541419983,0.9874177388846874,0.3576910961419344,0.31291887164115906,0.9548758268356323,0.4114377796649933,0.15319711016491055,0.9926612786948681,0.149817070690915,0.24928155541419983,0.9874177388846874,0.3576910961419344,0.31291887164115906,0.9548758268356323,0.4114377796649933,,,,,,,,,,,,,,,
7b_countdown,7b,countdown,0.0003,123,101,23,22,30,30,0.14484003145480528,0.9939376413822174,0.1435823419597,0.2235332140699029,0.9952479302883148,0.34238758496940136,0.27738523483276367,0.9660993218421936,0.37882694602012634,0.15320548217277974,0.995800070464611,0.18786657182499766,0.3073656188789755,0.9910408817231655,0.4213138958439231,0.4720580279827118,0.8818694353103638,0.4489803612232208,,,,,,,,,,,,,,,
7b_countdown,7b,countdown,0.0003,123,101,24,23,30,3,0.15450861118733883,0.9925542362034321,0.18479386623948812,0.29237646039109677,0.9862441830337048,0.4205563608556986,0.41005799174308777,0.9195185899734497,0.5269421339035034,0.15475967759266496,0.9914525896310806,0.17072292417287827,0.3055071565322578,0.9694033749401569,0.37786831613630056,0.44343048334121704,0.8963760137557983,0.43244749307632446,,,,,,,,,,,,,,,
7b_countdown,7b,countdown,0.0003,123,101,25,24,30,24,0.13221877696923912,0.9934242703020573,0.17258302448317409,0.21839618310332298,0.992676917463541,0.38164978474378586,0.06684857606887817,1.0730863809585571,0.46179547905921936,0.15356174390763044,0.9893528372049332,0.18222645204514265,0.2990272967144847,0.9579245261847973,0.36598360538482666,0.23642396926879883,0.9836146235466003,0.38937491178512573,,,,,,,,,,,,,,,
7b_countdown,7b,countdown,0.0003,123,101,26,25,30,21,0.13598905550315976,0.9934229366481304,0.17625497141852975,0.2495757658034563,0.9800841808319092,0.35272788163274527,0.05117223411798477,1.0255513191223145,0.28435462713241577,0.14102937933057547,0.992950551211834,0.18546332651749253,0.3335412126034498,0.9463306404650211,0.3767961673438549,0.3256691098213196,0.9459229707717896,0.3544882833957672,,,,,,,,,,,,,,,
7b_countdown,7b,countdown,0.0003,123,101,27,26,30,11,0.13488919520750642,0.9983020387589931,0.20166318863630295,0.3161327224224806,0.9626397639513016,0.40047720819711685,0.2859737277030945,0.9591958522796631,0.3288421332836151,0.14107395568862557,0.9908638261258602,0.15049293357878923,0.33939990401268005,0.9447225295007229,0.32217086758464575,0.3740389943122864,0.9287706017494202,0.32383766770362854,,,,,,,,,,,,,,,
7b_countdown,7b,countdown,0.0003,123,101,28,27,30,24,0.13558709155768156,0.9930953271687031,0.15897392621263862,0.3107407968491316,0.9621551148593426,0.3432088689878583,0.33708906173706055,0.9419650435447693,0.3066384196281433,0.14321815595030785,0.9930151663720608,0.18110626144334674,0.3422040338627994,0.9817383587360382,0.520118510350585,0.4928964376449585,0.8715424537658691,0.5432255864143372,,,,,,,,,,,,,,,
7b_countdown,7b,countdown,0.0003,123,101,29,28,30,14,0.13249453451135196,0.9959869049489498,0.20460050646215677,0.22818421060219407,1.043175794184208,0.586010979488492,0.32658082246780396,1.156664252281189,0.9933095574378967,0.14810260059311986,0.9907962195575237,0.17067714920267463,0.361976008862257,0.9378485754132271,0.3915617084130645,0.3234812915325165,0.9511294960975647,0.41985270380973816,,,,,,,,,,,,,,,
7b_countdown,7b,countdown,0.0003,123,101,30,29,30,7,0.12646341952495277,1.0067410692572594,0.18988208333030343,0.31195894815027714,0.9980523623526096,0.4020077744498849,0.07346829771995544,1.0295236110687256,0.329039603471756,0.12592983176000416,0.994121577590704,0.11491461750119925,0.3166502113454044,0.960286621004343,0.30654565896838903,0.3986383080482483,0.9171191453933716,0.3941570520401001,,,,,,,,,,,,,,,
7b_countdown,7b,countdown,0.0003,123,101,31,30,30,8,0.1234269046690315,0.9946943745017052,0.11548925994429737,0.31047838274389505,0.9671150408685207,0.3024266827851534,0.39241671562194824,0.9226890206336975,0.31930091977119446,0.1328199754934758,0.9934060871601105,0.12169272301252931,0.32801640313118696,0.9576539620757103,0.3046825872734189,0.5084363222122192,0.877717912197113,0.3384470045566559,,,,,,,,,,,,,,,
7b_countdown,7b,countdown,0.0003,123,101,32,31,30,30,0.1320567347574979,0.9935046993196011,0.12501483433879912,0.3145926254801452,0.9633145779371262,0.3129981104284525,0.4980734586715698,0.8785107135772705,0.3571532666683197,0.15798601764254272,0.9899577125906944,0.16069579310715199,0.3413008600473404,0.9512675926089287,0.39175032638013363,0.5663400292396545,0.8249903917312622,0.5295930504798889,0.1311163106667144,0.9921129814216069,0.14946981040494783,0.3116292224398681,0.9515300754989896,0.37641380727291107,0.5686967968940735,0.8249266743659973,0.6313076019287109,0.6158920526504517,0.7878307104110718,0.6153425574302673,0.8885740637779236,0.4769190549850464,1.0190184116363525
7b_countdown_gentle,7b,countdown,3e-06,123,101,1,0,30,0,0.8690396025776863,0.4856987278908491,0.8709559179842472,0.9666926935315132,0.25260574743151665,0.9809549488127232,0.9967905879020691,0.08033058792352676,1.003456711769104,0.8690396025776863,0.4856987278908491,0.8709559179842472,0.9666926935315132,0.25260574743151665,0.9809549488127232,0.9967905879020691,0.08033058792352676,1.003456711769104,0.8622434799160276,0.48746057067598614,0.8506271328244891,0.9630573732512338,0.25652844006461756,0.953060290643147,0.997185230255127,0.07779315114021301,0.9764438271522522,0.997510552406311,0.0729963406920433,0.9786444306373596,0.9661122560501099,0.26033613085746765,0.999991774559021
7b_countdown_gentle,7b,countdown,3e-06,123,101,2,1,30,0,0.8701729327440262,0.48449533246457577,0.8745625354349613,0.966948613524437,0.25203770119696856,0.9830550476908684,0.9968394637107849,0.07971504330635071,1.0034199953079224,0.8701729327440262,0.48449533246457577,0.8745625354349613,0.966948613524437,0.25203770119696856,0.9830550476908684,0.9968394637107849,0.07971504330635071,1.0034199953079224,0.854883502636637,0.4992313129561288,0.8496976494789124,0.9573539687054498,0.2692213904644762,0.9618397163493293,0.9970833659172058,0.07704314589500427,0.9865453243255615,0.9971030354499817,0.07720262557268143,0.9838814735412598,0.9918989539146423,0.1274285912513733,1.0019782781600952
7b_countdown_gentle,7b,countdown,3e-06,123,101,3,2,30,0,0.8677840456366539,0.48743343353271484,0.8708511702716351,0.9663463979959488,0.25344556849449873,0.9837002530694008,0.9967436790466309,0.08125875145196915,1.0067901611328125,0.8677840456366539,0.48743343353271484,0.8708511702716351,0.9663463979959488,0.25344556849449873,0.9837002530694008,0.9967436790466309,0.08125875145196915,1.0067901611328125,,,,,,,,,,,,,,,
7b_countdown_gentle,7b,countdown,3e-06,123,101,4,3,30,0,0.8670225478708744,0.48901120387017727,0.8741136640310287,0.9659528024494648,0.2550101736560464,0.98739268258214,0.996707558631897,0.08225613832473755,1.010566234588623,0.8670225478708744,0.48901120387017727,0.8741136640310287,0.9659528024494648,0.2550101736560464,0.98739268258214,0.996707558631897,0.08225613832473755,1.010566234588623,,,,,,,,,,,,,,,
7b_countdown_gentle,7b,countdown,3e-06,123,101,5,4,30,0,0.8689679577946663,0.486116262152791,0.8717850707471371,0.966790683567524,0.25264693424105644,0.9829671904444695,0.9968395233154297,0.07987251877784729,1.0051319599151611,0.8689679577946663,0.486116262152791,0.8717850707471371,0.966790683567524,0.25264693424105644,0.9829671904444695,0.9968395233154297,0.07987251877784729,1.0051319599151611,,,,,,,,,,,,,,,
7b_countdown_gentle,7b,countdown,3e-06,123,101,6,5,30,0,0.8662518300116062,0.4900677502155304,0.8761179335415363,0.9653569050133228,0.2576001454144716,0.9926698207855225,0.9964299201965332,0.08692149072885513,1.0171208381652832,0.8662518300116062,0.4900677502155304,0.8761179335415363,0.9653569050133228,0.2576001454144716,0.9926698207855225,0.9964299201965332,0.08692149072885513,1.0171208381652832,,,,,,,,,,,,,,,
7b_countdown_gentle,7b,countdown,3e-06,123,101,7,6,30,0,0.8672880344092846,0.48855885304510593,0.8763772025704384,0.9659841731190681,0.2550545781850815,0.9916388429701328,0.9965630173683167,0.08506928384304047,1.0159193277359009,0.8672880344092846,0.48855885304510593,0.8763772025704384,0.9659841731190681,0.2550545781850815,0.9916388429701328,0.9965630173683167,0.08506928384304047,1.0159193277359009,,,,,,,,,,,,,,,
7b_countdown_gentle,7b,countdown,3e-06,123,101,8,7,30,0,0.8657947182655334,0.4913670476526022,0.877895150333643,0.9653749763965607,0.25849715899676085,0.996430192142725,0.9964311718940735,0.08806463330984116,1.0215389728546143,0.8657947182655334,0.4913670476526022,0.877895150333643,0.9653749763965607,0.25849715899676085,0.996430192142725,0.9964311718940735,0.08806463330984116,1.0215389728546143,0.8208430260419846,0.5528428022350583,0.8293079542262214,0.9465631714888981,0.30924247205257416,0.9845835779394422,0.9959061145782471,0.09872209280729294,1.0355931520462036,0.9961893558502197,0.09726639837026596,1.0392481088638306,0.9989176988601685,0.04690486192703247,1.0049865245819092
7b_countdown_gentle,7b,countdown,3e-06,123,101,9,8,30,0,0.8653111569583416,0.4924166426062584,0.8760156370699406,0.9648860692977905,0.26023721415549517,0.9943749234080315,0.9962685108184814,0.08933522552251816,1.0193259716033936,0.8653111569583416,0.4924166426062584,0.8760156370699406,0.9648860692977905,0.26023721415549517,0.9943749234080315,0.9962685108184814,0.08933522552251816,1.0193259716033936,,,,,,,,,,,,,,,
7b_countdown_gentle,7b,countdown,3e-06,123,101,10,9,30,0,0.8661046028137207,0.4909239374101162,0.8776001371443272,0.965117983520031,0.25828312523663044,0.9957922287285328,0.9962565898895264,0.0899202972650528,1.0210095643997192,0.8661046028137207,0.4909239374101162,0.8776001371443272,0.965117983520031,0.25828312523663044,0.9957922287285328,0.9962565898895264,0.0899202972650528,1.0210095643997192,,,,,,,,,,,,,,,
7b_countdown_gentle,7b,countdown,3e-06,123,101,11,10,30,0,0.8643490597605705,0.4944833442568779,0.8797994032502174,0.9646928459405899,0.2614241950213909,1.0012944005429745,0.9960024952888489,0.09467167407274246,1.0273666381835938,0.8643490597605705,0.4944833442568779,0.8797994032502174,0.9646928459405899,0.2614241950213909,1.0012944005429745,0.9960024952888489,0.09467167407274246,1.0273666381835938,,,,,,,,,,,,,,,
7b_countdown_gentle,7b,countdown,3e-06,123,101,12,11,30,0,0.8626109696924686,0.49645709805190563,0.881074208766222,0.9634072631597519,0.2651934651657939,1.0053101032972336,0.9956271648406982,0.10069665312767029,1.0332218408584595,0.8626109696924686,0.49645709805190563,0.881074208766222,0.9634072631597519,0.2651934651657939,1.0053101032972336,0.9956271648406982,0.10069665312767029,1.0332218408584595,,,,,,,,,,,,,,,
7b_countdown_gentle,7b,countdown,3e-06,123,101,13,12,30,0,0.8646479733288288,0.49373140931129456,0.8834335058927536,0.964434839785099,0.2622947124764323,1.0057468563318253,0.9957833886146545,0.09864440560340881,1.032050371170044,0.8646479733288288,0.49373140931129456,0.8834335058927536,0.964434839785099,0.2622947124764323,1.0057468563318253,0.9957833886146545,0.09864440560340881,1.032050371170044,,,,,,,,,,,,,,,
7b_countdown_gentle,7b,countdown,3e-06,123,101,14,13,30,0,0.8632422871887684,0.496285879984498,0.8843781761825085,0.9634493216872215,0.2661000033840537,1.0089691579341888,0.9953183531761169,0.10509899258613586,1.0366038084030151,0.8632422871887684,0.496285879984498,0.8843781761825085,0.9634493216872215,0.2661000033840537,1.0089691579341888,0.9953183531761169,0.10509899258613586,1.0366038084030151,,,,,,,,,,,,,,,
7b_countdown_gentle,7b,countdown,3e-06,123,101,15,14,30,2,0.861125823110342,0.5000033434480429,0.8860571458935738,0.9629234969615936,0.26940919179469347,1.0140856318175793,0.9951033592224121,0.10976682603359222,1.0428458452224731,0.8615360073745251,0.4969264529645443,0.8605214953422546,0.9625242985785007,0.26511125452816486,0.9632786847651005,0.9938106536865234,0.11109136790037155,0.9946630001068115,,,,,,,,,,,,,,,
7b_countdown_gentle,7b,countdown,3e-06,123,101,16,15,30,3,0.8603826127946377,0.49844502098858356,0.8614075146615505,0.9620101936161518,0.2668009912595153,0.9650086835026741,0.9936746954917908,0.11235181987285614,0.9971845746040344,0.8609138317406178,0.49803820066154003,0.8671477846801281,0.9626350812613964,0.2663505794480443,0.9779015444219112,0.9947787523269653,0.10302229970693588,1.0088649988174438,0.8227833488157817,0.5541928346667971,0.8175946303776332,0.9429549894162587,0.32252123206853867,0.9518692685025079,0.9934266805648804,0.11455061286687851,0.9977431893348694,0.994638204574585,0.10342057794332504,0.9955795407295227,0.9993245005607605,0.03675132244825363,0.9990527629852295
7b_countdown_gentle,7b,countdown,3e-06,123,101,17,16,30,0,0.8596688248217106,0.49994578398764133,0.8649823442101479,0.9620547108352184,0.2677792990580201,0.9768004454672337,0.9946780204772949,0.10407860577106476,1.009398341178894,0.8596688248217106,0.49994578398764133,0.8649823442101479,0.9620547108352184,0.2677792990580201,0.9768004454672337,0.9946780204772949,0.10407860577106476,1.009398341178894,,,,,,,,,,,,,,,
7b_countdown_gentle,7b,countdown,3e-06,123,101,18,17,30,0,0.8595680929720402,0.5013927444815636,0.8715111128985882,0.9614984504878521,0.2711980426684022,0.9861380122601986,0.994511067867279,0.1072673499584198,1.018148422241211,0.8595680929720402,0.5013927444815636,0.8715111128985882,0.9614984504878521,0.2711980426684022,0.9861380122601986,0.994511067867279,0.1072673499584198,1.018148422241211,,,,,,,,,,,,,,,
7b_countdown_gentle,7b,countdown,3e-06,123,101,19,18,30,0,0.8592399545013905,0.5021915249526501,0.8724087402224541,0.9618814289569855,0.2703403336927295,0.9885058626532555,0.9944412708282471,0.10858648270368576,1.020984411239624,0.8592399545013905,0.5021915249526501,0.8724087402224541,0.9618814289569855,0.2703403336927295,0.9885058626532555,0.9944412708282471,0.10858648270368576,1.020984411239624,,,,,,,,,,,,,,,
7b_countdown_gentle,7b,countdown,3e-06,123,101,20,19,30,0,0.857495654374361,0.5035205446183681,0.8699200265109539,0.961061105132103,0.2717388616874814,0.9875191003084183,0.9941818714141846,0.11124475300312042,1.0219858884811401,0.857495654374361,0.5035205446183681,0.8699200265109539,0.961061105132103,0.2717388616874814,0.9875191003084183,0.9941818714141846,0.11124475300312042,1.0219858884811401,,,,,,,,,,,,,,,
7b_countdown_gentle,7b,countdown,3e-06,123,101,21,20,30,13,0.8552217185497284,0.5073294546455145,0.8749524392187595,0.9593029394745827,0.27732208650559187,0.9955520816147327,0.9938997030258179,0.1165388748049736,1.0315544605255127,0.8554646521806717,0.5069388933479786,0.8815363831818104,0.9595202840864658,0.2775475885719061,1.0070344060659409,0.994670033454895,0.11352802067995071,1.0421770811080933,,,,,,,,,,,,,,,
7b_countdown_gentle,7b,countdown,3e-06,123,101,22,21,30,0,0.8559999167919159,0.5069727580994368,0.87979556620121,0.9602501839399338,0.27678062580525875,1.0055140107870102,0.9945783615112305,0.1134391501545906,1.0399055480957031,0.8559999167919159,0.5069727580994368,0.87979556620121,0.9602501839399338,0.27678062580525875,1.0055140107870102,0.9945783615112305,0.1134391501545906,1.0399055480957031,,,,,,,,,,,,,,,
7b_countdown_gentle,7b,countdown,3e-06,123,101,23,22,30,0,0.8519031889736652,0.5126054529100657,0.8814323917031288,0.9577549062669277,0.2840827591717243,1.0118413269519806,0.9941738247871399,0.121757872402668,1.0507993698120117,0.8519031889736652,0.5126054529100657,0.8814323917031288,0.9577549062669277,0.2840827591717243,1.0118413269519806,0.9941738247871399,0.121757872402668,1.0507993698120117,,,,,,,,,,,,,,,
7b_countdown_gentle,7b,countdown,3e-06,123,101,24,23,30,1,0.8516669794917107,0.5137213505804539,0.8834780715405941,0.9575255140662193,0.28549240715801716,1.0145885236561298,0.9937888383865356,0.1260586827993393,1.0530104637145996,0.8525867760181427,0.5117080416530371,0.8579376339912415,0.9569259062409401,0.2847387669607997,0.9547996446490288,0.9925181865692139,0.1222449243068695,0.9865010976791382,,,,,,,,,,,,,,,
7b_countdown_gentle,7b,countdown,3e-06,123,101,25,24,30,1,0.852120902389288,0.5124203078448772,0.8589320071041584,0.9568315148353577,0.28501399978995323,0.9570179954171181,0.9924209117889404,0.12293810397386551,0.9888181090354919,0.8520212806761265,0.5123549327254295,0.8689070269465446,0.957694124430418,0.2819067342206836,0.9941025860607624,0.9936293959617615,0.11917773634195328,1.0323941707611084,,,,,,,,,,,,,,,
7b_countdown_gentle,7b,countdown,3e-06,123,101,26,25,30,0,0.8509260937571526,0.5138342641294003,0.8721791915595531,0.9570343419909477,0.28416036535054445,0.9993341825902462,0.9934347867965698,0.12327652424573898,1.0393686294555664,0.8509260937571526,0.5138342641294003,0.8721791915595531,0.9570343419909477,0.28416036535054445,0.9993341825902462,0.9934347867965698,0.12327652424573898,1.0393686294555664,,,,,,,,,,,,,,,
7b_countdown_gentle,7b,countdown,3e-06,123,101,27,26,30,0,0.8490381874144077,0.5173256620764732,0.8742188178002834,0.9560610391199589,0.288254477083683,1.002627607434988,0.9929324388504028,0.1288815438747406,1.0431849956512451,0.8490381874144077,0.5173256620764732,0.8742188178002834,0.9560610391199589,0.288254477083683,1.002627607434988,0.9929324388504028,0.1288815438747406,1.0431849956512451,,,,,,,,,,,,,,,
7b_countdown_gentle,7b,countdown,3e-06,123,101,28,27,30,0,0.8468403145670891,0.5211091171950102,0.8776290118694305,0.9549113251268864,0.29357293248176575,1.0102042742073536,0.9921518564224243,0.1388969123363495,1.0526305437088013,0.8468403145670891,0.5211091171950102,0.8776290118694305,0.9549113251268864,0.29357293248176575,1.0102042742073536,0.9921518564224243,0.1388969123363495,1.0526305437088013,,,,,,,,,,,,,,,
7b_countdown_gentle,7b,countdown,3e-06,123,101,29,28,30,1,0.8425818867981434,0.5258861109614372,0.8743280507624149,0.9514487273991108,0.30146029125899076,1.0102171786129475,0.9916481971740723,0.14432767033576965,1.056429147720337,0.84427485242486,0.5227676052600145,0.8514373637735844,0.9526365213096142,0.2949865935370326,0.954918384552002,0.9921584725379944,0.12499376386404037,0.9934762120246887,,,,,,,,,,,,,,,
7b_countdown_gentle,7b,countdown,3e-06,123,101,30,29,30,0,0.8442329652607441,0.5247348211705685,0.8567422516644001,0.9537479281425476,0.29365026392042637,0.9627863429486752,0.9919167757034302,0.1271776556968689,1.0004545450210571,0.8442329652607441,0.5247348211705685,0.8567422516644001,0.9537479281425476,0.29365026392042637,0.9627863429486752,0.9919167757034302,0.1271776556968689,1.0004545450210571,,,,,,,,,,,,,,,
7b_countdown_gentle,7b,countdown,3e-06,123,101,31,30,30,0,0.842348724603653,0.5268960725516081,0.8577068224549294,0.9523130282759666,0.29662900511175394,0.9654856510460377,0.9918041825294495,0.12849941849708557,1.0055023431777954,0.842348724603653,0.5268960725516081,0.8577068224549294,0.9523130282759666,0.29662900511175394,0.9654856510460377,0.9918041825294495,0.12849941849708557,1.0055023431777954,,,,,,,,,,,,,,,
7b_countdown_gentle,7b,countdown,3e-06,123,101,32,31,30,0,0.8441489897668362,0.5244609769433737,0.8574805185198784,0.9535615891218185,0.293462130241096,0.9629397802054882,0.992060124874115,0.12605449557304382,1.0006077289581299,0.8441489897668362,0.5244609769433737,0.8574805185198784,0.9535615891218185,0.293462130241096,0.9629397802054882,0.992060124874115,0.12605449557304382,1.0006077289581299,0.79360502745424,0.5802264021975654,0.8033766884888921,0.9247437545231411,0.35633151552506853,0.9310027701514108,0.9898041486740112,0.14245010912418365,0.9918962121009827,0.9909850358963013,0.1339976191520691,0.9884253740310669,0.9990840554237366,0.0428098626434803,1.0003308057785034
7b_gsm8k,7b,gsm8k,0.0001,123,101,1,0,30,0,0.009079864685190842,0.9999690428376198,0.014378881023731083,0.1220377606805414,0.9919518195092678,0.08657657844014466,0.40324532985687256,0.9236443042755127,0.27784356474876404,0.009079864685190842,0.9999690428376198,0.014378881023731083,0.1220377606805414,0.9919518195092678,0.08657657844014466,0.40324532985687256,0.9236443042755127,0.27784356474876404,0.007382303301710635,0.9999822399445942,0.01584921344848616,0.081775575942759,0.9947627420936312,0.09024419276309865,0.2831178903579712,0.9607018232345581,0.3388272523880005,0.31703367829322815,0.9490628838539124,0.3521161377429962,0.2281918227672577,1.2412348985671997,0.9980849623680115
7b_gsm8k,7b,gsm8k,0.0001,123,101,2,1,30,0,0.00759051151908352,0.9999799020588398,0.013412459753453732,0.09949411544948816,0.9936274401843548,0.08467201353050768,0.28133076429367065,0.9596350193023682,0.2745283246040344,0.00759051151908352,0.9999799020588398,0.013412459753453732,0.09949411544948816,0.9936274401843548,0.08467201353050768,0.28133076429367065,0.9596350193023682,0.2745283246040344,0.005364835823586743,1.000033172113555,0.01299045273169343,0.061397949466481805,0.9976926190512521,0.07558947881417614,0.12792900204658508,0.9992209076881409,0.2496175318956375,0.14427973330020905,0.9977824687957764,0.2722892761230469,0.4176675081253052,1.2588928937911987,1.2890212535858154
7b_gsm8k,7b,gsm8k,0.0001,123,101,3,2,30,0,0.00503875149297528,1.0000123381614685,0.013097271381411701,0.06813655846053734,0.9960914999246597,0.08245535613968968,0.13667449355125427,0.997406542301178,0.2528625726699829,0.00503875149297528,1.0000123381614685,0.013097271381411701,0.06813655846053734,0.9960914999246597,0.08245535613968968,0.13667449355125427,0.997406542301178,0.2528625726699829,,,,,,,,,,,,,,,
7b_gsm8k,7b,gsm8k,0.0001,123,101,4,3,30,0,0.002058163347101072,1.0000419430434704,0.012185716681415215,0.030905811523552984,0.9990393556654453,0.0780891990289092,-0.006722663529217243,1.024330496788025,0.21530912816524506,0.002058163347101072,1.0000419430434704,0.012185716681415215,0.030905811523552984,0.9990393556654453,0.0780891990289092,-0.006722663529217243,1.024330496788025,0.21530912816524506,,,,,,,,,,,,,,,
7b_gsm8k,7b,gsm8k,0.0001,123,101,5,4,30,8,-0.0004468183215067256,1.0000635646283627,0.011528038361575454,-0.002094423572998494,1.0012276582419872,0.07350924517959356,-0.11334314942359924,1.034434199333191,0.17458195984363556,0.002739972742347163,1.000066388398409,0.014518679527100176,0.05205197536270134,0.9984201304614544,0.08573204930871725,0.10188105702400208,1.0009307861328125,0.21252602338790894,,,,,,,,,,,,,,,
7b_gsm8k,7b,gsm8k,0.0001,123,101,6,5,30,1,0.00210133636755927,1.0000718720257282,0.014137641584966332,0.0436806169745978,0.9992187730967999,0.08382250601425767,0.07557135075330734,1.003730297088623,0.1903989613056183,0.001928825666254852,1.0000685416162014,0.013621795922517776,0.04432955349329859,0.9990462474524975,0.07910137274302542,0.07049970328807831,1.0032479763031006,0.1776285320520401,,,,,,,,,,,,,,,
7b_gsm8k,7b,gsm8k,0.0001,123,101,7,6,30,1,0.0013698241127713118,1.0000719800591469,0.013286243251059204,0.0372684930334799,0.9996258653700352,0.07641980913467705,0.05230475962162018,1.0048288106918335,0.16373540461063385,0.0015097906816663453,1.0000777691602707,0.013799866545014083,0.041231677983887494,0.9994835928082466,0.07771359826438129,0.06187399849295616,1.0035240650177002,0.16622494161128998,,,,,,,,,,,,,,,
7b_gsm8k,7b,gsm8k,0.0001,123,101,8,7,30,1,0.0010508905816095648,1.000079371035099,0.013390436361078173,0.03502563407528214,0.9999713338911533,0.0758974130731076,0.04566953703761101,1.0047895908355713,0.15378013253211975,0.0009269795336876996,1.0000750869512558,0.013013540941756219,0.030647844716440886,1.0000814907252789,0.07346631097607315,0.03652865067124367,1.0056909322738647,0.14943817257881165,0.000810829054639076,1.0000642708369665,0.011848741277520145,0.025616333853187307,1.0003251795257841,0.06794715140547071,0.046313218772411346,1.0067275762557983,0.1713952124118805,0.04194042086601257,1.0072861909866333,0.16994111239910126,0.6870924234390259,0.9381788969039917,1.2806204557418823
7b_gsm8k,7b,gsm8k,0.0001,123,101,9,8,30,5,0.0005841274942213204,1.0000766701996326,0.012746883323416114,0.023481460550101474,1.0005954168736935,0.07218132074922323,0.01962113566696644,1.0074862241744995,0.1437728852033615,0.0005819092148158234,1.0000772252678871,0.012734927062410861,0.029171712696552277,1.0001462623476982,0.0693668145686388,0.03078015148639679,1.0051206350326538,0.1366809755563736,,,,,,,,,,,,,,,
7b_gsm8k,7b,gsm8k,0.0001,123,101,10,9,30,0,0.0003203861451765988,1.0000787265598774,0.012609835830517113,0.02335994815803133,1.000467836856842,0.06799294333904982,0.01736687682569027,1.006285548210144,0.1309994012117386,0.0003203861451765988,1.0000787265598774,0.012609835830517113,0.02335994815803133,1.000467836856842,0.06799294333904982,0.01736687682569027,1.006285548210144,0.1309994012117386,,,,,,,,,,,,,,,
7b_gsm8k,7b,gsm8k,0.0001,123,101,11,10,30,0,7.665779048693366e-05,1.0000796169042587,0.012540758238174021,0.01705210366344545,1.0008295886218548,0.06697166385129094,0.0032223588787019253,1.0074946880340576,0.12592516839504242,7.665779048693366e-05,1.0000796169042587,0.012540758238174021,0.01705210366344545,1.0008295886218548,0.06697166385129094,0.0032223588787019253,1.0074946880340576,0.12592516839504242,,,,,,,,,,,,,,,
7b_gsm8k,7b,gsm8k,0.0001,123,101,12,11,30,28,-0.00015944583265081747,1.0000816956162453,0.012384055822622031,0.010741187492385507,1.0012161023914814,0.0659849054645747,-0.012274671345949173,1.0091559886932373,0.12391076236963272,0.0065557349735172465,1.0002325139939785,0.02716715761926025,0.10427140747196972,0.9971930645406246,0.15013172570616007,0.24269388616085052,0.9715035557746887,0.2948433756828308,,,,,,,,,,,,,,,
7b_gsm8k,7b,gsm8k,0.0001,123,101,13,12,30,0,0.006540872476762161,1.0002286918461323,0.027032591053284705,0.1020101536414586,0.9974417462944984,0.14839279418811202,0.23698097467422485,0.9729816913604736,0.2903977930545807,0.006540872476762161,1.0002286918461323,0.027032591053284705,0.1020101536414586,0.9974417462944984,0.14839279418811202,0.23698097467422485,0.9729816913604736,0.2903977930545807,,,,,,,,,,,,,,,
7b_gsm8k,7b,gsm8k,0.0001,123,101,14,13,30,29,0.006509908445877954,1.0002361088991165,0.027225145837292075,0.09945905770291574,0.998046200722456,0.14922966249287128,0.2323230803012848,0.9743103981018066,0.28937479853630066,0.007278022509126458,1.000113993883133,0.022460285108536482,0.12895466631744057,0.9926134124398232,0.12001992855221033,0.3048761487007141,0.9554558396339417,0.2284216582775116,,,,,,,,,,,,,,,
7b_gsm8k,7b,gsm8k,0.0001,123,101,15,14,30,27,0.006916542988619767,1.0001239031553268,0.022503288462758064,0.1228601180773694,0.9934419356286526,0.12078034318983555,0.2978683412075043,0.9567500948905945,0.23386594653129578,0.009105059627472656,1.0001307055354118,0.026064898585900664,0.17238128051394597,0.9864711835980415,0.1444567139260471,0.4295879006385803,0.9154021143913269,0.27956491708755493,,,,,,,,,,,,,,,
7b_gsm8k,7b,gsm8k,0.0001,123,101,16,15,30,0,0.008363114180610864,1.000169776380062,0.026788118295371532,0.15583965176483616,0.9895048998296261,0.15244468627497554,0.4110441207885742,0.9176879525184631,0.3056461811065674,0.008363114180610864,1.000169776380062,0.026788118295371532,0.15583965176483616,0.9895048998296261,0.15244468627497554,0.4110441207885742,0.9176879525184631,0.3056461811065674,0.007190452018611333,1.0001741562570845,0.024761593468221172,0.13008142319241806,0.9935329407453537,0.13540181211595023,0.41800999641418457,0.9128167629241943,0.32875290513038635,0.4139990210533142,0.913491427898407,0.3374372720718384,0.845810055732727,0.6037839651107788,1.1285635232925415
7b_gsm8k,7b,gsm8k,0.0001,123,101,17,16,30,6,0.0069391051765705924,1.00022791326046,0.027544112759642303,0.12356362387072295,0.9953321106731892,0.16102250525727868,0.36312335729599,0.9317713379859924,0.35561150312423706,0.007512772081099683,1.000193789601326,0.02659213589504361,0.13311896368395537,0.9936408214271069,0.15196535922586918,0.38657090067863464,0.9235777854919434,0.33724525570869446,,,,,,,,,,,,,,,
7b_gsm8k,7b,gsm8k,0.0001,123,101,18,17,30,0,0.0055463006283389404,1.0002631358802319,0.027326323091983795,0.08861371400416829,1.001114897429943,0.15915013384073973,0.29923105239868164,0.9606173038482666,0.4102482199668884,0.0055463006283389404,1.0002631358802319,0.027326323091983795,0.08861371400416829,1.001114897429943,0.15915013384073973,0.29923105239868164,0.9606173038482666,0.4102482199668884,,,,,,,,,,,,,,,
7b_gsm8k,7b,gsm8k,0.0001,123,101,19,18,30,0,0.0033324191808787873,1.0003447085618973,0.02838392520789057,0.04028821870451793,1.0092711076140404,0.16876761429011822,0.12998634576797485,1.0550814867019653,0.49067121744155884,0.0033324191808787873,1.0003447085618973,0.02838392520789057,0.04028821870451793,1.0092711076140404,0.16876761429011822,0.12998634576797485,1.0550814867019653,0.49067121744155884,,,,,,,,,,,,,,,
7b_gsm8k,7b,gsm8k,0.0001,123,101,20,19,30,30,0.0014762669961783104,1.0004020631313324,0.028707698569633067,0.0005630056839436293,1.0155286826193333,0.17380813602358103,-0.03489250689744949,1.1252142190933228,0.48214176297187805,0.004358246103947749,1.0001959577202797,0.023296346655115485,0.04654285313154105,1.006691575050354,0.15913362568244338,0.14766860008239746,1.0308789014816284,0.43838703632354736,,,,,,,,,,,,,,,
7b_gsm8k,7b,gsm8k,0.0001,123,101,21,20,30,30,0.003965329633501824,1.0002063438296318,0.023686195898335427,0.039775677025318146,1.0079266615211964,0.16025790385901928,0.11674252152442932,1.031916618347168,0.3968867063522339,0.003962289078117465,1.000078197568655,0.016321565373800695,0.0559695542906411,1.0000648759305477,0.09817421436309814,0.15561601519584656,0.9904974102973938,0.2284279763698578,,,,,,,,,,,,,,,
7b_gsm8k,7b,gsm8k,0.0001,123,101,22,21,30,0,0.004167798286289326,1.0000763237476349,0.01638840342639014,0.06108254463470075,0.999735876917839,0.09831771580502391,0.16886667907238007,0.9864580631256104,0.20905841886997223,0.004167798286289326,1.0000763237476349,0.01638840342639014,0.06108254463470075,0.999735876917839,0.09831771580502391,0.16886667907238007,0.9864580631256104,0.20905841886997223,,,,,,,,,,,,,,,
7b_gsm8k,7b,gsm8k,0.0001,123,101,23,22,30,3,0.0041415236355533125,1.0000806599855423,0.016843724355567247,0.06426593165087979,0.9995915181934834,0.10098337242379785,0.18033935129642487,0.9840471148490906,0.20985031127929688,0.004198664479190484,1.0000867396593094,0.017224331735633314,0.06514009906095453,0.9997756481170654,0.10474752588197589,0.18431782722473145,0.9835348129272461,0.22056302428245544,,,,,,,,,,,,,,,
7b_gsm8k,7b,gsm8k,0.0001,123,101,24,23,30,12,0.0038373037532437593,1.000095833092928,0.017543185618706048,0.0584458519006148,1.0004585944116116,0.1087378233205527,0.17022186517715454,0.9881854057312012,0.2442888617515564,0.004690318335633492,1.0000737607479095,0.01702269067754969,0.07326875891158124,0.9986937269568443,0.1050594262778759,0.21240878105163574,0.9773598909378052,0.23111283779144287,,,,,,,,,,,,,,,
7b_gsm8k,7b,gsm8k,0.0001,123,101,25,24,30,7,0.0038174557557795197,1.0000939555466175,0.017579504754394293,0.05805488320766017,1.0001081377267838,0.11104732006788254,0.17364928126335144,0.99040687084198,0.2788158655166626,0.0035391951951169176,1.000091377645731,0.017052311450242996,0.05620375054422766,1.0000035278499126,0.10336038284003735,0.16612359881401062,0.990140438079834,0.25542691349983215,,,,,,,,,,,,,,,
7b_gsm8k,7b,gsm8k,0.0001,123,101,26,25,30,0,0.0023595810853294097,1.0001160129904747,0.017261154716834426,0.03386137742199935,1.002336859703064,0.10618222528137267,0.09348791092634201,1.0170767307281494,0.30129823088645935,0.0023595810853294097,1.0001160129904747,0.017261154716834426,0.03386137742199935,1.002336859703064,0.10618222528137267,0.09348791092634201,1.0170767307281494,0.30129823088645935,,,,,,,,,,,,,,,
7b_gsm8k,7b,gsm8k,0.0001,123,101,27,26,30,0,0.0011686154903145507,1.0001352205872536,0.017085256113205105,0.012317820568569005,1.0044128261506557,0.10538492235355079,-0.004721176810562611,1.0501930713653564,0.3161025047302246,0.0011686154903145507,1.0001352205872536,0.017085256113205105,0.012317820568569005,1.0044128261506557,0.10538492235355079,-0.004721176810562611,1.0501930713653564,0.3161025047302246,,,,,,,,,,,,,,,
7b_gsm8k,7b,gsm8k,0.0001,123,101,28,27,30,0,0.00045372112435870804,1.0001522675156593,0.01729280420113355,-0.001878247014246881,1.0058126375079155,0.10598769807256758,-0.07406693696975708,1.0653386116027832,0.300676167011261,0.00045372112435870804,1.0001522675156593,0.01729280420113355,-0.001878247014246881,1.0058126375079155,0.10598769807256758,-0.07406693696975708,1.0653386116027832,0.300676167011261,,,,,,,,,,,,,,,
7b_gsm8k,7b,gsm8k,0.0001,123,101,29,28,30,0,-0.000400266189899412,1.0001574233174324,0.016758990415837616,-0.017019453749526292,1.0069262459874153,0.10235397494398057,-0.13065966963768005,1.0625227689743042,0.2514747083187103,-0.000400266189899412,1.0001574233174324,0.016758990415837616,-0.017019453749526292,1.0069262459874153,0.10235397494398057,-0.13065966963768005,1.0625227689743042,0.2514747083187103,,,,,,,,,,,,,,,
7b_gsm8k,7b,gsm8k,0.0001,123,101,30,29,30,29,-0.0007969484067871235,1.000163473188877,0.016653526516165584,-0.02492625592276454,1.0075215250253677,0.10024120239540935,-0.1454668641090393,1.054422378540039,0.21917973458766937,0.003045732621103525,1.000229187309742,0.023058770108036697,0.043292483140248805,1.0082254968583584,0.16156277060508728,0.13795863091945648,1.0189294815063477,0.3772279918193817,,,,,,,,,,,,,,,
7b_gsm8k,7b,gsm8k,0.0001,123,101,31,30,30,15,0.002853059591870988,1.000231247395277,0.02296611131168902,0.04277293221093714,1.0080394633114338,0.1594455880112946,0.13659583032131195,1.017215609550476,0.3676496744155884,0.0036429685351322405,1.0001695789396763,0.020883604651317,0.060543073108419776,1.0037192292511463,0.14464052207767963,0.19472599029541016,0.9900802373886108,0.32954835891723633,,,,,,,,,,,,,,,
7b_gsm8k,7b,gsm8k,0.0001,123,101,32,31,30,17,0.003403116790650529,1.0001722313463688,0.02086204435909167,0.05718234527739696,1.0039543695747852,0.14348921971395612,0.1839396357536316,0.9937596321105957,0.3301997184753418,0.00421969264789368,1.0001849047839642,0.02240842505125329,0.07893093922757544,1.0017117969691753,0.1486479490995407,0.25193434953689575,0.9726853966712952,0.34985169768333435,0.0038208950718399137,1.0001335463353567,0.01911265223420092,0.06449227726053712,1.0023494895015443,0.1290365337793316,0.2709738612174988,0.973122239112854,0.4137805998325348,0.3263547718524933,0.9467591047286987,0.3798364996910095,0.8671419024467468,0.5345725417137146,1.0613141059875488
7b_gsm8k_gentle,7b,gsm8k,1e-05,123,101,1,0,30,0,0.35923208203166723,0.9332387819886208,0.28550243470817804,0.6955658346414566,0.7227795012295246,0.6058029476553202,0.9273960590362549,0.3919582962989807,0.8103706240653992,0.35923208203166723,0.9332387819886208,0.28550243470817804,0.6955658346414566,0.7227795012295246,0.6058029476553202,0.9273960590362549,0.3919582962989807,0.8103706240653992,0.30434424084212097,0.9491133732455117,0.27619454663779053,0.6252896551574979,0.7802075615950993,0.6171657027942794,0.950347900390625,0.3170824646949768,0.8895006775856018,0.9582442045211792,0.30015721917152405,0.8669951558113098,0.8538762331008911,0.5405853390693665,0.9999486804008484
7b_gsm8k_gentle,7b,gsm8k,1e-05,123,101,2,1,30,1,0.35787944681942463,0.9336519204080105,0.2862167274579406,0.69383355230093,0.7245253063738346,0.6090920120477676,0.9252586364746094,0.395244300365448,0.81425541639328,0.35844140220433474,0.9334835447371006,0.28832210414111614,0.6952316276729107,0.7210475839674473,0.6328810472041368,0.9311281442642212,0.37372592091560364,0.8494535684585571,0.30515061372092794,0.9490075984171459,0.25970896280237604,0.595793546310493,0.8052212681089129,0.6337265276483127,0.9532983303070068,0.30205726623535156,0.9573163986206055,0.9609253406524658,0.27683427929878235,0.964766800403595,0.9540324211120605,0.3051508665084839,1.011433482170105
7b_gsm8k_gentle,7b,gsm8k,1e-05,123,101,3,2,30,2,0.3574480973184109,0.9337192177772522,0.28857882134616375,0.6954972818493843,0.7199613377451897,0.6352390609681606,0.9307854175567627,0.3737085461616516,0.8531992435455322,0.356318567879498,0.9338734783232212,0.29127481020987034,0.6990579273551702,0.7193531952798367,0.6256949342787266,0.9355008602142334,0.3671737611293793,0.8356090784072876,,,,,,,,,,,,,,,
7b_gsm8k_gentle,7b,gsm8k,1e-05,123,101,4,3,30,0,0.35574459098279476,0.9339064992964268,0.2918701749294996,0.6976543702185154,0.7197617553174496,0.627824105322361,0.9347742795944214,0.36776259541511536,0.8396305441856384,0.35574459098279476,0.9339064992964268,0.2918701749294996,0.6976543702185154,0.7197617553174496,0.627824105322361,0.9347742795944214,0.36776259541511536,0.8396305441856384,,,,,,,,,,,,,,,
7b_gsm8k_gentle,7b,gsm8k,1e-05,123,101,5,4,30,0,0.35336367040872574,0.9346167109906673,0.29285223316401243,0.6942072976380587,0.7226441353559494,0.6320280153304338,0.9332891702651978,0.36909210681915283,0.8480968475341797,0.35336367040872574,0.9346167109906673,0.29285223316401243,0.6942072976380587,0.7226441353559494,0.6320280153304338,0.9332891702651978,0.36909210681915283,0.8480968475341797,,,,,,,,,,,,,,,
7b_gsm8k_gentle,7b,gsm8k,1e-05,123,101,6,5,30,0,0.35279125813394785,0.9347293004393578,0.29425877146422863,0.6910688430070877,0.7245309203863144,0.6357652079313993,0.9319231510162354,0.3704037666320801,0.8565587401390076,0.35279125813394785,0.9347293004393578,0.29425877146422863,0.6910688430070877,0.7245309203863144,0.6357652079313993,0.9319231510162354,0.3704037666320801,0.8565587401390076,,,,,,,,,,,,,,,
7b_gsm8k_gentle,7b,gsm8k,1e-05,123,101,7,6,30,0,0.3495363453403115,0.9358532875776291,0.29243357852101326,0.6888068653643131,0.7262966670095921,0.6345759853720665,0.9312849044799805,0.3714847266674042,0.8585343956947327,0.3495363453403115,0.9358532875776291,0.29243357852101326,0.6888068653643131,0.7262966670095921,0.6345759853720665,0.9312849044799805,0.3714847266674042,0.8585343956947327,,,,,,,,,,,,,,,
7b_gsm8k_gentle,7b,gsm8k,1e-05,123,101,8,7,30,0,0.348677072674036,0.9359658174216747,0.2929388601332903,0.6850898079574108,0.7286273837089539,0.6346811670809984,0.9271218776702881,0.3804032504558563,0.8618407249450684,0.348677072674036,0.9359658174216747,0.2929388601332903,0.6850898079574108,0.7286273837089539,0.6346811670809984,0.9271218776702881,0.3804032504558563,0.8618407249450684,0.28455646176423344,0.95608303802354,0.23329889242138183,0.586888852928366,0.8112252184322902,0.5776866301894188,0.9531059265136719,0.31633031368255615,0.8610416054725647,0.9516029357910156,0.31932541728019714,0.8649019598960876,0.9919514656066895,0.1286602020263672,1.0147826671600342
7b_gsm8k_gentle,7b,gsm8k,1e-05,123,101,9,8,30,0,0.3475110288709402,0.9363070502877235,0.29511098749935627,0.6838145852088928,0.7295985296368599,0.6409832071512938,0.9267057776451111,0.379878968000412,0.871102511882782,0.3475110288709402,0.9363070502877235,0.29511098749935627,0.6838145852088928,0.7295985296368599,0.6409832071512938,0.9267057776451111,0.379878968000412,0.871102511882782,,,,,,,,,,,,,,,
7b_gsm8k_gentle,7b,gsm8k,1e-05,123,101,10,9,30,0,0.3453241363167763,0.9367287196218967,0.2956831231713295,0.6791266910731792,0.732367817312479,0.642859349027276,0.9239046573638916,0.3851432204246521,0.8799155354499817,0.3453241363167763,0.9367287196218967,0.2956831231713295,0.6791266910731792,0.732367817312479,0.642859349027276,0.9239046573638916,0.3851432204246521,0.8799155354499817,,,,,,,,,,,,,,,
7b_gsm8k_gentle,7b,gsm8k,1e-05,123,101,11,10,30,9,0.3439644370228052,0.9370603077113628,0.29602936934679747,0.6764864586293697,0.7342210710048676,0.6461555734276772,0.9225258827209473,0.3876785635948181,0.8858020305633545,0.342453476972878,0.9373598732054234,0.30301592126488686,0.6767181269824505,0.7374458014965057,0.6794980671256781,0.933415949344635,0.3588162660598755,0.9372147917747498,,,,,,,,,,,,,,,
7b_gsm8k_gentle,7b,gsm8k,1e-05,123,101,12,11,30,2,0.3379097040742636,0.9388877414166927,0.3042496731504798,0.6710334327071905,0.7426452338695526,0.6840154509991407,0.9293419122695923,0.3697027266025543,0.9482243061065674,0.34078950714319944,0.9379884414374828,0.2979456400498748,0.6712410412728786,0.7421729639172554,0.6588036585599184,0.9356632232666016,0.35382312536239624,0.9100431799888611,,,,,,,,,,,,,,,
7b_gsm8k_gentle,7b,gsm8k,1e-05,123,101,13,12,30,0,0.3371801879256964,0.9389397948980331,0.29848821368068457,0.6643733102828264,0.7465161681175232,0.6611259486526251,0.9325388669967651,0.3612021207809448,0.9227562546730042,0.3371801879256964,0.9389397948980331,0.29848821368068457,0.6643733102828264,0.7465161681175232,0.6611259486526251,0.9325388669967651,0.3612021207809448,0.9227562546730042,,,,,,,,,,,,,,,
7b_gsm8k_gentle,7b,gsm8k,1e-05,123,101,14,13,30,0,0.33535346388816833,0.9394369013607502,0.2987107364460826,0.6613503582775593,0.7491750568151474,0.6633950565010309,0.930868923664093,0.36536312103271484,0.9281688332557678,0.33535346388816833,0.9394369013607502,0.2987107364460826,0.6613503582775593,0.7491750568151474,0.6633950565010309,0.930868923664093,0.36536312103271484,0.9281688332557678,,,,,,,,,,,,,,,
7b_gsm8k_gentle,7b,gsm8k,1e-05,123,101,15,14,30,0,0.3326303353533149,0.9402379021048546,0.29764584451913834,0.6540886480361223,0.7533170394599438,0.6589816585183144,0.9270792007446289,0.3749031126499176,0.9323855638504028,0.3326303353533149,0.9402379021048546,0.29764584451913834,0.6540886480361223,0.7533170394599438,0.6589816585183144,0.9270792007446289,0.3749031126499176,0.9323855638504028,,,,,,,,,,,,,,,
7b_gsm8k_gentle,7b,gsm8k,1e-05,123,101,16,15,30,3,0.33163824724033475,0.9404354579746723,0.2988653164356947,0.6531995972618461,0.7529830150306225,0.6621473096311092,0.9258130788803101,0.3781694173812866,0.9377285242080688,0.333931780885905,0.9395755752921104,0.3002967331558466,0.6534093655645847,0.7528890557587147,0.6115395836532116,0.914740800857544,0.4082455039024353,0.8563015460968018,0.27355440779189977,0.9570101456982749,0.26240433380007744,0.582596856834633,0.8095256068876812,0.5885385732565608,0.9334052801132202,0.361041396856308,0.8934520483016968,0.9407439827919006,0.3417118787765503,0.8987175822257996,0.9958168268203735,0.09169728308916092,1.0035468339920044
7b_gsm8k_gentle,7b,gsm8k,1e-05,123,101,17,16,30,0,0.3278392255306244,0.9412608332931995,0.3012754274532199,0.6434992775321007,0.7586964070796967,0.6155291236937046,0.9035200476646423,0.43000712990760803,0.8680995106697083,0.3278392255306244,0.9412608332931995,0.3012754274532199,0.6434992775321007,0.7586964070796967,0.6155291236937046,0.9035200476646423,0.43000712990760803,0.8680995106697083,,,,,,,,,,,,,,,
7b_gsm8k_gentle,7b,gsm8k,1e-05,123,101,18,17,30,2,0.32501749135553837,0.9418852552771568,0.30147013161331415,0.6381338657811284,0.7616537250578403,0.6163569483906031,0.8995082378387451,0.43750280141830444,0.8766195774078369,0.3269779025577009,0.9414701275527477,0.2939066020771861,0.6391355013474822,0.7631474323570728,0.5970363635569811,0.9068018198013306,0.42582833766937256,0.846640944480896,,,,,,,,,,,,,,,
7b_gsm8k_gentle,7b,gsm8k,1e-05,123,101,19,18,30,0,0.32260838337242603,0.9428060576319695,0.2947270842269063,0.6320976475253701,0.767637625336647,0.5995727498084307,0.8989324569702148,0.44010046124458313,0.8568857312202454,0.32260838337242603,0.9428060576319695,0.2947270842269063,0.6320976475253701,0.767637625336647,0.5995727498084307,0.8989324569702148,0.44010046124458313,0.8568857312202454,,,,,,,,,,,,,,,
7b_gsm8k_gentle,7b,gsm8k,1e-05,123,101,20,19,30,0,0.31931449472904205,0.9438722655177116,0.2941512567922473,0.6261988966725767,0.7711092233657837,0.5988945811986923,0.8955769538879395,0.44616708159446716,0.8620632290840149,0.31931449472904205,0.9438722655177116,0.2941512567922473,0.6261988966725767,0.7711092233657837,0.5988945811986923,0.8955769538879395,0.44616708159446716,0.8620632290840149,,,,,,,,,,,,,,,
7b_gsm8k_gentle,7b,gsm8k,1e-05,123,101,21,20,30,0,0.3124226205982268,0.9455505758523941,0.2928385492414236,0.6121309464797378,0.7786499969661236,0.5943032670766115,0.8762316703796387,0.482043594121933,0.8640636801719666,0.3124226205982268,0.9455505758523941,0.2928385492414236,0.6121309464797378,0.7786499969661236,0.5943032670766115,0.8762316703796387,0.482043594121933,0.8640636801719666,,,,,,,,,,,,,,,
7b_gsm8k_gentle,7b,gsm8k,1e-05,123,101,22,21,30,0,0.3073845193721354,0.9471793361008167,0.29269076976925135,0.6069248341955245,0.7827138788998127,0.5965487621724606,0.8720705509185791,0.48938316106796265,0.870376706123352,0.3073845193721354,0.9471793361008167,0.29269076976925135,0.6069248341955245,0.7827138788998127,0.5965487621724606,0.8720705509185791,0.48938316106796265,0.870376706123352,,,,,,,,,,,,,,,
7b_gsm8k_gentle,7b,gsm8k,1e-05,123,101,23,22,30,4,0.30509408144280314,0.9476042166352272,0.29317456390708685,0.6016314208973199,0.7846884652972221,0.5992902889847755,0.8630253076553345,0.5053775310516357,0.877825915813446,0.30542806652374566,0.9481056034564972,0.29704092629253864,0.6055017169564962,0.7865366563200951,0.6000337190926075,0.8971866965293884,0.44229158759117126,0.8734006285667419,,,,,,,,,,,,,,,
7b_gsm8k_gentle,7b,gsm8k,1e-05,123,101,24,23,30,0,0.29972864920273423,0.9494714550673962,0.29681337531656027,0.5966324182227254,0.7908424325287342,0.598306942731142,0.8821547031402588,0.4709852933883667,0.877253532409668,0.29972864920273423,0.9494714550673962,0.29681337531656027,0.5966324182227254,0.7908424325287342,0.598306942731142,0.8821547031402588,0.4709852933883667,0.877253532409668,,,,,,,,,,,,,,,
7b_gsm8k_gentle,7b,gsm8k,1e-05,123,101,25,24,30,0,0.29677019373048097,0.9503702744841576,0.29720812011510134,0.5897980220615864,0.7961963675916195,0.5992035046219826,0.8753519058227539,0.4835197329521179,0.8810256123542786,0.29677019373048097,0.9503702744841576,0.29720812011510134,0.5897980220615864,0.7961963675916195,0.5992035046219826,0.8753519058227539,0.4835197329521179,0.8810256123542786,,,,,,,,,,,,,,,
7b_gsm8k_gentle,7b,gsm8k,1e-05,123,101,26,25,30,0,0.2933907499536872,0.9514038860797882,0.29799460899084806,0.5843829228542745,0.8002066686749458,0.6018660292029381,0.8670412302017212,0.49857208132743835,0.8853333592414856,0.2933907499536872,0.9514038860797882,0.29799460899084806,0.5843829228542745,0.8002066686749458,0.6018660292029381,0.8670412302017212,0.49857208132743835,0.8853333592414856,,,,,,,,,,,,,,,
7b_gsm8k_gentle,7b,gsm8k,1e-05,123,101,27,26,30,0,0.288148122606799,0.9529184214770794,0.29640212655067444,0.5769012188538909,0.804512832313776,0.6003558412194252,0.8559266924858093,0.5180587768554688,0.8874779343605042,0.288148122606799,0.9529184214770794,0.29640212655067444,0.5769012188538909,0.804512832313776,0.6003558412194252,0.8559266924858093,0.5180587768554688,0.8874779343605042,,,,,,,,,,,,,,,
7b_gsm8k_gentle,7b,gsm8k,1e-05,123,101,28,27,30,3,0.2837012507370673,0.9540851265192032,0.297808681614697,0.5695596747100353,0.8088597506284714,0.6040045283734798,0.841834306716919,0.5422813892364502,0.894314706325531,0.28581101016607136,0.953441921621561,0.29771588928997517,0.5790128698572516,0.8035118915140629,0.5949299465864897,0.8539443016052246,0.521324872970581,0.8855737447738647,,,,,,,,,,,,,,,
7b_gsm8k_gentle,7b,gsm8k,1e-05,123,101,29,28,30,0,0.28266983944922686,0.954462043941021,0.29755864944308996,0.5736093646846712,0.8074939362704754,0.59506406635046,0.8482377529144287,0.5312414169311523,0.8897656202316284,0.28266983944922686,0.954462043941021,0.29755864944308996,0.5736093646846712,0.8074939362704754,0.59506406635046,0.8482377529144287,0.5312414169311523,0.8897656202316284,,,,,,,,,,,,,,,
7b_gsm8k_gentle,7b,gsm8k,1e-05,123,101,30,29,30,0,0.27625586127396673,0.9563109613955021,0.2975228065624833,0.5624654171988368,0.8157156780362129,0.59629169665277,0.8340809345245361,0.5546995997428894,0.8922414779663086,0.27625586127396673,0.9563109613955021,0.2975228065624833,0.5624654171988368,0.8157156780362129,0.59629169665277,0.8340809345245361,0.5546995997428894,0.8922414779663086,,,,,,,,,,,,,,,
7b_gsm8k_gentle,7b,gsm8k,1e-05,123,101,31,30,30,2,0.2720974762341939,0.9574026837944984,0.2958773337304592,0.5583966244012117,0.8181119449436665,0.5954208616167307,0.8239117860794067,0.5707197785377502,0.8913782238960266,0.27145315264351666,0.9571730047464371,0.2876875000074506,0.5548034235835075,0.8179396241903305,0.521222161129117,0.7913148403167725,0.6116014719009399,0.7759677171707153,,,,,,,,,,,,,,,
7b_gsm8k_gentle,7b,gsm8k,1e-05,123,101,32,31,30,0,0.26844744535628706,0.95810292288661,0.2880643205717206,0.549631339032203,0.8212573751807213,0.5241908896714449,0.7825376987457275,0.6226090788841248,0.7798124551773071,0.26844744535628706,0.95810292288661,0.2880643205717206,0.549631339032203,0.8212573751807213,0.5241908896714449,0.7825376987457275,0.6226090788841248,0.7798124551773071,0.2171468651920025,0.974845249738012,0.21952989005616733,0.4776587612993483,0.8718780513320651,0.4743825564427035,0.8807359933853149,0.4762321710586548,0.8308068513870239,0.8828107118606567,0.4745568037033081,0.8152916431427002,0.9949795007705688,0.10020343959331512,0.9999614357948303
7b_math,7b,math,0.0003,123,101,1,0,30,0,0.007210437950561754,0.9999900572001934,0.012300053465878591,0.1328121394617483,0.9889802038669586,0.09596611489541829,0.3102613091468811,0.9513761401176453,0.2731321156024933,0.007210437950561754,0.9999900572001934,0.012300053465878591,0.1328121394617483,0.9889802038669586,0.09596611489541829,0.3102613091468811,0.9513761401176453,0.2731321156024933,0.005888862765069851,0.9999891093799046,0.010913691940783923,0.12294905942066439,0.9921308308839798,0.0934194094900574,0.2898785173892975,0.9572760462760925,0.3100542426109314,0.33300137519836426,0.9430028796195984,0.3209887742996216,0.18241015076637268,1.2746976613998413,0.9936608076095581
7b_math,7b,math,0.0003,123,101,2,1,30,2,0.004604465997545049,0.9999982640147209,0.011344968545017764,0.0794491870328784,0.9939458407461643,0.09330710768699646,0.07696349918842316,1.0141535997390747,0.26251882314682007,0.004835571278817952,1.000002909451723,0.011647889070445672,0.0868278305279091,0.9931715242564678,0.09076785505749285,0.12877079844474792,1.0001436471939087,0.2586525082588196,0.0009719227392841796,1.0000951566866465,0.011039160117174365,0.027573273084791645,1.0010829674346107,0.08476724389142223,-0.04389718919992447,1.0268490314483643,0.19347567856311798,-0.015618441626429558,1.0251020193099976,0.21038615703582764,0.31568700075149536,1.2635319232940674,1.1500556468963623
7b_math,7b,math,0.0003,123,101,3,2,30,0,0.002506025337424944,1.0000253953039646,0.011037750460673124,0.05093079130165279,0.9964426457881927,0.08643005462363362,-0.028031960129737854,1.032748818397522,0.23149794340133667,0.002506025337424944,1.0000253953039646,0.011037750460673124,0.05093079130165279,0.9964426457881927,0.08643005462363362,-0.028031960129737854,1.032748818397522,0.23149794340133667,,,,,,,,,,,,,,,
7b_math,7b,math,0.0003,123,101,4,3,30,7,0.00024203120119636878,1.0000606514513493,0.011518757994053885,0.018561570410383865,0.9993743635714054,0.08051877957768738,-0.15001128613948822,1.0465422868728638,0.19314196705818176,0.001032204458169872,1.0000878721475601,0.012718690588371828,0.04790714191040024,1.0004956237971783,0.08396104536950588,0.10349073261022568,0.9993778467178345,0.2007862627506256,,,,,,,,,,,,,,,
7b_math,7b,math,0.0003,123,101,5,4,30,2,0.0010269813865306787,1.000068511813879,0.01141890519647859,0.04518049507169053,1.0003927797079086,0.07885107211768627,0.09225749969482422,0.9994357228279114,0.17818205058574677,0.00044130167952971533,1.0000746808946133,0.011653758643660694,0.04154319557710551,1.0002416223287582,0.07799566071480513,0.03568567335605621,1.007826328277588,0.16602137684822083,,,,,,,,,,,,,,,
7b_math,7b,math,0.0003,123,101,6,5,30,0,0.0001994424674194306,1.0000933222472668,0.012217411713209003,0.03376582315831911,1.0009098649024963,0.07813142077066004,0.014961332082748413,1.0110570192337036,0.1648288518190384,0.0001994424674194306,1.0000933222472668,0.012217411713209003,0.03376582315831911,1.0009098649024963,0.07813142077066004,0.014961332082748413,1.0110570192337036,0.1648288518190384,,,,,,,,,,,,,,,
7b_math,7b,math,0.0003,123,101,7,6,30,0,-9.982651135942433e-06,1.000072579830885,0.011136504443129525,0.030533892480889335,1.001444075256586,0.08020167937502265,-0.0026200134307146072,1.0146204233169556,0.16902345418930054,-9.982651135942433e-06,1.000072579830885,0.011136504443129525,0.030533892480889335,1.001444075256586,0.08020167937502265,-0.0026200134307146072,1.0146204233169556,0.16902345418930054,,,,,,,,,,,,,,,
7b_math,7b,math,0.0003,123,101,8,7,30,1,0.00011056709627155215,1.0001169927418232,0.01335559826111421,0.028268014633795246,1.0019838437438011,0.08304310031235218,-0.016452349722385406,1.017926812171936,0.17445485293865204,-0.0001266221697733272,1.0001266114413738,0.0132221759413369,0.02514344285009429,1.001916978508234,0.08001779136247933,-0.04167298600077629,1.020671010017395,0.1669076681137085,0.001985280590036252,1.0000192373991013,0.010404594209311264,0.05439964194582509,0.997447037271091,0.0677601263991424,0.05052310228347778,1.0014928579330444,0.12495794892311096,0.04872988909482956,1.0028810501098633,0.1389792561531067,0.7008953094482422,0.8623917698860168,1.185636043548584
7b_math,7b,math,0.0003,123,101,9,8,30,2,0.0002193305754190078,1.0000765919685364,0.011613918148213997,0.022525848471559584,1.0024048127233982,0.08206752710975707,-0.05413205176591873,1.0244262218475342,0.17473310232162476,0.0004971435773768462,1.0000668168067932,0.011032657028408721,0.027025785122532398,1.001543253660202,0.07478062296286225,-0.03652369976043701,1.0191123485565186,0.16328611969947815,,,,,,,,,,,,,,,
7b_math,7b,math,0.0003,123,101,10,9,30,1,6.0509990362334065e-05,1.0000754818320274,0.011423363379435614,0.018943495786515996,1.0023928545415401,0.07857862417586148,-0.05877774953842163,1.0257102251052856,0.17688395082950592,-0.00017024031149048824,1.00007264316082,0.011076147377025336,0.01899371713079745,1.0021787099540234,0.07605336513370275,-0.06583084166049957,1.025457501411438,0.17059428989887238,,,,,,,,,,,,,,,
7b_math,7b,math,0.0003,123,101,11,10,30,1,-0.0003879893793055089,1.0000806078314781,0.01165630915784277,0.011374267312930897,1.0032808482646942,0.08158262190409005,-0.08600416779518127,1.0327457189559937,0.18595245480537415,3.0303519451990724e-05,1.000114906579256,0.013252202537842095,0.012728536617942154,1.003157950937748,0.08171179424971342,-0.08211461454629898,1.0321638584136963,0.18640907108783722,,,,,,,,,,,,,,,
7b_math,7b,math,0.0003,123,101,12,11,30,1,-0.0009673202148405835,1.0000972971320152,0.012122027575969696,0.005887303457711823,1.004141703248024,0.08693229453638196,-0.09779363870620728,1.0384249687194824,0.19866876304149628,-0.0007566656586277531,1.0000989437103271,0.012393757322570309,0.007014876464381814,1.0038981437683105,0.08597559412010014,-0.08885930478572845,1.0362650156021118,0.1970447152853012,,,,,,,,,,,,,,,
7b_math,7b,math,0.0003,123,101,13,12,30,2,-0.001080588684999384,1.000117003917694,0.013253353798063472,-0.0012796877053915523,1.0047843977808952,0.0892055060248822,-0.11473613977432251,1.0449881553649902,0.20955468714237213,-0.0007733248694421491,1.0000756159424782,0.010946097318083048,0.007103067939169705,1.003388687968254,0.08597058453597128,-0.09570010751485825,1.0390888452529907,0.20240060985088348,,,,,,,,,,,,,,,
7b_math,7b,math,0.0003,123,101,14,13,30,0,-0.0013035831470915582,1.000103935599327,0.012106997659429908,-0.005958455323707312,1.0048349164426327,0.08759543835185468,-0.12421698868274689,1.0453599691390991,0.2047317922115326,-0.0013035831470915582,1.000103935599327,0.012106997659429908,-0.005958455323707312,1.0048349164426327,0.08759543835185468,-0.12421698868274689,1.0453599691390991,0.2047317922115326,,,,,,,,,,,,,,,
7b_math,7b,math,0.0003,123,101,15,14,30,1,-0.0020007486655231332,1.0000781640410423,0.010349659365601838,-0.013596228294773027,1.0052039101719856,0.08517107157967985,-0.14781925082206726,1.048337697982788,0.19983316957950592,-0.001429537936928682,1.0000667721033096,0.010099847975652665,-0.004710147564765066,1.0042344853281975,0.0847722040489316,-0.1314244419336319,1.0443918704986572,0.1972498744726181,,,,,,,,,,,,,,,
7b_math,7b,math,0.0003,123,101,16,15,30,13,-0.001787684243026888,1.0000823140144348,0.010710444941651076,-0.016364343173336238,1.0052402056753635,0.08338176389224827,-0.14810875058174133,1.046808123588562,0.19502897560596466,0.0012305607615417102,1.0000494234263897,0.011058913660235703,0.026830857968889177,1.0008965283632278,0.08056092727929354,-0.009192717261612415,1.0199474096298218,0.19174824655056,0.0010997864592354745,1.0000374104295457,0.010119689811420227,0.0227351012872532,1.0022021042449134,0.07876580594373601,0.007225787732750177,1.0257353782653809,0.23566661775112152,0.04720674455165863,1.017532467842102,0.24111583828926086,0.7329409718513489,0.7681546807289124,1.0896819829940796
7b_math,7b,math,0.0003,123,101,17,16,30,0,0.0011121025654574623,1.000050950795412,0.011233208933845162,0.02347011145320721,1.0012881308794022,0.07771690702065825,-0.022082000970840454,1.0205070972442627,0.18266727030277252,0.0011121025654574623,1.000050950795412,0.011233208933845162,0.02347011145320721,1.0012881308794022,0.07771690702065825,-0.022082000970840454,1.0205070972442627,0.18266727030277252,,,,,,,,,,,,,,,
7b_math,7b,math,0.0003,123,101,18,17,30,0,0.0008817425623419695,1.0000835470855236,0.012665444693993777,0.012899845838546753,1.0028734505176544,0.08230349165387452,-0.024244407191872597,1.022075891494751,0.1884220391511917,0.0008817425623419695,1.0000835470855236,0.012665444693993777,0.012899845838546753,1.0028734505176544,0.08230349165387452,-0.024244407191872597,1.022075891494751,0.1884220391511917,,,,,,,,,,,,,,,
7b_math,7b,math,0.0003,123,101,19,18,30,9,0.00031576808942190837,1.0000718459486961,0.011459373316029087,0.005920109470025636,1.0041929483413696,0.08363644988276064,-0.03762359917163849,1.0265434980392456,0.19733811914920807,0.0017775994656403782,1.0000733956694603,0.013244333735201508,0.023615460318978876,1.0021947287023067,0.09391379961743951,0.010300753638148308,1.022160530090332,0.2222396284341812,,,,,,,,,,,,,,,
7b_math,7b,math,0.0003,123,101,20,19,30,0,0.0009973565247491933,1.0000551976263523,0.01171197954681702,0.004764769575558603,1.0036306753754616,0.09016516478732228,-0.025279218330979347,1.02810800075531,0.21481455862522125,0.0009973565247491933,1.0000551976263523,0.01171197954681702,0.004764769575558603,1.0036306753754616,0.09016516478732228,-0.025279218330979347,1.02810800075531,0.21481455862522125,,,,,,,,,,,,,,,
7b_math,7b,math,0.0003,123,101,21,20,30,0,5.8569235989125445e-05,1.0000709667801857,0.01185402346891351,-0.013613552888273261,1.0054923966526985,0.08927613322157413,-0.06672793626785278,1.035652995109558,0.21081480383872986,5.8569235989125445e-05,1.0000709667801857,0.01185402346891351,-0.013613552888273261,1.0054923966526985,0.08927613322157413,-0.06672793626785278,1.035652995109558,0.21081480383872986,,,,,,,,,,,,,,,
7b_math,7b,math,0.0003,123,101,22,21,30,4,-0.0003635298016888555,1.0000688210129738,0.01134569404530339,-0.020998703024815768,1.0068319737911224,0.09066082898061723,-0.09148100018501282,1.0415071249008179,0.21365144848823547,0.0005645683813781943,1.0000635348260403,0.011284669279120862,0.011929361877264455,1.0052312202751637,0.09525438328273594,0.00894055888056755,1.0242263078689575,0.2305697798728943,,,,,,,,,,,,,,,
7b_math,7b,math,0.0003,123,101,23,22,30,0,0.00015258392795658438,1.0000647529959679,0.011039748089388013,0.009283960971515626,1.006358116865158,0.09833389066625386,0.003444455564022064,1.026789665222168,0.23648692667484283,0.00015258392795658438,1.0000647529959679,0.011039748089388013,0.009283960971515626,1.006358116865158,0.09833389066625386,0.003444455564022064,1.026789665222168,0.23648692667484283,,,,,,,,,,,,,,,
7b_math,7b,math,0.0003,123,101,24,23,30,22,0.000146487211168278,1.0000579431653023,0.010640106105711311,0.0078033998142927885,1.0063387006521225,0.09707820625044405,-0.0033050384372472763,1.0274300575256348,0.23254097998142242,0.005924549917835975,0.999997366219759,0.010881548834731802,0.07221029920037836,0.9999651350080967,0.10492296190932393,0.18373948335647583,0.9841082692146301,0.23095402121543884,,,,,,,,,,,,,,,
7b_math,7b,math,0.0003,123,101,25,24,30,13,0.005945502540271264,0.999997965991497,0.010659580089850351,0.07476831681560725,0.9995848536491394,0.10334653733298182,0.1818472146987915,0.9844219088554382,0.22826696932315826,0.0052927844917576294,0.9999910369515419,0.008625023678177968,0.08724038861691952,0.9973391816020012,0.06753230828326195,0.19480451941490173,0.9822156429290771,0.1428784430027008,,,,,,,,,,,,,,,
7b_math,7b,math,0.0003,123,101,26,25,30,5,0.005265238225547364,1.0000007897615433,0.009234819590346888,0.09255988069344312,0.9970502220094204,0.06926621100865304,0.19950591027736664,0.9813817739486694,0.14553622901439667,0.0049316132863168605,1.0000063851475716,0.009520040970528498,0.09828590787947178,0.9973384775221348,0.08736182760912925,0.22750326991081238,0.9745745658874512,0.18809176981449127,,,,,,,,,,,,,,,
7b_math,7b,math,0.0003,123,101,27,26,30,0,0.004848287371714832,1.0000013001263142,0.009330278175184503,0.09604704682715237,0.9975747652351856,0.08865803515072912,0.21982958912849426,0.9759605526924133,0.19112151861190796,0.004848287371714832,1.0000013001263142,0.009330278175184503,0.09604704682715237,0.9975747652351856,0.08865803515072912,0.21982958912849426,0.9759605526924133,0.19112151861190796,,,,,,,,,,,,,,,
7b_math,7b,math,0.0003,123,101,28,27,30,3,0.004378402352813282,1.0000041089951992,0.009300447563873604,0.08956271898932755,0.9982271902263165,0.09039789985399693,0.20254406332969666,0.9793087840080261,0.194184347987175,0.005162884861420025,0.9999998696148396,0.009804396249819547,0.0964843574911356,0.9977490529417992,0.099764886777848,0.21350036561489105,0.9769456386566162,0.21576853096485138,,,,,,,,,,,,,,,
7b_math,7b,math,0.0003,123,101,29,28,30,0,0.004369065965875052,1.0000133961439133,0.01007014187052846,0.08520873659290373,0.9988373853266239,0.10013285162858665,0.19083952903747559,0.9818645715713501,0.21269623935222626,0.004369065965875052,1.0000133961439133,0.01007014187052846,0.08520873659290373,0.9988373853266239,0.10013285162858665,0.19083952903747559,0.9818645715713501,0.21269623935222626,,,,,,,,,,,,,,,
7b_math,7b,math,0.0003,123,101,30,29,30,0,0.003841159521471127,1.000017412006855,0.01003018394112587,0.07433733413927257,0.999608937650919,0.09850565390661359,0.16790354251861572,0.9866594672203064,0.20899419486522675,0.003841159521471127,1.000017412006855,0.01003018394112587,0.07433733413927257,0.999608937650919,0.09850565390661359,0.16790354251861572,0.9866594672203064,0.20899419486522675,,,,,,,,,,,,,,,
7b_math,7b,math,0.0003,123,101,31,30,30,0,0.003456411333900178,1.0000166669487953,0.010477891948539764,0.06074718292802572,1.000564780086279,0.09793993225321174,0.1384158432483673,0.9925293922424316,0.20378804206848145,0.003456411333900178,1.0000166669487953,0.010477891948539764,0.06074718292802572,1.000564780086279,0.09793993225321174,0.1384158432483673,0.9925293922424316,0.20378804206848145,,,,,,,,,,,,,,,
7b_math,7b,math,0.0003,123,101,32,31,30,18,0.0026668313148547895,1.000035084784031,0.01070209383033216,0.04881972965085879,1.0021694600582123,0.10040764114819467,0.11277870833873749,0.9976685643196106,0.2025652825832367,0.003933744665118866,1.0000199265778065,0.010288915917044505,0.0595509500708431,1.0008650906383991,0.08911776239983737,0.13333098590373993,0.9930295944213867,0.19566060602664948,0.002941699997921075,1.0000203890459878,0.009906833093347294,0.049857807536942085,1.0000265049082893,0.08218577457591891,0.14617782831192017,0.9918269515037537,0.2175121307373047,0.1868036836385727,0.9834918975830078,0.23319241404533386,0.8353525400161743,0.5876058340072632,1.042944312095642
7b_math_gentle,7b,math,3e-06,123,101,1,0,30,0,0.34439799888059497,0.9335321858525276,0.30879599787294865,0.6718264035880566,0.7320462539792061,0.6118792593479156,0.9580566883087158,0.3096742033958435,0.8407079577445984,0.34439799888059497,0.9335321858525276,0.30879599787294865,0.6718264035880566,0.7320462539792061,0.6118792593479156,0.9580566883087158,0.3096742033958435,0.8407079577445984,0.31303199540291515,0.9469059024538312,0.2986366046326501,0.6710518406970161,0.7699098757335118,0.7121275163122586,0.9667560458183289,0.25588831305503845,0.9569563865661621,0.970413088798523,0.2414504438638687,0.9702178835868835,0.8594352602958679,0.5302134156227112,0.9999885559082031
7b_math_gentle,7b,math,3e-06,123,101,2,1,30,0,0.3429803866893053,0.9341587573289871,0.3093779403716326,0.6712203957140446,0.7326244153082371,0.6149064283818007,0.9578986763954163,0.3086562156677246,0.8445916175842285,0.3429803866893053,0.9341587573289871,0.3093779403716326,0.6712203957140446,0.7326244153082371,0.6149064283818007,0.9578986763954163,0.3086562156677246,0.8445916175842285,0.31732701723064693,0.9441573662417275,0.30207833807383266,0.6411779682551112,0.7849999261753899,0.6774251503603799,0.9570214152336121,0.2908056080341339,0.9356278777122498,0.9585422873497009,0.2849732041358948,0.9621912837028503,0.9523844718933105,0.31607213616371155,1.0356780290603638
7b_math_gentle,7b,math,3e-06,123,101,3,2,30,0,0.3432858223095536,0.9339374899864197,0.3102578315883875,0.6713729295879602,0.7319743745028973,0.6168017946183681,0.9581001996994019,0.30674996972084045,0.8483211398124695,0.3432858223095536,0.9339374899864197,0.3102578315883875,0.6713729295879602,0.7319743745028973,0.6168017946183681,0.9581001996994019,0.30674996972084045,0.8483211398124695,,,,,,,,,,,,,,,
7b_math_gentle,7b,math,3e-06,123,101,4,3,30,0,0.3434180817566812,0.9338468760251999,0.30929893255233765,0.6715998072177172,0.7318646907806396,0.6154739931225777,0.9580464363098145,0.30782654881477356,0.8457515239715576,0.3434180817566812,0.9338468760251999,0.30929893255233765,0.6715998072177172,0.7318646907806396,0.6154739931225777,0.9580464363098145,0.30782654881477356,0.8457515239715576,,,,,,,,,,,,,,,
7b_math_gentle,7b,math,3e-06,123,101,5,4,30,0,0.34120465302839875,0.9346244856715202,0.30997846741229296,0.6684741135686636,0.734320767223835,0.6189163979142904,0.9574903845787048,0.3056164085865021,0.8565480709075928,0.34120465302839875,0.9346244856715202,0.30997846741229296,0.6684741135686636,0.734320767223835,0.6189163979142904,0.9574903845787048,0.3056164085865021,0.8565480709075928,,,,,,,,,,,,,,,
7b_math_gentle,7b,math,3e-06,123,101,6,5,30,0,0.3414667658507824,0.9346877336502075,0.31086886767297983,0.669550497084856,0.734154935926199,0.62151756323874,0.9578685760498047,0.304507851600647,0.8566886782646179,0.3414667658507824,0.9346877336502075,0.31086886767297983,0.669550497084856,0.734154935926199,0.62151756323874,0.9578685760498047,0.304507851600647,0.8566886782646179,,,,,,,,,,,,,,,
7b_math_gentle,7b,math,3e-06,123,101,7,6,30,0,0.3416898539289832,0.934379268437624,0.3110828706994653,0.6688673049211502,0.7335362285375595,0.6221573371440172,0.9580645561218262,0.30222082138061523,0.8620179295539856,0.3416898539289832,0.934379268437624,0.3110828706994653,0.6688673049211502,0.7335362285375595,0.6221573371440172,0.9580645561218262,0.30222082138061523,0.8620179295539856,,,,,,,,,,,,,,,
7b_math_gentle,7b,math,3e-06,123,101,8,7,30,0,0.3400991545058787,0.9352185688912868,0.31035276781767607,0.6673919465392828,0.7358767054975033,0.6234648153185844,0.957979679107666,0.30236726999282837,0.8623179793357849,0.3400991545058787,0.9352185688912868,0.31035276781767607,0.6673919465392828,0.7358767054975033,0.6234648153185844,0.957979679107666,0.30236726999282837,0.8623179793357849,0.3142825508756297,0.9438652374914714,0.30021962337195873,0.6483525702995914,0.7574551765407834,0.6719097803745951,0.9685298204421997,0.24892523884773254,0.9648314118385315,0.9752035140991211,0.22192677855491638,0.9586731195449829,0.9942463040351868,0.10856644064188004,1.0119197368621826
7b_math_gentle,7b,math,3e-06,123,101,9,8,30,0,0.340381171554327,0.9348722733557224,0.3116433322429657,0.6670783143490553,0.7357392646372318,0.6256934944540262,0.9575181007385254,0.30220267176628113,0.8671445846557617,0.340381171554327,0.9348722733557224,0.3116433322429657,0.6670783143490553,0.7357392646372318,0.6256934944540262,0.9575181007385254,0.30220267176628113,0.8671445846557617,,,,,,,,,,,,,,,
7b_math_gentle,7b,math,3e-06,123,101,10,9,30,0,0.33973292633891106,0.935168981552124,0.3121097097173333,0.6671803910285234,0.7355006001889706,0.6271399669349194,0.9574365615844727,0.30170032382011414,0.8696421980857849,0.33973292633891106,0.935168981552124,0.3121097097173333,0.6671803910285234,0.7355006001889706,0.6271399669349194,0.9574365615844727,0.30170032382011414,0.8696421980857849,,,,,,,,,,,,,,,
7b_math_gentle,7b,math,3e-06,123,101,11,10,30,0,0.3413300337269902,0.9345316886901855,0.3138093650341034,0.6681288871914148,0.7345781549811363,0.6298504006117582,0.9579755067825317,0.2992348372936249,0.8727779984474182,0.3413300337269902,0.9345316886901855,0.3138093650341034,0.6681288871914148,0.7345781549811363,0.6298504006117582,0.9579755067825317,0.2992348372936249,0.8727779984474182,,,,,,,,,,,,,,,
7b_math_gentle,7b,math,3e-06,123,101,12,11,30,0,0.34134249575436115,0.9345753379166126,0.31217479705810547,0.6678058244287968,0.735171727836132,0.6283977869898081,0.9577521085739136,0.3001704514026642,0.8717771768569946,0.34134249575436115,0.9345753379166126,0.31217479705810547,0.6678058244287968,0.735171727836132,0.6283977869898081,0.9577521085739136,0.3001704514026642,0.8717771768569946,,,,,,,,,,,,,,,
7b_math_gentle,7b,math,3e-06,123,101,13,12,30,0,0.3405569167807698,0.9349604323506355,0.3127666236832738,0.666855052113533,0.7364694699645042,0.6307502575218678,0.9575440883636475,0.2996734082698822,0.8757221102714539,0.3405569167807698,0.9349604323506355,0.3127666236832738,0.666855052113533,0.7364694699645042,0.6307502575218678,0.9575440883636475,0.2996734082698822,0.8757221102714539,,,,,,,,,,,,,,,
7b_math_gentle,7b,math,3e-06,123,101,14,13,30,0,0.3395802779123187,0.9354296140372753,0.31306688860058784,0.6675470471382141,0.7363046780228615,0.6339110694825649,0.958226203918457,0.2969149947166443,0.8785013556480408,0.3395802779123187,0.9354296140372753,0.31306688860058784,0.6675470471382141,0.7363046780228615,0.6339110694825649,0.958226203918457,0.2969149947166443,0.8785013556480408,,,,,,,,,,,,,,,
7b_math_gentle,7b,math,3e-06,123,101,15,14,30,0,0.3385115754790604,0.9358006380498409,0.31317485496401787,0.6663241349160671,0.7377552427351475,0.6356025915592909,0.9579145908355713,0.296970933675766,0.8818087577819824,0.3385115754790604,0.9358006380498409,0.31317485496401787,0.6663241349160671,0.7377552427351475,0.6356025915592909,0.9579145908355713,0.296970933675766,0.8818087577819824,,,,,,,,,,,,,,,
7b_math_gentle,7b,math,3e-06,123,101,16,15,30,0,0.3368938658386469,0.9363341964781284,0.3138319384306669,0.6652079336345196,0.7388738095760345,0.6386044081300497,0.957055926322937,0.2980768084526062,0.8877326846122742,0.3368938658386469,0.9363341964781284,0.3138319384306669,0.6652079336345196,0.7388738095760345,0.6386044081300497,0.957055926322937,0.2980768084526062,0.8877326846122742,0.3175220010536058,0.9454290866851807,0.2877749518624374,0.650340376155717,0.782772666641644,0.6579874966825757,0.9712819457054138,0.24272985756397247,0.92325758934021,0.9661211967468262,0.2621270716190338,0.9202877283096313,0.9963653683662415,0.08557004481554031,1.00449800491333
7b_math_gentle,7b,math,3e-06,123,101,17,16,30,0,0.3377646463923156,0.9358047433197498,0.3142934273928404,0.664099033921957,0.7386420927941799,0.6385627929121256,0.9572490453720093,0.29643604159355164,0.8924409747123718,0.3377646463923156,0.9358047433197498,0.3142934273928404,0.664099033921957,0.7386420927941799,0.6385627929121256,0.9572490453720093,0.29643604159355164,0.8924409747123718,,,,,,,,,,,,,,,
7b_math_gentle,7b,math,3e-06,123,101,18,17,30,0,0.33872420713305473,0.9356963448226452,0.31510779820382595,0.6658622901886702,0.737852293998003,0.640882546082139,0.9579786658287048,0.2945804297924042,0.8908907771110535,0.33872420713305473,0.9356963448226452,0.31510779820382595,0.6658622901886702,0.737852293998003,0.640882546082139,0.9579786658287048,0.2945804297924042,0.8908907771110535,,,,,,,,,,,,,,,
7b_math_gentle,7b,math,3e-06,123,101,19,18,30,0,0.33799559250473976,0.9359370321035385,0.3149027833715081,0.6664559710770845,0.7376311607658863,0.6413004007190466,0.9574823379516602,0.29564717411994934,0.8928308486938477,0.33799559250473976,0.9359370321035385,0.3149027833715081,0.6664559710770845,0.7376311607658863,0.6413004007190466,0.9574823379516602,0.29564717411994934,0.8928308486938477,,,,,,,,,,,,,,,
7b_math_gentle,7b,math,3e-06,123,101,20,19,30,0,0.3369334521703422,0.9363237023353577,0.31606446113437414,0.6642579007893801,0.7397037260234356,0.645750479772687,0.9570393562316895,0.2955281436443329,0.8999326229095459,0.3369334521703422,0.9363237023353577,0.31606446113437414,0.6642579007893801,0.7397037260234356,0.645750479772687,0.9570393562316895,0.2955281436443329,0.8999326229095459,,,,,,,,,,,,,,,
7b_math_gentle,7b,math,3e-06,123,101,21,20,30,0,0.3361479821614921,0.936882309615612,0.31542311888188124,0.6633171532303095,0.7416641786694527,0.6461723912507296,0.9572485685348511,0.2947043478488922,0.9008965492248535,0.3361479821614921,0.936882309615612,0.31542311888188124,0.6633171532303095,0.7416641786694527,0.6461723912507296,0.9572485685348511,0.2947043478488922,0.9008965492248535,,,,,,,,,,,,,,,
7b_math_gentle,7b,math,3e-06,123,101,22,21,30,0,0.33719178941100836,0.9362214170396328,0.3167479373514652,0.6641082614660263,0.7399997860193253,0.6471924316138029,0.9566246867179871,0.2962241768836975,0.9029629230499268,0.33719178941100836,0.9362214170396328,0.3167479373514652,0.6641082614660263,0.7399997860193253,0.6471924316138029,0.9566246867179871,0.2962241768836975,0.9029629230499268,,,,,,,,,,,,,,,
7b_math_gentle,7b,math,3e-06,123,101,23,22,30,0,0.337350083515048,0.9361939392983913,0.3173840930685401,0.6643496472388506,0.7396433390676975,0.6491383276879787,0.9570047855377197,0.29465746879577637,0.9052248597145081,0.337350083515048,0.9361939392983913,0.3173840930685401,0.6643496472388506,0.7396433390676975,0.6491383276879787,0.9570047855377197,0.29465746879577637,0.9052248597145081,,,,,,,,,,,,,,,
7b_math_gentle,7b,math,3e-06,123,101,24,23,30,0,0.33558826381340623,0.9368957243859768,0.31630014162510633,0.6640791893005371,0.7401732467114925,0.6495480425655842,0.9567581415176392,0.29536911845207214,0.9054840803146362,0.33558826381340623,0.9368957243859768,0.31630014162510633,0.6640791893005371,0.7401732467114925,0.6495480425655842,0.9567581415176392,0.29536911845207214,0.9054840803146362,,,,,,,,,,,,,,,
7b_math_gentle,7b,math,3e-06,123,101,25,24,30,0,0.33594015007838607,0.9370313733816147,0.3186237197369337,0.6641601789742708,0.7421325072646141,0.6554610747843981,0.9570472836494446,0.29362431168556213,0.9106287360191345,0.33594015007838607,0.9370313733816147,0.3186237197369337,0.6641601789742708,0.7421325072646141,0.6554610747843981,0.9570472836494446,0.29362431168556213,0.9106287360191345,,,,,,,,,,,,,,,
7b_math_gentle,7b,math,3e-06,123,101,26,25,30,1,0.3346115183085203,0.9374614581465721,0.31762791983783245,0.6634234357625246,0.7425904870033264,0.6555562559515238,0.95685875415802,0.29365867376327515,0.9142657518386841,0.33509746845811605,0.9374392330646515,0.3132178410887718,0.6640886161476374,0.7436497882008553,0.6145886220037937,0.9582391977310181,0.30633294582366943,0.8484106063842773,,,,,,,,,,,,,,,
7b_math_gentle,7b,math,3e-06,123,101,27,26,30,0,0.33416902367025614,0.9377684220671654,0.3132524639368057,0.6632436774671078,0.7446628548204899,0.6158480495214462,0.9579901099205017,0.3063507080078125,0.8503062129020691,0.33416902367025614,0.9377684220671654,0.3132524639368057,0.6632436774671078,0.7446628548204899,0.6158480495214462,0.9579901099205017,0.3063507080078125,0.8503062129020691,,,,,,,,,,,,,,,
7b_math_gentle,7b,math,3e-06,123,101,28,27,30,0,0.33287469670176506,0.9383754134178162,0.31402248330414295,0.660849317908287,0.7474881634116173,0.6176007091999054,0.9572725296020508,0.30710461735725403,0.8539090156555176,0.33287469670176506,0.9383754134178162,0.31402248330414295,0.660849317908287,0.7474881634116173,0.6176007091999054,0.9572725296020508,0.30710461735725403,0.8539090156555176,,,,,,,,,,,,,,,
7b_math_gentle,7b,math,3e-06,123,101,29,28,30,0,0.3340815333649516,0.9378695003688335,0.31397118233144283,0.6622759141027927,0.7450239844620228,0.6173706483095884,0.9579086303710938,0.30567702651023865,0.852897584438324,0.3340815333649516,0.9378695003688335,0.31397118233144283,0.6622759141027927,0.7450239844620228,0.6173706483095884,0.9579086303710938,0.30567702651023865,0.852897584438324,,,,,,,,,,,,,,,
7b_math_gentle,7b,math,3e-06,123,101,30,29,30,0,0.3351741819642484,0.9374663308262825,0.3146429331973195,0.6619725711643696,0.7455522939562798,0.618283873423934,0.9577341079711914,0.3052920699119568,0.8554707765579224,0.3351741819642484,0.9374663308262825,0.3146429331973195,0.6619725711643696,0.7455522939562798,0.618283873423934,0.9577341079711914,0.3052920699119568,0.8554707765579224,,,,,,,,,,,,,,,
7b_math_gentle,7b,math,3e-06,123,101,31,30,30,0,0.334287834353745,0.9377743676304817,0.3155187638476491,0.6622798033058643,0.745478767901659,0.6223996635526419,0.957843542098999,0.30336812138557434,0.8603940606117249,0.334287834353745,0.9377743676304817,0.3155187638476491,0.6622798033058643,0.745478767901659,0.6223996635526419,0.957843542098999,0.30336812138557434,0.8603940606117249,,,,,,,,,,,,,,,
7b_math_gentle,7b,math,3e-06,123,101,32,31,30,0,0.334858285728842,0.9376587644219398,0.3154564630240202,0.6636151857674122,0.7450270131230354,0.6231452543288469,0.9581395387649536,0.30271071195602417,0.8598289489746094,0.334858285728842,0.9376587644219398,0.3154564630240202,0.6636151857674122,0.7450270131230354,0.6231452543288469,0.9581395387649536,0.30271071195602417,0.8598289489746094,0.34099653230181765,0.9373268165758678,0.29971372948161196,0.6703842005559376,0.7490419979606356,0.6377643847039768,0.9723377227783203,0.26466238498687744,0.8478912711143494,0.9749356508255005,0.2466881424188614,0.8683774471282959,0.9973269701004028,0.0730803906917572,0.9961004853248596
