scope,layer,predictor_seed,update_seed,step,selected_epoch,validation_before,validation_after,batch_indices,calibration_indices
joint,3,123,101,1,1,0.3752057725965301,0.3745478452467532,"[178, 1084, 666, 303, 544, 1265, 730, 467, 661, 417, 1140, 618, 938, 236, 1193, 893, 1404, 1262, 135, 759, 1502, 509, 99, 1108, 753, 1086, 360, 524, 766, 489, 2, 60]","[618, 893, 1404, 1108]"
joint,8,123,101,1,1,0.5362422226216417,0.5318167563751821,"[178, 1084, 666, 303, 544, 1265, 730, 467, 661, 417, 1140, 618, 938, 236, 1193, 893, 1404, 1262, 135, 759, 1502, 509, 99, 1108, 753, 1086, 360, 524, 766, 489, 2, 60]","[618, 893, 1404, 1108]"
joint,19,123,101,1,0,0.2688661401867174,0.2688661401867174,"[178, 1084, 666, 303, 544, 1265, 730, 467, 661, 417, 1140, 618, 938, 236, 1193, 893, 1404, 1262, 135, 759, 1502, 509, 99, 1108, 753, 1086, 360, 524, 766, 489, 2, 60]","[618, 893, 1404, 1108]"
joint,3,123,101,2,9,2.903078831640883,2.0126156973450158,"[225, 1153, 104, 109, 0, 393, 1445, 1403, 1298, 1162, 880, 90, 726, 735, 1098, 940, 1503, 974, 946, 996, 1142, 585, 1488, 493, 257, 1320, 782, 1357, 1270, 552, 1387, 172]","[225, 104, 90, 1142]"
joint,8,123,101,2,29,1.8354309263104973,1.318974406245335,"[225, 1153, 104, 109, 0, 393, 1445, 1403, 1298, 1162, 880, 90, 726, 735, 1098, 940, 1503, 974, 946, 996, 1142, 585, 1488, 493, 257, 1320, 782, 1357, 1270, 552, 1387, 172]","[225, 104, 90, 1142]"
joint,19,123,101,2,30,1.1457620648132298,0.684607477777277,"[225, 1153, 104, 109, 0, 393, 1445, 1403, 1298, 1162, 880, 90, 726, 735, 1098, 940, 1503, 974, 946, 996, 1142, 585, 1488, 493, 257, 1320, 782, 1357, 1270, 552, 1387, 172]","[225, 104, 90, 1142]"
joint,3,123,101,3,30,4.544983578982752,1.4955405304563243,"[18, 1078, 1283, 216, 284, 860, 41, 1467, 614, 161, 74, 1092, 230, 336, 1122, 622, 497, 723, 1165, 904, 134, 515, 307, 823, 70, 917, 81, 1315, 142, 1030, 252, 1154]","[230, 917, 81, 252]"
joint,8,123,101,3,30,3.8110517487616704,1.1287232486533902,"[18, 1078, 1283, 216, 284, 860, 41, 1467, 614, 161, 74, 1092, 230, 336, 1122, 622, 497, 723, 1165, 904, 134, 515, 307, 823, 70, 917, 81, 1315, 142, 1030, 252, 1154]","[230, 917, 81, 252]"
joint,19,123,101,3,30,1.3998871887282718,0.45061436951880385,"[18, 1078, 1283, 216, 284, 860, 41, 1467, 614, 161, 74, 1092, 230, 336, 1122, 622, 497, 723, 1165, 904, 134, 515, 307, 823, 70, 917, 81, 1315, 142, 1030, 252, 1154]","[230, 917, 81, 252]"
joint,3,123,101,4,30,2.361464332015899,0.7224972842896591,"[691, 569, 626, 1009, 688, 1422, 1424, 421, 1454, 698, 449, 795, 429, 32, 692, 1250, 749, 1105, 1144, 784, 500, 162, 814, 1479, 641, 679, 602, 961, 537, 187, 914, 325]","[688, 449, 1479, 961]"
joint,8,123,101,4,30,2.079404384357076,0.7870782693502321,"[691, 569, 626, 1009, 688, 1422, 1424, 421, 1454, 698, 449, 795, 429, 32, 692, 1250, 749, 1105, 1144, 784, 500, 162, 814, 1479, 641, 679, 602, 961, 537, 187, 914, 325]","[688, 449, 1479, 961]"
joint,19,123,101,4,30,2.0154554480986917,0.7420766801524259,"[691, 569, 626, 1009, 688, 1422, 1424, 421, 1454, 698, 449, 795, 429, 32, 692, 1250, 749, 1105, 1144, 784, 500, 162, 814, 1479, 641, 679, 602, 961, 537, 187, 914, 325]","[688, 449, 1479, 961]"
joint,3,123,101,5,28,24.26637348562167,1.7859175510635765,"[1408, 1152, 941, 1072, 1058, 899, 929, 1289, 786, 1493, 927, 7, 1438, 1358, 466, 773, 1113, 545, 55, 870, 19, 1145, 115, 198, 422, 352, 247, 1101, 1216, 980, 1189, 801]","[1408, 55, 115, 352]"
joint,8,123,101,5,22,13.64505216177946,1.832878829847914,"[1408, 1152, 941, 1072, 1058, 899, 929, 1289, 786, 1493, 927, 7, 1438, 1358, 466, 773, 1113, 545, 55, 870, 19, 1145, 115, 198, 422, 352, 247, 1101, 1216, 980, 1189, 801]","[1408, 55, 115, 352]"
joint,19,123,101,5,30,9.90434786332321,0.7770875767295458,"[1408, 1152, 941, 1072, 1058, 899, 929, 1289, 786, 1493, 927, 7, 1438, 1358, 466, 773, 1113, 545, 55, 870, 19, 1145, 115, 198, 422, 352, 247, 1101, 1216, 980, 1189, 801]","[1408, 55, 115, 352]"
joint,3,123,101,6,30,3.242158306873094,1.2268951465141278,"[1484, 195, 306, 1402, 212, 970, 563, 1130, 147, 1014, 353, 132, 45, 1224, 334, 337, 1001, 1245, 432, 459, 1436, 612, 1124, 168, 776, 858, 1242, 452, 1056, 1328, 1383, 420]","[1402, 970, 432, 1436]"
joint,8,123,101,6,27,2.5476428983513557,1.1785941741103585,"[1484, 195, 306, 1402, 212, 970, 563, 1130, 147, 1014, 353, 132, 45, 1224, 334, 337, 1001, 1245, 432, 459, 1436, 612, 1124, 168, 776, 858, 1242, 452, 1056, 1328, 1383, 420]","[1402, 970, 432, 1436]"
joint,19,123,101,6,28,1.7887648293909848,0.5674419572336689,"[1484, 195, 306, 1402, 212, 970, 563, 1130, 147, 1014, 353, 132, 45, 1224, 334, 337, 1001, 1245, 432, 459, 1436, 612, 1124, 168, 776, 858, 1242, 452, 1056, 1328, 1383, 420]","[1402, 970, 432, 1436]"
joint,3,123,101,7,3,1.520917448964358,1.1743980093757251,"[647, 1282, 44, 20, 183, 1389, 1190, 722, 1016, 373, 1115, 694, 737, 619, 652, 1398, 495, 803, 714, 1483, 731, 1192, 1062, 548, 299, 862, 1437, 1264, 1063, 510, 246, 224]","[1483, 548, 1264, 224]"
joint,8,123,101,7,2,1.1951571143172828,1.0920705315142847,"[647, 1282, 44, 20, 183, 1389, 1190, 722, 1016, 373, 1115, 694, 737, 619, 652, 1398, 495, 803, 714, 1483, 731, 1192, 1062, 548, 299, 862, 1437, 1264, 1063, 510, 246, 224]","[1483, 548, 1264, 224]"
joint,19,123,101,7,27,0.6843761638284072,0.5967803600891877,"[647, 1282, 44, 20, 183, 1389, 1190, 722, 1016, 373, 1115, 694, 737, 619, 652, 1398, 495, 803, 714, 1483, 731, 1192, 1062, 548, 299, 862, 1437, 1264, 1063, 510, 246, 224]","[1483, 548, 1264, 224]"
joint,3,123,101,8,3,1.4592125393218147,1.2106051616332003,"[532, 804, 835, 460, 1450, 937, 1191, 734, 218, 1220, 256, 138, 1525, 1257, 323, 1243, 990, 194, 114, 416, 742, 342, 928, 191, 157, 596, 369, 1386, 1342, 800, 98, 706]","[1191, 218, 1220, 1257]"
joint,8,123,101,8,2,1.233000118555399,1.1122046535079768,"[532, 804, 835, 460, 1450, 937, 1191, 734, 218, 1220, 256, 138, 1525, 1257, 323, 1243, 990, 194, 114, 416, 742, 342, 928, 191, 157, 596, 369, 1386, 1342, 800, 98, 706]","[1191, 218, 1220, 1257]"
joint,19,123,101,8,27,0.6970773492346929,0.5397367590154865,"[532, 804, 835, 460, 1450, 937, 1191, 734, 218, 1220, 256, 138, 1525, 1257, 323, 1243, 990, 194, 114, 416, 742, 342, 928, 191, 157, 596, 369, 1386, 1342, 800, 98, 706]","[1191, 218, 1220, 1257]"
joint,3,123,101,9,0,1.364583307415021,1.364583307415021,"[781, 817, 956, 1209, 1306, 1073, 1116, 564, 72, 551, 141, 1129, 1204, 374, 1038, 179, 790, 1179, 1196, 454, 291, 1499, 534, 30, 586, 744, 1432, 295, 25, 1421, 1177, 601]","[1073, 141, 25, 1177]"
joint,8,123,101,9,1,1.2491885658827329,1.224108400102125,"[781, 817, 956, 1209, 1306, 1073, 1116, 564, 72, 551, 141, 1129, 1204, 374, 1038, 179, 790, 1179, 1196, 454, 291, 1499, 534, 30, 586, 744, 1432, 295, 25, 1421, 1177, 601]","[1073, 141, 25, 1177]"
joint,19,123,101,9,1,0.6070891380910695,0.46712475510424056,"[781, 817, 956, 1209, 1306, 1073, 1116, 564, 72, 551, 141, 1129, 1204, 374, 1038, 179, 790, 1179, 1196, 454, 291, 1499, 534, 30, 586, 744, 1432, 295, 25, 1421, 1177, 601]","[1073, 141, 25, 1177]"
joint,3,123,101,10,7,1.5250727189830435,1.1427605385437154,"[462, 1343, 54, 33, 1199, 653, 36, 389, 365, 482, 664, 1048, 1321, 1110, 209, 1520, 330, 743, 31, 242, 347, 87, 1297, 713, 1137, 1096, 995, 407, 568, 812, 1295, 932]","[389, 664, 1321, 1295]"
joint,8,123,101,10,25,1.36886225150079,1.1608192952253944,"[462, 1343, 54, 33, 1199, 653, 36, 389, 365, 482, 664, 1048, 1321, 1110, 209, 1520, 330, 743, 31, 242, 347, 87, 1297, 713, 1137, 1096, 995, 407, 568, 812, 1295, 932]","[389, 664, 1321, 1295]"
joint,19,123,101,10,29,0.5167850769159976,0.37509749389960234,"[462, 1343, 54, 33, 1199, 653, 36, 389, 365, 482, 664, 1048, 1321, 1110, 209, 1520, 330, 743, 31, 242, 347, 87, 1297, 713, 1137, 1096, 995, 407, 568, 812, 1295, 932]","[389, 664, 1321, 1295]"
joint,3,123,101,11,4,1.6612321612456213,1.2324458085631456,"[1228, 1305, 1217, 1159, 26, 868, 56, 1186, 621, 846, 327, 379, 470, 1053, 1380, 597, 116, 1347, 915, 1212, 829, 355, 840, 486, 185, 739, 1020, 1334, 367, 793, 304, 752]","[116, 486, 1334, 304]"
joint,8,123,101,11,5,1.5376917830419643,1.225534983940694,"[1228, 1305, 1217, 1159, 26, 868, 56, 1186, 621, 846, 327, 379, 470, 1053, 1380, 597, 116, 1347, 915, 1212, 829, 355, 840, 486, 185, 739, 1020, 1334, 367, 793, 304, 752]","[116, 486, 1334, 304]"
joint,19,123,101,11,17,0.6612860743520663,0.34167366699352897,"[1228, 1305, 1217, 1159, 26, 868, 56, 1186, 621, 846, 327, 379, 470, 1053, 1380, 597, 116, 1347, 915, 1212, 829, 355, 840, 486, 185, 739, 1020, 1334, 367, 793, 304, 752]","[116, 486, 1334, 304]"
joint,3,123,101,12,3,1.4816864437774804,1.3130002920090789,"[23, 1248, 747, 189, 1364, 175, 1272, 850, 576, 926, 683, 475, 1518, 849, 492, 193, 949, 286, 991, 354, 50, 149, 669, 919, 987, 1414, 631, 887, 128, 61, 182, 986]","[850, 849, 631, 887]"
joint,8,123,101,12,30,1.3777367805919916,1.2409014487453796,"[23, 1248, 747, 189, 1364, 175, 1272, 850, 576, 926, 683, 475, 1518, 849, 492, 193, 949, 286, 991, 354, 50, 149, 669, 919, 987, 1414, 631, 887, 128, 61, 182, 986]","[850, 849, 631, 887]"
joint,19,123,101,12,1,0.3791734262900981,0.35483046488685943,"[23, 1248, 747, 189, 1364, 175, 1272, 850, 576, 926, 683, 475, 1518, 849, 492, 193, 949, 286, 991, 354, 50, 149, 669, 919, 987, 1414, 631, 887, 128, 61, 182, 986]","[850, 849, 631, 887]"
joint,3,123,101,13,9,1.9555096683425433,1.2072256417805534,"[1433, 1158, 292, 704, 639, 439, 1151, 1350, 957, 716, 520, 1041, 1201, 126, 1497, 63, 137, 999, 1459, 210, 1420, 103, 6, 903, 1244, 579, 123, 952, 361, 121, 12, 853]","[1158, 103, 579, 853]"
joint,8,123,101,13,22,2.2865740027664287,1.0843973888225982,"[1433, 1158, 292, 704, 639, 439, 1151, 1350, 957, 716, 520, 1041, 1201, 126, 1497, 63, 137, 999, 1459, 210, 1420, 103, 6, 903, 1244, 579, 123, 952, 361, 121, 12, 853]","[1158, 103, 579, 853]"
joint,19,123,101,13,14,0.6022084952480817,0.31470170497966965,"[1433, 1158, 292, 704, 639, 439, 1151, 1350, 957, 716, 520, 1041, 1201, 126, 1497, 63, 137, 999, 1459, 210, 1420, 103, 6, 903, 1244, 579, 123, 952, 361, 121, 12, 853]","[1158, 103, 579, 853]"
joint,3,123,101,14,2,1.4280796608451887,1.3149668621681627,"[125, 269, 677, 139, 1530, 457, 555, 1128, 1263, 1310, 184, 1280, 583, 1457, 1205, 1482, 254, 383, 351, 1208, 1508, 774, 794, 628, 1293, 1077, 624, 28, 559, 629, 1258, 670]","[555, 583, 1482, 629]"
joint,8,123,101,14,3,1.4036039526874653,1.1373920001216256,"[125, 269, 677, 139, 1530, 457, 555, 1128, 1263, 1310, 184, 1280, 583, 1457, 1205, 1482, 254, 383, 351, 1208, 1508, 774, 794, 628, 1293, 1077, 624, 28, 559, 629, 1258, 670]","[555, 583, 1482, 629]"
joint,19,123,101,14,2,0.5601179270701415,0.44687394537108105,"[125, 269, 677, 139, 1530, 457, 555, 1128, 1263, 1310, 184, 1280, 583, 1457, 1205, 1482, 254, 383, 351, 1208, 1508, 774, 794, 628, 1293, 1077, 624, 28, 559, 629, 1258, 670]","[555, 583, 1482, 629]"
joint,3,123,101,15,30,1.6470191893322408,1.3587250125694936,"[1040, 1363, 1301, 122, 878, 1449, 910, 954, 816, 1393, 525, 485, 1281, 1163, 24, 608, 988, 263, 1531, 1031, 1495, 1461, 127, 1388, 640, 328, 721, 1080, 37, 320, 758, 659]","[816, 525, 1281, 127]"
joint,8,123,101,15,2,1.2522090284184664,1.1200810224481756,"[1040, 1363, 1301, 122, 878, 1449, 910, 954, 816, 1393, 525, 485, 1281, 1163, 24, 608, 988, 263, 1531, 1031, 1495, 1461, 127, 1388, 640, 328, 721, 1080, 37, 320, 758, 659]","[816, 525, 1281, 127]"
joint,19,123,101,15,1,0.4707525161227899,0.42004470047244524,"[1040, 1363, 1301, 122, 878, 1449, 910, 954, 816, 1393, 525, 485, 1281, 1163, 24, 608, 988, 263, 1531, 1031, 1495, 1461, 127, 1388, 640, 328, 721, 1080, 37, 320, 758, 659]","[816, 525, 1281, 127]"
joint,3,123,101,16,3,1.668627316016682,1.5921459745407134,"[1447, 822, 412, 869, 948, 909, 756, 531, 100, 346, 1430, 268, 533, 1203, 1443, 1187, 34, 339, 501, 118, 285, 792, 680, 913, 1323, 729, 651, 768, 1051, 992, 1524, 1194]","[1447, 1187, 34, 768]"
joint,8,123,101,16,1,1.2289949885922091,1.2106646215525103,"[1447, 822, 412, 869, 948, 909, 756, 531, 100, 346, 1430, 268, 533, 1203, 1443, 1187, 34, 339, 501, 118, 285, 792, 680, 913, 1323, 729, 651, 768, 1051, 992, 1524, 1194]","[1447, 1187, 34, 768]"
joint,19,123,101,16,0,0.48759627167964936,0.48759627167964936,"[1447, 822, 412, 869, 948, 909, 756, 531, 100, 346, 1430, 268, 533, 1203, 1443, 1187, 34, 339, 501, 118, 285, 792, 680, 913, 1323, 729, 651, 768, 1051, 992, 1524, 1194]","[1447, 1187, 34, 768]"
joint,3,123,101,17,7,1.7417566569192928,1.6060228639968415,"[963, 805, 313, 1150, 1093, 1148, 249, 1336, 48, 834, 267, 390, 902, 399, 518, 1239, 968, 1369, 1039, 446, 300, 1102, 1202, 405, 1456, 1377, 885, 876, 1395, 543, 693, 1251]","[518, 1039, 876, 1251]"
joint,8,123,101,17,1,1.335323834429019,1.2930694330675614,"[963, 805, 313, 1150, 1093, 1148, 249, 1336, 48, 834, 267, 390, 902, 399, 518, 1239, 968, 1369, 1039, 446, 300, 1102, 1202, 405, 1456, 1377, 885, 876, 1395, 543, 693, 1251]","[518, 1039, 876, 1251]"
joint,19,123,101,17,1,0.6410457028383441,0.49507693334544456,"[963, 805, 313, 1150, 1093, 1148, 249, 1336, 48, 834, 267, 390, 902, 399, 518, 1239, 968, 1369, 1039, 446, 300, 1102, 1202, 405, 1456, 1377, 885, 876, 1395, 543, 693, 1251]","[518, 1039, 876, 1251]"
joint,3,123,101,18,3,1.797795898106088,1.7081582132648379,"[1082, 85, 1104, 920, 395, 260, 290, 975, 333, 958, 1226, 77, 1047, 483, 528, 140, 287, 237, 1045, 440, 674, 969, 1219, 567, 1060, 745, 964, 1184, 271, 1106, 587, 1003]","[1082, 1226, 1045, 1106]"
joint,8,123,101,18,2,1.459972142952413,1.3315115909592805,"[1082, 85, 1104, 920, 395, 260, 290, 975, 333, 958, 1226, 77, 1047, 483, 528, 140, 287, 237, 1045, 440, 674, 969, 1219, 567, 1060, 745, 964, 1184, 271, 1106, 587, 1003]","[1082, 1226, 1045, 1106]"
joint,19,123,101,18,1,0.589633070818568,0.5686971077096956,"[1082, 85, 1104, 920, 395, 260, 290, 975, 333, 958, 1226, 77, 1047, 483, 528, 140, 287, 237, 1045, 440, 674, 969, 1219, 567, 1060, 745, 964, 1184, 271, 1106, 587, 1003]","[1082, 1226, 1045, 1106]"
joint,3,123,101,19,0,1.8979790427734429,1.8979790427734429,"[845, 1079, 1332, 1042, 143, 1335, 1275, 573, 240, 375, 1052, 471, 1338, 319, 1354, 1125, 1471, 1166, 778, 848, 318, 981, 274, 1026, 841, 1425, 791, 68, 779, 384, 637, 111]","[1042, 143, 791, 637]"
joint,8,123,101,19,3,1.6930380017239628,1.5193330391295063,"[845, 1079, 1332, 1042, 143, 1335, 1275, 573, 240, 375, 1052, 471, 1338, 319, 1354, 1125, 1471, 1166, 778, 848, 318, 981, 274, 1026, 841, 1425, 791, 68, 779, 384, 637, 111]","[1042, 143, 791, 637]"
joint,19,123,101,19,1,0.7236834690467191,0.6825964009554042,"[845, 1079, 1332, 1042, 143, 1335, 1275, 573, 240, 375, 1052, 471, 1338, 319, 1354, 1125, 1471, 1166, 778, 848, 318, 981, 274, 1026, 841, 1425, 791, 68, 779, 384, 637, 111]","[1042, 143, 791, 637]"
joint,3,123,101,20,6,1.9888539799825509,1.3554179162130744,"[201, 783, 682, 447, 930, 1185, 1427, 770, 418, 856, 65, 42, 690, 761, 410, 16, 151, 859, 415, 108, 922, 933, 1261, 174, 381, 117, 665, 1036, 570, 1233, 959, 605]","[770, 16, 151, 922]"
joint,8,123,101,20,3,1.7314244802519312,1.4090071472522006,"[201, 783, 682, 447, 930, 1185, 1427, 770, 418, 856, 65, 42, 690, 761, 410, 16, 151, 859, 415, 108, 922, 933, 1261, 174, 381, 117, 665, 1036, 570, 1233, 959, 605]","[770, 16, 151, 922]"
joint,19,123,101,20,1,1.0415864150896255,0.7225139249156065,"[201, 783, 682, 447, 930, 1185, 1427, 770, 418, 856, 65, 42, 690, 761, 410, 16, 151, 859, 415, 108, 922, 933, 1261, 174, 381, 117, 665, 1036, 570, 1233, 959, 605]","[770, 16, 151, 922]"
joint,3,123,101,21,30,1.4358389050201232,1.0378067238887674,"[1485, 241, 331, 1088, 1319, 107, 719, 1370, 1325, 821, 650, 298, 62, 1234, 1147, 400, 231, 1396, 479, 668, 1018, 625, 1371, 1229, 610, 1046, 1373, 1316, 754, 513, 708, 678]","[719, 1370, 1325, 678]"
joint,8,123,101,21,22,1.4812389084546709,1.2846960004555719,"[1485, 241, 331, 1088, 1319, 107, 719, 1370, 1325, 821, 650, 298, 62, 1234, 1147, 400, 231, 1396, 479, 668, 1018, 625, 1371, 1229, 610, 1046, 1373, 1316, 754, 513, 708, 678]","[719, 1370, 1325, 678]"
joint,19,123,101,21,30,0.9172443565571236,0.550424368855829,"[1485, 241, 331, 1088, 1319, 107, 719, 1370, 1325, 821, 650, 298, 62, 1234, 1147, 400, 231, 1396, 479, 668, 1018, 625, 1371, 1229, 610, 1046, 1373, 1316, 754, 513, 708, 678]","[719, 1370, 1325, 678]"
joint,3,123,101,22,0,1.107563363861587,1.107563363861587,"[1238, 643, 1509, 1337, 1089, 1526, 1032, 1463, 106, 1198, 414, 458, 9, 180, 1517, 408, 1027, 1182, 1276, 171, 607, 204, 468, 1501, 972, 700, 1279, 464, 897, 8, 1227, 366]","[180, 408, 1279, 8]"
joint,8,123,101,22,1,1.3867218024316834,1.3250423576107302,"[1238, 643, 1509, 1337, 1089, 1526, 1032, 1463, 106, 1198, 414, 458, 9, 180, 1517, 408, 1027, 1182, 1276, 171, 607, 204, 468, 1501, 972, 700, 1279, 464, 897, 8, 1227, 366]","[180, 408, 1279, 8]"
joint,19,123,101,22,1,0.5977023288907652,0.5626981084960256,"[1238, 643, 1509, 1337, 1089, 1526, 1032, 1463, 106, 1198, 414, 458, 9, 180, 1517, 408, 1027, 1182, 1276, 171, 607, 204, 468, 1501, 972, 700, 1279, 464, 897, 8, 1227, 366]","[180, 408, 1279, 8]"
joint,3,123,101,23,18,2.462598100982177,1.4765401895960828,"[976, 488, 1360, 1452, 170, 1356, 1462, 1156, 635, 1138, 1171, 955, 1024, 1477, 1133, 222, 1097, 43, 228, 1213, 281, 463, 413, 431, 748, 335, 376, 699, 1413, 757, 265, 648]","[976, 1171, 1024, 757]"
joint,8,123,101,23,7,1.7391354813822915,1.5147386550911541,"[976, 488, 1360, 1452, 170, 1356, 1462, 1156, 635, 1138, 1171, 955, 1024, 1477, 1133, 222, 1097, 43, 228, 1213, 281, 463, 413, 431, 748, 335, 376, 699, 1413, 757, 265, 648]","[976, 1171, 1024, 757]"
joint,19,123,101,23,29,0.8813128926392757,0.5483141809546055,"[976, 488, 1360, 1452, 170, 1356, 1462, 1156, 635, 1138, 1171, 955, 1024, 1477, 1133, 222, 1097, 43, 228, 1213, 281, 463, 413, 431, 748, 335, 376, 699, 1413, 757, 265, 648]","[976, 1171, 1024, 757]"
joint,3,123,101,24,26,2.1214818486062086,0.9569512265764075,"[843, 435, 186, 1362, 765, 1345, 423, 1188, 847, 1075, 832, 1284, 673, 901, 1002, 1329, 1135, 1023, 491, 686, 277, 1083, 740, 715, 636, 962, 994, 133, 985, 205, 978, 403]","[1075, 277, 978, 403]"
joint,8,123,101,24,30,1.8297754496488778,0.9362172282093049,"[843, 435, 186, 1362, 765, 1345, 423, 1188, 847, 1075, 832, 1284, 673, 901, 1002, 1329, 1135, 1023, 491, 686, 277, 1083, 740, 715, 636, 962, 994, 133, 985, 205, 978, 403]","[1075, 277, 978, 403]"
joint,19,123,101,24,24,1.0383765988172513,0.43125030363783967,"[843, 435, 186, 1362, 765, 1345, 423, 1188, 847, 1075, 832, 1284, 673, 901, 1002, 1329, 1135, 1023, 491, 686, 277, 1083, 740, 715, 636, 962, 994, 133, 985, 205, 978, 403]","[1075, 277, 978, 403]"
joint,3,123,101,25,0,0.9810186975299224,0.9810186975299224,"[598, 130, 875, 1169, 1409, 445, 857, 925, 630, 1222, 1081, 341, 931, 455, 646, 824, 155, 1006, 517, 124, 1411, 787, 1241, 308, 799, 867, 1141, 1091, 154, 767, 94, 864]","[1081, 155, 799, 864]"
joint,8,123,101,25,1,0.9649282007012516,0.9243876312354047,"[598, 130, 875, 1169, 1409, 445, 857, 925, 630, 1222, 1081, 341, 931, 455, 646, 824, 155, 1006, 517, 124, 1411, 787, 1241, 308, 799, 867, 1141, 1091, 154, 767, 94, 864]","[1081, 155, 799, 864]"
joint,19,123,101,25,1,0.44657701859688714,0.4342918064803065,"[598, 130, 875, 1169, 1409, 445, 857, 925, 630, 1222, 1081, 341, 931, 455, 646, 824, 155, 1006, 517, 124, 1411, 787, 1241, 308, 799, 867, 1141, 1091, 154, 767, 94, 864]","[1081, 155, 799, 864]"
joint,3,123,101,26,0,1.1888832630868365,1.1888832630868365,"[1317, 148, 1302, 1254, 593, 448, 720, 1028, 522, 1277, 1355, 372, 1378, 1271, 689, 1304, 772, 213, 1465, 1218, 202, 1019, 113, 443, 220, 798, 27, 1439, 506, 1397, 1061, 1255]","[148, 1277, 372, 772]"
joint,8,123,101,26,0,1.0877362158739494,1.0877362158739494,"[1317, 148, 1302, 1254, 593, 448, 720, 1028, 522, 1277, 1355, 372, 1378, 1271, 689, 1304, 772, 213, 1465, 1218, 202, 1019, 113, 443, 220, 798, 27, 1439, 506, 1397, 1061, 1255]","[148, 1277, 372, 772]"
joint,19,123,101,26,1,0.5694095283502634,0.44777713342593817,"[1317, 148, 1302, 1254, 593, 448, 720, 1028, 522, 1277, 1355, 372, 1378, 1271, 689, 1304, 772, 213, 1465, 1218, 202, 1019, 113, 443, 220, 798, 27, 1439, 506, 1397, 1061, 1255]","[148, 1277, 372, 772]"
joint,3,123,101,27,6,3.0086391225058833,1.6340356326999341,"[844, 1344, 1249, 1312, 370, 1095, 433, 1359, 802, 1474, 167, 1136, 523, 1490, 617, 762, 695, 595, 1260, 388, 227, 461, 310, 660, 1428, 425, 918, 250, 882, 1365, 288, 1522]","[1490, 762, 1428, 288]"
joint,8,123,101,27,6,2.2974466031746488,1.5385461065121149,"[844, 1344, 1249, 1312, 370, 1095, 433, 1359, 802, 1474, 167, 1136, 523, 1490, 617, 762, 695, 595, 1260, 388, 227, 461, 310, 660, 1428, 425, 918, 250, 882, 1365, 288, 1522]","[1490, 762, 1428, 288]"
joint,19,123,101,27,14,1.3632726665604231,0.8637847372311285,"[844, 1344, 1249, 1312, 370, 1095, 433, 1359, 802, 1474, 167, 1136, 523, 1490, 617, 762, 695, 595, 1260, 388, 227, 461, 310, 660, 1428, 425, 918, 250, 882, 1365, 288, 1522]","[1490, 762, 1428, 288]"
joint,3,123,101,28,18,1.9661134138887064,1.0311568548145864,"[294, 556, 1441, 789, 368, 1303, 84, 536, 613, 1223, 900, 755, 1385, 1114, 89, 1206, 363, 196, 1512, 83, 258, 234, 775, 1367, 1054, 473, 1065, 1381, 13, 1033, 836, 888]","[294, 1114, 363, 1054]"
joint,8,123,101,28,10,2.038101942182621,1.2343735248077792,"[294, 556, 1441, 789, 368, 1303, 84, 536, 613, 1223, 900, 755, 1385, 1114, 89, 1206, 363, 196, 1512, 83, 258, 234, 775, 1367, 1054, 473, 1065, 1381, 13, 1033, 836, 888]","[294, 1114, 363, 1054]"
joint,19,123,101,28,10,1.2763197358613212,0.6756940757624221,"[294, 556, 1441, 789, 368, 1303, 84, 536, 613, 1223, 900, 755, 1385, 1114, 89, 1206, 363, 196, 1512, 83, 258, 234, 775, 1367, 1054, 473, 1065, 1381, 13, 1033, 836, 888]","[294, 1114, 363, 1054]"
joint,3,123,101,29,14,1.0345454827557319,1.0314087414825543,"[780, 1221, 1200, 603, 514, 924, 562, 476, 707, 1507, 769, 39, 1252, 516, 1012, 971, 434, 321, 391, 1486, 1313, 481, 1307, 38, 322, 1466, 266, 577, 1090, 64, 571, 942]","[707, 1313, 481, 322]"
joint,8,123,101,29,0,1.2265410720592378,1.2265410720592378,"[780, 1221, 1200, 603, 514, 924, 562, 476, 707, 1507, 769, 39, 1252, 516, 1012, 971, 434, 321, 391, 1486, 1313, 481, 1307, 38, 322, 1466, 266, 577, 1090, 64, 571, 942]","[707, 1313, 481, 322]"
joint,19,123,101,29,0,0.6973850806717827,0.6973850806717827,"[780, 1221, 1200, 603, 514, 924, 562, 476, 707, 1507, 769, 39, 1252, 516, 1012, 971, 434, 321, 391, 1486, 1313, 481, 1307, 38, 322, 1466, 266, 577, 1090, 64, 571, 942]","[707, 1313, 481, 322]"
joint,3,123,101,30,3,1.1836640362319173,1.1149942984989742,"[1516, 188, 29, 1183, 1352, 1444, 1195, 1348, 1514, 557, 1120, 279, 119, 1055, 530, 916, 326, 4, 314, 1230, 1505, 69, 702, 572, 1225, 1256, 206, 818, 1087, 642, 898, 560]","[1183, 314, 702, 1087]"
joint,8,123,101,30,30,1.3321805167303502,1.3146738237710451,"[1516, 188, 29, 1183, 1352, 1444, 1195, 1348, 1514, 557, 1120, 279, 119, 1055, 530, 916, 326, 4, 314, 1230, 1505, 69, 702, 572, 1225, 1256, 206, 818, 1087, 642, 898, 560]","[1183, 314, 702, 1087]"
joint,19,123,101,30,0,0.8330948645346474,0.8330948645346474,"[1516, 188, 29, 1183, 1352, 1444, 1195, 1348, 1514, 557, 1120, 279, 119, 1055, 530, 916, 326, 4, 314, 1230, 1505, 69, 702, 572, 1225, 1256, 206, 818, 1087, 642, 898, 560]","[1183, 314, 702, 1087]"
joint,3,123,101,31,3,2.4988362885882367,1.8306401092696802,"[165, 146, 15, 406, 529, 1498, 1375, 173, 102, 934, 1059, 877, 1473, 1451, 584, 1170, 808, 873, 1366, 58, 1180, 272, 861, 80, 1296, 248, 866, 894, 1066, 233, 1458, 806]","[406, 1473, 1366, 58]"
joint,8,123,101,31,2,2.054096074999066,1.6877040463882764,"[165, 146, 15, 406, 529, 1498, 1375, 173, 102, 934, 1059, 877, 1473, 1451, 584, 1170, 808, 873, 1366, 58, 1180, 272, 861, 80, 1296, 248, 866, 894, 1066, 233, 1458, 806]","[406, 1473, 1366, 58]"
joint,19,123,101,31,3,1.7885193165659672,1.015072816166949,"[165, 146, 15, 406, 529, 1498, 1375, 173, 102, 934, 1059, 877, 1473, 1451, 584, 1170, 808, 873, 1366, 58, 1180, 272, 861, 80, 1296, 248, 866, 894, 1066, 233, 1458, 806]","[406, 1473, 1366, 58]"
joint,3,123,101,32,20,2.9407913848327922,1.7322779346162953,"[935, 574, 1333, 490, 725, 1519, 1491, 1107, 442, 1478, 1368, 264, 338, 1207, 582, 1534, 826, 728, 1035, 1057, 53, 807, 1374, 687, 997, 392, 1435, 86, 874, 441, 989, 710]","[935, 1057, 441, 989]"
joint,8,123,101,32,15,2.541248024183247,1.7629202174866805,"[935, 574, 1333, 490, 725, 1519, 1491, 1107, 442, 1478, 1368, 264, 338, 1207, 582, 1534, 826, 728, 1035, 1057, 53, 807, 1374, 687, 997, 392, 1435, 86, 874, 441, 989, 710]","[935, 1057, 441, 989]"
joint,19,123,101,32,30,2.062548973998801,0.9185416132650204,"[935, 574, 1333, 490, 725, 1519, 1491, 1107, 442, 1478, 1368, 264, 338, 1207, 582, 1534, 826, 728, 1035, 1057, 53, 807, 1374, 687, 997, 392, 1435, 86, 874, 441, 989, 710]","[935, 1057, 441, 989]"
joint,3,124,102,1,0,0.33544679189056925,0.33544679189056925,"[1176, 8, 1323, 1422, 404, 1042, 271, 251, 1071, 360, 776, 1064, 743, 268, 1251, 167, 512, 1266, 1364, 1299, 209, 739, 1226, 908, 1527, 714, 768, 103, 189, 396, 1084, 499]","[1071, 776, 1251, 167]"
joint,8,124,102,1,0,0.5121686041550255,0.5121686041550255,"[1176, 8, 1323, 1422, 404, 1042, 271, 251, 1071, 360, 776, 1064, 743, 268, 1251, 167, 512, 1266, 1364, 1299, 209, 739, 1226, 908, 1527, 714, 768, 103, 189, 396, 1084, 499]","[1071, 776, 1251, 167]"
joint,19,124,102,1,0,0.32675924027024905,0.32675924027024905,"[1176, 8, 1323, 1422, 404, 1042, 271, 251, 1071, 360, 776, 1064, 743, 268, 1251, 167, 512, 1266, 1364, 1299, 209, 739, 1226, 908, 1527, 714, 768, 103, 189, 396, 1084, 499]","[1071, 776, 1251, 167]"
joint,3,124,102,2,30,3.1150127604119575,0.8304603727379458,"[830, 83, 854, 723, 1248, 231, 1204, 497, 952, 557, 70, 319, 765, 116, 210, 680, 725, 1233, 1235, 32, 1373, 487, 183, 65, 364, 1359, 1135, 797, 97, 663, 498, 1387]","[830, 854, 952, 70]"
joint,8,124,102,2,30,1.7615964019580055,0.708074514258044,"[830, 83, 854, 723, 1248, 231, 1204, 497, 952, 557, 70, 319, 765, 116, 210, 680, 725, 1233, 1235, 32, 1373, 487, 183, 65, 364, 1359, 1135, 797, 97, 663, 498, 1387]","[830, 854, 952, 70]"
joint,19,124,102,2,30,0.990574136111011,0.36350149184523506,"[830, 83, 854, 723, 1248, 231, 1204, 497, 952, 557, 70, 319, 765, 116, 210, 680, 725, 1233, 1235, 32, 1373, 487, 183, 65, 364, 1359, 1135, 797, 97, 663, 498, 1387]","[830, 854, 952, 70]"
joint,3,124,102,3,30,2.746663407606377,1.2166956598746452,"[1344, 123, 1516, 337, 343, 473, 1060, 1188, 901, 141, 1398, 1413, 1383, 767, 1258, 975, 305, 1184, 465, 1388, 1396, 1394, 1460, 1409, 1174, 1253, 44, 1231, 820, 1027, 1228, 532]","[1060, 1413, 1184, 1174]"
joint,8,124,102,3,30,2.0619904991891786,1.028560268806416,"[1344, 123, 1516, 337, 343, 473, 1060, 1188, 901, 141, 1398, 1413, 1383, 767, 1258, 975, 305, 1184, 465, 1388, 1396, 1394, 1460, 1409, 1174, 1253, 44, 1231, 820, 1027, 1228, 532]","[1060, 1413, 1184, 1174]"
joint,19,124,102,3,30,0.954658004063365,0.45460029362462606,"[1344, 123, 1516, 337, 343, 473, 1060, 1188, 901, 141, 1398, 1413, 1383, 767, 1258, 975, 305, 1184, 465, 1388, 1396, 1394, 1460, 1409, 1174, 1253, 44, 1231, 820, 1027, 1228, 532]","[1060, 1413, 1184, 1174]"
joint,3,124,102,4,30,2.160265367347634,1.0685511619377763,"[798, 1180, 976, 1386, 1103, 521, 849, 461, 227, 338, 147, 477, 131, 166, 1254, 750, 864, 1302, 1155, 341, 559, 361, 322, 648, 1439, 451, 1109, 674, 72, 85, 349, 1345]","[976, 341, 648, 674]"
joint,8,124,102,4,30,1.8480103311576954,1.0401428344248984,"[798, 1180, 976, 1386, 1103, 521, 849, 461, 227, 338, 147, 477, 131, 166, 1254, 750, 864, 1302, 1155, 341, 559, 361, 322, 648, 1439, 451, 1109, 674, 72, 85, 349, 1345]","[976, 341, 648, 674]"
joint,19,124,102,4,30,1.6863705406431109,1.1075783306696962,"[798, 1180, 976, 1386, 1103, 521, 849, 461, 227, 338, 147, 477, 131, 166, 1254, 750, 864, 1302, 1155, 341, 559, 361, 322, 648, 1439, 451, 1109, 674, 72, 85, 349, 1345]","[976, 341, 648, 674]"
joint,3,124,102,5,30,6.2147629685834005,1.1404253281913412,"[169, 522, 13, 538, 823, 1306, 810, 684, 294, 930, 212, 840, 624, 432, 514, 988, 568, 1534, 391, 172, 1002, 1249, 1179, 254, 838, 1247, 927, 348, 877, 1026, 1418, 1095]","[840, 568, 391, 1418]"
joint,8,124,102,5,30,5.194303136009935,1.1141106417734399,"[169, 522, 13, 538, 823, 1306, 810, 684, 294, 930, 212, 840, 624, 432, 514, 988, 568, 1534, 391, 172, 1002, 1249, 1179, 254, 838, 1247, 927, 348, 877, 1026, 1418, 1095]","[840, 568, 391, 1418]"
joint,19,124,102,5,30,3.753146995226018,0.5253725157372777,"[169, 522, 13, 538, 823, 1306, 810, 684, 294, 930, 212, 840, 624, 432, 514, 988, 568, 1534, 391, 172, 1002, 1249, 1179, 254, 838, 1247, 927, 348, 877, 1026, 1418, 1095]","[840, 568, 391, 1418]"
joint,3,124,102,6,30,1.637022769071848,1.1874636375291772,"[640, 596, 1513, 893, 1224, 1132, 940, 106, 165, 437, 122, 1237, 171, 145, 1462, 717, 1494, 111, 1287, 815, 1335, 35, 1528, 1054, 1205, 1483, 727, 1310, 807, 211, 642, 800]","[437, 1237, 171, 815]"
joint,8,124,102,6,30,1.342434249892566,0.9603373753863167,"[640, 596, 1513, 893, 1224, 1132, 940, 106, 165, 437, 122, 1237, 171, 145, 1462, 717, 1494, 111, 1287, 815, 1335, 35, 1528, 1054, 1205, 1483, 727, 1310, 807, 211, 642, 800]","[437, 1237, 171, 815]"
joint,19,124,102,6,30,0.598813345557133,0.43898389911362656,"[640, 596, 1513, 893, 1224, 1132, 940, 106, 165, 437, 122, 1237, 171, 145, 1462, 717, 1494, 111, 1287, 815, 1335, 35, 1528, 1054, 1205, 1483, 727, 1310, 807, 211, 642, 800]","[437, 1237, 171, 815]"
joint,3,124,102,7,30,2.5264660814227824,0.9968548374251647,"[234, 238, 1466, 890, 1328, 1476, 936, 1172, 1311, 301, 295, 1146, 214, 1119, 529, 1055, 516, 456, 429, 215, 355, 49, 1464, 1317, 352, 1006, 696, 333, 1288, 339, 1082, 1169]","[1476, 1006, 696, 339]"
joint,8,124,102,7,28,1.8433957794654958,1.004462821365653,"[234, 238, 1466, 890, 1328, 1476, 936, 1172, 1311, 301, 295, 1146, 214, 1119, 529, 1055, 516, 456, 429, 215, 355, 49, 1464, 1317, 352, 1006, 696, 333, 1288, 339, 1082, 1169]","[1476, 1006, 696, 339]"
joint,19,124,102,7,28,1.4267348025462105,0.45482027165877525,"[234, 238, 1466, 890, 1328, 1476, 936, 1172, 1311, 301, 295, 1146, 214, 1119, 529, 1055, 516, 456, 429, 215, 355, 49, 1464, 1317, 352, 1006, 696, 333, 1288, 339, 1082, 1169]","[1476, 1006, 696, 339]"
joint,3,124,102,8,30,1.2932209882682315,0.7637202387677497,"[660, 494, 160, 844, 525, 959, 1358, 1336, 399, 281, 1154, 1274, 474, 95, 828, 1493, 875, 1125, 467, 628, 670, 742, 713, 802, 677, 1447, 129, 567, 135, 357, 430, 1191]","[1336, 281, 474, 430]"
joint,8,124,102,8,30,1.1876151649341615,0.861966726315643,"[660, 494, 160, 844, 525, 959, 1358, 1336, 399, 281, 1154, 1274, 474, 95, 828, 1493, 875, 1125, 467, 628, 670, 742, 713, 802, 677, 1447, 129, 567, 135, 357, 430, 1191]","[1336, 281, 474, 430]"
joint,19,124,102,8,28,0.6527264468206795,0.42706844595040483,"[660, 494, 160, 844, 525, 959, 1358, 1336, 399, 281, 1154, 1274, 474, 95, 828, 1493, 875, 1125, 467, 628, 670, 742, 713, 802, 677, 1447, 129, 567, 135, 357, 430, 1191]","[1336, 281, 474, 430]"
joint,3,124,102,9,30,3.0620870782040583,1.4873343318498797,"[18, 1526, 1213, 1372, 150, 651, 572, 127, 1016, 366, 1044, 916, 1009, 173, 108, 1070, 625, 300, 738, 689, 24, 511, 1065, 928, 818, 1198, 518, 205, 1024, 1421, 652, 1416]","[1372, 173, 625, 928]"
joint,8,124,102,9,7,2.6661987953389286,1.4346954082907502,"[18, 1526, 1213, 1372, 150, 651, 572, 127, 1016, 366, 1044, 916, 1009, 173, 108, 1070, 625, 300, 738, 689, 24, 511, 1065, 928, 818, 1198, 518, 205, 1024, 1421, 652, 1416]","[1372, 173, 625, 928]"
joint,19,124,102,9,4,2.2095532518878827,0.9779271454636387,"[18, 1526, 1213, 1372, 150, 651, 572, 127, 1016, 366, 1044, 916, 1009, 173, 108, 1070, 625, 300, 738, 689, 24, 511, 1065, 928, 818, 1198, 518, 205, 1024, 1421, 652, 1416]","[1372, 173, 625, 928]"
joint,3,124,102,10,30,4.541026835501512,0.9725035409292104,"[852, 1029, 1051, 59, 277, 124, 1212, 658, 479, 913, 1137, 302, 332, 957, 185, 489, 1458, 685, 1187, 973, 471, 327, 613, 1223, 1257, 405, 745, 762, 1435, 545, 791, 570]","[852, 59, 957, 1257]"
joint,8,124,102,10,30,2.630557088263245,0.9717526564485617,"[852, 1029, 1051, 59, 277, 124, 1212, 658, 479, 913, 1137, 302, 332, 957, 185, 489, 1458, 685, 1187, 973, 471, 327, 613, 1223, 1257, 405, 745, 762, 1435, 545, 791, 570]","[852, 59, 957, 1257]"
joint,19,124,102,10,30,2.8159772280446873,0.4474214201831268,"[852, 1029, 1051, 59, 277, 124, 1212, 658, 479, 913, 1137, 302, 332, 957, 185, 489, 1458, 685, 1187, 973, 471, 327, 613, 1223, 1257, 405, 745, 762, 1435, 545, 791, 570]","[852, 59, 957, 1257]"
joint,3,124,102,11,10,1.031046153279707,0.9224047350620737,"[710, 415, 230, 691, 233, 822, 882, 754, 1130, 886, 88, 635, 248, 1000, 286, 1424, 1142, 615, 860, 1295, 56, 891, 676, 986, 463, 722, 149, 403, 582, 618, 1453, 1434]","[822, 860, 722, 582]"
joint,8,124,102,11,30,1.0382861621348098,0.7984909981130137,"[710, 415, 230, 691, 233, 822, 882, 754, 1130, 886, 88, 635, 248, 1000, 286, 1424, 1142, 615, 860, 1295, 56, 891, 676, 986, 463, 722, 149, 403, 582, 618, 1453, 1434]","[822, 860, 722, 582]"
joint,19,124,102,11,30,0.5267633825570535,0.3578350223299731,"[710, 415, 230, 691, 233, 822, 882, 754, 1130, 886, 88, 635, 248, 1000, 286, 1424, 1142, 615, 860, 1295, 56, 891, 676, 986, 463, 722, 149, 403, 582, 618, 1453, 1434]","[822, 860, 722, 582]"
joint,3,124,102,12,10,1.1290173213009354,0.9405050273350213,"[483, 544, 226, 110, 1214, 578, 186, 527, 279, 629, 1438, 468, 96, 780, 585, 1482, 960, 709, 734, 1272, 433, 53, 335, 977, 728, 523, 1350, 836, 764, 1004, 1452, 949]","[1438, 433, 728, 836]"
joint,8,124,102,12,2,0.9215443721788894,0.8343159275198992,"[483, 544, 226, 110, 1214, 578, 186, 527, 279, 629, 1438, 468, 96, 780, 585, 1482, 960, 709, 734, 1272, 433, 53, 335, 977, 728, 523, 1350, 836, 764, 1004, 1452, 949]","[1438, 433, 728, 836]"
joint,19,124,102,12,2,0.482406769780269,0.37447350241663546,"[483, 544, 226, 110, 1214, 578, 186, 527, 279, 629, 1438, 468, 96, 780, 585, 1482, 960, 709, 734, 1272, 433, 53, 335, 977, 728, 523, 1350, 836, 764, 1004, 1452, 949]","[1438, 433, 728, 836]"
joint,3,124,102,13,5,2.344340227420844,1.4940250792167866,"[219, 478, 1110, 690, 428, 38, 1480, 1153, 724, 661, 833, 74, 1243, 422, 540, 573, 1314, 115, 87, 1320, 946, 1111, 1261, 1360, 1022, 1040, 610, 1131, 385, 246, 502, 869]","[219, 690, 724, 74]"
joint,8,124,102,13,11,1.7058158354682433,1.1456896737215096,"[219, 478, 1110, 690, 428, 38, 1480, 1153, 724, 661, 833, 74, 1243, 422, 540, 573, 1314, 115, 87, 1320, 946, 1111, 1261, 1360, 1022, 1040, 610, 1131, 385, 246, 502, 869]","[219, 690, 724, 74]"
joint,19,124,102,13,23,0.9863169208021105,0.7632145537815092,"[219, 478, 1110, 690, 428, 38, 1480, 1153, 724, 661, 833, 74, 1243, 422, 540, 573, 1314, 115, 87, 1320, 946, 1111, 1261, 1360, 1022, 1040, 610, 1131, 385, 246, 502, 869]","[219, 690, 724, 74]"
joint,3,124,102,14,30,4.095027610231739,2.052610563098426,"[1290, 832, 1094, 1079, 720, 1100, 974, 190, 528, 1276, 1159, 488, 486, 1353, 86, 443, 1376, 146, 1208, 1031, 267, 1405, 963, 365, 1077, 1417, 1078, 109, 1415, 1038, 142, 1166]","[974, 1405, 1038, 1166]"
joint,8,124,102,14,5,3.088836145930145,1.6993294245136354,"[1290, 832, 1094, 1079, 720, 1100, 974, 190, 528, 1276, 1159, 488, 486, 1353, 86, 443, 1376, 146, 1208, 1031, 267, 1405, 963, 365, 1077, 1417, 1078, 109, 1415, 1038, 142, 1166]","[974, 1405, 1038, 1166]"
joint,19,124,102,14,20,2.9291930400106594,0.9011374520826081,"[1290, 832, 1094, 1079, 720, 1100, 974, 190, 528, 1276, 1159, 488, 486, 1353, 86, 443, 1376, 146, 1208, 1031, 267, 1405, 963, 365, 1077, 1417, 1078, 109, 1415, 1038, 142, 1166]","[974, 1405, 1038, 1166]"
joint,3,124,102,15,5,2.1512947447691317,1.5116026369007933,"[987, 950, 1446, 401, 1098, 1242, 392, 68, 287, 1461, 7, 700, 159, 1011, 598, 566, 427, 921, 264, 668, 5, 99, 592, 1316, 120, 321, 895, 789, 1399, 779, 873, 650]","[1461, 264, 779, 650]"
joint,8,124,102,15,30,1.8789728020729086,1.3778128736957207,"[987, 950, 1446, 401, 1098, 1242, 392, 68, 287, 1461, 7, 700, 159, 1011, 598, 566, 427, 921, 264, 668, 5, 99, 592, 1316, 120, 321, 895, 789, 1399, 779, 873, 650]","[1461, 264, 779, 650]"
joint,19,124,102,15,30,1.125311248105632,0.8138487676668298,"[987, 950, 1446, 401, 1098, 1242, 392, 68, 287, 1461, 7, 700, 159, 1011, 598, 566, 427, 921, 264, 668, 5, 99, 592, 1316, 120, 321, 895, 789, 1399, 779, 873, 650]","[1461, 264, 779, 650]"
joint,3,124,102,16,0,1.671959435958403,1.671959435958403,"[245, 459, 1210, 749, 543, 1076, 1449, 595, 1363, 999, 829, 641, 575, 1250, 1282, 1308, 351, 989, 1171, 885, 1001, 1333, 1289, 1128, 1279, 1535, 607, 850, 417, 1412, 462, 1348]","[1250, 351, 885, 1279]"
joint,8,124,102,16,1,1.433425487831503,1.3942320189328257,"[245, 459, 1210, 749, 543, 1076, 1449, 595, 1363, 999, 829, 641, 575, 1250, 1282, 1308, 351, 989, 1171, 885, 1001, 1333, 1289, 1128, 1279, 1535, 607, 850, 417, 1412, 462, 1348]","[1250, 351, 885, 1279]"
joint,19,124,102,16,25,0.8641590709943081,0.819623314790082,"[245, 459, 1210, 749, 543, 1076, 1449, 595, 1363, 999, 829, 641, 575, 1250, 1282, 1308, 351, 989, 1171, 885, 1001, 1333, 1289, 1128, 1279, 1535, 607, 850, 417, 1412, 462, 1348]","[1250, 351, 885, 1279]"
joint,3,124,102,17,2,1.856935929333705,1.5244980933080683,"[452, 249, 1015, 359, 475, 1457, 853, 501, 1133, 420, 315, 330, 1234, 1134, 634, 1400, 733, 1489, 564, 513, 1514, 669, 1444, 558, 1229, 130, 638, 763, 1017, 84, 548, 1102]","[359, 1489, 558, 638]"
joint,8,124,102,17,3,1.4993336994246853,1.2896966078261336,"[452, 249, 1015, 359, 475, 1457, 853, 501, 1133, 420, 315, 330, 1234, 1134, 634, 1400, 733, 1489, 564, 513, 1514, 669, 1444, 558, 1229, 130, 638, 763, 1017, 84, 548, 1102]","[359, 1489, 558, 638]"
joint,19,124,102,17,30,0.8735551987299495,0.6461144299339345,"[452, 249, 1015, 359, 475, 1457, 853, 501, 1133, 420, 315, 330, 1234, 1134, 634, 1400, 733, 1489, 564, 513, 1514, 669, 1444, 558, 1229, 130, 638, 763, 1017, 84, 548, 1102]","[359, 1489, 558, 638]"
joint,3,124,102,18,2,1.595838301437439,1.5414026170290214,"[1116, 379, 574, 446, 92, 47, 368, 569, 593, 22, 1222, 296, 884, 1161, 672, 414, 188, 971, 176, 6, 77, 289, 57, 36, 588, 686, 1392, 1056, 812, 1365, 423, 426]","[569, 672, 36, 423]"
joint,8,124,102,18,22,1.3972021785003221,1.2419099207459254,"[1116, 379, 574, 446, 92, 47, 368, 569, 593, 22, 1222, 296, 884, 1161, 672, 414, 188, 971, 176, 6, 77, 289, 57, 36, 588, 686, 1392, 1056, 812, 1365, 423, 426]","[569, 672, 36, 423]"
joint,19,124,102,18,22,0.7250461669873971,0.6038158152798339,"[1116, 379, 574, 446, 92, 47, 368, 569, 593, 22, 1222, 296, 884, 1161, 672, 414, 188, 971, 176, 6, 77, 289, 57, 36, 588, 686, 1392, 1056, 812, 1365, 423, 426]","[569, 672, 36, 423]"
joint,3,124,102,19,0,1.7048020630769294,1.7048020630769294,"[1355, 926, 1531, 11, 766, 1114, 406, 236, 550, 218, 662, 924, 982, 805, 842, 781, 504, 1509, 213, 1381, 283, 907, 721, 678, 1337, 591, 69, 533, 1183, 1341, 1164, 961]","[1531, 805, 1337, 1341]"
joint,8,124,102,19,1,1.547392757151158,1.4512555673246084,"[1355, 926, 1531, 11, 766, 1114, 406, 236, 550, 218, 662, 924, 982, 805, 842, 781, 504, 1509, 213, 1381, 283, 907, 721, 678, 1337, 591, 69, 533, 1183, 1341, 1164, 961]","[1531, 805, 1337, 1341]"
joint,19,124,102,19,2,0.7637067506919131,0.6908850915754101,"[1355, 926, 1531, 11, 766, 1114, 406, 236, 550, 218, 662, 924, 982, 805, 842, 781, 504, 1509, 213, 1381, 283, 907, 721, 678, 1337, 591, 69, 533, 1183, 1341, 1164, 961]","[1531, 805, 1337, 1341]"
joint,3,124,102,20,16,2.3748372290452977,1.8999447411981834,"[735, 809, 1101, 747, 701, 1138, 1160, 133, 42, 637, 372, 1283, 221, 606, 621, 597, 914, 524, 1199, 324, 1061, 34, 1136, 436, 1280, 773, 1327, 737, 464, 1112, 910, 1473]","[735, 1283, 1327, 910]"
joint,8,124,102,20,20,2.3429095117670755,1.6135069394135968,"[735, 809, 1101, 747, 701, 1138, 1160, 133, 42, 637, 372, 1283, 221, 606, 621, 597, 914, 524, 1199, 324, 1061, 34, 1136, 436, 1280, 773, 1327, 737, 464, 1112, 910, 1473]","[735, 1283, 1327, 910]"
joint,19,124,102,20,27,1.1479611589825822,0.7515755423819996,"[735, 809, 1101, 747, 701, 1138, 1160, 133, 42, 637, 372, 1283, 221, 606, 621, 597, 914, 524, 1199, 324, 1061, 34, 1136, 436, 1280, 773, 1327, 737, 464, 1112, 910, 1473]","[735, 1283, 1327, 910]"
joint,3,124,102,21,3,1.979762270341098,1.7329782131014895,"[138, 1397, 1270, 93, 255, 200, 1370, 1357, 408, 1123, 216, 594, 28, 897, 137, 761, 1028, 1385, 434, 551, 52, 41, 939, 693, 1485, 612, 1087, 831, 517, 1074, 542, 1488]","[93, 255, 216, 542]"
joint,8,124,102,21,6,1.9390643335291315,1.6823076496368685,"[138, 1397, 1270, 93, 255, 200, 1370, 1357, 408, 1123, 216, 594, 28, 897, 137, 761, 1028, 1385, 434, 551, 52, 41, 939, 693, 1485, 612, 1087, 831, 517, 1074, 542, 1488]","[93, 255, 216, 542]"
joint,19,124,102,21,8,0.930552666708909,0.8001749666928504,"[138, 1397, 1270, 93, 255, 200, 1370, 1357, 408, 1123, 216, 594, 28, 897, 137, 761, 1028, 1385, 434, 551, 52, 41, 939, 693, 1485, 612, 1087, 831, 517, 1074, 542, 1488]","[93, 255, 216, 542]"
joint,3,124,102,22,1,1.7372539310074444,1.7073643035039368,"[1510, 581, 318, 1173, 1448, 1145, 645, 912, 1484, 1162, 243, 1463, 847, 383, 1334, 362, 1106, 951, 270, 962, 792, 1529, 113, 699, 237, 835, 1181, 46, 472, 323, 416, 682]","[270, 792, 835, 323]"
joint,8,124,102,22,2,1.7459961512263504,1.6495725292125485,"[1510, 581, 318, 1173, 1448, 1145, 645, 912, 1484, 1162, 243, 1463, 847, 383, 1334, 362, 1106, 951, 270, 962, 792, 1529, 113, 699, 237, 835, 1181, 46, 472, 323, 416, 682]","[270, 792, 835, 323]"
joint,19,124,102,22,1,0.8686898744133629,0.7489295133622278,"[1510, 581, 318, 1173, 1448, 1145, 645, 912, 1484, 1162, 243, 1463, 847, 383, 1334, 362, 1106, 951, 270, 962, 792, 1529, 113, 699, 237, 835, 1181, 46, 472, 323, 416, 682]","[270, 792, 835, 323]"
joint,3,124,102,23,1,1.6874584195293245,1.6589220691315099,"[1459, 484, 571, 863, 1382, 325, 1325, 1264, 1202, 757, 345, 275, 1091, 1431, 374, 1456, 1515, 1175, 1156, 806, 179, 442, 944, 577, 1168, 719, 90, 438, 646, 386, 964, 1269]","[484, 325, 374, 386]"
joint,8,124,102,23,2,1.7371446939416728,1.576380886419006,"[1459, 484, 571, 863, 1382, 325, 1325, 1264, 1202, 757, 345, 275, 1091, 1431, 374, 1456, 1515, 1175, 1156, 806, 179, 442, 944, 577, 1168, 719, 90, 438, 646, 386, 964, 1269]","[484, 325, 374, 386]"
joint,19,124,102,23,17,0.8390884401674299,0.6311044553494902,"[1459, 484, 571, 863, 1382, 325, 1325, 1264, 1202, 757, 345, 275, 1091, 1431, 374, 1456, 1515, 1175, 1156, 806, 179, 442, 944, 577, 1168, 719, 90, 438, 646, 386, 964, 1269]","[484, 325, 374, 386]"
joint,3,124,102,24,4,1.7291387546446373,1.4008190169688852,"[1225, 1352, 1362, 889, 411, 425, 1472, 1368, 887, 616, 381, 1481, 304, 1206, 1332, 223, 1402, 1496, 1049, 783, 12, 1508, 152, 269, 932, 397, 195, 177, 878, 15, 703, 649]","[1362, 1481, 15, 649]"
joint,8,124,102,24,2,1.673449257923096,1.512195334060383,"[1225, 1352, 1362, 889, 411, 425, 1472, 1368, 887, 616, 381, 1481, 304, 1206, 1332, 223, 1402, 1496, 1049, 783, 12, 1508, 152, 269, 932, 397, 195, 177, 878, 15, 703, 649]","[1362, 1481, 15, 649]"
joint,19,124,102,24,1,0.6887723728873993,0.5702212654318011,"[1225, 1352, 1362, 889, 411, 425, 1472, 1368, 887, 616, 381, 1481, 304, 1206, 1332, 223, 1402, 1496, 1049, 783, 12, 1508, 152, 269, 932, 397, 195, 177, 878, 15, 703, 649]","[1362, 1481, 15, 649]"
joint,3,124,102,25,0,1.406246341478564,1.406246341478564,"[235, 377, 632, 58, 143, 871, 804, 30, 718, 1048, 117, 424, 506, 909, 1530, 180, 1296, 941, 1158, 915, 371, 1035, 563, 1093, 1436, 657, 904, 520, 107, 1273, 552, 94]","[909, 1158, 1436, 1273]"
joint,8,124,102,25,3,1.5572031052855415,1.4227191336034508,"[235, 377, 632, 58, 143, 871, 804, 30, 718, 1048, 117, 424, 506, 909, 1530, 180, 1296, 941, 1158, 915, 371, 1035, 563, 1093, 1436, 657, 904, 520, 107, 1273, 552, 94]","[909, 1158, 1436, 1273]"
joint,19,124,102,25,0,0.6271684390945325,0.6271684390945325,"[235, 377, 632, 58, 143, 871, 804, 30, 718, 1048, 117, 424, 506, 909, 1530, 180, 1296, 941, 1158, 915, 371, 1035, 563, 1093, 1436, 657, 904, 520, 107, 1273, 552, 94]","[909, 1158, 1436, 1273]"
joint,3,124,102,26,0,1.4468406129255165,1.4468406129255165,"[785, 845, 98, 1504, 1356, 1117, 1167, 1517, 1069, 455, 857, 297, 925, 1157, 500, 1240, 1347, 978, 311, 707, 1260, 1256, 259, 562, 1487, 457, 1063, 870, 402, 1478, 756, 1281]","[1167, 925, 259, 1063]"
joint,8,124,102,26,14,1.491381467459835,1.4065457311022698,"[785, 845, 98, 1504, 1356, 1117, 1167, 1517, 1069, 455, 857, 297, 925, 1157, 500, 1240, 1347, 978, 311, 707, 1260, 1256, 259, 562, 1487, 457, 1063, 870, 402, 1478, 756, 1281]","[1167, 925, 259, 1063]"
joint,19,124,102,26,27,0.6645834681038565,0.5411047346800082,"[785, 845, 98, 1504, 1356, 1117, 1167, 1517, 1069, 455, 857, 297, 925, 1157, 500, 1240, 1347, 978, 311, 707, 1260, 1256, 259, 562, 1487, 457, 1063, 870, 402, 1478, 756, 1281]","[1167, 925, 259, 1063]"
joint,3,124,102,27,0,1.4978732634709253,1.4978732634709253,"[1148, 505, 114, 1246, 389, 814, 1339, 1032, 410, 495, 1477, 855, 955, 61, 1525, 1440, 1367, 1263, 817, 482, 1285, 163, 546, 250, 1498, 1268, 1090, 687, 1403, 1216, 1441, 1523]","[389, 955, 1440, 163]"
joint,8,124,102,27,3,1.4810289324735244,1.3793078847901512,"[1148, 505, 114, 1246, 389, 814, 1339, 1032, 410, 495, 1477, 855, 955, 61, 1525, 1440, 1367, 1263, 817, 482, 1285, 163, 546, 250, 1498, 1268, 1090, 687, 1403, 1216, 1441, 1523]","[389, 955, 1440, 163]"
joint,19,124,102,27,0,0.5608127306405208,0.5608127306405208,"[1148, 505, 114, 1246, 389, 814, 1339, 1032, 410, 495, 1477, 855, 955, 61, 1525, 1440, 1367, 1263, 817, 482, 1285, 163, 546, 250, 1498, 1268, 1090, 687, 1403, 1216, 1441, 1523]","[389, 955, 1440, 163]"
joint,3,124,102,28,0,1.5625329705435185,1.5625329705435185,"[1, 1377, 614, 126, 644, 770, 187, 168, 1221, 453, 119, 20, 476, 139, 204, 1039, 1220, 1277, 62, 445, 1393, 752, 692, 1053, 997, 1163, 539, 293, 1096, 481, 665, 492]","[644, 187, 204, 665]"
joint,8,124,102,28,0,1.436495016159725,1.436495016159725,"[1, 1377, 614, 126, 644, 770, 187, 168, 1221, 453, 119, 20, 476, 139, 204, 1039, 1220, 1277, 62, 445, 1393, 752, 692, 1053, 997, 1163, 539, 293, 1096, 481, 665, 492]","[644, 187, 204, 665]"
joint,19,124,102,28,0,0.6133755820430657,0.6133755820430657,"[1, 1377, 614, 126, 644, 770, 187, 168, 1221, 453, 119, 20, 476, 139, 204, 1039, 1220, 1277, 62, 445, 1393, 752, 692, 1053, 997, 1163, 539, 293, 1096, 481, 665, 492]","[644, 187, 204, 665]"
joint,3,124,102,29,1,1.6467903372882837,1.6288495311993216,"[1075, 164, 31, 1058, 199, 1518, 1505, 1512, 1147, 1442, 400, 156, 1008, 1419, 1502, 1207, 794, 4, 1340, 1492, 784, 509, 1127, 1305, 993, 790, 954, 1200, 1197, 354, 1307, 716]","[1512, 156, 1502, 784]"
joint,8,124,102,29,2,1.5112128008831043,1.4137391181593024,"[1075, 164, 31, 1058, 199, 1518, 1505, 1512, 1147, 1442, 400, 156, 1008, 1419, 1502, 1207, 794, 4, 1340, 1492, 784, 509, 1127, 1305, 993, 790, 954, 1200, 1197, 354, 1307, 716]","[1512, 156, 1502, 784]"
joint,19,124,102,29,1,0.7330455349767817,0.703691740459508,"[1075, 164, 31, 1058, 199, 1518, 1505, 1512, 1147, 1442, 400, 156, 1008, 1419, 1502, 1207, 794, 4, 1340, 1492, 784, 509, 1127, 1305, 993, 790, 954, 1200, 1197, 354, 1307, 716]","[1512, 156, 1502, 784]"
joint,3,124,102,30,0,1.7126169799770743,1.7126169799770743,"[547, 81, 369, 653, 316, 288, 1092, 866, 605, 580, 63, 643, 556, 1395, 1471, 1118, 170, 285, 136, 1532, 1500, 1244, 843, 1122, 342, 194, 1190, 1033, 587, 280, 1429, 816]","[1092, 285, 1244, 280]"
joint,8,124,102,30,0,1.4871953063027519,1.4871953063027519,"[547, 81, 369, 653, 316, 288, 1092, 866, 605, 580, 63, 643, 556, 1395, 1471, 1118, 170, 285, 136, 1532, 1500, 1244, 843, 1122, 342, 194, 1190, 1033, 587, 280, 1429, 816]","[1092, 285, 1244, 280]"
joint,19,124,102,30,26,0.8843977025471759,0.7594932689599752,"[547, 81, 369, 653, 316, 288, 1092, 866, 605, 580, 63, 643, 556, 1395, 1471, 1118, 170, 285, 136, 1532, 1500, 1244, 843, 1122, 342, 194, 1190, 1033, 587, 280, 1429, 816]","[1092, 285, 1244, 280]"
joint,3,124,102,31,0,1.8328696247732559,1.8328696247732559,"[198, 531, 1293, 1252, 134, 1503, 970, 1451, 290, 78, 736, 276, 299, 769, 19, 121, 601, 1057, 647, 144, 679, 579, 1369, 157, 972, 1351, 460, 485, 905, 448, 1414, 334]","[299, 144, 679, 448]"
joint,8,124,102,31,0,1.5594239520368411,1.5594239520368411,"[198, 531, 1293, 1252, 134, 1503, 970, 1451, 290, 78, 736, 276, 299, 769, 19, 121, 601, 1057, 647, 144, 679, 579, 1369, 157, 972, 1351, 460, 485, 905, 448, 1414, 334]","[299, 144, 679, 448]"
joint,19,124,102,31,1,0.8780917899394218,0.8608008433898817,"[198, 531, 1293, 1252, 134, 1503, 970, 1451, 290, 78, 736, 276, 299, 769, 19, 121, 601, 1057, 647, 144, 679, 579, 1369, 157, 972, 1351, 460, 485, 905, 448, 1414, 334]","[299, 144, 679, 448]"
joint,3,124,102,32,0,1.9629481181887627,1.9629481181887627,"[741, 1284, 407, 376, 1177, 1432, 549, 698, 1236, 1486, 945, 2, 984, 708, 292, 611, 1107, 705, 1384, 75, 712, 1104, 421, 1182, 260, 841, 64, 623, 393, 1151, 664, 1265]","[376, 292, 712, 1151]"
joint,8,124,102,32,0,1.6151869390763274,1.6151869390763274,"[741, 1284, 407, 376, 1177, 1432, 549, 698, 1236, 1486, 945, 2, 984, 708, 292, 611, 1107, 705, 1384, 75, 712, 1104, 421, 1182, 260, 841, 64, 623, 393, 1151, 664, 1265]","[376, 292, 712, 1151]"
joint,19,124,102,32,0,0.9897583407405506,0.9897583407405506,"[741, 1284, 407, 376, 1177, 1432, 549, 698, 1236, 1486, 945, 2, 984, 708, 292, 611, 1107, 705, 1384, 75, 712, 1104, 421, 1182, 260, 841, 64, 623, 393, 1151, 664, 1265]","[376, 292, 712, 1151]"
joint,3,125,103,1,1,0.36721944497878756,0.3652232173237815,"[142, 926, 1046, 1382, 580, 1241, 45, 881, 201, 332, 213, 115, 243, 762, 754, 1386, 697, 305, 59, 170, 578, 80, 755, 108, 1039, 570, 176, 157, 790, 1478, 1120, 673]","[142, 1382, 881, 755]"
joint,8,125,103,1,0,0.5346298453045826,0.5346298453045826,"[142, 926, 1046, 1382, 580, 1241, 45, 881, 201, 332, 213, 115, 243, 762, 754, 1386, 697, 305, 59, 170, 578, 80, 755, 108, 1039, 570, 176, 157, 790, 1478, 1120, 673]","[142, 1382, 881, 755]"
joint,19,125,103,1,0,0.32194293581949385,0.32194293581949385,"[142, 926, 1046, 1382, 580, 1241, 45, 881, 201, 332, 213, 115, 243, 762, 754, 1386, 697, 305, 59, 170, 578, 80, 755, 108, 1039, 570, 176, 157, 790, 1478, 1120, 673]","[142, 1382, 881, 755]"
joint,3,125,103,2,0,3.069444196132281,3.069444196132281,"[611, 68, 194, 892, 369, 288, 1163, 392, 411, 946, 1473, 12, 1245, 704, 1459, 1275, 654, 698, 1454, 1131, 1135, 596, 1119, 1206, 1301, 89, 824, 1145, 564, 242, 1433, 384]","[194, 392, 946, 654]"
joint,8,125,103,2,0,1.6374020334362775,1.6374020334362775,"[611, 68, 194, 892, 369, 288, 1163, 392, 411, 946, 1473, 12, 1245, 704, 1459, 1275, 654, 698, 1454, 1131, 1135, 596, 1119, 1206, 1301, 89, 824, 1145, 564, 242, 1433, 384]","[194, 392, 946, 654]"
joint,19,125,103,2,1,1.3355579787176453,1.130438938721543,"[611, 68, 194, 892, 369, 288, 1163, 392, 411, 946, 1473, 12, 1245, 704, 1459, 1275, 654, 698, 1454, 1131, 1135, 596, 1119, 1206, 1301, 89, 824, 1145, 564, 242, 1433, 384]","[194, 392, 946, 654]"
joint,3,125,103,3,30,2.1063371656749865,0.7970233252633854,"[774, 838, 133, 816, 440, 334, 1345, 1284, 395, 1273, 1220, 341, 549, 531, 887, 1340, 977, 615, 1018, 1370, 256, 817, 940, 906, 1274, 240, 420, 983, 437, 807, 685, 1244]","[1345, 1284, 1370, 906]"
joint,8,125,103,3,30,1.9231454182282874,0.9563030557519632,"[774, 838, 133, 816, 440, 334, 1345, 1284, 395, 1273, 1220, 341, 549, 531, 887, 1340, 977, 615, 1018, 1370, 256, 817, 940, 906, 1274, 240, 420, 983, 437, 807, 685, 1244]","[1345, 1284, 1370, 906]"
joint,19,125,103,3,30,1.7460677741821655,0.8434467137921082,"[774, 838, 133, 816, 440, 334, 1345, 1284, 395, 1273, 1220, 341, 549, 531, 887, 1340, 977, 615, 1018, 1370, 256, 817, 940, 906, 1274, 240, 420, 983, 437, 807, 685, 1244]","[1345, 1284, 1370, 906]"
joint,3,125,103,4,29,5.2405487764701775,1.541850915357461,"[496, 388, 1427, 1134, 964, 1116, 175, 425, 185, 695, 971, 666, 370, 993, 1511, 1498, 195, 1140, 328, 377, 394, 1004, 387, 286, 229, 385, 508, 542, 383, 274, 1393, 620]","[1511, 394, 383, 1393]"
joint,8,125,103,4,30,2.8779222184617197,1.151453194776682,"[496, 388, 1427, 1134, 964, 1116, 175, 425, 185, 695, 971, 666, 370, 993, 1511, 1498, 195, 1140, 328, 377, 394, 1004, 387, 286, 229, 385, 508, 542, 383, 274, 1393, 620]","[1511, 394, 383, 1393]"
joint,19,125,103,4,6,2.0407131510912677,1.0828623773397794,"[496, 388, 1427, 1134, 964, 1116, 175, 425, 185, 695, 971, 666, 370, 993, 1511, 1498, 195, 1140, 328, 377, 394, 1004, 387, 286, 229, 385, 508, 542, 383, 274, 1393, 620]","[1511, 394, 383, 1393]"
joint,3,125,103,5,30,19.142775208413013,1.963943070219159,"[866, 1171, 367, 429, 844, 1186, 362, 939, 895, 664, 947, 1341, 1069, 1192, 83, 1525, 250, 1391, 491, 467, 181, 1170, 1503, 1036, 1467, 929, 284, 1325, 637, 1133, 969, 1167]","[844, 895, 1391, 491]"
joint,8,125,103,5,30,10.52735689430125,1.5306458575496578,"[866, 1171, 367, 429, 844, 1186, 362, 939, 895, 664, 947, 1341, 1069, 1192, 83, 1525, 250, 1391, 491, 467, 181, 1170, 1503, 1036, 1467, 929, 284, 1325, 637, 1133, 969, 1167]","[844, 895, 1391, 491]"
joint,19,125,103,5,25,5.839032386315239,0.8681034311011082,"[866, 1171, 367, 429, 844, 1186, 362, 939, 895, 664, 947, 1341, 1069, 1192, 83, 1525, 250, 1391, 491, 467, 181, 1170, 1503, 1036, 1467, 929, 284, 1325, 637, 1133, 969, 1167]","[844, 895, 1391, 491]"
joint,3,125,103,6,30,2.223596219067886,1.2684475144278622,"[1476, 34, 1339, 238, 770, 304, 657, 1327, 1286, 1361, 595, 1518, 76, 1082, 981, 1212, 431, 1331, 1219, 700, 1350, 1470, 1028, 1302, 78, 880, 1061, 253, 433, 327, 1335, 643]","[34, 238, 1028, 880]"
joint,8,125,103,6,30,1.8060497855118598,1.2364044075706175,"[1476, 34, 1339, 238, 770, 304, 657, 1327, 1286, 1361, 595, 1518, 76, 1082, 981, 1212, 431, 1331, 1219, 700, 1350, 1470, 1028, 1302, 78, 880, 1061, 253, 433, 327, 1335, 643]","[34, 238, 1028, 880]"
joint,19,125,103,6,30,1.1362414180380824,0.8665979500497656,"[1476, 34, 1339, 238, 770, 304, 657, 1327, 1286, 1361, 595, 1518, 76, 1082, 981, 1212, 431, 1331, 1219, 700, 1350, 1470, 1028, 1302, 78, 880, 1061, 253, 433, 327, 1335, 643]","[34, 238, 1028, 880]"
joint,3,125,103,7,30,1.4121126330835665,1.0739616826285925,"[376, 1297, 1289, 1207, 535, 309, 912, 424, 331, 1495, 823, 1202, 1482, 763, 1251, 18, 1169, 1488, 1197, 1012, 1164, 665, 793, 410, 722, 319, 57, 1224, 1442, 736, 1101, 66]","[1197, 1164, 736, 1101]"
joint,8,125,103,7,19,1.4574566201645354,1.1476619718173175,"[376, 1297, 1289, 1207, 535, 309, 912, 424, 331, 1495, 823, 1202, 1482, 763, 1251, 18, 1169, 1488, 1197, 1012, 1164, 665, 793, 410, 722, 319, 57, 1224, 1442, 736, 1101, 66]","[1197, 1164, 736, 1101]"
joint,19,125,103,7,2,1.0068167175761573,0.8477611189208716,"[376, 1297, 1289, 1207, 535, 309, 912, 424, 331, 1495, 823, 1202, 1482, 763, 1251, 18, 1169, 1488, 1197, 1012, 1164, 665, 793, 410, 722, 319, 57, 1224, 1442, 736, 1101, 66]","[1197, 1164, 736, 1101]"
joint,3,125,103,8,4,2.679183536673932,1.2981985913338718,"[992, 1002, 320, 812, 6, 1072, 112, 94, 889, 436, 1027, 110, 188, 1264, 312, 33, 1218, 1055, 63, 1009, 1144, 661, 323, 84, 405, 1208, 465, 474, 357, 955, 1217, 294]","[992, 6, 1072, 1055]"
joint,8,125,103,8,3,2.24232516035795,1.6077427918160225,"[992, 1002, 320, 812, 6, 1072, 112, 94, 889, 436, 1027, 110, 188, 1264, 312, 33, 1218, 1055, 63, 1009, 1144, 661, 323, 84, 405, 1208, 465, 474, 357, 955, 1217, 294]","[992, 6, 1072, 1055]"
joint,19,125,103,8,2,1.4740436736335063,0.8535424941244543,"[992, 1002, 320, 812, 6, 1072, 112, 94, 889, 436, 1027, 110, 188, 1264, 312, 33, 1218, 1055, 63, 1009, 1144, 661, 323, 84, 405, 1208, 465, 474, 357, 955, 1217, 294]","[992, 6, 1072, 1055]"
joint,3,125,103,9,30,2.6798839229590072,1.8544132201099934,"[114, 1524, 1384, 1188, 1489, 8, 150, 1049, 475, 143, 814, 217, 311, 449, 252, 1490, 776, 1328, 49, 1054, 277, 122, 347, 1195, 11, 165, 1267, 40, 572, 1334, 44, 442]","[1489, 449, 1490, 1267]"
joint,8,125,103,9,30,2.0810054619016682,1.3769282549216975,"[114, 1524, 1384, 1188, 1489, 8, 150, 1049, 475, 143, 814, 217, 311, 449, 252, 1490, 776, 1328, 49, 1054, 277, 122, 347, 1195, 11, 165, 1267, 40, 572, 1334, 44, 442]","[1489, 449, 1490, 1267]"
joint,19,125,103,9,30,1.2625609441320194,0.8006457507987399,"[114, 1524, 1384, 1188, 1489, 8, 150, 1049, 475, 143, 814, 217, 311, 449, 252, 1490, 776, 1328, 49, 1054, 277, 122, 347, 1195, 11, 165, 1267, 40, 572, 1334, 44, 442]","[1489, 449, 1490, 1267]"
joint,3,125,103,10,0,2.4716957244468745,2.4716957244468745,"[1108, 544, 1310, 1234, 936, 924, 1235, 109, 1469, 86, 343, 806, 464, 649, 477, 382, 772, 497, 709, 1484, 28, 126, 715, 1232, 904, 834, 1114, 775, 255, 1298, 1107, 693]","[544, 464, 709, 715]"
joint,8,125,103,10,0,1.5965003134030304,1.5965003134030304,"[1108, 544, 1310, 1234, 936, 924, 1235, 109, 1469, 86, 343, 806, 464, 649, 477, 382, 772, 497, 709, 1484, 28, 126, 715, 1232, 904, 834, 1114, 775, 255, 1298, 1107, 693]","[544, 464, 709, 715]"
joint,19,125,103,10,0,0.7562983648418253,0.7562983648418253,"[1108, 544, 1310, 1234, 936, 924, 1235, 109, 1469, 86, 343, 806, 464, 649, 477, 382, 772, 497, 709, 1484, 28, 126, 715, 1232, 904, 834, 1114, 775, 255, 1298, 1107, 693]","[544, 464, 709, 715]"
joint,3,125,103,11,15,3.224054330167064,1.7155303966491182,"[959, 1013, 223, 536, 861, 1295, 1110, 1117, 398, 1157, 468, 1346, 871, 905, 1290, 389, 147, 1083, 15, 1063, 1126, 1408, 1462, 801, 593, 921, 227, 262, 1423, 231, 1419, 64]","[1013, 1346, 871, 1290]"
joint,8,125,103,11,30,2.013828664089406,1.452135939265336,"[959, 1013, 223, 536, 861, 1295, 1110, 1117, 398, 1157, 468, 1346, 871, 905, 1290, 389, 147, 1083, 15, 1063, 1126, 1408, 1462, 801, 593, 921, 227, 262, 1423, 231, 1419, 64]","[1013, 1346, 871, 1290]"
joint,19,125,103,11,26,0.9201256975914625,0.5224025328204931,"[959, 1013, 223, 536, 861, 1295, 1110, 1117, 398, 1157, 468, 1346, 871, 905, 1290, 389, 147, 1083, 15, 1063, 1126, 1408, 1462, 801, 593, 921, 227, 262, 1423, 231, 1419, 64]","[1013, 1346, 871, 1290]"
joint,3,125,103,12,30,1.6674930990881798,0.9587246794531552,"[1507, 1189, 1445, 79, 1211, 1092, 495, 324, 1075, 1155, 103, 878, 237, 1087, 178, 417, 933, 251, 606, 987, 1486, 601, 1124, 87, 297, 1102, 968, 1093, 1425, 1362, 1412, 345]","[495, 1075, 417, 601]"
joint,8,125,103,12,30,1.4734721771725425,0.8643095235793261,"[1507, 1189, 1445, 79, 1211, 1092, 495, 324, 1075, 1155, 103, 878, 237, 1087, 178, 417, 933, 251, 606, 987, 1486, 601, 1124, 87, 297, 1102, 968, 1093, 1425, 1362, 1412, 345]","[495, 1075, 417, 601]"
joint,19,125,103,12,30,0.5414796389506797,0.4015760499339116,"[1507, 1189, 1445, 79, 1211, 1092, 495, 324, 1075, 1155, 103, 878, 237, 1087, 178, 417, 933, 251, 606, 987, 1486, 601, 1124, 87, 297, 1102, 968, 1093, 1425, 1362, 1412, 345]","[495, 1075, 417, 601]"
joint,3,125,103,13,0,1.0323509760769447,1.0323509760769447,"[1367, 1168, 1292, 773, 379, 203, 158, 852, 1494, 1246, 1409, 222, 771, 923, 282, 1311, 1288, 353, 733, 72, 24, 96, 1429, 51, 998, 662, 1479, 650, 950, 1056, 1016, 1231]","[773, 379, 203, 282]"
joint,8,125,103,13,0,0.9659284025399621,0.9659284025399621,"[1367, 1168, 1292, 773, 379, 203, 158, 852, 1494, 1246, 1409, 222, 771, 923, 282, 1311, 1288, 353, 733, 72, 24, 96, 1429, 51, 998, 662, 1479, 650, 950, 1056, 1016, 1231]","[773, 379, 203, 282]"
joint,19,125,103,13,0,0.43066300615493347,0.43066300615493347,"[1367, 1168, 1292, 773, 379, 203, 158, 852, 1494, 1246, 1409, 222, 771, 923, 282, 1311, 1288, 353, 733, 72, 24, 96, 1429, 51, 998, 662, 1479, 650, 950, 1056, 1016, 1231]","[773, 379, 203, 282]"
joint,3,125,103,14,1,1.358495848377519,1.193229878732641,"[1365, 1111, 16, 354, 302, 386, 366, 1026, 77, 1, 1485, 679, 1118, 1305, 1037, 1450, 1071, 767, 1347, 461, 342, 994, 245, 1185, 1153, 761, 196, 296, 1215, 1034, 23, 668]","[354, 1, 342, 23]"
joint,8,125,103,14,16,1.347727533868138,1.120811146556889,"[1365, 1111, 16, 354, 302, 386, 366, 1026, 77, 1, 1485, 679, 1118, 1305, 1037, 1450, 1071, 767, 1347, 461, 342, 994, 245, 1185, 1153, 761, 196, 296, 1215, 1034, 23, 668]","[354, 1, 342, 23]"
joint,19,125,103,14,16,0.6584883074043297,0.451867567097886,"[1365, 1111, 16, 354, 302, 386, 366, 1026, 77, 1, 1485, 679, 1118, 1305, 1037, 1450, 1071, 767, 1347, 461, 342, 994, 245, 1185, 1153, 761, 196, 296, 1215, 1034, 23, 668]","[354, 1, 342, 23]"
joint,3,125,103,15,0,1.633762171210165,1.633762171210165,"[205, 1070, 1176, 1322, 192, 1041, 1064, 1269, 422, 1451, 1130, 17, 841, 621, 490, 291, 1383, 363, 1320, 1441, 470, 1456, 85, 798, 82, 104, 1201, 744, 781, 528, 713, 281]","[1041, 1064, 363, 104]"
joint,8,125,103,15,1,1.3448983111539405,1.2892163810644242,"[205, 1070, 1176, 1322, 192, 1041, 1064, 1269, 422, 1451, 1130, 17, 841, 621, 490, 291, 1383, 363, 1320, 1441, 470, 1456, 85, 798, 82, 104, 1201, 744, 781, 528, 713, 281]","[1041, 1064, 363, 104]"
joint,19,125,103,15,1,0.6105726985596363,0.6002094732248224,"[205, 1070, 1176, 1322, 192, 1041, 1064, 1269, 422, 1451, 1130, 17, 841, 621, 490, 291, 1383, 363, 1320, 1441, 470, 1456, 85, 798, 82, 104, 1201, 744, 781, 528, 713, 281]","[1041, 1064, 363, 104]"
joint,3,125,103,16,23,2.1506701584123817,1.409331119775235,"[373, 1128, 1530, 232, 1417, 731, 1183, 139, 130, 230, 254, 182, 241, 898, 125, 515, 1226, 493, 1464, 1150, 1535, 408, 1502, 1493, 1308, 149, 809, 858, 1125, 827, 62, 1038]","[232, 731, 515, 1493]"
joint,8,125,103,16,25,1.5780750313753664,1.257162652661325,"[373, 1128, 1530, 232, 1417, 731, 1183, 139, 130, 230, 254, 182, 241, 898, 125, 515, 1226, 493, 1464, 1150, 1535, 408, 1502, 1493, 1308, 149, 809, 858, 1125, 827, 62, 1038]","[232, 731, 515, 1493]"
joint,19,125,103,16,30,0.8874190200004684,0.592999677115813,"[373, 1128, 1530, 232, 1417, 731, 1183, 139, 130, 230, 254, 182, 241, 898, 125, 515, 1226, 493, 1464, 1150, 1535, 408, 1502, 1493, 1308, 149, 809, 858, 1125, 827, 62, 1038]","[232, 731, 515, 1493]"
joint,3,125,103,17,5,1.5591868915699116,1.2358664888629534,"[1079, 560, 1372, 163, 863, 681, 862, 1200, 1213, 903, 519, 1065, 1252, 928, 1491, 699, 1440, 1179, 568, 1261, 1411, 1257, 1435, 587, 404, 837, 600, 1178, 1468, 919, 1514, 614]","[1213, 903, 587, 404]"
joint,8,125,103,17,3,1.3452854591566599,1.1410672000360513,"[1079, 560, 1372, 163, 863, 681, 862, 1200, 1213, 903, 519, 1065, 1252, 928, 1491, 699, 1440, 1179, 568, 1261, 1411, 1257, 1435, 587, 404, 837, 600, 1178, 1468, 919, 1514, 614]","[1213, 903, 587, 404]"
joint,19,125,103,17,29,0.7868419742595876,0.668772631406032,"[1079, 560, 1372, 163, 863, 681, 862, 1200, 1213, 903, 519, 1065, 1252, 928, 1491, 699, 1440, 1179, 568, 1261, 1411, 1257, 1435, 587, 404, 837, 600, 1178, 1468, 919, 1514, 614]","[1213, 903, 587, 404]"
joint,3,125,103,18,1,1.3640411782733715,1.228472692647646,"[1227, 1398, 716, 1081, 648, 678, 631, 663, 1229, 169, 796, 476, 857, 961, 202, 101, 132, 466, 225, 180, 877, 1053, 349, 330, 351, 1497, 1499, 911, 815, 212, 886, 1515]","[648, 663, 1229, 212]"
joint,8,125,103,18,1,1.2137487951194998,1.2090410805465268,"[1227, 1398, 716, 1081, 648, 678, 631, 663, 1229, 169, 796, 476, 857, 961, 202, 101, 132, 466, 225, 180, 877, 1053, 349, 330, 351, 1497, 1499, 911, 815, 212, 886, 1515]","[648, 663, 1229, 212]"
joint,19,125,103,18,1,0.7666340551973896,0.6542515766025225,"[1227, 1398, 716, 1081, 648, 678, 631, 663, 1229, 169, 796, 476, 857, 961, 202, 101, 132, 466, 225, 180, 877, 1053, 349, 330, 351, 1497, 1499, 911, 815, 212, 886, 1515]","[648, 663, 1229, 212]"
joint,3,125,103,19,3,1.405389870721649,1.3177731380487927,"[765, 426, 1480, 56, 726, 899, 199, 272, 1407, 1531, 714, 1413, 879, 1455, 1287, 106, 751, 400, 1338, 1434, 337, 300, 783, 655, 210, 752, 942, 1296, 740, 283, 507, 26]","[726, 714, 751, 655]"
joint,8,125,103,19,1,1.317718484429534,1.2283247657069865,"[765, 426, 1480, 56, 726, 899, 199, 272, 1407, 1531, 714, 1413, 879, 1455, 1287, 106, 751, 400, 1338, 1434, 337, 300, 783, 655, 210, 752, 942, 1296, 740, 283, 507, 26]","[726, 714, 751, 655]"
joint,19,125,103,19,1,0.7604099202338013,0.7230420859848188,"[765, 426, 1480, 56, 726, 899, 199, 272, 1407, 1531, 714, 1413, 879, 1455, 1287, 106, 751, 400, 1338, 1434, 337, 300, 783, 655, 210, 752, 942, 1296, 740, 283, 507, 26]","[726, 714, 751, 655]"
joint,3,125,103,20,3,1.6449413775651607,1.3693717651803503,"[293, 1085, 1173, 273, 907, 220, 1022, 1062, 1250, 997, 1321, 707, 1375, 612, 1154, 717, 1278, 630, 592, 1014, 1068, 658, 579, 760, 967, 174, 885, 517, 1060, 29, 677, 1279]","[1173, 1250, 1321, 1375]"
joint,8,125,103,20,2,1.4300134731260847,1.2904698388338716,"[293, 1085, 1173, 273, 907, 220, 1022, 1062, 1250, 997, 1321, 707, 1375, 612, 1154, 717, 1278, 630, 592, 1014, 1068, 658, 579, 760, 967, 174, 885, 517, 1060, 29, 677, 1279]","[1173, 1250, 1321, 1375]"
joint,19,125,103,20,1,0.8944606275505436,0.703469640427361,"[293, 1085, 1173, 273, 907, 220, 1022, 1062, 1250, 997, 1321, 707, 1375, 612, 1154, 717, 1278, 630, 592, 1014, 1068, 658, 579, 760, 967, 174, 885, 517, 1060, 29, 677, 1279]","[1173, 1250, 1321, 1375]"
joint,3,125,103,21,30,1.4336144258413697,1.3615167581019172,"[1431, 483, 1263, 819, 539, 917, 782, 1461, 19, 412, 160, 1416, 1281, 451, 154, 1315, 145, 81, 672, 448, 527, 963, 1316, 703, 167, 1221, 908, 1306, 978, 325, 683, 582]","[160, 154, 81, 672]"
joint,8,125,103,21,30,1.3475567487459017,1.1136616659779897,"[1431, 483, 1263, 819, 539, 917, 782, 1461, 19, 412, 160, 1416, 1281, 451, 154, 1315, 145, 81, 672, 448, 527, 963, 1316, 703, 167, 1221, 908, 1306, 978, 325, 683, 582]","[160, 154, 81, 672]"
joint,19,125,103,21,12,0.8339610284356809,0.6045512606342669,"[1431, 483, 1263, 819, 539, 917, 782, 1461, 19, 412, 160, 1416, 1281, 451, 154, 1315, 145, 81, 672, 448, 527, 963, 1316, 703, 167, 1221, 908, 1306, 978, 325, 683, 582]","[160, 154, 81, 672]"
joint,3,125,103,22,1,1.3575630502163314,1.3039784563046943,"[186, 1023, 1225, 956, 1448, 706, 616, 1300, 811, 1148, 883, 738, 1042, 391, 684, 1095, 1035, 161, 1066, 784, 957, 501, 599, 435, 409, 1466, 585, 686, 219, 1096, 503, 742]","[1225, 391, 957, 1466]"
joint,8,125,103,22,1,1.1343161880923276,1.1161061721379646,"[186, 1023, 1225, 956, 1448, 706, 616, 1300, 811, 1148, 883, 738, 1042, 391, 684, 1095, 1035, 161, 1066, 784, 957, 501, 599, 435, 409, 1466, 585, 686, 219, 1096, 503, 742]","[1225, 391, 957, 1466]"
joint,19,125,103,22,1,0.620661399405563,0.5606490962994748,"[186, 1023, 1225, 956, 1448, 706, 616, 1300, 811, 1148, 883, 738, 1042, 391, 684, 1095, 1035, 161, 1066, 784, 957, 501, 599, 435, 409, 1466, 585, 686, 219, 1096, 503, 742]","[1225, 391, 957, 1466]"
joint,3,125,103,23,30,1.350459360216039,1.1860583015804913,"[156, 1472, 303, 569, 499, 218, 690, 1512, 1074, 1449, 945, 427, 532, 1180, 1397, 617, 124, 151, 1395, 1403, 279, 1508, 193, 39, 235, 839, 1314, 280, 613, 719, 583, 166]","[1512, 1449, 839, 280]"
joint,8,125,103,23,30,1.1478296805217418,1.1270554502117562,"[156, 1472, 303, 569, 499, 218, 690, 1512, 1074, 1449, 945, 427, 532, 1180, 1397, 617, 124, 151, 1395, 1403, 279, 1508, 193, 39, 235, 839, 1314, 280, 613, 719, 583, 166]","[1512, 1449, 839, 280]"
joint,19,125,103,23,1,0.5919010728130729,0.5828385626938406,"[156, 1472, 303, 569, 499, 218, 690, 1512, 1074, 1449, 945, 427, 532, 1180, 1397, 617, 124, 151, 1395, 1403, 279, 1508, 193, 39, 235, 839, 1314, 280, 613, 719, 583, 166]","[1512, 1449, 839, 280]"
joint,3,125,103,24,9,3.2008359362953342,1.530861725518676,"[1094, 687, 190, 581, 1240, 198, 848, 134, 529, 1394, 402, 441, 457, 639, 1196, 403, 1337, 52, 1029, 1199, 344, 371, 605, 575, 3, 221, 42, 748, 779, 652, 1238, 1415]","[371, 3, 42, 652]"
joint,8,125,103,24,4,2.3740846879487094,1.3288572257678801,"[1094, 687, 190, 581, 1240, 198, 848, 134, 529, 1394, 402, 441, 457, 639, 1196, 403, 1337, 52, 1029, 1199, 344, 371, 605, 575, 3, 221, 42, 748, 779, 652, 1238, 1415]","[371, 3, 42, 652]"
joint,19,125,103,24,27,1.1080256024393407,0.6980952378804126,"[1094, 687, 190, 581, 1240, 198, 848, 134, 529, 1394, 402, 441, 457, 639, 1196, 403, 1337, 52, 1029, 1199, 344, 371, 605, 575, 3, 221, 42, 748, 779, 652, 1238, 1415]","[371, 3, 42, 652]"
joint,3,125,103,25,5,1.5398562711662898,1.3510269126728076,"[1379, 1471, 941, 50, 455, 183, 380, 430, 1522, 486, 854, 833, 1510, 718, 298, 1506, 820, 602, 356, 333, 922, 1247, 88, 1059, 769, 670, 571, 1121, 313, 1147, 603, 888]","[1379, 356, 1121, 888]"
joint,8,125,103,25,3,1.6941328945997611,1.4712014135274423,"[1379, 1471, 941, 50, 455, 183, 380, 430, 1522, 486, 854, 833, 1510, 718, 298, 1506, 820, 602, 356, 333, 922, 1247, 88, 1059, 769, 670, 571, 1121, 313, 1147, 603, 888]","[1379, 356, 1121, 888]"
joint,19,125,103,25,11,1.0425605474459623,0.7509494472838583,"[1379, 1471, 941, 50, 455, 183, 380, 430, 1522, 486, 854, 833, 1510, 718, 298, 1506, 820, 602, 356, 333, 922, 1247, 88, 1059, 769, 670, 571, 1121, 313, 1147, 603, 888]","[1379, 356, 1121, 888]"
joint,3,125,103,26,2,1.5735382003096596,1.5574030093540934,"[729, 516, 1443, 1015, 67, 484, 453, 1043, 438, 315, 258, 828, 510, 1190, 75, 543, 902, 9, 164, 310, 832, 1404, 350, 307, 1008, 92, 1233, 268, 954, 1421, 260, 554]","[258, 510, 75, 832]"
joint,8,125,103,26,4,1.7048230258132016,1.3929558579462196,"[729, 516, 1443, 1015, 67, 484, 453, 1043, 438, 315, 258, 828, 510, 1190, 75, 543, 902, 9, 164, 310, 832, 1404, 350, 307, 1008, 92, 1233, 268, 954, 1421, 260, 554]","[258, 510, 75, 832]"
joint,19,125,103,26,2,0.9222712696820317,0.8318567198423494,"[729, 516, 1443, 1015, 67, 484, 453, 1043, 438, 315, 258, 828, 510, 1190, 75, 543, 902, 9, 164, 310, 832, 1404, 350, 307, 1008, 92, 1233, 268, 954, 1421, 260, 554]","[258, 510, 75, 832]"
joint,3,125,103,27,29,1.5806504426038828,1.118556460907005,"[259, 31, 1020, 458, 916, 1138, 794, 1137, 509, 1396, 316, 401, 1017, 1132, 513, 646, 135, 271, 694, 504, 446, 949, 1444, 1354, 138, 421, 972, 512, 711, 1363, 702, 712]","[1017, 446, 949, 1363]"
joint,8,125,103,27,30,1.496108227750799,0.999452978100237,"[259, 31, 1020, 458, 916, 1138, 794, 1137, 509, 1396, 316, 401, 1017, 1132, 513, 646, 135, 271, 694, 504, 446, 949, 1444, 1354, 138, 421, 972, 512, 711, 1363, 702, 712]","[1017, 446, 949, 1363]"
joint,19,125,103,27,28,0.945075957410964,0.7078939239304987,"[259, 31, 1020, 458, 916, 1138, 794, 1137, 509, 1396, 316, 401, 1017, 1132, 513, 646, 135, 271, 694, 504, 446, 949, 1444, 1354, 138, 421, 972, 512, 711, 1363, 702, 712]","[1017, 446, 949, 1363]"
joint,3,125,103,28,4,5.792124868680048,3.392411677084752,"[22, 234, 1089, 785, 20, 846, 1519, 99, 958, 290, 1194, 894, 443, 1047, 1353, 1146, 739, 1526, 1329, 1356, 691, 500, 735, 1520, 584, 511, 948, 1501, 329, 1293, 674, 1254]","[22, 1146, 1501, 329]"
joint,8,125,103,28,9,4.645748712232091,3.0498405335801095,"[22, 234, 1089, 785, 20, 846, 1519, 99, 958, 290, 1194, 894, 443, 1047, 1353, 1146, 739, 1526, 1329, 1356, 691, 500, 735, 1520, 584, 511, 948, 1501, 329, 1293, 674, 1254]","[22, 1146, 1501, 329]"
joint,19,125,103,28,30,2.938634284086575,1.386180701665726,"[22, 234, 1089, 785, 20, 846, 1519, 99, 958, 290, 1194, 894, 443, 1047, 1353, 1146, 739, 1526, 1329, 1356, 691, 500, 735, 1520, 584, 511, 948, 1501, 329, 1293, 674, 1254]","[22, 1146, 1501, 329]"
joint,3,125,103,29,30,4.667922722839251,0.9914940721728307,"[1248, 651, 1368, 803, 494, 534, 758, 551, 799, 962, 1228, 533, 32, 559, 576, 153, 1142, 445, 1262, 1481, 1424, 1160, 506, 689, 374, 1115, 36, 634, 843, 0, 1076, 179]","[803, 551, 559, 179]"
joint,8,125,103,29,30,4.064299933332734,0.9370584528805921,"[1248, 651, 1368, 803, 494, 534, 758, 551, 799, 962, 1228, 533, 32, 559, 576, 153, 1142, 445, 1262, 1481, 1424, 1160, 506, 689, 374, 1115, 36, 634, 843, 0, 1076, 179]","[803, 551, 559, 179]"
joint,19,125,103,29,25,1.5143570450470776,0.5514833397048768,"[1248, 651, 1368, 803, 494, 534, 758, 551, 799, 962, 1228, 533, 32, 559, 576, 153, 1142, 445, 1262, 1481, 1424, 1160, 506, 689, 374, 1115, 36, 634, 843, 0, 1076, 179]","[803, 551, 559, 179]"
joint,3,125,103,30,23,1.039079199748599,0.9247585244616516,"[680, 845, 14, 1318, 910, 1357, 1307, 682, 1426, 292, 381, 214, 938, 191, 480, 289, 870, 659, 1204, 479, 808, 797, 1332, 633, 116, 1343, 1401, 1011, 1291, 1266, 979, 488]","[1426, 479, 797, 488]"
joint,8,125,103,30,2,1.0094447672717166,0.9769180108801834,"[680, 845, 14, 1318, 910, 1357, 1307, 682, 1426, 292, 381, 214, 938, 191, 480, 289, 870, 659, 1204, 479, 808, 797, 1332, 633, 116, 1343, 1401, 1011, 1291, 1266, 979, 488]","[1426, 479, 797, 488]"
joint,19,125,103,30,21,0.5459677491228385,0.532906702850533,"[680, 845, 14, 1318, 910, 1357, 1307, 682, 1426, 292, 381, 214, 938, 191, 480, 289, 870, 659, 1204, 479, 808, 797, 1332, 633, 116, 1343, 1401, 1011, 1291, 1266, 979, 488]","[1426, 479, 797, 488]"
joint,3,125,103,31,30,1.0240947051503468,0.9857981833778382,"[1175, 876, 1109, 868, 365, 137, 896, 986, 1299, 1031, 340, 1460, 261, 71, 931, 247, 626, 1364, 640, 734, 269, 144, 577, 1475, 525, 1021, 930, 485, 1152, 882, 1182, 5]","[868, 896, 986, 144]"
joint,8,125,103,31,2,1.0639120879427288,1.0025267639512663,"[1175, 876, 1109, 868, 365, 137, 896, 986, 1299, 1031, 340, 1460, 261, 71, 931, 247, 626, 1364, 640, 734, 269, 144, 577, 1475, 525, 1021, 930, 485, 1152, 882, 1182, 5]","[868, 896, 986, 144]"
joint,19,125,103,31,24,0.633470827146084,0.5128916230464853,"[1175, 876, 1109, 868, 365, 137, 896, 986, 1299, 1031, 340, 1460, 261, 71, 931, 247, 626, 1364, 640, 734, 269, 144, 577, 1475, 525, 1021, 930, 485, 1152, 882, 1182, 5]","[868, 896, 986, 144]"
joint,3,125,103,32,5,2.7989911922459783,1.892974672818184,"[127, 642, 688, 131, 459, 1151, 988, 777, 975, 1236, 1387, 1528, 58, 1259, 317, 558, 1193, 1532, 1447, 985, 692, 830, 1317, 326, 953, 780, 900, 1326, 1161, 415, 943, 1007]","[642, 985, 326, 780]"
joint,8,125,103,32,3,1.9463589961198977,1.549062237961099,"[127, 642, 688, 131, 459, 1151, 988, 777, 975, 1236, 1387, 1528, 58, 1259, 317, 558, 1193, 1532, 1447, 985, 692, 830, 1317, 326, 953, 780, 900, 1326, 1161, 415, 943, 1007]","[642, 985, 326, 780]"
joint,19,125,103,32,2,1.0479445256203377,0.8886130437904036,"[127, 642, 688, 131, 459, 1151, 988, 777, 975, 1236, 1387, 1528, 58, 1259, 317, 558, 1193, 1532, 1447, 985, 692, 830, 1317, 326, 953, 780, 900, 1326, 1161, 415, 943, 1007]","[642, 985, 326, 780]"
independent,3,123,101,1,0,0.5433845917097102,0.5433845917097102,"[178, 1084, 666, 303, 544, 1265, 730, 467, 661, 417, 1140, 618, 938, 236, 1193, 893, 1404, 1262, 135, 759, 1502, 509, 99, 1108, 753, 1086, 360, 524, 766, 489, 2, 60]","[618, 893, 1404, 1108]"
independent,3,123,101,2,10,3.633230884080618,2.0415232334445967,"[225, 1153, 104, 109, 0, 393, 1445, 1403, 1298, 1162, 880, 90, 726, 735, 1098, 940, 1503, 974, 946, 996, 1142, 585, 1488, 493, 257, 1320, 782, 1357, 1270, 552, 1387, 172]","[225, 104, 90, 1142]"
independent,3,123,101,3,30,3.070413216570387,1.2425343171046315,"[18, 1078, 1283, 216, 284, 860, 41, 1467, 614, 161, 74, 1092, 230, 336, 1122, 622, 497, 723, 1165, 904, 134, 515, 307, 823, 70, 917, 81, 1315, 142, 1030, 252, 1154]","[230, 917, 81, 252]"
independent,3,123,101,4,30,1.5879625824670747,1.1312624146834231,"[691, 569, 626, 1009, 688, 1422, 1424, 421, 1454, 698, 449, 795, 429, 32, 692, 1250, 749, 1105, 1144, 784, 500, 162, 814, 1479, 641, 679, 602, 961, 537, 187, 914, 325]","[688, 449, 1479, 961]"
independent,3,123,101,5,1,1.4981713246895794,1.3115574764106555,"[1408, 1152, 941, 1072, 1058, 899, 929, 1289, 786, 1493, 927, 7, 1438, 1358, 466, 773, 1113, 545, 55, 870, 19, 1145, 115, 198, 422, 352, 247, 1101, 1216, 980, 1189, 801]","[1408, 55, 115, 352]"
independent,3,123,101,6,23,2.412160915328286,1.365017404850974,"[1484, 195, 306, 1402, 212, 970, 563, 1130, 147, 1014, 353, 132, 45, 1224, 334, 337, 1001, 1245, 432, 459, 1436, 612, 1124, 168, 776, 858, 1242, 452, 1056, 1328, 1383, 420]","[1402, 970, 432, 1436]"
independent,3,123,101,7,9,2.5107027410476945,1.867024464125862,"[647, 1282, 44, 20, 183, 1389, 1190, 722, 1016, 373, 1115, 694, 737, 619, 652, 1398, 495, 803, 714, 1483, 731, 1192, 1062, 548, 299, 862, 1437, 1264, 1063, 510, 246, 224]","[1483, 548, 1264, 224]"
independent,3,123,101,8,12,3.1281460546478144,2.0010225099161723,"[532, 804, 835, 460, 1450, 937, 1191, 734, 218, 1220, 256, 138, 1525, 1257, 323, 1243, 990, 194, 114, 416, 742, 342, 928, 191, 157, 596, 369, 1386, 1342, 800, 98, 706]","[1191, 218, 1220, 1257]"
independent,3,123,101,9,30,2.3658630188385814,1.3304158974296207,"[781, 817, 956, 1209, 1306, 1073, 1116, 564, 72, 551, 141, 1129, 1204, 374, 1038, 179, 790, 1179, 1196, 454, 291, 1499, 534, 30, 586, 744, 1432, 295, 25, 1421, 1177, 601]","[1073, 141, 25, 1177]"
independent,3,123,101,10,30,1.5310680457784862,1.0967861223219337,"[462, 1343, 54, 33, 1199, 653, 36, 389, 365, 482, 664, 1048, 1321, 1110, 209, 1520, 330, 743, 31, 242, 347, 87, 1297, 713, 1137, 1096, 995, 407, 568, 812, 1295, 932]","[389, 664, 1321, 1295]"
independent,3,123,101,11,7,2.0298762089207827,1.301479347253931,"[1228, 1305, 1217, 1159, 26, 868, 56, 1186, 621, 846, 327, 379, 470, 1053, 1380, 597, 116, 1347, 915, 1212, 829, 355, 840, 486, 185, 739, 1020, 1334, 367, 793, 304, 752]","[116, 486, 1334, 304]"
independent,3,123,101,12,30,2.548117535623433,1.4539983160634762,"[23, 1248, 747, 189, 1364, 175, 1272, 850, 576, 926, 683, 475, 1518, 849, 492, 193, 949, 286, 991, 354, 50, 149, 669, 919, 987, 1414, 631, 887, 128, 61, 182, 986]","[850, 849, 631, 887]"
independent,3,123,101,13,24,1.9422061001549231,1.3235129110482298,"[1433, 1158, 292, 704, 639, 439, 1151, 1350, 957, 716, 520, 1041, 1201, 126, 1497, 63, 137, 999, 1459, 210, 1420, 103, 6, 903, 1244, 579, 123, 952, 361, 121, 12, 853]","[1158, 103, 579, 853]"
independent,3,123,101,14,4,1.689367380226031,1.546764657775384,"[125, 269, 677, 139, 1530, 457, 555, 1128, 1263, 1310, 184, 1280, 583, 1457, 1205, 1482, 254, 383, 351, 1208, 1508, 774, 794, 628, 1293, 1077, 624, 28, 559, 629, 1258, 670]","[555, 583, 1482, 629]"
independent,3,123,101,15,3,2.0448480827616464,1.642931994352299,"[1040, 1363, 1301, 122, 878, 1449, 910, 954, 816, 1393, 525, 485, 1281, 1163, 24, 608, 988, 263, 1531, 1031, 1495, 1461, 127, 1388, 640, 328, 721, 1080, 37, 320, 758, 659]","[816, 525, 1281, 127]"
independent,3,123,101,16,4,2.338169982155307,2.087852497093138,"[1447, 822, 412, 869, 948, 909, 756, 531, 100, 346, 1430, 268, 533, 1203, 1443, 1187, 34, 339, 501, 118, 285, 792, 680, 913, 1323, 729, 651, 768, 1051, 992, 1524, 1194]","[1447, 1187, 34, 768]"
independent,3,123,101,17,10,2.677475271661038,2.0783065333125705,"[963, 805, 313, 1150, 1093, 1148, 249, 1336, 48, 834, 267, 390, 902, 399, 518, 1239, 968, 1369, 1039, 446, 300, 1102, 1202, 405, 1456, 1377, 885, 876, 1395, 543, 693, 1251]","[518, 1039, 876, 1251]"
independent,3,123,101,18,4,2.2513645520740653,2.0630095683897167,"[1082, 85, 1104, 920, 395, 260, 290, 975, 333, 958, 1226, 77, 1047, 483, 528, 140, 287, 237, 1045, 440, 674, 969, 1219, 567, 1060, 745, 964, 1184, 271, 1106, 587, 1003]","[1082, 1226, 1045, 1106]"
independent,3,123,101,19,30,2.1567476577220077,1.9635423349618577,"[845, 1079, 1332, 1042, 143, 1335, 1275, 573, 240, 375, 1052, 471, 1338, 319, 1354, 1125, 1471, 1166, 778, 848, 318, 981, 274, 1026, 841, 1425, 791, 68, 779, 384, 637, 111]","[1042, 143, 791, 637]"
independent,3,123,101,20,8,2.1983929582585375,1.60191292136102,"[201, 783, 682, 447, 930, 1185, 1427, 770, 418, 856, 65, 42, 690, 761, 410, 16, 151, 859, 415, 108, 922, 933, 1261, 174, 381, 117, 665, 1036, 570, 1233, 959, 605]","[770, 16, 151, 922]"
independent,3,123,101,21,30,1.7920662984073523,1.274469757903617,"[1485, 241, 331, 1088, 1319, 107, 719, 1370, 1325, 821, 650, 298, 62, 1234, 1147, 400, 231, 1396, 479, 668, 1018, 625, 1371, 1229, 610, 1046, 1373, 1316, 754, 513, 708, 678]","[719, 1370, 1325, 678]"
independent,3,123,101,22,6,1.4503562017538947,1.3609658240199138,"[1238, 643, 1509, 1337, 1089, 1526, 1032, 1463, 106, 1198, 414, 458, 9, 180, 1517, 408, 1027, 1182, 1276, 171, 607, 204, 468, 1501, 972, 700, 1279, 464, 897, 8, 1227, 366]","[180, 408, 1279, 8]"
independent,3,123,101,23,8,1.7416876852925185,1.4441897122459615,"[976, 488, 1360, 1452, 170, 1356, 1462, 1156, 635, 1138, 1171, 955, 1024, 1477, 1133, 222, 1097, 43, 228, 1213, 281, 463, 413, 431, 748, 335, 376, 699, 1413, 757, 265, 648]","[976, 1171, 1024, 757]"
independent,3,123,101,24,30,2.0803085009205375,1.6111589565448448,"[843, 435, 186, 1362, 765, 1345, 423, 1188, 847, 1075, 832, 1284, 673, 901, 1002, 1329, 1135, 1023, 491, 686, 277, 1083, 740, 715, 636, 962, 994, 133, 985, 205, 978, 403]","[1075, 277, 978, 403]"
independent,3,123,101,25,4,2.6080785241636164,1.9853769924860813,"[598, 130, 875, 1169, 1409, 445, 857, 925, 630, 1222, 1081, 341, 931, 455, 646, 824, 155, 1006, 517, 124, 1411, 787, 1241, 308, 799, 867, 1141, 1091, 154, 767, 94, 864]","[1081, 155, 799, 864]"
independent,3,123,101,26,9,2.4590545220717246,1.7423901101584676,"[1317, 148, 1302, 1254, 593, 448, 720, 1028, 522, 1277, 1355, 372, 1378, 1271, 689, 1304, 772, 213, 1465, 1218, 202, 1019, 113, 443, 220, 798, 27, 1439, 506, 1397, 1061, 1255]","[148, 1277, 372, 772]"
independent,3,123,101,27,3,2.159532551548409,1.759664486431177,"[844, 1344, 1249, 1312, 370, 1095, 433, 1359, 802, 1474, 167, 1136, 523, 1490, 617, 762, 695, 595, 1260, 388, 227, 461, 310, 660, 1428, 425, 918, 250, 882, 1365, 288, 1522]","[1490, 762, 1428, 288]"
independent,3,123,101,28,1,1.9442404685721364,1.9216962143118508,"[294, 556, 1441, 789, 368, 1303, 84, 536, 613, 1223, 900, 755, 1385, 1114, 89, 1206, 363, 196, 1512, 83, 258, 234, 775, 1367, 1054, 473, 1065, 1381, 13, 1033, 836, 888]","[294, 1114, 363, 1054]"
independent,3,123,101,29,30,2.0977710942133854,1.8041670596876749,"[780, 1221, 1200, 603, 514, 924, 562, 476, 707, 1507, 769, 39, 1252, 516, 1012, 971, 434, 321, 391, 1486, 1313, 481, 1307, 38, 322, 1466, 266, 577, 1090, 64, 571, 942]","[707, 1313, 481, 322]"
independent,3,123,101,30,6,2.005295912241454,1.6407924351386818,"[1516, 188, 29, 1183, 1352, 1444, 1195, 1348, 1514, 557, 1120, 279, 119, 1055, 530, 916, 326, 4, 314, 1230, 1505, 69, 702, 572, 1225, 1256, 206, 818, 1087, 642, 898, 560]","[1183, 314, 702, 1087]"
independent,3,123,101,31,3,1.7629970566657818,1.7380433950169305,"[165, 146, 15, 406, 529, 1498, 1375, 173, 102, 934, 1059, 877, 1473, 1451, 584, 1170, 808, 873, 1366, 58, 1180, 272, 861, 80, 1296, 248, 866, 894, 1066, 233, 1458, 806]","[406, 1473, 1366, 58]"
independent,3,123,101,32,4,1.9160935896246976,1.786586743115791,"[935, 574, 1333, 490, 725, 1519, 1491, 1107, 442, 1478, 1368, 264, 338, 1207, 582, 1534, 826, 728, 1035, 1057, 53, 807, 1374, 687, 997, 392, 1435, 86, 874, 441, 989, 710]","[935, 1057, 441, 989]"
independent,3,124,102,1,0,0.5108477283173167,0.5108477283173167,"[1176, 8, 1323, 1422, 404, 1042, 271, 251, 1071, 360, 776, 1064, 743, 268, 1251, 167, 512, 1266, 1364, 1299, 209, 739, 1226, 908, 1527, 714, 768, 103, 189, 396, 1084, 499]","[1071, 776, 1251, 167]"
independent,3,124,102,2,29,3.2519318822708243,1.3679480114702187,"[830, 83, 854, 723, 1248, 231, 1204, 497, 952, 557, 70, 319, 765, 116, 210, 680, 725, 1233, 1235, 32, 1373, 487, 183, 65, 364, 1359, 1135, 797, 97, 663, 498, 1387]","[830, 854, 952, 70]"
independent,3,124,102,3,19,1.663322880112137,1.2262420041743098,"[1344, 123, 1516, 337, 343, 473, 1060, 1188, 901, 141, 1398, 1413, 1383, 767, 1258, 975, 305, 1184, 465, 1388, 1396, 1394, 1460, 1409, 1174, 1253, 44, 1231, 820, 1027, 1228, 532]","[1060, 1413, 1184, 1174]"
independent,3,124,102,4,4,1.433834825346878,1.2589778649064023,"[798, 1180, 976, 1386, 1103, 521, 849, 461, 227, 338, 147, 477, 131, 166, 1254, 750, 864, 1302, 1155, 341, 559, 361, 322, 648, 1439, 451, 1109, 674, 72, 85, 349, 1345]","[976, 341, 648, 674]"
independent,3,124,102,5,21,2.0845480245561703,1.4412965032366287,"[169, 522, 13, 538, 823, 1306, 810, 684, 294, 930, 212, 840, 624, 432, 514, 988, 568, 1534, 391, 172, 1002, 1249, 1179, 254, 838, 1247, 927, 348, 877, 1026, 1418, 1095]","[840, 568, 391, 1418]"
independent,3,124,102,6,16,2.366851869401728,1.5033306856458353,"[640, 596, 1513, 893, 1224, 1132, 940, 106, 165, 437, 122, 1237, 171, 145, 1462, 717, 1494, 111, 1287, 815, 1335, 35, 1528, 1054, 1205, 1483, 727, 1310, 807, 211, 642, 800]","[437, 1237, 171, 815]"
independent,3,124,102,7,1,1.8359026978428687,1.8323433539573877,"[234, 238, 1466, 890, 1328, 1476, 936, 1172, 1311, 301, 295, 1146, 214, 1119, 529, 1055, 516, 456, 429, 215, 355, 49, 1464, 1317, 352, 1006, 696, 333, 1288, 339, 1082, 1169]","[1476, 1006, 696, 339]"
independent,3,124,102,8,22,2.5014359763918037,1.4411799615200813,"[660, 494, 160, 844, 525, 959, 1358, 1336, 399, 281, 1154, 1274, 474, 95, 828, 1493, 875, 1125, 467, 628, 670, 742, 713, 802, 677, 1447, 129, 567, 135, 357, 430, 1191]","[1336, 281, 474, 430]"
independent,3,124,102,9,5,1.783733612123772,1.4912440090054275,"[18, 1526, 1213, 1372, 150, 651, 572, 127, 1016, 366, 1044, 916, 1009, 173, 108, 1070, 625, 300, 738, 689, 24, 511, 1065, 928, 818, 1198, 518, 205, 1024, 1421, 652, 1416]","[1372, 173, 625, 928]"
independent,3,124,102,10,30,1.6165863082537868,1.3397999379797056,"[852, 1029, 1051, 59, 277, 124, 1212, 658, 479, 913, 1137, 302, 332, 957, 185, 489, 1458, 685, 1187, 973, 471, 327, 613, 1223, 1257, 405, 745, 762, 1435, 545, 791, 570]","[852, 59, 957, 1257]"
independent,3,124,102,11,4,1.5962461402419628,1.328611001162244,"[710, 415, 230, 691, 233, 822, 882, 754, 1130, 886, 88, 635, 248, 1000, 286, 1424, 1142, 615, 860, 1295, 56, 891, 676, 986, 463, 722, 149, 403, 582, 618, 1453, 1434]","[822, 860, 722, 582]"
independent,3,124,102,12,0,1.767308641326455,1.767308641326455,"[483, 544, 226, 110, 1214, 578, 186, 527, 279, 629, 1438, 468, 96, 780, 585, 1482, 960, 709, 734, 1272, 433, 53, 335, 977, 728, 523, 1350, 836, 764, 1004, 1452, 949]","[1438, 433, 728, 836]"
independent,3,124,102,13,30,2.284108913888815,1.6117300109550001,"[219, 478, 1110, 690, 428, 38, 1480, 1153, 724, 661, 833, 74, 1243, 422, 540, 573, 1314, 115, 87, 1320, 946, 1111, 1261, 1360, 1022, 1040, 610, 1131, 385, 246, 502, 869]","[219, 690, 724, 74]"
independent,3,124,102,14,1,1.741990743302754,1.7038168712848005,"[1290, 832, 1094, 1079, 720, 1100, 974, 190, 528, 1276, 1159, 488, 486, 1353, 86, 443, 1376, 146, 1208, 1031, 267, 1405, 963, 365, 1077, 1417, 1078, 109, 1415, 1038, 142, 1166]","[974, 1405, 1038, 1166]"
independent,3,124,102,15,2,1.938512477268219,1.8453417806563408,"[987, 950, 1446, 401, 1098, 1242, 392, 68, 287, 1461, 7, 700, 159, 1011, 598, 566, 427, 921, 264, 668, 5, 99, 592, 1316, 120, 321, 895, 789, 1399, 779, 873, 650]","[1461, 264, 779, 650]"
independent,3,124,102,16,1,2.047808724875779,1.9985944728347391,"[245, 459, 1210, 749, 543, 1076, 1449, 595, 1363, 999, 829, 641, 575, 1250, 1282, 1308, 351, 989, 1171, 885, 1001, 1333, 1289, 1128, 1279, 1535, 607, 850, 417, 1412, 462, 1348]","[1250, 351, 885, 1279]"
independent,3,124,102,17,30,2.131406339034811,1.556017519823186,"[452, 249, 1015, 359, 475, 1457, 853, 501, 1133, 420, 315, 330, 1234, 1134, 634, 1400, 733, 1489, 564, 513, 1514, 669, 1444, 558, 1229, 130, 638, 763, 1017, 84, 548, 1102]","[359, 1489, 558, 638]"
independent,3,124,102,18,8,1.6123554867977283,1.3746079671582265,"[1116, 379, 574, 446, 92, 47, 368, 569, 593, 22, 1222, 296, 884, 1161, 672, 414, 188, 971, 176, 6, 77, 289, 57, 36, 588, 686, 1392, 1056, 812, 1365, 423, 426]","[569, 672, 36, 423]"
independent,3,124,102,19,2,1.6341957482062668,1.5068033337656885,"[1355, 926, 1531, 11, 766, 1114, 406, 236, 550, 218, 662, 924, 982, 805, 842, 781, 504, 1509, 213, 1381, 283, 907, 721, 678, 1337, 591, 69, 533, 1183, 1341, 1164, 961]","[1531, 805, 1337, 1341]"
independent,3,124,102,20,5,2.6450821055173606,1.9420091367692862,"[735, 809, 1101, 747, 701, 1138, 1160, 133, 42, 637, 372, 1283, 221, 606, 621, 597, 914, 524, 1199, 324, 1061, 34, 1136, 436, 1280, 773, 1327, 737, 464, 1112, 910, 1473]","[735, 1283, 1327, 910]"
independent,3,124,102,21,30,2.281890307149297,1.5790408326438978,"[138, 1397, 1270, 93, 255, 200, 1370, 1357, 408, 1123, 216, 594, 28, 897, 137, 761, 1028, 1385, 434, 551, 52, 41, 939, 693, 1485, 612, 1087, 831, 517, 1074, 542, 1488]","[93, 255, 216, 542]"
independent,3,124,102,22,28,1.478476766058666,1.2410754776439177,"[1510, 581, 318, 1173, 1448, 1145, 645, 912, 1484, 1162, 243, 1463, 847, 383, 1334, 362, 1106, 951, 270, 962, 792, 1529, 113, 699, 237, 835, 1181, 46, 472, 323, 416, 682]","[270, 792, 835, 323]"
independent,3,124,102,23,16,2.618460874209859,1.2229630019812703,"[1459, 484, 571, 863, 1382, 325, 1325, 1264, 1202, 757, 345, 275, 1091, 1431, 374, 1456, 1515, 1175, 1156, 806, 179, 442, 944, 577, 1168, 719, 90, 438, 646, 386, 964, 1269]","[484, 325, 374, 386]"
independent,3,124,102,24,8,3.0784724011960094,2.3436996536581916,"[1225, 1352, 1362, 889, 411, 425, 1472, 1368, 887, 616, 381, 1481, 304, 1206, 1332, 223, 1402, 1496, 1049, 783, 12, 1508, 152, 269, 932, 397, 195, 177, 878, 15, 703, 649]","[1362, 1481, 15, 649]"
independent,3,124,102,25,30,3.1538774883119913,1.9433142115822193,"[235, 377, 632, 58, 143, 871, 804, 30, 718, 1048, 117, 424, 506, 909, 1530, 180, 1296, 941, 1158, 915, 371, 1035, 563, 1093, 1436, 657, 904, 520, 107, 1273, 552, 94]","[909, 1158, 1436, 1273]"
independent,3,124,102,26,7,2.343413605129527,1.7535737197987977,"[785, 845, 98, 1504, 1356, 1117, 1167, 1517, 1069, 455, 857, 297, 925, 1157, 500, 1240, 1347, 978, 311, 707, 1260, 1256, 259, 562, 1487, 457, 1063, 870, 402, 1478, 756, 1281]","[1167, 925, 259, 1063]"
independent,3,124,102,27,7,2.117579528203578,1.8672271646497762,"[1148, 505, 114, 1246, 389, 814, 1339, 1032, 410, 495, 1477, 855, 955, 61, 1525, 1440, 1367, 1263, 817, 482, 1285, 163, 546, 250, 1498, 1268, 1090, 687, 1403, 1216, 1441, 1523]","[389, 955, 1440, 163]"
independent,3,124,102,28,4,2.0105305401936135,1.7394839807080302,"[1, 1377, 614, 126, 644, 770, 187, 168, 1221, 453, 119, 20, 476, 139, 204, 1039, 1220, 1277, 62, 445, 1393, 752, 692, 1053, 997, 1163, 539, 293, 1096, 481, 665, 492]","[644, 187, 204, 665]"
independent,3,124,102,29,27,1.8253777106738234,1.620349728787719,"[1075, 164, 31, 1058, 199, 1518, 1505, 1512, 1147, 1442, 400, 156, 1008, 1419, 1502, 1207, 794, 4, 1340, 1492, 784, 509, 1127, 1305, 993, 790, 954, 1200, 1197, 354, 1307, 716]","[1512, 156, 1502, 784]"
independent,3,124,102,30,28,1.9097551119808749,1.3360241501281145,"[547, 81, 369, 653, 316, 288, 1092, 866, 605, 580, 63, 643, 556, 1395, 1471, 1118, 170, 285, 136, 1532, 1500, 1244, 843, 1122, 342, 194, 1190, 1033, 587, 280, 1429, 816]","[1092, 285, 1244, 280]"
independent,3,124,102,31,6,1.8528429838219758,1.5427972647769508,"[198, 531, 1293, 1252, 134, 1503, 970, 1451, 290, 78, 736, 276, 299, 769, 19, 121, 601, 1057, 647, 144, 679, 579, 1369, 157, 972, 1351, 460, 485, 905, 448, 1414, 334]","[299, 144, 679, 448]"
independent,3,124,102,32,30,2.2948714138956916,1.6380271769064088,"[741, 1284, 407, 376, 1177, 1432, 549, 698, 1236, 1486, 945, 2, 984, 708, 292, 611, 1107, 705, 1384, 75, 712, 1104, 421, 1182, 260, 841, 64, 623, 393, 1151, 664, 1265]","[376, 292, 712, 1151]"
independent,3,125,103,1,1,0.5246028044687501,0.5139415531394258,"[142, 926, 1046, 1382, 580, 1241, 45, 881, 201, 332, 213, 115, 243, 762, 754, 1386, 697, 305, 59, 170, 578, 80, 755, 108, 1039, 570, 176, 157, 790, 1478, 1120, 673]","[142, 1382, 881, 755]"
independent,3,125,103,2,29,3.6963916173883717,1.7588269734541235,"[611, 68, 194, 892, 369, 288, 1163, 392, 411, 946, 1473, 12, 1245, 704, 1459, 1275, 654, 698, 1454, 1131, 1135, 596, 1119, 1206, 1301, 89, 824, 1145, 564, 242, 1433, 384]","[194, 392, 946, 654]"
independent,3,125,103,3,30,2.1008522928077724,1.2256441945840528,"[774, 838, 133, 816, 440, 334, 1345, 1284, 395, 1273, 1220, 341, 549, 531, 887, 1340, 977, 615, 1018, 1370, 256, 817, 940, 906, 1274, 240, 420, 983, 437, 807, 685, 1244]","[1345, 1284, 1370, 906]"
independent,3,125,103,4,1,1.3038788244602983,1.251903267796454,"[496, 388, 1427, 1134, 964, 1116, 175, 425, 185, 695, 971, 666, 370, 993, 1511, 1498, 195, 1140, 328, 377, 394, 1004, 387, 286, 229, 385, 508, 542, 383, 274, 1393, 620]","[1511, 394, 383, 1393]"
independent,3,125,103,5,30,2.4303071374416163,1.3081913852805407,"[866, 1171, 367, 429, 844, 1186, 362, 939, 895, 664, 947, 1341, 1069, 1192, 83, 1525, 250, 1391, 491, 467, 181, 1170, 1503, 1036, 1467, 929, 284, 1325, 637, 1133, 969, 1167]","[844, 895, 1391, 491]"
independent,3,125,103,6,10,2.691712223451816,1.427453263426802,"[1476, 34, 1339, 238, 770, 304, 657, 1327, 1286, 1361, 595, 1518, 76, 1082, 981, 1212, 431, 1331, 1219, 700, 1350, 1470, 1028, 1302, 78, 880, 1061, 253, 433, 327, 1335, 643]","[34, 238, 1028, 880]"
independent,3,125,103,7,13,2.6250034831137015,1.718168327579182,"[376, 1297, 1289, 1207, 535, 309, 912, 424, 331, 1495, 823, 1202, 1482, 763, 1251, 18, 1169, 1488, 1197, 1012, 1164, 665, 793, 410, 722, 319, 57, 1224, 1442, 736, 1101, 66]","[1197, 1164, 736, 1101]"
independent,3,125,103,8,29,2.395478452799807,1.7579289823138566,"[992, 1002, 320, 812, 6, 1072, 112, 94, 889, 436, 1027, 110, 188, 1264, 312, 33, 1218, 1055, 63, 1009, 1144, 661, 323, 84, 405, 1208, 465, 474, 357, 955, 1217, 294]","[992, 6, 1072, 1055]"
independent,3,125,103,9,30,1.901430909461343,1.1145608982875537,"[114, 1524, 1384, 1188, 1489, 8, 150, 1049, 475, 143, 814, 217, 311, 449, 252, 1490, 776, 1328, 49, 1054, 277, 122, 347, 1195, 11, 165, 1267, 40, 572, 1334, 44, 442]","[1489, 449, 1490, 1267]"
independent,3,125,103,10,1,1.1438581841254098,1.1027596952781096,"[1108, 544, 1310, 1234, 936, 924, 1235, 109, 1469, 86, 343, 806, 464, 649, 477, 382, 772, 497, 709, 1484, 28, 126, 715, 1232, 904, 834, 1114, 775, 255, 1298, 1107, 693]","[544, 464, 709, 715]"
independent,3,125,103,11,5,1.6519657518985156,1.3207647253018564,"[959, 1013, 223, 536, 861, 1295, 1110, 1117, 398, 1157, 468, 1346, 871, 905, 1290, 389, 147, 1083, 15, 1063, 1126, 1408, 1462, 801, 593, 921, 227, 262, 1423, 231, 1419, 64]","[1013, 1346, 871, 1290]"
independent,3,125,103,12,30,4.15675839481861,1.2567185155859448,"[1507, 1189, 1445, 79, 1211, 1092, 495, 324, 1075, 1155, 103, 878, 237, 1087, 178, 417, 933, 251, 606, 987, 1486, 601, 1124, 87, 297, 1102, 968, 1093, 1425, 1362, 1412, 345]","[495, 1075, 417, 601]"
independent,3,125,103,13,3,1.7843380438952323,1.7482394032213655,"[1367, 1168, 1292, 773, 379, 203, 158, 852, 1494, 1246, 1409, 222, 771, 923, 282, 1311, 1288, 353, 733, 72, 24, 96, 1429, 51, 998, 662, 1479, 650, 950, 1056, 1016, 1231]","[773, 379, 203, 282]"
independent,3,125,103,14,7,2.555546508127364,1.546101879034044,"[1365, 1111, 16, 354, 302, 386, 366, 1026, 77, 1, 1485, 679, 1118, 1305, 1037, 1450, 1071, 767, 1347, 461, 342, 994, 245, 1185, 1153, 761, 196, 296, 1215, 1034, 23, 668]","[354, 1, 342, 23]"
independent,3,125,103,15,3,1.6922987956367628,1.4954388539254637,"[205, 1070, 1176, 1322, 192, 1041, 1064, 1269, 422, 1451, 1130, 17, 841, 621, 490, 291, 1383, 363, 1320, 1441, 470, 1456, 85, 798, 82, 104, 1201, 744, 781, 528, 713, 281]","[1041, 1064, 363, 104]"
independent,3,125,103,16,30,1.6374721753547874,1.4195981901854147,"[373, 1128, 1530, 232, 1417, 731, 1183, 139, 130, 230, 254, 182, 241, 898, 125, 515, 1226, 493, 1464, 1150, 1535, 408, 1502, 1493, 1308, 149, 809, 858, 1125, 827, 62, 1038]","[232, 731, 515, 1493]"
independent,3,125,103,17,2,1.8441189449445687,1.7285378514254859,"[1079, 560, 1372, 163, 863, 681, 862, 1200, 1213, 903, 519, 1065, 1252, 928, 1491, 699, 1440, 1179, 568, 1261, 1411, 1257, 1435, 587, 404, 837, 600, 1178, 1468, 919, 1514, 614]","[1213, 903, 587, 404]"
independent,3,125,103,18,5,1.9915506868852049,1.6589440659441266,"[1227, 1398, 716, 1081, 648, 678, 631, 663, 1229, 169, 796, 476, 857, 961, 202, 101, 132, 466, 225, 180, 877, 1053, 349, 330, 351, 1497, 1499, 911, 815, 212, 886, 1515]","[648, 663, 1229, 212]"
independent,3,125,103,19,30,1.733372651156074,1.2970402765691347,"[765, 426, 1480, 56, 726, 899, 199, 272, 1407, 1531, 714, 1413, 879, 1455, 1287, 106, 751, 400, 1338, 1434, 337, 300, 783, 655, 210, 752, 942, 1296, 740, 283, 507, 26]","[726, 714, 751, 655]"
independent,3,125,103,20,1,1.8287898530834354,1.7576599668327617,"[293, 1085, 1173, 273, 907, 220, 1022, 1062, 1250, 997, 1321, 707, 1375, 612, 1154, 717, 1278, 630, 592, 1014, 1068, 658, 579, 760, 967, 174, 885, 517, 1060, 29, 677, 1279]","[1173, 1250, 1321, 1375]"
independent,3,125,103,21,6,2.554588199140099,1.8273265472759164,"[1431, 483, 1263, 819, 539, 917, 782, 1461, 19, 412, 160, 1416, 1281, 451, 154, 1315, 145, 81, 672, 448, 527, 963, 1316, 703, 167, 1221, 908, 1306, 978, 325, 683, 582]","[160, 154, 81, 672]"
independent,3,125,103,22,30,2.0224734225912613,1.403929058986737,"[186, 1023, 1225, 956, 1448, 706, 616, 1300, 811, 1148, 883, 738, 1042, 391, 684, 1095, 1035, 161, 1066, 784, 957, 501, 599, 435, 409, 1466, 585, 686, 219, 1096, 503, 742]","[1225, 391, 957, 1466]"
independent,3,125,103,23,2,1.4728929680810694,1.4623732096892041,"[156, 1472, 303, 569, 499, 218, 690, 1512, 1074, 1449, 945, 427, 532, 1180, 1397, 617, 124, 151, 1395, 1403, 279, 1508, 193, 39, 235, 839, 1314, 280, 613, 719, 583, 166]","[1512, 1449, 839, 280]"
independent,3,125,103,24,3,1.5219821220355563,1.4151471028680795,"[1094, 687, 190, 581, 1240, 198, 848, 134, 529, 1394, 402, 441, 457, 639, 1196, 403, 1337, 52, 1029, 1199, 344, 371, 605, 575, 3, 221, 42, 748, 779, 652, 1238, 1415]","[371, 3, 42, 652]"
independent,3,125,103,25,24,1.5194492174430856,1.3307613531397386,"[1379, 1471, 941, 50, 455, 183, 380, 430, 1522, 486, 854, 833, 1510, 718, 298, 1506, 820, 602, 356, 333, 922, 1247, 88, 1059, 769, 670, 571, 1121, 313, 1147, 603, 888]","[1379, 356, 1121, 888]"
independent,3,125,103,26,4,2.386203065113534,1.6969752991041709,"[729, 516, 1443, 1015, 67, 484, 453, 1043, 438, 315, 258, 828, 510, 1190, 75, 543, 902, 9, 164, 310, 832, 1404, 350, 307, 1008, 92, 1233, 268, 954, 1421, 260, 554]","[258, 510, 75, 832]"
independent,3,125,103,27,30,2.473629663668035,1.3993195168396255,"[259, 31, 1020, 458, 916, 1138, 794, 1137, 509, 1396, 316, 401, 1017, 1132, 513, 646, 135, 271, 694, 504, 446, 949, 1444, 1354, 138, 421, 972, 512, 711, 1363, 702, 712]","[1017, 446, 949, 1363]"
independent,3,125,103,28,21,1.4981448277451364,1.2479223483675383,"[22, 234, 1089, 785, 20, 846, 1519, 99, 958, 290, 1194, 894, 443, 1047, 1353, 1146, 739, 1526, 1329, 1356, 691, 500, 735, 1520, 584, 511, 948, 1501, 329, 1293, 674, 1254]","[22, 1146, 1501, 329]"
independent,3,125,103,29,3,1.4187753879471963,1.317974654819725,"[1248, 651, 1368, 803, 494, 534, 758, 551, 799, 962, 1228, 533, 32, 559, 576, 153, 1142, 445, 1262, 1481, 1424, 1160, 506, 689, 374, 1115, 36, 634, 843, 0, 1076, 179]","[803, 551, 559, 179]"
independent,3,125,103,30,12,1.7051073787761766,1.6997571052534255,"[680, 845, 14, 1318, 910, 1357, 1307, 682, 1426, 292, 381, 214, 938, 191, 480, 289, 870, 659, 1204, 479, 808, 797, 1332, 633, 116, 1343, 1401, 1011, 1291, 1266, 979, 488]","[1426, 479, 797, 488]"
independent,3,125,103,31,3,2.6143198357210764,2.2018663175553144,"[1175, 876, 1109, 868, 365, 137, 896, 986, 1299, 1031, 340, 1460, 261, 71, 931, 247, 626, 1364, 640, 734, 269, 144, 577, 1475, 525, 1021, 930, 485, 1152, 882, 1182, 5]","[868, 896, 986, 144]"
independent,3,125,103,32,23,2.62797609408517,1.7528482686777807,"[127, 642, 688, 131, 459, 1151, 988, 777, 975, 1236, 1387, 1528, 58, 1259, 317, 558, 1193, 1532, 1447, 985, 692, 830, 1317, 326, 953, 780, 900, 1326, 1161, 415, 943, 1007]","[642, 985, 326, 780]"
independent,19,123,101,1,0,0.18719907369311617,0.18719907369311617,"[178, 1084, 666, 303, 544, 1265, 730, 467, 661, 417, 1140, 618, 938, 236, 1193, 893, 1404, 1262, 135, 759, 1502, 509, 99, 1108, 753, 1086, 360, 524, 766, 489, 2, 60]","[618, 893, 1404, 1108]"
independent,19,123,101,2,0,0.3080523894292293,0.3080523894292293,"[225, 1153, 104, 109, 0, 393, 1445, 1403, 1298, 1162, 880, 90, 726, 735, 1098, 940, 1503, 974, 946, 996, 1142, 585, 1488, 493, 257, 1320, 782, 1357, 1270, 552, 1387, 172]","[225, 104, 90, 1142]"
independent,19,123,101,3,3,0.49030878578838966,0.309147907395559,"[18, 1078, 1283, 216, 284, 860, 41, 1467, 614, 161, 74, 1092, 230, 336, 1122, 622, 497, 723, 1165, 904, 134, 515, 307, 823, 70, 917, 81, 1315, 142, 1030, 252, 1154]","[230, 917, 81, 252]"
independent,19,123,101,4,1,0.4481287682623112,0.40045802661293894,"[691, 569, 626, 1009, 688, 1422, 1424, 421, 1454, 698, 449, 795, 429, 32, 692, 1250, 749, 1105, 1144, 784, 500, 162, 814, 1479, 641, 679, 602, 961, 537, 187, 914, 325]","[688, 449, 1479, 961]"
independent,19,123,101,5,2,0.6472095349747775,0.40833921926077554,"[1408, 1152, 941, 1072, 1058, 899, 929, 1289, 786, 1493, 927, 7, 1438, 1358, 466, 773, 1113, 545, 55, 870, 19, 1145, 115, 198, 422, 352, 247, 1101, 1216, 980, 1189, 801]","[1408, 55, 115, 352]"
independent,19,123,101,6,2,0.5362691433111344,0.3905495790920419,"[1484, 195, 306, 1402, 212, 970, 563, 1130, 147, 1014, 353, 132, 45, 1224, 334, 337, 1001, 1245, 432, 459, 1436, 612, 1124, 168, 776, 858, 1242, 452, 1056, 1328, 1383, 420]","[1402, 970, 432, 1436]"
independent,19,123,101,7,21,0.48432841683194283,0.3426857858887482,"[647, 1282, 44, 20, 183, 1389, 1190, 722, 1016, 373, 1115, 694, 737, 619, 652, 1398, 495, 803, 714, 1483, 731, 1192, 1062, 548, 299, 862, 1437, 1264, 1063, 510, 246, 224]","[1483, 548, 1264, 224]"
independent,19,123,101,8,0,0.44748569754506207,0.44748569754506207,"[532, 804, 835, 460, 1450, 937, 1191, 734, 218, 1220, 256, 138, 1525, 1257, 323, 1243, 990, 194, 114, 416, 742, 342, 928, 191, 157, 596, 369, 1386, 1342, 800, 98, 706]","[1191, 218, 1220, 1257]"
independent,19,123,101,9,2,0.7623711145962808,0.5183747004905399,"[781, 817, 956, 1209, 1306, 1073, 1116, 564, 72, 551, 141, 1129, 1204, 374, 1038, 179, 790, 1179, 1196, 454, 291, 1499, 534, 30, 586, 744, 1432, 295, 25, 1421, 1177, 601]","[1073, 141, 25, 1177]"
independent,19,123,101,10,14,0.7548183940281348,0.6655880757373325,"[462, 1343, 54, 33, 1199, 653, 36, 389, 365, 482, 664, 1048, 1321, 1110, 209, 1520, 330, 743, 31, 242, 347, 87, 1297, 713, 1137, 1096, 995, 407, 568, 812, 1295, 932]","[389, 664, 1321, 1295]"
independent,19,123,101,11,1,0.8589654796201671,0.5962895653132279,"[1228, 1305, 1217, 1159, 26, 868, 56, 1186, 621, 846, 327, 379, 470, 1053, 1380, 597, 116, 1347, 915, 1212, 829, 355, 840, 486, 185, 739, 1020, 1334, 367, 793, 304, 752]","[116, 486, 1334, 304]"
independent,19,123,101,12,1,0.709582885087471,0.7044620747494719,"[23, 1248, 747, 189, 1364, 175, 1272, 850, 576, 926, 683, 475, 1518, 849, 492, 193, 949, 286, 991, 354, 50, 149, 669, 919, 987, 1414, 631, 887, 128, 61, 182, 986]","[850, 849, 631, 887]"
independent,19,123,101,13,3,0.8490123807069381,0.752196519068093,"[1433, 1158, 292, 704, 639, 439, 1151, 1350, 957, 716, 520, 1041, 1201, 126, 1497, 63, 137, 999, 1459, 210, 1420, 103, 6, 903, 1244, 579, 123, 952, 361, 121, 12, 853]","[1158, 103, 579, 853]"
independent,19,123,101,14,1,0.8812081733754127,0.7806189187406325,"[125, 269, 677, 139, 1530, 457, 555, 1128, 1263, 1310, 184, 1280, 583, 1457, 1205, 1482, 254, 383, 351, 1208, 1508, 774, 794, 628, 1293, 1077, 624, 28, 559, 629, 1258, 670]","[555, 583, 1482, 629]"
independent,19,123,101,15,1,0.9873529769760268,0.9637366020678861,"[1040, 1363, 1301, 122, 878, 1449, 910, 954, 816, 1393, 525, 485, 1281, 1163, 24, 608, 988, 263, 1531, 1031, 1495, 1461, 127, 1388, 640, 328, 721, 1080, 37, 320, 758, 659]","[816, 525, 1281, 127]"
independent,19,123,101,16,0,1.2608608309235514,1.2608608309235514,"[1447, 822, 412, 869, 948, 909, 756, 531, 100, 346, 1430, 268, 533, 1203, 1443, 1187, 34, 339, 501, 118, 285, 792, 680, 913, 1323, 729, 651, 768, 1051, 992, 1524, 1194]","[1447, 1187, 34, 768]"
independent,19,123,101,17,8,1.6214283505380678,1.1462991319920413,"[963, 805, 313, 1150, 1093, 1148, 249, 1336, 48, 834, 267, 390, 902, 399, 518, 1239, 968, 1369, 1039, 446, 300, 1102, 1202, 405, 1456, 1377, 885, 876, 1395, 543, 693, 1251]","[518, 1039, 876, 1251]"
independent,19,123,101,18,1,1.1519761413529181,1.0080840340420174,"[1082, 85, 1104, 920, 395, 260, 290, 975, 333, 958, 1226, 77, 1047, 483, 528, 140, 287, 237, 1045, 440, 674, 969, 1219, 567, 1060, 745, 964, 1184, 271, 1106, 587, 1003]","[1082, 1226, 1045, 1106]"
independent,19,123,101,19,1,1.0078412649726864,0.9846552387864591,"[845, 1079, 1332, 1042, 143, 1335, 1275, 573, 240, 375, 1052, 471, 1338, 319, 1354, 1125, 1471, 1166, 778, 848, 318, 981, 274, 1026, 841, 1425, 791, 68, 779, 384, 637, 111]","[1042, 143, 791, 637]"
independent,19,123,101,20,0,1.0762175057524388,1.0762175057524388,"[201, 783, 682, 447, 930, 1185, 1427, 770, 418, 856, 65, 42, 690, 761, 410, 16, 151, 859, 415, 108, 922, 933, 1261, 174, 381, 117, 665, 1036, 570, 1233, 959, 605]","[770, 16, 151, 922]"
independent,19,123,101,21,2,1.3036883005274973,0.9926439307316883,"[1485, 241, 331, 1088, 1319, 107, 719, 1370, 1325, 821, 650, 298, 62, 1234, 1147, 400, 231, 1396, 479, 668, 1018, 625, 1371, 1229, 610, 1046, 1373, 1316, 754, 513, 708, 678]","[719, 1370, 1325, 678]"
independent,19,123,101,22,0,1.1403310081010751,1.1403310081010751,"[1238, 643, 1509, 1337, 1089, 1526, 1032, 1463, 106, 1198, 414, 458, 9, 180, 1517, 408, 1027, 1182, 1276, 171, 607, 204, 468, 1501, 972, 700, 1279, 464, 897, 8, 1227, 366]","[180, 408, 1279, 8]"
independent,19,123,101,23,2,1.2535830113072421,1.179596143809377,"[976, 488, 1360, 1452, 170, 1356, 1462, 1156, 635, 1138, 1171, 955, 1024, 1477, 1133, 222, 1097, 43, 228, 1213, 281, 463, 413, 431, 748, 335, 376, 699, 1413, 757, 265, 648]","[976, 1171, 1024, 757]"
independent,19,123,101,24,16,1.3916000494910037,0.7367500820410555,"[843, 435, 186, 1362, 765, 1345, 423, 1188, 847, 1075, 832, 1284, 673, 901, 1002, 1329, 1135, 1023, 491, 686, 277, 1083, 740, 715, 636, 962, 994, 133, 985, 205, 978, 403]","[1075, 277, 978, 403]"
independent,19,123,101,25,0,0.8055690280485273,0.8055690280485273,"[598, 130, 875, 1169, 1409, 445, 857, 925, 630, 1222, 1081, 341, 931, 455, 646, 824, 155, 1006, 517, 124, 1411, 787, 1241, 308, 799, 867, 1141, 1091, 154, 767, 94, 864]","[1081, 155, 799, 864]"
independent,19,123,101,26,1,0.9227095202514342,0.7885384949736114,"[1317, 148, 1302, 1254, 593, 448, 720, 1028, 522, 1277, 1355, 372, 1378, 1271, 689, 1304, 772, 213, 1465, 1218, 202, 1019, 113, 443, 220, 798, 27, 1439, 506, 1397, 1061, 1255]","[148, 1277, 372, 772]"
independent,19,123,101,27,2,0.8660042864505613,0.7450843070530482,"[844, 1344, 1249, 1312, 370, 1095, 433, 1359, 802, 1474, 167, 1136, 523, 1490, 617, 762, 695, 595, 1260, 388, 227, 461, 310, 660, 1428, 425, 918, 250, 882, 1365, 288, 1522]","[1490, 762, 1428, 288]"
independent,19,123,101,28,1,0.831314886762712,0.7617527381481182,"[294, 556, 1441, 789, 368, 1303, 84, 536, 613, 1223, 900, 755, 1385, 1114, 89, 1206, 363, 196, 1512, 83, 258, 234, 775, 1367, 1054, 473, 1065, 1381, 13, 1033, 836, 888]","[294, 1114, 363, 1054]"
independent,19,123,101,29,1,0.9356896934201622,0.8283365923972639,"[780, 1221, 1200, 603, 514, 924, 562, 476, 707, 1507, 769, 39, 1252, 516, 1012, 971, 434, 321, 391, 1486, 1313, 481, 1307, 38, 322, 1466, 266, 577, 1090, 64, 571, 942]","[707, 1313, 481, 322]"
independent,19,123,101,30,1,1.0364886436050575,0.8794886274282341,"[1516, 188, 29, 1183, 1352, 1444, 1195, 1348, 1514, 557, 1120, 279, 119, 1055, 530, 916, 326, 4, 314, 1230, 1505, 69, 702, 572, 1225, 1256, 206, 818, 1087, 642, 898, 560]","[1183, 314, 702, 1087]"
independent,19,123,101,31,0,0.9912351322387281,0.9912351322387281,"[165, 146, 15, 406, 529, 1498, 1375, 173, 102, 934, 1059, 877, 1473, 1451, 584, 1170, 808, 873, 1366, 58, 1180, 272, 861, 80, 1296, 248, 866, 894, 1066, 233, 1458, 806]","[406, 1473, 1366, 58]"
independent,19,123,101,32,3,1.1656755017875327,1.130037039958868,"[935, 574, 1333, 490, 725, 1519, 1491, 1107, 442, 1478, 1368, 264, 338, 1207, 582, 1534, 826, 728, 1035, 1057, 53, 807, 1374, 687, 997, 392, 1435, 86, 874, 441, 989, 710]","[935, 1057, 441, 989]"
independent,19,124,102,1,0,0.18813170967956694,0.18813170967956694,"[1176, 8, 1323, 1422, 404, 1042, 271, 251, 1071, 360, 776, 1064, 743, 268, 1251, 167, 512, 1266, 1364, 1299, 209, 739, 1226, 908, 1527, 714, 768, 103, 189, 396, 1084, 499]","[1071, 776, 1251, 167]"
independent,19,124,102,2,5,0.278313643340085,0.2506878966864372,"[830, 83, 854, 723, 1248, 231, 1204, 497, 952, 557, 70, 319, 765, 116, 210, 680, 725, 1233, 1235, 32, 1373, 487, 183, 65, 364, 1359, 1135, 797, 97, 663, 498, 1387]","[830, 854, 952, 70]"
independent,19,124,102,3,16,0.3804532378524508,0.31539326247177346,"[1344, 123, 1516, 337, 343, 473, 1060, 1188, 901, 141, 1398, 1413, 1383, 767, 1258, 975, 305, 1184, 465, 1388, 1396, 1394, 1460, 1409, 1174, 1253, 44, 1231, 820, 1027, 1228, 532]","[1060, 1413, 1184, 1174]"
independent,19,124,102,4,1,0.40398706928329275,0.35883668724827444,"[798, 1180, 976, 1386, 1103, 521, 849, 461, 227, 338, 147, 477, 131, 166, 1254, 750, 864, 1302, 1155, 341, 559, 361, 322, 648, 1439, 451, 1109, 674, 72, 85, 349, 1345]","[976, 341, 648, 674]"
independent,19,124,102,5,1,0.5064972544167041,0.4183783851613079,"[169, 522, 13, 538, 823, 1306, 810, 684, 294, 930, 212, 840, 624, 432, 514, 988, 568, 1534, 391, 172, 1002, 1249, 1179, 254, 838, 1247, 927, 348, 877, 1026, 1418, 1095]","[840, 568, 391, 1418]"
independent,19,124,102,6,3,0.6391195425172214,0.47957902175699374,"[640, 596, 1513, 893, 1224, 1132, 940, 106, 165, 437, 122, 1237, 171, 145, 1462, 717, 1494, 111, 1287, 815, 1335, 35, 1528, 1054, 1205, 1483, 727, 1310, 807, 211, 642, 800]","[437, 1237, 171, 815]"
independent,19,124,102,7,1,0.6180344949639363,0.4967502387009972,"[234, 238, 1466, 890, 1328, 1476, 936, 1172, 1311, 301, 295, 1146, 214, 1119, 529, 1055, 516, 456, 429, 215, 355, 49, 1464, 1317, 352, 1006, 696, 333, 1288, 339, 1082, 1169]","[1476, 1006, 696, 339]"
independent,19,124,102,8,27,0.6209109163465918,0.5723853424569825,"[660, 494, 160, 844, 525, 959, 1358, 1336, 399, 281, 1154, 1274, 474, 95, 828, 1493, 875, 1125, 467, 628, 670, 742, 713, 802, 677, 1447, 129, 567, 135, 357, 430, 1191]","[1336, 281, 474, 430]"
independent,19,124,102,9,27,0.6737798224760958,0.557137097712257,"[18, 1526, 1213, 1372, 150, 651, 572, 127, 1016, 366, 1044, 916, 1009, 173, 108, 1070, 625, 300, 738, 689, 24, 511, 1065, 928, 818, 1198, 518, 205, 1024, 1421, 652, 1416]","[1372, 173, 625, 928]"
independent,19,124,102,10,1,0.6791134370000442,0.6647154910199085,"[852, 1029, 1051, 59, 277, 124, 1212, 658, 479, 913, 1137, 302, 332, 957, 185, 489, 1458, 685, 1187, 973, 471, 327, 613, 1223, 1257, 405, 745, 762, 1435, 545, 791, 570]","[852, 59, 957, 1257]"
independent,19,124,102,11,22,0.8012815621219147,0.7308072377846315,"[710, 415, 230, 691, 233, 822, 882, 754, 1130, 886, 88, 635, 248, 1000, 286, 1424, 1142, 615, 860, 1295, 56, 891, 676, 986, 463, 722, 149, 403, 582, 618, 1453, 1434]","[822, 860, 722, 582]"
independent,19,124,102,12,2,0.9898957154625272,0.8279031591913544,"[483, 544, 226, 110, 1214, 578, 186, 527, 279, 629, 1438, 468, 96, 780, 585, 1482, 960, 709, 734, 1272, 433, 53, 335, 977, 728, 523, 1350, 836, 764, 1004, 1452, 949]","[1438, 433, 728, 836]"
independent,19,124,102,13,1,1.0916924123143623,0.7881068614534605,"[219, 478, 1110, 690, 428, 38, 1480, 1153, 724, 661, 833, 74, 1243, 422, 540, 573, 1314, 115, 87, 1320, 946, 1111, 1261, 1360, 1022, 1040, 610, 1131, 385, 246, 502, 869]","[219, 690, 724, 74]"
independent,19,124,102,14,1,0.979965464659486,0.9191361033083467,"[1290, 832, 1094, 1079, 720, 1100, 974, 190, 528, 1276, 1159, 488, 486, 1353, 86, 443, 1376, 146, 1208, 1031, 267, 1405, 963, 365, 1077, 1417, 1078, 109, 1415, 1038, 142, 1166]","[974, 1405, 1038, 1166]"
independent,19,124,102,15,28,1.0425399865443445,0.9257063723285945,"[987, 950, 1446, 401, 1098, 1242, 392, 68, 287, 1461, 7, 700, 159, 1011, 598, 566, 427, 921, 264, 668, 5, 99, 592, 1316, 120, 321, 895, 789, 1399, 779, 873, 650]","[1461, 264, 779, 650]"
independent,19,124,102,16,3,0.9639936833696652,0.9554836327410818,"[245, 459, 1210, 749, 543, 1076, 1449, 595, 1363, 999, 829, 641, 575, 1250, 1282, 1308, 351, 989, 1171, 885, 1001, 1333, 1289, 1128, 1279, 1535, 607, 850, 417, 1412, 462, 1348]","[1250, 351, 885, 1279]"
independent,19,124,102,17,0,1.0586052492872113,1.0586052492872113,"[452, 249, 1015, 359, 475, 1457, 853, 501, 1133, 420, 315, 330, 1234, 1134, 634, 1400, 733, 1489, 564, 513, 1514, 669, 1444, 558, 1229, 130, 638, 763, 1017, 84, 548, 1102]","[359, 1489, 558, 638]"
independent,19,124,102,18,2,1.4486366331607456,1.1397598941186153,"[1116, 379, 574, 446, 92, 47, 368, 569, 593, 22, 1222, 296, 884, 1161, 672, 414, 188, 971, 176, 6, 77, 289, 57, 36, 588, 686, 1392, 1056, 812, 1365, 423, 426]","[569, 672, 36, 423]"
independent,19,124,102,19,1,1.4815758599664974,1.2750853864329201,"[1355, 926, 1531, 11, 766, 1114, 406, 236, 550, 218, 662, 924, 982, 805, 842, 781, 504, 1509, 213, 1381, 283, 907, 721, 678, 1337, 591, 69, 533, 1183, 1341, 1164, 961]","[1531, 805, 1337, 1341]"
independent,19,124,102,20,4,1.4408173304727825,1.0745057370704814,"[735, 809, 1101, 747, 701, 1138, 1160, 133, 42, 637, 372, 1283, 221, 606, 621, 597, 914, 524, 1199, 324, 1061, 34, 1136, 436, 1280, 773, 1327, 737, 464, 1112, 910, 1473]","[735, 1283, 1327, 910]"
independent,19,124,102,21,21,1.1017168736349028,0.8590953706298023,"[138, 1397, 1270, 93, 255, 200, 1370, 1357, 408, 1123, 216, 594, 28, 897, 137, 761, 1028, 1385, 434, 551, 52, 41, 939, 693, 1485, 612, 1087, 831, 517, 1074, 542, 1488]","[93, 255, 216, 542]"
independent,19,124,102,22,1,0.9079775853979299,0.8504160371178386,"[1510, 581, 318, 1173, 1448, 1145, 645, 912, 1484, 1162, 243, 1463, 847, 383, 1334, 362, 1106, 951, 270, 962, 792, 1529, 113, 699, 237, 835, 1181, 46, 472, 323, 416, 682]","[270, 792, 835, 323]"
independent,19,124,102,23,1,0.9467418216835348,0.8781339264009809,"[1459, 484, 571, 863, 1382, 325, 1325, 1264, 1202, 757, 345, 275, 1091, 1431, 374, 1456, 1515, 1175, 1156, 806, 179, 442, 944, 577, 1168, 719, 90, 438, 646, 386, 964, 1269]","[484, 325, 374, 386]"
independent,19,124,102,24,0,0.9629104156440604,0.9629104156440604,"[1225, 1352, 1362, 889, 411, 425, 1472, 1368, 887, 616, 381, 1481, 304, 1206, 1332, 223, 1402, 1496, 1049, 783, 12, 1508, 152, 269, 932, 397, 195, 177, 878, 15, 703, 649]","[1362, 1481, 15, 649]"
independent,19,124,102,25,2,1.1224075419006034,1.0644286579068627,"[235, 377, 632, 58, 143, 871, 804, 30, 718, 1048, 117, 424, 506, 909, 1530, 180, 1296, 941, 1158, 915, 371, 1035, 563, 1093, 1436, 657, 904, 520, 107, 1273, 552, 94]","[909, 1158, 1436, 1273]"
independent,19,124,102,26,2,1.382881586807585,1.212135277626885,"[785, 845, 98, 1504, 1356, 1117, 1167, 1517, 1069, 455, 857, 297, 925, 1157, 500, 1240, 1347, 978, 311, 707, 1260, 1256, 259, 562, 1487, 457, 1063, 870, 402, 1478, 756, 1281]","[1167, 925, 259, 1063]"
independent,19,124,102,27,1,1.4895914588234973,1.3665506247726036,"[1148, 505, 114, 1246, 389, 814, 1339, 1032, 410, 495, 1477, 855, 955, 61, 1525, 1440, 1367, 1263, 817, 482, 1285, 163, 546, 250, 1498, 1268, 1090, 687, 1403, 1216, 1441, 1523]","[389, 955, 1440, 163]"
independent,19,124,102,28,6,1.6147308851689246,1.2220770799358434,"[1, 1377, 614, 126, 644, 770, 187, 168, 1221, 453, 119, 20, 476, 139, 204, 1039, 1220, 1277, 62, 445, 1393, 752, 692, 1053, 997, 1163, 539, 293, 1096, 481, 665, 492]","[644, 187, 204, 665]"
independent,19,124,102,29,2,1.3828308819295358,1.1958914819692588,"[1075, 164, 31, 1058, 199, 1518, 1505, 1512, 1147, 1442, 400, 156, 1008, 1419, 1502, 1207, 794, 4, 1340, 1492, 784, 509, 1127, 1305, 993, 790, 954, 1200, 1197, 354, 1307, 716]","[1512, 156, 1502, 784]"
independent,19,124,102,30,0,1.3117133613518241,1.3117133613518241,"[547, 81, 369, 653, 316, 288, 1092, 866, 605, 580, 63, 643, 556, 1395, 1471, 1118, 170, 285, 136, 1532, 1500, 1244, 843, 1122, 342, 194, 1190, 1033, 587, 280, 1429, 816]","[1092, 285, 1244, 280]"
independent,19,124,102,31,1,1.5148345179648146,1.4036535824953376,"[198, 531, 1293, 1252, 134, 1503, 970, 1451, 290, 78, 736, 276, 299, 769, 19, 121, 601, 1057, 647, 144, 679, 579, 1369, 157, 972, 1351, 460, 485, 905, 448, 1414, 334]","[299, 144, 679, 448]"
independent,19,124,102,32,0,1.5646198239570026,1.5646198239570026,"[741, 1284, 407, 376, 1177, 1432, 549, 698, 1236, 1486, 945, 2, 984, 708, 292, 611, 1107, 705, 1384, 75, 712, 1104, 421, 1182, 260, 841, 64, 623, 393, 1151, 664, 1265]","[376, 292, 712, 1151]"
independent,19,125,103,1,0,0.1902493785383399,0.1902493785383399,"[142, 926, 1046, 1382, 580, 1241, 45, 881, 201, 332, 213, 115, 243, 762, 754, 1386, 697, 305, 59, 170, 578, 80, 755, 108, 1039, 570, 176, 157, 790, 1478, 1120, 673]","[142, 1382, 881, 755]"
independent,19,125,103,2,1,0.3889588488033411,0.25388700390817576,"[611, 68, 194, 892, 369, 288, 1163, 392, 411, 946, 1473, 12, 1245, 704, 1459, 1275, 654, 698, 1454, 1131, 1135, 596, 1119, 1206, 1301, 89, 824, 1145, 564, 242, 1433, 384]","[194, 392, 946, 654]"
independent,19,125,103,3,25,0.554840946348012,0.3705207220164688,"[774, 838, 133, 816, 440, 334, 1345, 1284, 395, 1273, 1220, 341, 549, 531, 887, 1340, 977, 615, 1018, 1370, 256, 817, 940, 906, 1274, 240, 420, 983, 437, 807, 685, 1244]","[1345, 1284, 1370, 906]"
independent,19,125,103,4,21,0.4575111824319862,0.34548792272734463,"[496, 388, 1427, 1134, 964, 1116, 175, 425, 185, 695, 971, 666, 370, 993, 1511, 1498, 195, 1140, 328, 377, 394, 1004, 387, 286, 229, 385, 508, 542, 383, 274, 1393, 620]","[1511, 394, 383, 1393]"
independent,19,125,103,5,30,0.4387814473052778,0.3799255811315385,"[866, 1171, 367, 429, 844, 1186, 362, 939, 895, 664, 947, 1341, 1069, 1192, 83, 1525, 250, 1391, 491, 467, 181, 1170, 1503, 1036, 1467, 929, 284, 1325, 637, 1133, 969, 1167]","[844, 895, 1391, 491]"
independent,19,125,103,6,1,0.5710133857274151,0.4361227883638641,"[1476, 34, 1339, 238, 770, 304, 657, 1327, 1286, 1361, 595, 1518, 76, 1082, 981, 1212, 431, 1331, 1219, 700, 1350, 1470, 1028, 1302, 78, 880, 1061, 253, 433, 327, 1335, 643]","[34, 238, 1028, 880]"
independent,19,125,103,7,2,0.786762045888338,0.4996950220981127,"[376, 1297, 1289, 1207, 535, 309, 912, 424, 331, 1495, 823, 1202, 1482, 763, 1251, 18, 1169, 1488, 1197, 1012, 1164, 665, 793, 410, 722, 319, 57, 1224, 1442, 736, 1101, 66]","[1197, 1164, 736, 1101]"
independent,19,125,103,8,1,0.6657780001983475,0.5856976714900703,"[992, 1002, 320, 812, 6, 1072, 112, 94, 889, 436, 1027, 110, 188, 1264, 312, 33, 1218, 1055, 63, 1009, 1144, 661, 323, 84, 405, 1208, 465, 474, 357, 955, 1217, 294]","[992, 6, 1072, 1055]"
independent,19,125,103,9,8,0.7518974377565577,0.692597111428487,"[114, 1524, 1384, 1188, 1489, 8, 150, 1049, 475, 143, 814, 217, 311, 449, 252, 1490, 776, 1328, 49, 1054, 277, 122, 347, 1195, 11, 165, 1267, 40, 572, 1334, 44, 442]","[1489, 449, 1490, 1267]"
independent,19,125,103,10,1,0.7874991624783121,0.7083110994572053,"[1108, 544, 1310, 1234, 936, 924, 1235, 109, 1469, 86, 343, 806, 464, 649, 477, 382, 772, 497, 709, 1484, 28, 126, 715, 1232, 904, 834, 1114, 775, 255, 1298, 1107, 693]","[544, 464, 709, 715]"
independent,19,125,103,11,1,0.8038582267886909,0.6660163904025609,"[959, 1013, 223, 536, 861, 1295, 1110, 1117, 398, 1157, 468, 1346, 871, 905, 1290, 389, 147, 1083, 15, 1063, 1126, 1408, 1462, 801, 593, 921, 227, 262, 1423, 231, 1419, 64]","[1013, 1346, 871, 1290]"
independent,19,125,103,12,13,0.8299561971145977,0.535757433444374,"[1507, 1189, 1445, 79, 1211, 1092, 495, 324, 1075, 1155, 103, 878, 237, 1087, 178, 417, 933, 251, 606, 987, 1486, 601, 1124, 87, 297, 1102, 968, 1093, 1425, 1362, 1412, 345]","[495, 1075, 417, 601]"
independent,19,125,103,13,1,0.7150889586983205,0.6068593936918809,"[1367, 1168, 1292, 773, 379, 203, 158, 852, 1494, 1246, 1409, 222, 771, 923, 282, 1311, 1288, 353, 733, 72, 24, 96, 1429, 51, 998, 662, 1479, 650, 950, 1056, 1016, 1231]","[773, 379, 203, 282]"
independent,19,125,103,14,19,0.9021563914844251,0.7247094678319286,"[1365, 1111, 16, 354, 302, 386, 366, 1026, 77, 1, 1485, 679, 1118, 1305, 1037, 1450, 1071, 767, 1347, 461, 342, 994, 245, 1185, 1153, 761, 196, 296, 1215, 1034, 23, 668]","[354, 1, 342, 23]"
independent,19,125,103,15,0,0.8460216749631719,0.8460216749631719,"[205, 1070, 1176, 1322, 192, 1041, 1064, 1269, 422, 1451, 1130, 17, 841, 621, 490, 291, 1383, 363, 1320, 1441, 470, 1456, 85, 798, 82, 104, 1201, 744, 781, 528, 713, 281]","[1041, 1064, 363, 104]"
independent,19,125,103,16,24,1.0350100262808724,0.6502358056233248,"[373, 1128, 1530, 232, 1417, 731, 1183, 139, 130, 230, 254, 182, 241, 898, 125, 515, 1226, 493, 1464, 1150, 1535, 408, 1502, 1493, 1308, 149, 809, 858, 1125, 827, 62, 1038]","[232, 731, 515, 1493]"
independent,19,125,103,17,1,0.7354210458151762,0.6675546796263099,"[1079, 560, 1372, 163, 863, 681, 862, 1200, 1213, 903, 519, 1065, 1252, 928, 1491, 699, 1440, 1179, 568, 1261, 1411, 1257, 1435, 587, 404, 837, 600, 1178, 1468, 919, 1514, 614]","[1213, 903, 587, 404]"
independent,19,125,103,18,1,0.7370219794247532,0.6922407572777871,"[1227, 1398, 716, 1081, 648, 678, 631, 663, 1229, 169, 796, 476, 857, 961, 202, 101, 132, 466, 225, 180, 877, 1053, 349, 330, 351, 1497, 1499, 911, 815, 212, 886, 1515]","[648, 663, 1229, 212]"
independent,19,125,103,19,1,0.8291012100552599,0.7041492372864582,"[765, 426, 1480, 56, 726, 899, 199, 272, 1407, 1531, 714, 1413, 879, 1455, 1287, 106, 751, 400, 1338, 1434, 337, 300, 783, 655, 210, 752, 942, 1296, 740, 283, 507, 26]","[726, 714, 751, 655]"
independent,19,125,103,20,0,0.8512706678965891,0.8512706678965891,"[293, 1085, 1173, 273, 907, 220, 1022, 1062, 1250, 997, 1321, 707, 1375, 612, 1154, 717, 1278, 630, 592, 1014, 1068, 658, 579, 760, 967, 174, 885, 517, 1060, 29, 677, 1279]","[1173, 1250, 1321, 1375]"
independent,19,125,103,21,20,1.0953239723002106,0.9993207441390588,"[1431, 483, 1263, 819, 539, 917, 782, 1461, 19, 412, 160, 1416, 1281, 451, 154, 1315, 145, 81, 672, 448, 527, 963, 1316, 703, 167, 1221, 908, 1306, 978, 325, 683, 582]","[160, 154, 81, 672]"
independent,19,125,103,22,0,1.1436854978967403,1.1436854978967403,"[186, 1023, 1225, 956, 1448, 706, 616, 1300, 811, 1148, 883, 738, 1042, 391, 684, 1095, 1035, 161, 1066, 784, 957, 501, 599, 435, 409, 1466, 585, 686, 219, 1096, 503, 742]","[1225, 391, 957, 1466]"
independent,19,125,103,23,1,1.258107729494757,1.1576384266975062,"[156, 1472, 303, 569, 499, 218, 690, 1512, 1074, 1449, 945, 427, 532, 1180, 1397, 617, 124, 151, 1395, 1403, 279, 1508, 193, 39, 235, 839, 1314, 280, 613, 719, 583, 166]","[1512, 1449, 839, 280]"
independent,19,125,103,24,1,1.2734876181336041,1.217442114755901,"[1094, 687, 190, 581, 1240, 198, 848, 134, 529, 1394, 402, 441, 457, 639, 1196, 403, 1337, 52, 1029, 1199, 344, 371, 605, 575, 3, 221, 42, 748, 779, 652, 1238, 1415]","[371, 3, 42, 652]"
independent,19,125,103,25,1,1.2898010970990903,1.1813686662562795,"[1379, 1471, 941, 50, 455, 183, 380, 430, 1522, 486, 854, 833, 1510, 718, 298, 1506, 820, 602, 356, 333, 922, 1247, 88, 1059, 769, 670, 571, 1121, 313, 1147, 603, 888]","[1379, 356, 1121, 888]"
independent,19,125,103,26,0,1.2395201077342932,1.2395201077342932,"[729, 516, 1443, 1015, 67, 484, 453, 1043, 438, 315, 258, 828, 510, 1190, 75, 543, 902, 9, 164, 310, 832, 1404, 350, 307, 1008, 92, 1233, 268, 954, 1421, 260, 554]","[258, 510, 75, 832]"
independent,19,125,103,27,1,1.3595115815089827,1.20743200837234,"[259, 31, 1020, 458, 916, 1138, 794, 1137, 509, 1396, 316, 401, 1017, 1132, 513, 646, 135, 271, 694, 504, 446, 949, 1444, 1354, 138, 421, 972, 512, 711, 1363, 702, 712]","[1017, 446, 949, 1363]"
independent,19,125,103,28,0,1.3793032699396122,1.3793032699396122,"[22, 234, 1089, 785, 20, 846, 1519, 99, 958, 290, 1194, 894, 443, 1047, 1353, 1146, 739, 1526, 1329, 1356, 691, 500, 735, 1520, 584, 511, 948, 1501, 329, 1293, 674, 1254]","[22, 1146, 1501, 329]"
independent,19,125,103,29,0,1.665558364559331,1.665558364559331,"[1248, 651, 1368, 803, 494, 534, 758, 551, 799, 962, 1228, 533, 32, 559, 576, 153, 1142, 445, 1262, 1481, 1424, 1160, 506, 689, 374, 1115, 36, 634, 843, 0, 1076, 179]","[803, 551, 559, 179]"
independent,19,125,103,30,1,1.95039805212906,1.6775533641102953,"[680, 845, 14, 1318, 910, 1357, 1307, 682, 1426, 292, 381, 214, 938, 191, 480, 289, 870, 659, 1204, 479, 808, 797, 1332, 633, 116, 1343, 1401, 1011, 1291, 1266, 979, 488]","[1426, 479, 797, 488]"
independent,19,125,103,31,0,1.8108277032151818,1.8108277032151818,"[1175, 876, 1109, 868, 365, 137, 896, 986, 1299, 1031, 340, 1460, 261, 71, 931, 247, 626, 1364, 640, 734, 269, 144, 577, 1475, 525, 1021, 930, 485, 1152, 882, 1182, 5]","[868, 896, 986, 144]"
independent,19,125,103,32,0,1.8540263765626719,1.8540263765626719,"[127, 642, 688, 131, 459, 1151, 988, 777, 975, 1236, 1387, 1528, 58, 1259, 317, 558, 1193, 1532, 1447, 985, 692, 830, 1317, 326, 953, 780, 900, 1326, 1161, 415, 943, 1007]","[642, 985, 326, 780]"
