layer,mode,train_seed,update_seed,step,stage,target,cosine,relative_l2,norm_ratio
3,adaptive,123,101,1,heldout_before,activation,0.6058322787284851,0.7768738865852356,0.6013023257255554
3,adaptive,123,101,1,heldout_before,lora,0.7847822904586792,0.5978137850761414,0.836349368095398
3,adaptive,123,101,1,heldout_before,batch_lora,0.9685661792755127,0.24879638850688934,0.9640849828720093
3,adaptive,123,101,1,heldout_after,activation,0.6058322787284851,0.7768738865852356,0.6013023257255554
3,adaptive,123,101,1,heldout_after,lora,0.7847822904586792,0.5978137850761414,0.836349368095398
3,adaptive,123,101,1,heldout_after,batch_lora,0.9685661792755127,0.24879638850688934,0.9640849828720093
3,adaptive,123,101,1,full_batch,activation,0.594627857208252,0.7851428985595703,0.5955537557601929
3,adaptive,123,101,1,full_batch,lora,0.7829580307006836,0.6016778349876404,0.8377689123153687
3,adaptive,123,101,1,full_batch,batch_lora,0.9683007597923279,0.24979566037654877,0.9703502058982849
3,adaptive,123,101,2,heldout_before,activation,0.21971742808818817,1.1004619598388672,0.5777318477630615
3,adaptive,123,101,2,heldout_before,lora,0.38346612453460693,1.0665209293365479,0.8022032380104065
3,adaptive,123,101,2,heldout_before,batch_lora,-0.3645380139350891,1.301085352897644,0.5441485047340393
3,adaptive,123,101,2,heldout_after,activation,0.26962900161743164,1.0733314752578735,0.5774688720703125
3,adaptive,123,101,2,heldout_after,lora,0.5458654165267944,0.9260451793670654,0.8220765590667725
3,adaptive,123,101,2,heldout_after,batch_lora,0.568200945854187,0.8316571712493896,0.6886411309242249
3,adaptive,123,101,2,full_batch,activation,0.2930907607078552,1.050745964050293,0.5528216361999512
3,adaptive,123,101,2,full_batch,lora,0.579170823097229,0.8832011818885803,0.8248547315597534
3,adaptive,123,101,2,full_batch,batch_lora,0.6651767492294312,0.7478029131889343,0.7060343623161316
3,adaptive,123,101,3,heldout_before,activation,0.20317210257053375,1.109811544418335,0.6001477241516113
3,adaptive,123,101,3,heldout_before,lora,0.4015389382839203,1.0650633573532104,0.8994578123092651
3,adaptive,123,101,3,heldout_before,batch_lora,0.2234252691268921,1.1512982845306396,0.8361296057701111
3,adaptive,123,101,3,heldout_after,activation,0.30183473229408264,0.9800809025764465,0.48559117317199707
3,adaptive,123,101,3,heldout_after,lora,0.5734566450119019,0.8451195359230042,0.7650018930435181
3,adaptive,123,101,3,heldout_after,batch_lora,0.7399324178695679,0.6745597124099731,0.7902399897575378
3,adaptive,123,101,3,full_batch,activation,0.3218331038951874,0.9689067602157593,0.48939841985702515
3,adaptive,123,101,3,full_batch,lora,0.6123000979423523,0.7975096702575684,0.7806495428085327
3,adaptive,123,101,3,full_batch,batch_lora,0.7704074382781982,0.6387271881103516,0.8091407418251038
3,adaptive,123,101,4,heldout_before,activation,0.34604084491729736,0.959905743598938,0.5251409411430359
3,adaptive,123,101,4,heldout_before,lora,0.5834553837776184,0.8636550903320312,0.8718883395195007
3,adaptive,123,101,4,heldout_before,batch_lora,0.6755706667900085,0.7661633491516113,0.8839021921157837
3,adaptive,123,101,4,heldout_after,activation,0.3665844202041626,0.9406275749206543,0.502285897731781
3,adaptive,123,101,4,heldout_after,lora,0.60563063621521,0.8355477452278137,0.8534616827964783
3,adaptive,123,101,4,heldout_after,batch_lora,0.7282286882400513,0.7026309967041016,0.8831717371940613
3,adaptive,123,101,4,full_batch,activation,0.37426018714904785,0.9361758232116699,0.5000579953193665
3,adaptive,123,101,4,full_batch,lora,0.6429845094680786,0.7841895818710327,0.8601117134094238
3,adaptive,123,101,4,full_batch,batch_lora,0.7613015174865723,0.6603328585624695,0.8862795233726501
3,adaptive,123,101,5,heldout_before,activation,0.30983680486679077,0.9765498042106628,0.5316137075424194
3,adaptive,123,101,5,heldout_before,lora,0.5393077731132507,0.9147455096244812,0.8813999891281128
3,adaptive,123,101,5,heldout_before,batch_lora,0.6363295316696167,0.8733428716659546,1.0457721948623657
3,adaptive,123,101,5,heldout_after,activation,0.3109404146671295,0.974724531173706,0.5246633887290955
3,adaptive,123,101,5,heldout_after,lora,0.5517277717590332,0.8919978737831116,0.8609640002250671
3,adaptive,123,101,5,heldout_after,batch_lora,0.6776869297027588,0.8103963732719421,1.0182775259017944
3,adaptive,123,101,5,full_batch,activation,0.3120708167552948,0.9716222286224365,0.5115787982940674
3,adaptive,123,101,5,full_batch,lora,0.5548831224441528,0.8842088580131531,0.8454364538192749
3,adaptive,123,101,5,full_batch,batch_lora,0.6912894248962402,0.7936669588088989,1.019600749015808
3,adaptive,123,101,6,heldout_before,activation,0.31105828285217285,0.9870074391365051,0.5738689303398132
3,adaptive,123,101,6,heldout_before,lora,0.5138107538223267,0.9655935764312744,0.9319987893104553
3,adaptive,123,101,6,heldout_before,batch_lora,0.4304959177970886,1.1706182956695557,1.1759313344955444
3,adaptive,123,101,6,heldout_after,activation,0.33278971910476685,0.9616289734840393,0.5214041471481323
3,adaptive,123,101,6,heldout_after,lora,0.598510205745697,0.8444697856903076,0.865700364112854
3,adaptive,123,101,6,heldout_after,batch_lora,0.746941864490509,0.782563328742981,1.1596494913101196
3,adaptive,123,101,6,full_batch,activation,0.3405783772468567,0.9565454721450806,0.5127257108688354
3,adaptive,123,101,6,full_batch,lora,0.629897952079773,0.8048155903816223,0.8632486462593079
3,adaptive,123,101,6,full_batch,batch_lora,0.7819861173629761,0.7171075344085693,1.1365920305252075
3,adaptive,123,101,7,heldout_before,activation,0.319994181394577,0.9832416772842407,0.5435217618942261
3,adaptive,123,101,7,heldout_before,lora,0.5029972195625305,0.9735509753227234,0.9032977223396301
3,adaptive,123,101,7,heldout_before,batch_lora,0.46165281534194946,1.34538996219635,1.4731851816177368
3,adaptive,123,101,7,heldout_after,activation,0.3401493728160858,0.9521318674087524,0.4603427052497864
3,adaptive,123,101,7,heldout_after,lora,0.5517577528953552,0.8696035146713257,0.7646194696426392
3,adaptive,123,101,7,heldout_after,batch_lora,0.6378835439682007,1.0359936952590942,1.3308327198028564
3,adaptive,123,101,7,full_batch,activation,0.33745136857032776,0.950829029083252,0.4475708603858948
3,adaptive,123,101,7,full_batch,lora,0.5699526071548462,0.8474458456039429,0.7532542943954468
3,adaptive,123,101,7,full_batch,batch_lora,0.7015992403030396,0.9363332986831665,1.3090211153030396
3,adaptive,123,101,8,heldout_before,activation,0.2523319125175476,0.9831591248512268,0.4101938307285309
3,adaptive,123,101,8,heldout_before,lora,0.38415762782096863,0.9771490097045898,0.6875410676002502
3,adaptive,123,101,8,heldout_before,batch_lora,0.35436058044433594,1.1579238176345825,1.0372653007507324
3,adaptive,123,101,8,heldout_after,activation,0.2656811773777008,0.973954439163208,0.3807923495769501
3,adaptive,123,101,8,heldout_after,lora,0.4412808418273926,0.915772557258606,0.6190627217292786
3,adaptive,123,101,8,heldout_after,batch_lora,0.5640252232551575,0.8792518973350525,0.8660324215888977
3,adaptive,123,101,8,full_batch,activation,0.27186572551727295,0.9704526662826538,0.37415194511413574
3,adaptive,123,101,8,full_batch,lora,0.468123197555542,0.8935006260871887,0.6219490766525269
3,adaptive,123,101,8,full_batch,batch_lora,0.6183171272277832,0.8199976086616516,0.8522233366966248
3,adaptive,123,101,9,heldout_before,activation,0.17925187945365906,0.9982491731643677,0.33712708950042725
3,adaptive,123,101,9,heldout_before,lora,0.27066075801849365,0.9929903745651245,0.5205801129341125
3,adaptive,123,101,9,heldout_before,batch_lora,0.07518022507429123,1.05536687374115,0.42079731822013855
3,adaptive,123,101,9,heldout_after,activation,0.28314852714538574,0.9643383622169495,0.3610002100467682
3,adaptive,123,101,9,heldout_after,lora,0.5495852828025818,0.8472767472267151,0.6435563564300537
3,adaptive,123,101,9,heldout_after,batch_lora,0.7523386478424072,0.6604149341583252,0.7058501839637756
3,adaptive,123,101,9,full_batch,activation,0.2971201241016388,0.9583507776260376,0.36333566904067993
3,adaptive,123,101,9,full_batch,lora,0.5889883041381836,0.8036466836929321,0.6706101894378662
3,adaptive,123,101,9,full_batch,batch_lora,0.8017632961273193,0.6010050773620605,0.7382704019546509
3,adaptive,123,101,10,heldout_before,activation,0.26209065318107605,0.9683253169059753,0.3154665231704712
3,adaptive,123,101,10,heldout_before,lora,0.5084655284881592,0.8631819486618042,0.560761034488678
3,adaptive,123,101,10,heldout_before,batch_lora,0.6954642534255981,0.719394862651825,0.660831868648529
3,adaptive,123,101,10,heldout_after,activation,0.2980385422706604,0.9662076234817505,0.4023260474205017
3,adaptive,123,101,10,heldout_after,lora,0.5762454271316528,0.8780624270439148,0.8472335338592529
3,adaptive,123,101,10,heldout_after,batch_lora,0.8231057524681091,0.6420237421989441,1.1226011514663696
3,adaptive,123,101,10,full_batch,activation,0.3185417652130127,0.9563859701156616,0.399387001991272
3,adaptive,123,101,10,full_batch,lora,0.6143168210983276,0.8264856338500977,0.8481863141059875
3,adaptive,123,101,10,full_batch,batch_lora,0.8535345196723938,0.5716238021850586,1.0886411666870117
3,adaptive,123,101,11,heldout_before,activation,0.27399712800979614,0.9753208756446838,0.438845694065094
3,adaptive,123,101,11,heldout_before,lora,0.49776971340179443,0.9954388737678528,0.9775214195251465
3,adaptive,123,101,11,heldout_before,batch_lora,0.6782989501953125,1.0335462093353271,1.4051463603973389
3,adaptive,123,101,11,heldout_after,activation,0.27413737773895264,0.9664365649223328,0.3778163194656372
3,adaptive,123,101,11,heldout_after,lora,0.5398690104484558,0.8601533770561218,0.7110412120819092
3,adaptive,123,101,11,heldout_after,batch_lora,0.7289581298828125,0.7039084434509277,0.8928703665733337
3,adaptive,123,101,11,full_batch,activation,0.2787679135799408,0.9637160301208496,0.37418651580810547
3,adaptive,123,101,11,full_batch,lora,0.5477771759033203,0.851678729057312,0.6971402764320374
3,adaptive,123,101,11,full_batch,batch_lora,0.7413349747657776,0.6885162591934204,0.8950625658035278
3,adaptive,123,101,12,heldout_before,activation,0.1895974725484848,1.0109447240829468,0.40083006024360657
3,adaptive,123,101,12,heldout_before,lora,0.30515801906585693,1.0733356475830078,0.7567865252494812
3,adaptive,123,101,12,heldout_before,batch_lora,0.3288307785987854,1.1361392736434937,0.9604494571685791
3,adaptive,123,101,12,heldout_after,activation,0.23708969354629517,0.993480920791626,0.40931111574172974
3,adaptive,123,101,12,heldout_after,lora,0.43127143383026123,0.9508159160614014,0.701006293296814
3,adaptive,123,101,12,heldout_after,batch_lora,0.5852326154708862,0.8245716691017151,0.7349513173103333
3,adaptive,123,101,12,full_batch,activation,0.2613418698310852,0.9819900393486023,0.4112663269042969
3,adaptive,123,101,12,full_batch,lora,0.48518553376197815,0.8951379060745239,0.7207174301147461
3,adaptive,123,101,12,full_batch,batch_lora,0.6599904894828796,0.7591791749000549,0.7692623734474182
3,adaptive,123,101,13,heldout_before,activation,0.2234278917312622,1.0070948600769043,0.470712810754776
3,adaptive,123,101,13,heldout_before,lora,0.38390958309173584,1.0311187505722046,0.8349827527999878
3,adaptive,123,101,13,heldout_before,batch_lora,0.36963170766830444,1.0963748693466187,0.9515814185142517
3,adaptive,123,101,13,heldout_after,activation,0.27148228883743286,0.9722479581832886,0.41489413380622864
3,adaptive,123,101,13,heldout_after,lora,0.5008453726768494,0.8885270357131958,0.7139529585838318
3,adaptive,123,101,13,heldout_after,batch_lora,0.6778056025505066,0.7587860226631165,0.8653599619865417
3,adaptive,123,101,13,full_batch,activation,0.29626673460006714,0.9610339403152466,0.42110610008239746
3,adaptive,123,101,13,full_batch,lora,0.5446057319641113,0.8430553674697876,0.7312024831771851
3,adaptive,123,101,13,full_batch,batch_lora,0.7265878915786743,0.7045198678970337,0.8824028372764587
3,adaptive,123,101,14,heldout_before,activation,0.23840612173080444,0.9980286359786987,0.46317195892333984
3,adaptive,123,101,14,heldout_before,lora,0.4553138315677643,0.9490020275115967,0.7778647541999817
3,adaptive,123,101,14,heldout_before,batch_lora,0.554042398929596,0.922232449054718,0.9508746266365051
3,adaptive,123,101,14,heldout_after,activation,0.24389049410820007,0.9809852838516235,0.3842436373233795
3,adaptive,123,101,14,heldout_after,lora,0.4949696660041809,0.8904628753662109,0.6779965758323669
3,adaptive,123,101,14,heldout_after,batch_lora,0.656287670135498,0.7871448397636414,0.8805875778198242
3,adaptive,123,101,14,full_batch,activation,0.2435271143913269,0.9795578718185425,0.37191617488861084
3,adaptive,123,101,14,full_batch,lora,0.5062053203582764,0.8806403875350952,0.6651601791381836
3,adaptive,123,101,14,full_batch,batch_lora,0.6517668962478638,0.7848688364028931,0.8538046479225159
3,adaptive,123,101,15,heldout_before,activation,0.18917351961135864,0.9981718063354492,0.36105483770370483
3,adaptive,123,101,15,heldout_before,lora,0.40614959597587585,0.9430556893348694,0.6338018774986267
3,adaptive,123,101,15,heldout_before,batch_lora,0.45373204350471497,1.0690772533416748,1.0443239212036133
3,adaptive,123,101,15,heldout_after,activation,0.1882537454366684,0.9952064752578735,0.34435051679611206
3,adaptive,123,101,15,heldout_after,lora,0.41980692744255066,0.9229031205177307,0.5879725813865662
3,adaptive,123,101,15,heldout_after,batch_lora,0.502051591873169,0.9660463333129883,0.9325180649757385
3,adaptive,123,101,15,full_batch,activation,0.19245831668376923,0.9944859743118286,0.3445259928703308
3,adaptive,123,101,15,full_batch,lora,0.43227559328079224,0.9141330718994141,0.5796294212341309
3,adaptive,123,101,15,full_batch,batch_lora,0.5175111293792725,0.9367969036102295,0.8988330364227295
3,adaptive,123,101,16,heldout_before,activation,0.16218730807304382,1.0165038108825684,0.37424471974372864
3,adaptive,123,101,16,heldout_before,lora,0.3806087374687195,0.9753903150558472,0.632792592048645
3,adaptive,123,101,16,heldout_before,batch_lora,0.26065436005592346,1.2244898080825806,1.0138581991195679
3,adaptive,123,101,16,heldout_after,activation,0.1598816215991974,1.015721321105957,0.364632785320282
3,adaptive,123,101,16,heldout_after,lora,0.4053572714328766,0.953950047492981,0.6300051212310791
3,adaptive,123,101,16,heldout_after,batch_lora,0.37647128105163574,1.141695499420166,1.0437036752700806
3,adaptive,123,101,16,full_batch,activation,0.1661965399980545,1.0110101699829102,0.3509354591369629
3,adaptive,123,101,16,full_batch,lora,0.4314456582069397,0.9336216449737549,0.6234704852104187
3,adaptive,123,101,16,full_batch,batch_lora,0.4531313180923462,1.0449777841567993,0.9983896017074585
3,adaptive,123,101,17,heldout_before,activation,0.15797507762908936,1.0135654211044312,0.36596766114234924
3,adaptive,123,101,17,heldout_before,lora,0.3837481439113617,0.9670387506484985,0.647197425365448
3,adaptive,123,101,17,heldout_before,batch_lora,0.25422561168670654,1.2734159231185913,1.082608938217163
3,adaptive,123,101,17,heldout_after,activation,0.16671529412269592,1.0019901990890503,0.3257513642311096
3,adaptive,123,101,17,heldout_after,lora,0.4281114339828491,0.9208202362060547,0.5858182907104492
3,adaptive,123,101,17,heldout_after,batch_lora,0.39271000027656555,1.0493110418319702,0.8979573845863342
3,adaptive,123,101,17,full_batch,activation,0.17897601425647736,0.9973688721656799,0.32203179597854614
3,adaptive,123,101,17,full_batch,lora,0.4616576135158539,0.8957080841064453,0.5921400785446167
3,adaptive,123,101,17,full_batch,batch_lora,0.4839503765106201,0.964314341545105,0.8890554904937744
3,adaptive,123,101,18,heldout_before,activation,0.16774743795394897,0.9953582286834717,0.2865750193595886
3,adaptive,123,101,18,heldout_before,lora,0.3749735951423645,0.9357246160507202,0.5071853399276733
3,adaptive,123,101,18,heldout_before,batch_lora,0.15462519228458405,1.210832953453064,0.8546434044837952
3,adaptive,123,101,18,heldout_after,activation,0.17539897561073303,0.99516761302948,0.3041352927684784
3,adaptive,123,101,18,heldout_after,lora,0.3858706057071686,0.9326950311660767,0.5112524628639221
3,adaptive,123,101,18,heldout_after,batch_lora,0.13494622707366943,1.1750284433364868,0.766533374786377
3,adaptive,123,101,18,full_batch,activation,0.1859816610813141,0.9916772246360779,0.3046404719352722
3,adaptive,123,101,18,full_batch,lora,0.4117825925350189,0.9167504906654358,0.5186026096343994
3,adaptive,123,101,18,full_batch,batch_lora,0.21709325909614563,1.1639573574066162,0.8510696887969971
3,adaptive,123,101,19,heldout_before,activation,0.16956296563148499,1.000110387802124,0.32315531373023987
3,adaptive,123,101,19,heldout_before,lora,0.3884698152542114,0.944838285446167,0.5515960454940796
3,adaptive,123,101,19,heldout_before,batch_lora,0.11024703830480576,1.1130273342132568,0.6112303733825684
3,adaptive,123,101,19,heldout_after,activation,0.2074802815914154,1.0029057264328003,0.40587955713272095
3,adaptive,123,101,19,heldout_after,lora,0.47264885902404785,0.9268065690994263,0.7267149686813354
3,adaptive,123,101,19,heldout_after,batch_lora,0.430367648601532,1.0343886613845825,0.9355173110961914
3,adaptive,123,101,19,full_batch,activation,0.22888749837875366,0.9931784272193909,0.40462881326675415
3,adaptive,123,101,19,full_batch,lora,0.5210368633270264,0.8748689889907837,0.7407853603363037
3,adaptive,123,101,19,full_batch,batch_lora,0.5294733047485352,0.9642621278762817,0.987886905670166
3,adaptive,123,101,20,heldout_before,activation,0.18631571531295776,0.9988601207733154,0.35099953413009644
3,adaptive,123,101,20,heldout_before,lora,0.3662617802619934,0.9574719667434692,0.5779167413711548
3,adaptive,123,101,20,heldout_before,batch_lora,0.2633723020553589,1.0744953155517578,0.7365586161613464
3,adaptive,123,101,20,heldout_after,activation,0.20361429452896118,0.9899073243141174,0.33807212114334106
3,adaptive,123,101,20,heldout_after,lora,0.4353538453578949,0.9086453914642334,0.5575692057609558
3,adaptive,123,101,20,heldout_after,batch_lora,0.4514768719673157,0.9095745086669922,0.627991259098053
3,adaptive,123,101,20,full_batch,activation,0.21127775311470032,0.9869893789291382,0.33541980385780334
3,adaptive,123,101,20,full_batch,lora,0.4657871127128601,0.886895477771759,0.5689796209335327
3,adaptive,123,101,20,full_batch,batch_lora,0.49879133701324463,0.884804368019104,0.6767565608024597
3,adaptive,123,101,21,heldout_before,activation,0.18305261433124542,0.9971750974655151,0.3333204388618469
3,adaptive,123,101,21,heldout_before,lora,0.4068044424057007,0.9342525601387024,0.5706195831298828
3,adaptive,123,101,21,heldout_before,batch_lora,0.3812398910522461,0.9378632307052612,0.5391364693641663
3,adaptive,123,101,21,heldout_after,activation,0.2164754569530487,0.9854912757873535,0.3361150920391083
3,adaptive,123,101,21,heldout_after,lora,0.5195741057395935,0.8718867301940918,0.6636847257614136
3,adaptive,123,101,21,heldout_after,batch_lora,0.7042654156684875,0.7193272709846497,0.8201168179512024
3,adaptive,123,101,21,full_batch,activation,0.2383672297000885,0.9773467779159546,0.3432259261608124
3,adaptive,123,101,21,full_batch,lora,0.5612666606903076,0.828136682510376,0.6860934495925903
3,adaptive,123,101,21,full_batch,batch_lora,0.7420395016670227,0.6771291494369507,0.8375728130340576
3,adaptive,123,101,22,heldout_before,activation,0.24440357089042664,0.976159930229187,0.34051787853240967
3,adaptive,123,101,22,heldout_before,lora,0.49660786986351013,0.8883237838745117,0.6623519062995911
3,adaptive,123,101,22,heldout_before,batch_lora,0.6137409806251526,0.8137133121490479,0.8107369542121887
3,adaptive,123,101,22,heldout_after,activation,0.24796167016029358,0.9736801385879517,0.33323001861572266
3,adaptive,123,101,22,heldout_after,lora,0.5195283889770508,0.8631656169891357,0.6264411807060242
3,adaptive,123,101,22,heldout_after,batch_lora,0.6785531044006348,0.7470596432685852,0.8146875500679016
3,adaptive,123,101,22,full_batch,activation,0.25295478105545044,0.9717437028884888,0.33668914437294006
3,adaptive,123,101,22,full_batch,lora,0.5371642708778381,0.848975658416748,0.6306952238082886
3,adaptive,123,101,22,full_batch,batch_lora,0.7009998559951782,0.7261428236961365,0.8376892805099487
3,adaptive,123,101,23,heldout_before,activation,0.23318567872047424,0.9846720695495605,0.3671424090862274
3,adaptive,123,101,23,heldout_before,lora,0.43381863832473755,0.951280415058136,0.7055408954620361
3,adaptive,123,101,23,heldout_before,batch_lora,0.5679092407226562,0.9677289128303528,1.076849341392517
3,adaptive,123,101,23,heldout_after,activation,0.2468552142381668,0.9774780869483948,0.3528808653354645
3,adaptive,123,101,23,heldout_after,lora,0.47906365990638733,0.9131332039833069,0.695702850818634
3,adaptive,123,101,23,heldout_after,batch_lora,0.6875316500663757,0.8043819665908813,1.0335521697998047
3,adaptive,123,101,23,full_batch,activation,0.2572949528694153,0.9732416868209839,0.3507067561149597
3,adaptive,123,101,23,full_batch,lora,0.5059480667114258,0.8890742063522339,0.6943041086196899
3,adaptive,123,101,23,full_batch,batch_lora,0.7239251732826233,0.7459701299667358,1.0077195167541504
3,adaptive,123,101,24,heldout_before,activation,0.21452587842941284,0.992485761642456,0.37987813353538513
3,adaptive,123,101,24,heldout_before,lora,0.4109664261341095,0.9683478474617004,0.7274904847145081
3,adaptive,123,101,24,heldout_before,batch_lora,0.6086750030517578,1.2260392904281616,1.5433716773986816
3,adaptive,123,101,24,heldout_after,activation,0.22709639370441437,0.9835332036018372,0.3520981967449188
3,adaptive,123,101,24,heldout_after,lora,0.4608314037322998,0.9174628257751465,0.6793258786201477
3,adaptive,123,101,24,heldout_after,batch_lora,0.5443858504295349,1.0645174980163574,1.19978928565979
3,adaptive,123,101,24,full_batch,activation,0.24263527989387512,0.9776947498321533,0.35598909854888916
3,adaptive,123,101,24,full_batch,lora,0.504137396812439,0.8765622973442078,0.6932312250137329
3,adaptive,123,101,24,full_batch,batch_lora,0.618323028087616,1.0034993886947632,1.2422897815704346
3,adaptive,123,101,25,heldout_before,activation,0.21327975392341614,0.9859143495559692,0.33615243434906006
3,adaptive,123,101,25,heldout_before,lora,0.4254765808582306,0.950549304485321,0.7027739882469177
3,adaptive,123,101,25,heldout_before,batch_lora,0.37147071957588196,1.2643376588821411,1.2296898365020752
3,adaptive,123,101,25,heldout_after,activation,0.20844238996505737,0.9823622703552246,0.29292571544647217
3,adaptive,123,101,25,heldout_after,lora,0.43665850162506104,0.9149805307388306,0.5967491269111633
3,adaptive,123,101,25,heldout_after,batch_lora,0.38654351234436035,1.0864778757095337,0.9608691334724426
3,adaptive,123,101,25,full_batch,activation,0.2123175859451294,0.9813342094421387,0.2929353713989258
3,adaptive,123,101,25,full_batch,lora,0.45134592056274414,0.9046600461006165,0.5942128896713257
3,adaptive,123,101,25,full_batch,batch_lora,0.4268227219581604,1.0659321546554565,0.9910825490951538
3,adaptive,123,101,26,heldout_before,activation,0.18931931257247925,0.9929503202438354,0.2949191629886627
3,adaptive,123,101,26,heldout_before,lora,0.3787848651409149,0.9533869028091431,0.5778703689575195
3,adaptive,123,101,26,heldout_before,batch_lora,0.2255498766899109,1.1451153755187988,0.8273488879203796
3,adaptive,123,101,26,heldout_after,activation,0.191613107919693,0.9895491600036621,0.27835673093795776
3,adaptive,123,101,26,heldout_after,lora,0.44228535890579224,0.9108074903488159,0.5561181902885437
3,adaptive,123,101,26,heldout_after,batch_lora,0.5529266595840454,0.8973386287689209,0.886009931564331
3,adaptive,123,101,26,full_batch,activation,0.20358489453792572,0.9853227138519287,0.2833584249019623
3,adaptive,123,101,26,full_batch,lora,0.4717864990234375,0.8882020711898804,0.573224663734436
3,adaptive,123,101,26,full_batch,batch_lora,0.5953978300094604,0.8568400144577026,0.8931785821914673
3,adaptive,123,101,27,heldout_before,activation,0.17773643136024475,1.00554621219635,0.35538169741630554
3,adaptive,123,101,27,heldout_before,lora,0.39256465435028076,0.9824098348617554,0.6943186521530151
3,adaptive,123,101,27,heldout_before,batch_lora,0.2833561897277832,1.2577438354492188,1.0971192121505737
3,adaptive,123,101,27,heldout_after,activation,0.18129339814186096,0.9914970397949219,0.29167068004608154
3,adaptive,123,101,27,heldout_after,lora,0.42690449953079224,0.9221497774124146,0.5769907832145691
3,adaptive,123,101,27,heldout_after,batch_lora,0.3624081015586853,1.0337250232696533,0.8095399737358093
3,adaptive,123,101,27,full_batch,activation,0.1833910197019577,0.9902710914611816,0.28798264265060425
3,adaptive,123,101,27,full_batch,lora,0.437605082988739,0.9143006801605225,0.5674326419830322
3,adaptive,123,101,27,full_batch,batch_lora,0.3896540403366089,1.022263526916504,0.833335280418396
3,adaptive,123,101,28,heldout_before,activation,0.14750179648399353,1.0006338357925415,0.27771514654159546
3,adaptive,123,101,28,heldout_before,lora,0.4083321690559387,0.9265018701553345,0.5428268313407898
3,adaptive,123,101,28,heldout_before,batch_lora,0.34502455592155457,0.9973851442337036,0.682395339012146
3,adaptive,123,101,28,heldout_after,activation,0.14963702857494354,0.9989526271820068,0.26916563510894775
3,adaptive,123,101,28,heldout_after,lora,0.420606791973114,0.9176113605499268,0.5298172831535339
3,adaptive,123,101,28,heldout_after,batch_lora,0.40233907103538513,0.9525676965713501,0.6655157208442688
3,adaptive,123,101,28,full_batch,activation,0.14892831444740295,0.9983639717102051,0.26620960235595703
3,adaptive,123,101,28,full_batch,lora,0.41663792729377747,0.918744683265686,0.525012195110321
3,adaptive,123,101,28,full_batch,batch_lora,0.3932913541793823,0.9533905386924744,0.6455442309379578
3,adaptive,123,101,29,heldout_before,activation,0.13574236631393433,1.0032466650009155,0.28523439168930054
3,adaptive,123,101,29,heldout_before,lora,0.37051060795783997,0.9454508423805237,0.532381534576416
3,adaptive,123,101,29,heldout_before,batch_lora,0.25212544202804565,1.0727739334106445,0.7151709198951721
3,adaptive,123,101,29,heldout_after,activation,0.17626239359378815,0.993927538394928,0.3102375864982605
3,adaptive,123,101,29,heldout_after,lora,0.44455039501190186,0.912595808506012,0.6204935312271118
3,adaptive,123,101,29,heldout_after,batch_lora,0.5355693101882935,0.9728291034698486,1.0185091495513916
3,adaptive,123,101,29,full_batch,activation,0.19215115904808044,0.9889761805534363,0.3163866698741913
3,adaptive,123,101,29,full_batch,lora,0.48841920495033264,0.8741136193275452,0.6423342823982239
3,adaptive,123,101,29,full_batch,batch_lora,0.6075751185417175,0.9029621481895447,1.0370961427688599
3,adaptive,123,101,30,heldout_before,activation,0.14894245564937592,0.9993665218353271,0.2666167616844177
3,adaptive,123,101,30,heldout_before,lora,0.39609596133232117,0.9327961206436157,0.5337344408035278
3,adaptive,123,101,30,heldout_before,batch_lora,0.3477768898010254,0.9961616396903992,0.6843582391738892
3,adaptive,123,101,30,heldout_after,activation,0.15785978734493256,0.9929835796356201,0.23520508408546448
3,adaptive,123,101,30,heldout_after,lora,0.4349777102470398,0.908433198928833,0.5166417956352234
3,adaptive,123,101,30,heldout_after,batch_lora,0.5019696354866028,0.8905073404312134,0.7140476703643799
3,adaptive,123,101,30,full_batch,activation,0.16095596551895142,0.9917457699775696,0.23101091384887695
3,adaptive,123,101,30,full_batch,lora,0.4577023983001709,0.893225371837616,0.5227611064910889
3,adaptive,123,101,30,full_batch,batch_lora,0.563385009765625,0.8442093729972839,0.736855149269104
3,adaptive,123,101,31,heldout_before,activation,0.15220209956169128,0.9923141002655029,0.22940301895141602
3,adaptive,123,101,31,heldout_before,lora,0.45759502053260803,0.8966281414031982,0.532547652721405
3,adaptive,123,101,31,heldout_before,batch_lora,0.5578508377075195,0.8602573275566101,0.7842137813568115
3,adaptive,123,101,31,heldout_after,activation,0.15611810982227325,0.992866575717926,0.24326670169830322
3,adaptive,123,101,31,heldout_after,lora,0.46765244007110596,0.8918006420135498,0.5325065851211548
3,adaptive,123,101,31,heldout_after,batch_lora,0.5694281458854675,0.8410674929618835,0.7473128437995911
3,adaptive,123,101,31,full_batch,activation,0.1585783213376999,0.9919106960296631,0.24009834229946136
3,adaptive,123,101,31,full_batch,lora,0.47115832567214966,0.8888451457023621,0.5268492698669434
3,adaptive,123,101,31,full_batch,batch_lora,0.579228401184082,0.8369241952896118,0.7688273191452026
3,adaptive,123,101,32,heldout_before,activation,0.1326036900281906,0.9975138902664185,0.24311937391757965
3,adaptive,123,101,32,heldout_before,lora,0.36647865176200867,0.9471971392631531,0.5238402485847473
3,adaptive,123,101,32,heldout_before,batch_lora,0.39642298221588135,0.9795576333999634,0.7380138039588928
3,adaptive,123,101,32,heldout_after,activation,0.14674419164657593,0.9940763711929321,0.24308879673480988
3,adaptive,123,101,32,heldout_after,lora,0.40618962049484253,0.9220569133758545,0.5228116512298584
3,adaptive,123,101,32,heldout_after,batch_lora,0.49628227949142456,0.9052013158798218,0.7525742650032043
3,adaptive,123,101,32,full_batch,activation,0.1577266901731491,0.9914659261703491,0.24809442460536957
3,adaptive,123,101,32,full_batch,lora,0.42791587114334106,0.9085020422935486,0.5310865640640259
3,adaptive,123,101,32,full_batch,batch_lora,0.5150724053382874,0.8953496813774109,0.7738204002380371
3,adaptive,124,102,1,heldout_before,activation,0.5364624261856079,0.8135400414466858,0.5379865169525146
3,adaptive,124,102,1,heldout_before,lora,0.733120858669281,0.6432874798774719,0.813210666179657
3,adaptive,124,102,1,heldout_before,batch_lora,0.940397322177887,0.3442513346672058,0.9938399195671082
3,adaptive,124,102,1,heldout_after,activation,0.5364624261856079,0.8135400414466858,0.5379865169525146
3,adaptive,124,102,1,heldout_after,lora,0.733120858669281,0.6432874798774719,0.813210666179657
3,adaptive,124,102,1,heldout_after,batch_lora,0.940397322177887,0.3442513346672058,0.9938399195671082
3,adaptive,124,102,1,full_batch,activation,0.5404965877532959,0.8130825757980347,0.5350650548934937
3,adaptive,124,102,1,full_batch,lora,0.7389342784881592,0.6402691602706909,0.8133900165557861
3,adaptive,124,102,1,full_batch,batch_lora,0.9462271928787231,0.3254567086696625,0.9818361401557922
3,adaptive,124,102,2,heldout_before,activation,0.18791238963603973,1.132010579109192,0.6299147009849548
3,adaptive,124,102,2,heldout_before,lora,0.3499985337257385,1.118957281112671,0.8684301972389221
3,adaptive,124,102,2,heldout_before,batch_lora,-0.37980979681015015,1.7202091217041016,1.0704917907714844
3,adaptive,124,102,2,heldout_after,activation,0.301479309797287,0.9687069654464722,0.4010217785835266
3,adaptive,124,102,2,heldout_after,lora,0.5355473756790161,0.8568541407585144,0.5932149887084961
3,adaptive,124,102,2,heldout_after,batch_lora,0.5720119476318359,0.8259766697883606,0.6691466569900513
3,adaptive,124,102,2,full_batch,activation,0.32545146346092224,0.9570768475532532,0.4131820797920227
3,adaptive,124,102,2,full_batch,lora,0.5791059732437134,0.8076900839805603,0.6301599740982056
3,adaptive,124,102,2,full_batch,batch_lora,0.6538308262825012,0.7606973648071289,0.7322866916656494
3,adaptive,124,102,3,heldout_before,activation,0.29058200120925903,0.9724904894828796,0.42246487736701965
3,adaptive,124,102,3,heldout_before,lora,0.527051568031311,0.8736231923103333,0.6806411147117615
3,adaptive,124,102,3,heldout_before,batch_lora,0.4808426797389984,0.9186125993728638,0.7548109889030457
3,adaptive,124,102,3,heldout_after,activation,0.32681509852409363,0.9536685943603516,0.4116649925708771
3,adaptive,124,102,3,heldout_after,lora,0.5875198245048523,0.8442831635475159,0.7583650946617126
3,adaptive,124,102,3,heldout_after,batch_lora,0.7052035331726074,0.7278454303741455,0.8697360157966614
3,adaptive,124,102,3,full_batch,activation,0.33535152673721313,0.9480195641517639,0.41089051961898804
3,adaptive,124,102,3,full_batch,lora,0.6148431897163391,0.8089674115180969,0.7650752067565918
3,adaptive,124,102,3,full_batch,batch_lora,0.7350810766220093,0.6936231255531311,0.8815640807151794
3,adaptive,124,102,4,heldout_before,activation,0.3157521188259125,0.9745907783508301,0.44597819447517395
3,adaptive,124,102,4,heldout_before,lora,0.5306509137153625,0.8989763259887695,0.7683908939361572
3,adaptive,124,102,4,heldout_before,batch_lora,0.5458277463912964,0.8842102885246277,0.8282386064529419
3,adaptive,124,102,4,heldout_after,activation,0.31771987676620483,0.975436270236969,0.45286813378334045
3,adaptive,124,102,4,heldout_after,lora,0.5495896339416504,0.8784748315811157,0.7595487833023071
3,adaptive,124,102,4,heldout_after,batch_lora,0.6533690094947815,0.7893372774124146,0.876851499080658
3,adaptive,124,102,4,full_batch,activation,0.3295115828514099,0.9675595760345459,0.4396231174468994
3,adaptive,124,102,4,full_batch,lora,0.5715831518173218,0.8552437424659729,0.7469233870506287
3,adaptive,124,102,4,full_batch,batch_lora,0.6954444646835327,0.7389500141143799,0.8677524924278259
3,adaptive,124,102,5,heldout_before,activation,0.23054946959018707,0.9844471216201782,0.3888070285320282
3,adaptive,124,102,5,heldout_before,lora,0.3756803274154663,0.988131046295166,0.7087072730064392
3,adaptive,124,102,5,heldout_before,batch_lora,0.286799818277359,1.2047646045684814,1.0173557996749878
3,adaptive,124,102,5,heldout_after,activation,0.2632838189601898,0.9679797291755676,0.3680311143398285
3,adaptive,124,102,5,heldout_after,lora,0.5060185790061951,0.8784199357032776,0.6604613065719604
3,adaptive,124,102,5,heldout_after,batch_lora,0.6231187582015991,0.7976956367492676,0.7799478769302368
3,adaptive,124,102,5,full_batch,activation,0.2727494239807129,0.9647881388664246,0.3740133047103882
3,adaptive,124,102,5,full_batch,lora,0.5438923239707947,0.8419221639633179,0.6786088943481445
3,adaptive,124,102,5,full_batch,batch_lora,0.673686683177948,0.7490422129631042,0.7958258390426636
3,adaptive,124,102,6,heldout_before,activation,0.2646216154098511,0.9859194755554199,0.4492318630218506
3,adaptive,124,102,6,heldout_before,lora,0.44407138228416443,0.9529159069061279,0.7464696764945984
3,adaptive,124,102,6,heldout_before,batch_lora,0.2501746714115143,1.2493845224380493,1.0398260354995728
3,adaptive,124,102,6,heldout_after,activation,0.2998671531677246,0.9591683149337769,0.4036945700645447
3,adaptive,124,102,6,heldout_after,lora,0.5168668627738953,0.8636443614959717,0.6556514501571655
3,adaptive,124,102,6,heldout_after,batch_lora,0.4533103108406067,0.95823734998703,0.805033266544342
3,adaptive,124,102,6,full_batch,activation,0.31436336040496826,0.9534035921096802,0.4178139865398407
3,adaptive,124,102,6,full_batch,lora,0.5533778667449951,0.8292137980461121,0.6762847900390625
3,adaptive,124,102,6,full_batch,batch_lora,0.4877077341079712,0.9414693117141724,0.8401609063148499
3,adaptive,124,102,7,heldout_before,activation,0.26832306385040283,0.9770716428756714,0.4069851040840149
3,adaptive,124,102,7,heldout_before,lora,0.44367682933807373,0.9477870464324951,0.7060137391090393
3,adaptive,124,102,7,heldout_before,batch_lora,0.424193412065506,0.9540618658065796,0.7244833707809448
3,adaptive,124,102,7,heldout_after,activation,0.27128422260284424,0.9746472239494324,0.40045931935310364
3,adaptive,124,102,7,heldout_after,lora,0.45646247267723083,0.9343487024307251,0.695699155330658
3,adaptive,124,102,7,heldout_after,batch_lora,0.4603305459022522,0.9204148054122925,0.7033689618110657
3,adaptive,124,102,7,full_batch,activation,0.26916390657424927,0.973483681678772,0.38627487421035767
3,adaptive,124,102,7,full_batch,lora,0.45966190099716187,0.9261454343795776,0.6738612651824951
3,adaptive,124,102,7,full_batch,batch_lora,0.47562742233276367,0.9103348851203918,0.7100011706352234
3,adaptive,124,102,8,heldout_before,activation,0.23804272711277008,0.9951566457748413,0.4331406056880951
3,adaptive,124,102,8,heldout_before,lora,0.4105525612831116,0.9741969108581543,0.731876790523529
3,adaptive,124,102,8,heldout_before,batch_lora,0.29671892523765564,1.1132124662399292,0.8688062429428101
3,adaptive,124,102,8,heldout_after,activation,0.27805295586586,0.9670473337173462,0.38787660002708435
3,adaptive,124,102,8,heldout_after,lora,0.5101262331008911,0.8690786957740784,0.6604059934616089
3,adaptive,124,102,8,heldout_after,batch_lora,0.5720851421356201,0.8633413910865784,0.8416026830673218
3,adaptive,124,102,8,full_batch,activation,0.2920169234275818,0.9612123370170593,0.3935277462005615
3,adaptive,124,102,8,full_batch,lora,0.5501927733421326,0.8297631144523621,0.6825118660926819
3,adaptive,124,102,8,full_batch,batch_lora,0.6232125759124756,0.822616457939148,0.8783437013626099
3,adaptive,124,102,9,heldout_before,activation,0.2400510013103485,0.9775662422180176,0.3605010211467743
3,adaptive,124,102,9,heldout_before,lora,0.4575468897819519,0.9080591201782227,0.6365451812744141
3,adaptive,124,102,9,heldout_before,batch_lora,0.44967788457870483,0.9757168292999268,0.8424035906791687
3,adaptive,124,102,9,heldout_after,activation,0.2368849813938141,0.9743476510047913,0.3317810297012329
3,adaptive,124,102,9,heldout_after,lora,0.482584148645401,0.881758987903595,0.6071323752403259
3,adaptive,124,102,9,heldout_after,batch_lora,0.5487796664237976,0.8847460150718689,0.8384942412376404
3,adaptive,124,102,9,full_batch,activation,0.24837011098861694,0.9705116748809814,0.33366960287094116
3,adaptive,124,102,9,full_batch,lora,0.5092790126800537,0.8613894581794739,0.6112526059150696
3,adaptive,124,102,9,full_batch,batch_lora,0.5866125822067261,0.8490908145904541,0.8416997194290161
3,adaptive,124,102,10,heldout_before,activation,0.19077210128307343,0.9943399429321289,0.349305123090744
3,adaptive,124,102,10,heldout_before,lora,0.40952521562576294,0.9417437314987183,0.633711040019989
3,adaptive,124,102,10,heldout_before,batch_lora,0.42284947633743286,0.9493435025215149,0.7057889103889465
3,adaptive,124,102,10,heldout_after,activation,0.23200038075447083,0.9781079292297363,0.3329410254955292
3,adaptive,124,102,10,heldout_after,lora,0.5031917095184326,0.8717702627182007,0.6254547238349915
3,adaptive,124,102,10,heldout_after,batch_lora,0.6606515049934387,0.7701858282089233,0.8328335881233215
3,adaptive,124,102,10,full_batch,activation,0.24693571031093597,0.9729121923446655,0.33950304985046387
3,adaptive,124,102,10,full_batch,lora,0.5482146739959717,0.8253753781318665,0.6538141369819641
3,adaptive,124,102,10,full_batch,batch_lora,0.7123943567276001,0.7170050144195557,0.8593704700469971
3,adaptive,124,102,11,heldout_before,activation,0.23656749725341797,0.9765162467956543,0.3270999491214752
3,adaptive,124,102,11,heldout_before,lora,0.4923713207244873,0.8756883144378662,0.585894763469696
3,adaptive,124,102,11,heldout_before,batch_lora,0.5894250869750977,0.8285848498344421,0.773747444152832
3,adaptive,124,102,11,heldout_after,activation,0.2373485267162323,0.9739859700202942,0.30548572540283203
3,adaptive,124,102,11,heldout_after,lora,0.5100651979446411,0.8587925434112549,0.5562567114830017
3,adaptive,124,102,11,heldout_after,batch_lora,0.655415415763855,0.7623789310455322,0.7592950463294983
3,adaptive,124,102,11,full_batch,activation,0.23753304779529572,0.973558783531189,0.3011326193809509
3,adaptive,124,102,11,full_batch,lora,0.5191471576690674,0.8528946042060852,0.554693341255188
3,adaptive,124,102,11,full_batch,batch_lora,0.6835790872573853,0.7350872159004211,0.77094966173172
3,adaptive,124,102,12,heldout_before,activation,0.18163226544857025,0.9870505332946777,0.264729380607605
3,adaptive,124,102,12,heldout_before,lora,0.38682737946510315,0.9247131943702698,0.49141111969947815
3,adaptive,124,102,12,heldout_before,batch_lora,0.42585140466690063,0.9529209136962891,0.7248624563217163
3,adaptive,124,102,12,heldout_after,activation,0.18163226544857025,0.9870505332946777,0.264729380607605
3,adaptive,124,102,12,heldout_after,lora,0.38682737946510315,0.9247131943702698,0.49141111969947815
3,adaptive,124,102,12,heldout_after,batch_lora,0.42585140466690063,0.9529209136962891,0.7248624563217163
3,adaptive,124,102,12,full_batch,activation,0.16897085309028625,0.9899775385856628,0.2627575695514679
3,adaptive,124,102,12,full_batch,lora,0.37926724553108215,0.9270522594451904,0.4895482063293457
3,adaptive,124,102,12,full_batch,batch_lora,0.42312338948249817,0.97642982006073,0.787058413028717
3,adaptive,124,102,13,heldout_before,activation,0.1284630000591278,0.9994336366653442,0.24420328438282013
3,adaptive,124,102,13,heldout_before,lora,0.27782148122787476,0.9826825261116028,0.4684144854545593
3,adaptive,124,102,13,heldout_before,batch_lora,0.1731974333524704,1.1729578971862793,0.8102433085441589
3,adaptive,124,102,13,heldout_after,activation,0.16080959141254425,0.99254310131073,0.26215478777885437
3,adaptive,124,102,13,heldout_after,lora,0.3861084580421448,0.9171178936958313,0.47361505031585693
3,adaptive,124,102,13,heldout_after,batch_lora,0.2759819030761719,1.0363327264785767,0.6634758710861206
3,adaptive,124,102,13,full_batch,activation,0.1876084804534912,0.9844754934310913,0.27651944756507874
3,adaptive,124,102,13,full_batch,lora,0.442226767539978,0.8710508942604065,0.5162619352340698
3,adaptive,124,102,13,full_batch,batch_lora,0.3616013526916504,0.9965797066688538,0.7136335968971252
3,adaptive,124,102,14,heldout_before,activation,0.14928337931632996,0.9951234459877014,0.25557923316955566
3,adaptive,124,102,14,heldout_before,lora,0.3999258577823639,0.9135154485702515,0.459774374961853
3,adaptive,124,102,14,heldout_before,batch_lora,0.2984568476676941,1.012588381767273,0.6367049217224121
3,adaptive,124,102,14,heldout_after,activation,0.14658792316913605,0.996045708656311,0.25822991132736206
3,adaptive,124,102,14,heldout_after,lora,0.40244874358177185,0.914228618144989,0.46916693449020386
3,adaptive,124,102,14,heldout_after,batch_lora,0.3317694365978241,1.000259280204773,0.6643195748329163
3,adaptive,124,102,14,full_batch,activation,0.14302584528923035,0.995562732219696,0.2470390796661377
3,adaptive,124,102,14,full_batch,lora,0.3939976394176483,0.9148675799369812,0.4487925171852112
3,adaptive,124,102,14,full_batch,batch_lora,0.2843274474143982,0.9972301721572876,0.5587542057037354
3,adaptive,124,102,15,heldout_before,activation,0.11389542371034622,1.0039887428283691,0.24467922747135162
3,adaptive,124,102,15,heldout_before,lora,0.2883533239364624,0.9676083326339722,0.42618924379348755
3,adaptive,124,102,15,heldout_before,batch_lora,0.022460177540779114,1.0676403045654297,0.39710724353790283
3,adaptive,124,102,15,heldout_after,activation,0.1266837865114212,1.0008752346038818,0.24269986152648926
3,adaptive,124,102,15,heldout_after,lora,0.29576438665390015,0.9632806777954102,0.4258504807949066
3,adaptive,124,102,15,heldout_after,batch_lora,0.001368043594993651,1.0716484785079956,0.3866371214389801
3,adaptive,124,102,15,full_batch,activation,0.14199185371398926,0.9968258142471313,0.2426224946975708
3,adaptive,124,102,15,full_batch,lora,0.3314244747161865,0.9457093477249146,0.43238791823387146
3,adaptive,124,102,15,full_batch,batch_lora,0.0966641753911972,1.0542283058166504,0.4441424608230591
3,adaptive,124,102,16,heldout_before,activation,0.14928050339221954,0.999931812286377,0.28826528787612915
3,adaptive,124,102,16,heldout_before,lora,0.31263524293899536,0.9827742576599121,0.5310980677604675
3,adaptive,124,102,16,heldout_before,batch_lora,-0.03507256507873535,1.1429898738861084,0.5195945501327515
3,adaptive,124,102,16,heldout_after,activation,0.15248173475265503,0.9990200996398926,0.286999374628067
3,adaptive,124,102,16,heldout_after,lora,0.3200448453426361,0.9768500924110413,0.5203515291213989
3,adaptive,124,102,16,heldout_after,batch_lora,-0.03100395016372204,1.1274100542068481,0.49054622650146484
3,adaptive,124,102,16,full_batch,activation,0.15751859545707703,0.9962891936302185,0.28553253412246704
3,adaptive,124,102,16,full_batch,lora,0.3344809412956238,0.9659379720687866,0.5158567428588867
3,adaptive,124,102,16,full_batch,batch_lora,-0.020342111587524414,1.1410447359085083,0.5295642018318176
3,adaptive,124,102,17,heldout_before,activation,0.12170608341693878,0.9962202310562134,0.2135336846113205
3,adaptive,124,102,17,heldout_before,lora,0.24522903561592102,0.9824484586715698,0.39360830187797546
3,adaptive,124,102,17,heldout_before,batch_lora,-0.03100775182247162,1.0723896026611328,0.35755470395088196
3,adaptive,124,102,17,heldout_after,activation,0.20250681042671204,0.986330509185791,0.2864263951778412
3,adaptive,124,102,17,heldout_after,lora,0.4706824719905853,0.9111145734786987,0.6329002380371094
3,adaptive,124,102,17,heldout_after,batch_lora,0.6083155870437622,0.8101486563682556,0.770762026309967
3,adaptive,124,102,17,full_batch,activation,0.21642717719078064,0.9815842509269714,0.28975409269332886
3,adaptive,124,102,17,full_batch,lora,0.5122817754745483,0.8715349435806274,0.6498032808303833
3,adaptive,124,102,17,full_batch,batch_lora,0.6748899221420288,0.7487570643424988,0.8018292784690857
3,adaptive,124,102,18,heldout_before,activation,0.18523232638835907,0.989072859287262,0.2901574671268463
3,adaptive,124,102,18,heldout_before,lora,0.3913436532020569,0.9478276371955872,0.5827038884162903
3,adaptive,124,102,18,heldout_before,batch_lora,0.44108492136001587,0.9439293146133423,0.733588457107544
3,adaptive,124,102,18,heldout_after,activation,0.18938538432121277,0.984872043132782,0.26365330815315247
3,adaptive,124,102,18,heldout_after,lora,0.4134540855884552,0.920988142490387,0.4984498918056488
3,adaptive,124,102,18,heldout_after,batch_lora,0.5047436952590942,0.8733450770378113,0.6370226740837097
3,adaptive,124,102,18,full_batch,activation,0.2016436606645584,0.981623113155365,0.2684004604816437
3,adaptive,124,102,18,full_batch,lora,0.4393025040626526,0.9044270515441895,0.5081355571746826
3,adaptive,124,102,18,full_batch,batch_lora,0.5448671579360962,0.846052885055542,0.6574980020523071
3,adaptive,124,102,19,heldout_before,activation,0.18903003633022308,0.9887660145759583,0.2811695635318756
3,adaptive,124,102,19,heldout_before,lora,0.40530702471733093,0.9330193996429443,0.572216272354126
3,adaptive,124,102,19,heldout_before,batch_lora,0.620011031627655,0.8438672423362732,0.9306970834732056
3,adaptive,124,102,19,heldout_after,activation,0.19319568574428558,0.9860383868217468,0.26800447702407837
3,adaptive,124,102,19,heldout_after,lora,0.42073577642440796,0.9170309901237488,0.5307281017303467
3,adaptive,124,102,19,heldout_after,batch_lora,0.6424556374549866,0.7892868518829346,0.83146071434021
3,adaptive,124,102,19,full_batch,activation,0.19300013780593872,0.9856486320495605,0.2648386061191559
3,adaptive,124,102,19,full_batch,lora,0.4242510199546814,0.9156684875488281,0.5271552801132202
3,adaptive,124,102,19,full_batch,batch_lora,0.6368567943572998,0.7869108319282532,0.7943856120109558
3,adaptive,124,102,20,heldout_before,activation,0.12043774873018265,1.0059365034103394,0.27566254138946533
3,adaptive,124,102,20,heldout_before,lora,0.25216779112815857,1.0193954706192017,0.5381458401679993
3,adaptive,124,102,20,heldout_before,batch_lora,0.27560633420944214,1.1120831966400146,0.834791362285614
3,adaptive,124,102,20,heldout_after,activation,0.13759207725524902,0.9958173036575317,0.23605002462863922
3,adaptive,124,102,20,heldout_after,lora,0.30199843645095825,0.9733008146286011,0.45128190517425537
3,adaptive,124,102,20,heldout_after,batch_lora,0.38001251220703125,0.9598562121391296,0.6363978385925293
3,adaptive,124,102,20,full_batch,activation,0.1532728374004364,0.9921540021896362,0.23991742730140686
3,adaptive,124,102,20,full_batch,lora,0.3315278887748718,0.9563195705413818,0.4581647217273712
3,adaptive,124,102,20,full_batch,batch_lora,0.4163270592689514,0.9433595538139343,0.6678337454795837
3,adaptive,124,102,21,heldout_before,activation,0.07255659997463226,1.0110092163085938,0.22649946808815002
3,adaptive,124,102,21,heldout_before,lora,0.16656845808029175,1.0236868858337402,0.42010921239852905
3,adaptive,124,102,21,heldout_before,batch_lora,-0.03974272310733795,1.1102712154388428,0.44428348541259766
3,adaptive,124,102,21,heldout_after,activation,0.22618384659290314,0.9771216511726379,0.2706896662712097
3,adaptive,124,102,21,heldout_after,lora,0.42966902256011963,0.9237520098686218,0.5998601913452148
3,adaptive,124,102,21,heldout_after,batch_lora,0.5545952320098877,0.8643867373466492,0.7885616421699524
3,adaptive,124,102,21,full_batch,activation,0.24184685945510864,0.9722399115562439,0.27286750078201294
3,adaptive,124,102,21,full_batch,lora,0.4693942070007324,0.8917219638824463,0.6113767623901367
3,adaptive,124,102,21,full_batch,batch_lora,0.6172634959220886,0.8080190420150757,0.8014077544212341
3,adaptive,124,102,22,heldout_before,activation,0.2107621729373932,0.9800974726676941,0.24571499228477478
3,adaptive,124,102,22,heldout_before,lora,0.42542916536331177,0.914172887802124,0.525549054145813
3,adaptive,124,102,22,heldout_before,batch_lora,0.5512502193450928,0.8354912400245667,0.5950967669487
3,adaptive,124,102,22,heldout_after,activation,0.2866131067276001,0.9605562090873718,0.28930556774139404
3,adaptive,124,102,22,heldout_after,lora,0.5670658349990845,0.8391700983047485,0.668364405632019
3,adaptive,124,102,22,heldout_after,batch_lora,0.7910265326499939,0.6118862628936768,0.8023370504379272
3,adaptive,124,102,22,full_batch,activation,0.29727041721343994,0.956936776638031,0.2894443869590759
3,adaptive,124,102,22,full_batch,lora,0.5939456820487976,0.8122296333312988,0.6760421395301819
3,adaptive,124,102,22,full_batch,batch_lora,0.8093951940536499,0.5872644186019897,0.809140682220459
3,adaptive,124,102,23,heldout_before,activation,0.2569366991519928,0.9718338847160339,0.3522337079048157
3,adaptive,124,102,23,heldout_before,lora,0.47612327337265015,0.9514090418815613,0.8217040300369263
3,adaptive,124,102,23,heldout_before,batch_lora,0.7128235101699829,0.8704622983932495,1.2284027338027954
3,adaptive,124,102,23,heldout_after,activation,0.25318801403045654,0.9695835709571838,0.3238164782524109
3,adaptive,124,102,23,heldout_after,lora,0.5037547945976257,0.8706196546554565,0.61986243724823
3,adaptive,124,102,23,heldout_after,batch_lora,0.7537485361099243,0.6675056219100952,0.8707978129386902
3,adaptive,124,102,23,full_batch,activation,0.26044487953186035,0.9669022560119629,0.32369306683540344
3,adaptive,124,102,23,full_batch,lora,0.5305185317993164,0.8487904071807861,0.627922773361206
3,adaptive,124,102,23,full_batch,batch_lora,0.781011700630188,0.6334116458892822,0.8867920637130737
3,adaptive,124,102,24,heldout_before,activation,0.18976955115795135,1.0032352209091187,0.3858781158924103
3,adaptive,124,102,24,heldout_before,lora,0.377096563577652,1.008976697921753,0.7562990784645081
3,adaptive,124,102,24,heldout_before,batch_lora,0.6078755855560303,1.122031569480896,1.4006351232528687
3,adaptive,124,102,24,heldout_after,activation,0.1898108869791031,0.9905098080635071,0.3201187551021576
3,adaptive,124,102,24,heldout_after,lora,0.3762670159339905,0.9716576337814331,0.6482946872711182
3,adaptive,124,102,24,heldout_after,batch_lora,0.6431911587715149,0.9516122341156006,1.2082226276397705
3,adaptive,124,102,24,full_batch,activation,0.1916290819644928,0.9890896081924438,0.30987855792045593
3,adaptive,124,102,24,full_batch,lora,0.3929322361946106,0.9575555324554443,0.6333868503570557
3,adaptive,124,102,24,full_batch,batch_lora,0.6859065294265747,0.8951783180236816,1.207262396812439
3,adaptive,124,102,25,heldout_before,activation,0.1713763326406479,1.0072373151779175,0.34384334087371826
3,adaptive,124,102,25,heldout_before,lora,0.3193921446800232,1.0313067436218262,0.680362343788147
3,adaptive,124,102,25,heldout_before,batch_lora,0.38504692912101746,1.2516627311706543,1.2305768728256226
3,adaptive,124,102,25,heldout_after,activation,0.20087005198001862,0.9933302998542786,0.31798216700553894
3,adaptive,124,102,25,heldout_after,lora,0.4031452238559723,0.9615936875343323,0.6340843439102173
3,adaptive,124,102,25,heldout_after,batch_lora,0.5371555685997009,0.9392641186714172,0.9503785371780396
3,adaptive,124,102,25,full_batch,activation,0.2204548567533493,0.9859801530838013,0.31940340995788574
3,adaptive,124,102,25,full_batch,lora,0.4477751553058624,0.922425389289856,0.64658123254776
3,adaptive,124,102,25,full_batch,batch_lora,0.6132898926734924,0.8639855980873108,0.9634263515472412
3,adaptive,124,102,26,heldout_before,activation,0.14800415933132172,1.007720708847046,0.3270057439804077
3,adaptive,124,102,26,heldout_before,lora,0.2968292236328125,1.0249866247177124,0.66423100233078
3,adaptive,124,102,26,heldout_before,batch_lora,0.2772034704685211,1.3598698377609253,1.2395379543304443
3,adaptive,124,102,26,heldout_after,activation,0.1637011617422104,0.9959273338317871,0.2908780574798584
3,adaptive,124,102,26,heldout_after,lora,0.323767751455307,0.9763152599334717,0.5686628818511963
3,adaptive,124,102,26,heldout_after,batch_lora,0.3877274990081787,1.0723187923431396,0.935632586479187
3,adaptive,124,102,26,full_batch,activation,0.17952969670295715,0.9911755323410034,0.28996187448501587
3,adaptive,124,102,26,full_batch,lora,0.3544846773147583,0.9570589065551758,0.568191409111023
3,adaptive,124,102,26,full_batch,batch_lora,0.4386894702911377,1.0321290493011475,0.9463692903518677
3,adaptive,124,102,27,heldout_before,activation,0.15637026727199554,1.007768988609314,0.3400075137615204
3,adaptive,124,102,27,heldout_before,lora,0.34169334173202515,1.000046968460083,0.6619054675102234
3,adaptive,124,102,27,heldout_before,batch_lora,0.30568382143974304,1.1545236110687256,0.9586519598960876
3,adaptive,124,102,27,heldout_after,activation,0.17864255607128143,0.9907107353210449,0.2790440320968628
3,adaptive,124,102,27,heldout_after,lora,0.37300994992256165,0.9544244408607483,0.5748414397239685
3,adaptive,124,102,27,heldout_after,batch_lora,0.388755738735199,1.0370748043060303,0.8648391366004944
3,adaptive,124,102,27,full_batch,activation,0.18712380528450012,0.9879119396209717,0.274914026260376
3,adaptive,124,102,27,full_batch,lora,0.39182281494140625,0.9415198564529419,0.5717698335647583
3,adaptive,124,102,27,full_batch,batch_lora,0.42516812682151794,1.0235140323638916,0.9030267596244812
3,adaptive,124,102,28,heldout_before,activation,0.17417292296886444,0.9879409670829773,0.25303250551223755
3,adaptive,124,102,28,heldout_before,lora,0.2909523844718933,0.9864028096199036,0.5288259387016296
3,adaptive,124,102,28,heldout_before,batch_lora,0.12985354661941528,1.183682918548584,0.7763572335243225
3,adaptive,124,102,28,heldout_after,activation,0.19361959397792816,0.9827532768249512,0.25513505935668945
3,adaptive,124,102,28,heldout_after,lora,0.34246236085891724,0.9512955546379089,0.5014415979385376
3,adaptive,124,102,28,heldout_after,batch_lora,0.31481802463531494,1.0325361490249634,0.7213168740272522
3,adaptive,124,102,28,full_batch,activation,0.19720399379730225,0.9816589951515198,0.25419729948043823
3,adaptive,124,102,28,full_batch,lora,0.3594234585762024,0.9422670602798462,0.49598655104637146
3,adaptive,124,102,28,full_batch,batch_lora,0.3885042667388916,0.9819572567939758,0.7278794050216675
3,adaptive,124,102,29,heldout_before,activation,0.17409120500087738,0.9901075959205627,0.27343618869781494
3,adaptive,124,102,29,heldout_before,lora,0.34830209612846375,0.9517557621002197,0.5169981122016907
3,adaptive,124,102,29,heldout_before,batch_lora,0.2785395383834839,1.0047105550765991,0.5735435485839844
3,adaptive,124,102,29,heldout_after,activation,0.2682315409183502,0.9678975939750671,0.3458675146102905
3,adaptive,124,102,29,heldout_after,lora,0.4661872386932373,0.9091665148735046,0.6635265350341797
3,adaptive,124,102,29,heldout_after,batch_lora,0.5987820029258728,0.8352493047714233,0.8358079195022583
3,adaptive,124,102,29,full_batch,activation,0.28216418623924255,0.962478518486023,0.3476206064224243
3,adaptive,124,102,29,full_batch,lora,0.5083024501800537,0.8698779344558716,0.6787479519844055
3,adaptive,124,102,29,full_batch,batch_lora,0.6557629108428955,0.7837600708007812,0.8662500381469727
3,adaptive,124,102,30,heldout_before,activation,0.22080880403518677,0.9820229411125183,0.3353652358055115
3,adaptive,124,102,30,heldout_before,lora,0.36289355158805847,0.9783173203468323,0.6526861190795898
3,adaptive,124,102,30,heldout_before,batch_lora,0.3756651282310486,1.1104782819747925,0.9874544739723206
3,adaptive,124,102,30,heldout_after,activation,0.27145081758499146,0.9636353254318237,0.34359490871429443
3,adaptive,124,102,30,heldout_after,lora,0.4974442422389984,0.8846677541732788,0.6863921880722046
3,adaptive,124,102,30,heldout_after,batch_lora,0.7260236740112305,0.7606542110443115,1.0511471033096313
3,adaptive,124,102,30,full_batch,activation,0.28664323687553406,0.9581800699234009,0.34649887681007385
3,adaptive,124,102,30,full_batch,lora,0.5361407399177551,0.8480132818222046,0.6974848508834839
3,adaptive,124,102,30,full_batch,batch_lora,0.7661647796630859,0.699685275554657,1.0428740978240967
3,adaptive,124,102,31,heldout_before,activation,0.21998292207717896,0.9871077537536621,0.35900312662124634
3,adaptive,124,102,31,heldout_before,lora,0.4195978343486786,0.9578593373298645,0.7119155526161194
3,adaptive,124,102,31,heldout_before,batch_lora,0.6085767149925232,1.0288310050964355,1.263450026512146
3,adaptive,124,102,31,heldout_after,activation,0.21543650329113007,0.9826017618179321,0.31592613458633423
3,adaptive,124,102,31,heldout_after,lora,0.43370652198791504,0.9238914251327515,0.6472049951553345
3,adaptive,124,102,31,heldout_after,batch_lora,0.6779435873031616,0.910948634147644,1.215935230255127
3,adaptive,124,102,31,full_batch,activation,0.21692118048667908,0.9814231991767883,0.30550312995910645
3,adaptive,124,102,31,full_batch,lora,0.45088058710098267,0.9112957119941711,0.6321093440055847
3,adaptive,124,102,31,full_batch,batch_lora,0.7165673971176147,0.8202256560325623,1.1481212377548218
3,adaptive,124,102,32,heldout_before,activation,0.1345159113407135,1.005025863647461,0.2883799076080322
3,adaptive,124,102,32,heldout_before,lora,0.27942487597465515,1.0107489824295044,0.5737063884735107
3,adaptive,124,102,32,heldout_before,batch_lora,0.3069275915622711,1.131589412689209,0.9190543293952942
3,adaptive,124,102,32,heldout_after,activation,0.18704868853092194,0.9900531768798828,0.29383307695388794
3,adaptive,124,102,32,heldout_after,lora,0.41482552886009216,0.9466927647590637,0.6437091827392578
3,adaptive,124,102,32,heldout_after,batch_lora,0.6310412883758545,0.8457438945770264,0.9679324626922607
3,adaptive,124,102,32,full_batch,activation,0.2042992264032364,0.9844330549240112,0.29819273948669434
3,adaptive,124,102,32,full_batch,lora,0.46084100008010864,0.9061974883079529,0.6579337120056152
3,adaptive,124,102,32,full_batch,batch_lora,0.6865012645721436,0.7860381007194519,0.9850643277168274
3,adaptive,125,103,1,heldout_before,activation,0.5169640779495239,0.8438125848770142,0.5011157989501953
3,adaptive,125,103,1,heldout_before,lora,0.7568943500518799,0.6303119659423828,0.7802194952964783
3,adaptive,125,103,1,heldout_before,batch_lora,0.9144858717918396,0.4099157154560089,0.9801762104034424
3,adaptive,125,103,1,heldout_after,activation,0.5180522203445435,0.8432822823524475,0.4939197301864624
3,adaptive,125,103,1,heldout_after,lora,0.7572920918464661,0.6284050345420837,0.7681348323822021
3,adaptive,125,103,1,heldout_after,batch_lora,0.9115525484085083,0.4149290919303894,0.9671768546104431
3,adaptive,125,103,1,full_batch,activation,0.5195496082305908,0.8422253131866455,0.4974966049194336
3,adaptive,125,103,1,full_batch,lora,0.7669663429260254,0.6157722473144531,0.7774832248687744
3,adaptive,125,103,1,full_batch,batch_lora,0.9222151041030884,0.3895677924156189,0.9695830941200256
3,adaptive,125,103,2,heldout_before,activation,0.21009407937526703,1.0391762256622314,0.4005216360092163
3,adaptive,125,103,2,heldout_before,lora,0.35216906666755676,1.0183452367782593,0.6168413162231445
3,adaptive,125,103,2,heldout_before,batch_lora,-0.27652066946029663,1.1214512586593628,0.3015075922012329
3,adaptive,125,103,2,heldout_after,activation,0.3242442309856415,0.9571003913879395,0.3457231819629669
3,adaptive,125,103,2,heldout_after,lora,0.5556007623672485,0.859845757484436,0.6694658994674683
3,adaptive,125,103,2,heldout_after,batch_lora,0.5630133748054504,0.8264949917793274,0.5718439221382141
3,adaptive,125,103,2,full_batch,activation,0.3406273126602173,0.9489715695381165,0.36005330085754395
3,adaptive,125,103,2,full_batch,lora,0.5975993275642395,0.8075662851333618,0.6958295106887817
3,adaptive,125,103,2,full_batch,batch_lora,0.6144088506698608,0.7890603542327881,0.6251148581504822
3,adaptive,125,103,3,heldout_before,activation,0.24983131885528564,1.0089499950408936,0.4444316029548645
3,adaptive,125,103,3,heldout_before,lora,0.4593939185142517,0.9614699482917786,0.7370883822441101
3,adaptive,125,103,3,heldout_before,batch_lora,0.32502949237823486,1.001564383506775,0.6548405289649963
3,adaptive,125,103,3,heldout_after,activation,0.3028785288333893,0.9775152802467346,0.44799354672431946
3,adaptive,125,103,3,heldout_after,lora,0.5565283298492432,0.8896930813789368,0.8082945942878723
3,adaptive,125,103,3,heldout_after,batch_lora,0.738674521446228,0.6917667388916016,0.8941779136657715
3,adaptive,125,103,3,full_batch,activation,0.3198130130767822,0.9680586457252502,0.443203866481781
3,adaptive,125,103,3,full_batch,lora,0.5977410078048706,0.8362280130386353,0.8165421485900879
3,adaptive,125,103,3,full_batch,batch_lora,0.7813107967376709,0.6344456076622009,0.8951871395111084
3,adaptive,125,103,4,heldout_before,activation,0.30977222323417664,1.0012259483337402,0.514758288860321
3,adaptive,125,103,4,heldout_before,lora,0.5615333318710327,0.9050366878509521,0.8629983067512512
3,adaptive,125,103,4,heldout_before,batch_lora,0.7214323878288269,0.7017571926116943,0.835132896900177
3,adaptive,125,103,4,heldout_after,activation,0.31203025579452515,1.0000866651535034,0.5112506151199341
3,adaptive,125,103,4,heldout_after,lora,0.5797601938247681,0.8838338851928711,0.8381478786468506
3,adaptive,125,103,4,heldout_after,batch_lora,0.7290103435516357,0.6851704120635986,0.7592504024505615
3,adaptive,125,103,4,full_batch,activation,0.2992222309112549,1.002407431602478,0.5087515115737915
3,adaptive,125,103,4,full_batch,lora,0.5655667185783386,0.8879469633102417,0.8244264721870422
3,adaptive,125,103,4,full_batch,batch_lora,0.7027391195297241,0.7175950407981873,0.7964659333229065
3,adaptive,125,103,5,heldout_before,activation,0.2859221398830414,0.9782201051712036,0.45898500084877014
3,adaptive,125,103,5,heldout_before,lora,0.39178669452667236,1.0670197010040283,0.8951943516731262
3,adaptive,125,103,5,heldout_before,batch_lora,0.0768662616610527,1.4425570964813232,1.1194013357162476
3,adaptive,125,103,5,heldout_after,activation,0.34633108973503113,0.9483548998832703,0.4644535779953003
3,adaptive,125,103,5,heldout_after,lora,0.538570761680603,0.90622878074646,0.8349093198776245
3,adaptive,125,103,5,heldout_after,batch_lora,0.5753905177116394,0.9388763308525085,1.0364359617233276
3,adaptive,125,103,5,full_batch,activation,0.3614705801010132,0.9400700330734253,0.4639905095100403
3,adaptive,125,103,5,full_batch,lora,0.5788465738296509,0.8553088903427124,0.8368083834648132
3,adaptive,125,103,5,full_batch,batch_lora,0.6321909427642822,0.8653684854507446,1.0175840854644775
3,adaptive,125,103,6,heldout_before,activation,0.3446018397808075,0.9678522348403931,0.5706373453140259
3,adaptive,125,103,6,heldout_before,lora,0.5211795568466187,1.027268886566162,1.0428861379623413
3,adaptive,125,103,6,heldout_before,batch_lora,0.641620397567749,0.911579966545105,1.1342204809188843
3,adaptive,125,103,6,heldout_after,activation,0.35854876041412354,0.9425818920135498,0.501497745513916
3,adaptive,125,103,6,heldout_after,lora,0.5720593929290771,0.8700728416442871,0.8218756318092346
3,adaptive,125,103,6,heldout_after,batch_lora,0.748602032661438,0.68694007396698,0.928300678730011
3,adaptive,125,103,6,full_batch,activation,0.3624776303768158,0.9400639533996582,0.494647353887558
3,adaptive,125,103,6,full_batch,lora,0.5996322631835938,0.8374927043914795,0.8159692287445068
3,adaptive,125,103,6,full_batch,batch_lora,0.7790083289146423,0.6426533460617065,0.9199236631393433
3,adaptive,125,103,7,heldout_before,activation,0.3217150866985321,0.9742536544799805,0.5543687343597412
3,adaptive,125,103,7,heldout_before,lora,0.4835887551307678,0.9824342727661133,0.9238601326942444
3,adaptive,125,103,7,heldout_before,batch_lora,0.40334540605545044,1.2289427518844604,1.2237035036087036
3,adaptive,125,103,7,heldout_after,activation,0.34354859590530396,0.9522687792778015,0.5173641443252563
3,adaptive,125,103,7,heldout_after,lora,0.5351754426956177,0.8786670565605164,0.7961340546607971
3,adaptive,125,103,7,heldout_after,batch_lora,0.5664130449295044,0.9415504336357117,1.021760106086731
3,adaptive,125,103,7,full_batch,activation,0.35526758432388306,0.9458442330360413,0.5135090351104736
3,adaptive,125,103,7,full_batch,lora,0.5669759511947632,0.845481812953949,0.7965397238731384
3,adaptive,125,103,7,full_batch,batch_lora,0.6518809199333191,0.8572872877120972,1.0517436265945435
3,adaptive,125,103,8,heldout_before,activation,0.10037244111299515,1.006814956665039,0.27601465582847595
3,adaptive,125,103,8,heldout_before,lora,0.1347569227218628,1.021679162979126,0.4350520670413971
3,adaptive,125,103,8,heldout_before,batch_lora,-0.17721793055534363,1.0773098468780518,0.26096311211586
3,adaptive,125,103,8,heldout_after,activation,0.1531468629837036,0.9916456341743469,0.2649349868297577
3,adaptive,125,103,8,heldout_after,lora,0.3211647868156433,0.9533001184463501,0.4442232549190521
3,adaptive,125,103,8,heldout_after,batch_lora,0.322252094745636,0.9488137364387512,0.25826820731163025
3,adaptive,125,103,8,full_batch,activation,0.18325930833816528,0.9824511408805847,0.2784217596054077
3,adaptive,125,103,8,full_batch,lora,0.38779205083847046,0.8988956809043884,0.49323517084121704
3,adaptive,125,103,8,full_batch,batch_lora,0.3509109616279602,0.938605785369873,0.2867286205291748
3,adaptive,125,103,9,heldout_before,activation,0.09844319522380829,1.007391333580017,0.2691067159175873
3,adaptive,125,103,9,heldout_before,lora,0.23118095099925995,0.9875929951667786,0.3886885941028595
3,adaptive,125,103,9,heldout_before,batch_lora,0.19765301048755646,0.9804061055183411,0.21386493742465973
3,adaptive,125,103,9,heldout_after,activation,0.20149116218090057,0.9855690002441406,0.2516840696334839
3,adaptive,125,103,9,heldout_after,lora,0.5745348334312439,0.8740116357803345,0.5381352305412292
3,adaptive,125,103,9,heldout_after,batch_lora,0.7459644079208374,0.741062581539154,0.4209464490413666
3,adaptive,125,103,9,full_batch,activation,0.21453499794006348,0.9814214110374451,0.25681620836257935
3,adaptive,125,103,9,full_batch,lora,0.6058369874954224,0.8351231813430786,0.5709102153778076
3,adaptive,125,103,9,full_batch,batch_lora,0.7600394487380981,0.7191237807273865,0.4521450996398926
3,adaptive,125,103,10,heldout_before,activation,0.22881200909614563,0.9770495295524597,0.297561377286911
3,adaptive,125,103,10,heldout_before,lora,0.5350456237792969,0.9044820070266724,0.6895247101783752
3,adaptive,125,103,10,heldout_before,batch_lora,0.7328845262527466,0.696401059627533,0.584243655204773
3,adaptive,125,103,10,heldout_after,activation,0.228326216340065,0.9783569574356079,0.30653703212738037
3,adaptive,125,103,10,heldout_after,lora,0.5296295285224915,0.9249522686004639,0.7438088059425354
3,adaptive,125,103,10,heldout_after,batch_lora,0.7445367574691772,0.6723854541778564,0.6643050909042358
3,adaptive,125,103,10,full_batch,activation,0.22604495286941528,0.9783339500427246,0.2959473133087158
3,adaptive,125,103,10,full_batch,lora,0.5461306571960449,0.9045152068138123,0.718498945236206
3,adaptive,125,103,10,full_batch,batch_lora,0.7440305948257446,0.6771665811538696,0.6338674426078796
3,adaptive,125,103,11,heldout_before,activation,0.215431809425354,0.9865317344665527,0.3486054539680481
3,adaptive,125,103,11,heldout_before,lora,0.4800768792629242,0.9920558929443359,0.8638797998428345
3,adaptive,125,103,11,heldout_before,batch_lora,0.7006314992904663,0.7787045836448669,1.012505292892456
3,adaptive,125,103,11,heldout_after,activation,0.22747473418712616,0.9764771461486816,0.3035127818584442
3,adaptive,125,103,11,heldout_after,lora,0.5273607969284058,0.8812097311019897,0.6621410250663757
3,adaptive,125,103,11,heldout_after,batch_lora,0.7271785140037537,0.6867303848266602,0.7075017690658569
3,adaptive,125,103,11,full_batch,activation,0.2305264174938202,0.9754196405410767,0.30020833015441895
3,adaptive,125,103,11,full_batch,lora,0.5345773696899414,0.871971845626831,0.6562774181365967
3,adaptive,125,103,11,full_batch,batch_lora,0.7345588207244873,0.6786178946495056,0.724618673324585
3,adaptive,125,103,12,heldout_before,activation,0.23544903099536896,1.0062836408615112,0.45019370317459106
3,adaptive,125,103,12,heldout_before,lora,0.38325366377830505,1.1853408813476562,1.0666956901550293
3,adaptive,125,103,12,heldout_before,batch_lora,0.34960246086120605,1.995938777923584,2.111985445022583
3,adaptive,125,103,12,heldout_after,activation,0.28922125697135925,0.9728867411613464,0.4375465214252472
3,adaptive,125,103,12,heldout_after,lora,0.5241613388061523,0.9002645015716553,0.7859799861907959
3,adaptive,125,103,12,heldout_after,batch_lora,0.6361528038978577,0.9208734035491943,1.1388438940048218
3,adaptive,125,103,12,full_batch,activation,0.3098197281360626,0.9626731872558594,0.44262853264808655
3,adaptive,125,103,12,full_batch,lora,0.563953161239624,0.8548445701599121,0.7920582294464111
3,adaptive,125,103,12,full_batch,batch_lora,0.6889469027519226,0.8370785713195801,1.1076929569244385
3,adaptive,125,103,13,heldout_before,activation,0.28319820761680603,0.9740347862243652,0.4437866508960724
3,adaptive,125,103,13,heldout_before,lora,0.47582826018333435,0.9398372173309326,0.7902128100395203
3,adaptive,125,103,13,heldout_before,batch_lora,0.5218325853347778,1.1210498809814453,1.2491991519927979
3,adaptive,125,103,13,heldout_after,activation,0.2811304032802582,0.976032018661499,0.4450932443141937
3,adaptive,125,103,13,heldout_after,lora,0.47941336035728455,0.9408559799194336,0.7936385273933411
3,adaptive,125,103,13,heldout_after,batch_lora,0.544484555721283,1.138242483139038,1.3139384984970093
3,adaptive,125,103,13,full_batch,activation,0.2888190746307373,0.9713935256004333,0.4358603358268738
3,adaptive,125,103,13,full_batch,lora,0.5052681565284729,0.9137210845947266,0.7805520296096802
3,adaptive,125,103,13,full_batch,batch_lora,0.6115807294845581,1.027069091796875,1.266486644744873
3,adaptive,125,103,14,heldout_before,activation,0.3125017285346985,0.9556620717048645,0.4118865728378296
3,adaptive,125,103,14,heldout_before,lora,0.40893667936325073,0.9727998971939087,0.7306453585624695
3,adaptive,125,103,14,heldout_before,batch_lora,0.1086532324552536,1.4004122018814087,1.0950404405593872
3,adaptive,125,103,14,heldout_after,activation,0.34967145323753357,0.9373397827148438,0.4175427556037903
3,adaptive,125,103,14,heldout_after,lora,0.5382944941520691,0.8558995127677917,0.6701467633247375
3,adaptive,125,103,14,heldout_after,batch_lora,0.596741259098053,0.8837239742279053,0.9669687151908875
3,adaptive,125,103,14,full_batch,activation,0.3604101240634918,0.9331367015838623,0.42627155780792236
3,adaptive,125,103,14,full_batch,lora,0.5609943270683289,0.835422933101654,0.6815109848976135
3,adaptive,125,103,14,full_batch,batch_lora,0.6423708200454712,0.8286524415016174,0.9574980735778809
3,adaptive,125,103,15,heldout_before,activation,0.32754966616630554,0.9456230998039246,0.38971230387687683
3,adaptive,125,103,15,heldout_before,lora,0.508854329586029,0.8734913468360901,0.6394039988517761
3,adaptive,125,103,15,heldout_before,batch_lora,0.498736172914505,0.9888325333595276,0.9746853113174438
3,adaptive,125,103,15,heldout_after,activation,0.328613817691803,0.9442541003227234,0.3743787705898285
3,adaptive,125,103,15,heldout_after,lora,0.5303062796592712,0.8500543832778931,0.5879324078559875
3,adaptive,125,103,15,heldout_after,batch_lora,0.5816570520401001,0.8554558753967285,0.8464767932891846
3,adaptive,125,103,15,full_batch,activation,0.32403403520584106,0.9453182220458984,0.368091344833374
3,adaptive,125,103,15,full_batch,lora,0.5302628874778748,0.8494322299957275,0.5852406024932861
3,adaptive,125,103,15,full_batch,batch_lora,0.5857430100440979,0.8540908694267273,0.8551239967346191
3,adaptive,125,103,16,heldout_before,activation,0.30611658096313477,0.9557430148124695,0.384894460439682
3,adaptive,125,103,16,heldout_before,lora,0.48307573795318604,0.8746054768562317,0.5699862837791443
3,adaptive,125,103,16,heldout_before,batch_lora,0.49537575244903564,0.8943445682525635,0.7080945372581482
3,adaptive,125,103,16,heldout_after,activation,0.35617387294769287,0.9445683360099792,0.47895869612693787
3,adaptive,125,103,16,heldout_after,lora,0.5622711777687073,0.8387477397918701,0.717166006565094
3,adaptive,125,103,16,heldout_after,batch_lora,0.6240217685699463,0.8063231110572815,0.8229187726974487
3,adaptive,125,103,16,full_batch,activation,0.3725714087486267,0.9355892539024353,0.48363661766052246
3,adaptive,125,103,16,full_batch,lora,0.5989031791687012,0.7984652519226074,0.732140064239502
3,adaptive,125,103,16,full_batch,batch_lora,0.671353816986084,0.761355996131897,0.8456491231918335
3,adaptive,125,103,17,heldout_before,activation,0.32431766390800476,0.9724240899085999,0.48117145895957947
3,adaptive,125,103,17,heldout_before,lora,0.48019030690193176,0.9164237976074219,0.7054411172866821
3,adaptive,125,103,17,heldout_before,batch_lora,0.37338146567344666,1.0773202180862427,0.9211337566375732
3,adaptive,125,103,17,heldout_after,activation,0.3257991373538971,0.9658733606338501,0.4595494866371155
3,adaptive,125,103,17,heldout_after,lora,0.4849931299686432,0.9052952527999878,0.6813814043998718
3,adaptive,125,103,17,heldout_after,batch_lora,0.43076443672180176,1.0008000135421753,0.8633828163146973
3,adaptive,125,103,17,full_batch,activation,0.3279685974121094,0.9630632400512695,0.4484034776687622
3,adaptive,125,103,17,full_batch,lora,0.4987533986568451,0.8930961489677429,0.6706202030181885
3,adaptive,125,103,17,full_batch,batch_lora,0.4996989369392395,0.9318878650665283,0.8433761596679688
3,adaptive,125,103,18,heldout_before,activation,0.26885125041007996,0.9906197786331177,0.43114620447158813
3,adaptive,125,103,18,heldout_before,lora,0.44730424880981445,0.9293006062507629,0.63670814037323
3,adaptive,125,103,18,heldout_before,batch_lora,0.38096562027931213,0.9419291615486145,0.5608687400817871
3,adaptive,125,103,18,heldout_after,activation,0.2694365680217743,0.9759247303009033,0.37782034277915955
3,adaptive,125,103,18,heldout_after,lora,0.45944979786872864,0.9046900868415833,0.6029281616210938
3,adaptive,125,103,18,heldout_after,batch_lora,0.5398709774017334,0.8552817702293396,0.6914205551147461
3,adaptive,125,103,18,full_batch,activation,0.27021509408950806,0.9746336936950684,0.3738604187965393
3,adaptive,125,103,18,full_batch,lora,0.4793250560760498,0.8901039361953735,0.6044907569885254
3,adaptive,125,103,18,full_batch,batch_lora,0.5738388299942017,0.8305429220199585,0.7120144963264465
3,adaptive,125,103,19,heldout_before,activation,0.24266880750656128,0.9763873815536499,0.3315330445766449
3,adaptive,125,103,19,heldout_before,lora,0.45453572273254395,0.9009830355644226,0.5449931621551514
3,adaptive,125,103,19,heldout_before,batch_lora,0.5128612518310547,0.8793893456459045,0.7035237550735474
3,adaptive,125,103,19,heldout_after,activation,0.2749963700771332,0.9649977684020996,0.3396335542201996
3,adaptive,125,103,19,heldout_after,lora,0.5273654460906982,0.8497246503829956,0.5897501707077026
3,adaptive,125,103,19,heldout_after,batch_lora,0.7402947545051575,0.6782064437866211,0.8297381401062012
3,adaptive,125,103,19,full_batch,activation,0.29204875230789185,0.9585179686546326,0.35507655143737793
3,adaptive,125,103,19,full_batch,lora,0.5652285814285278,0.8127784729003906,0.6186177134513855
3,adaptive,125,103,19,full_batch,batch_lora,0.7603377103805542,0.6541053056716919,0.8375849723815918
3,adaptive,125,103,20,heldout_before,activation,0.2590395212173462,0.9747282862663269,0.39065343141555786
3,adaptive,125,103,20,heldout_before,lora,0.4732131361961365,0.896659255027771,0.6499912142753601
3,adaptive,125,103,20,heldout_before,batch_lora,0.4316139817237854,1.051430583000183,0.9717962741851807
3,adaptive,125,103,20,heldout_after,activation,0.26199859380722046,0.971921980381012,0.3804585039615631
3,adaptive,125,103,20,heldout_after,lora,0.48852935433387756,0.8826753497123718,0.6279016733169556
3,adaptive,125,103,20,heldout_after,batch_lora,0.4320376515388489,1.021294116973877,0.9113061428070068
3,adaptive,125,103,20,full_batch,activation,0.26579898595809937,0.9699773192405701,0.3751402497291565
3,adaptive,125,103,20,full_batch,lora,0.49130791425704956,0.8792059421539307,0.614597737789154
3,adaptive,125,103,20,full_batch,batch_lora,0.4581567645072937,1.0014917850494385,0.919560432434082
3,adaptive,125,103,21,heldout_before,activation,0.253760427236557,0.9815151691436768,0.404222697019577
3,adaptive,125,103,21,heldout_before,lora,0.41257423162460327,0.9774294495582581,0.7309018969535828
3,adaptive,125,103,21,heldout_before,batch_lora,0.23940467834472656,1.3718794584274292,1.2086145877838135
3,adaptive,125,103,21,heldout_after,activation,0.2635807991027832,0.9659744501113892,0.31471505761146545
3,adaptive,125,103,21,heldout_after,lora,0.4441010355949402,0.8982325792312622,0.5402331352233887
3,adaptive,125,103,21,heldout_after,batch_lora,0.3365499973297119,1.0342947244644165,0.7643716931343079
3,adaptive,125,103,21,full_batch,activation,0.2639443874359131,0.9664134383201599,0.31775614619255066
3,adaptive,125,103,21,full_batch,lora,0.4626174867153168,0.8878415822982788,0.5522931814193726
3,adaptive,125,103,21,full_batch,batch_lora,0.39237287640571594,1.0021438598632812,0.7901778817176819
3,adaptive,125,103,22,heldout_before,activation,0.2000942975282669,0.9865980744361877,0.30384570360183716
3,adaptive,125,103,22,heldout_before,lora,0.35402700304985046,0.952211856842041,0.5160195827484131
3,adaptive,125,103,22,heldout_before,batch_lora,0.10371793061494827,1.110499620437622,0.5976479053497314
3,adaptive,125,103,22,heldout_after,activation,0.23872944712638855,0.9744955897331238,0.32045572996139526
3,adaptive,125,103,22,heldout_after,lora,0.42529985308647156,0.9115524888038635,0.5431574583053589
3,adaptive,125,103,22,heldout_after,batch_lora,0.4079781174659729,0.9519858956336975,0.6776506900787354
3,adaptive,125,103,22,full_batch,activation,0.2549639344215393,0.9690271615982056,0.3294607400894165
3,adaptive,125,103,22,full_batch,lora,0.4708506464958191,0.8739384412765503,0.571370542049408
3,adaptive,125,103,22,full_batch,batch_lora,0.5130717158317566,0.8859981894493103,0.7326970100402832
3,adaptive,125,103,23,heldout_before,activation,0.22024400532245636,0.9861882328987122,0.3381122946739197
3,adaptive,125,103,23,heldout_before,lora,0.37413349747657776,0.9541922807693481,0.5720192193984985
3,adaptive,125,103,23,heldout_before,batch_lora,0.4922127425670624,0.8885163068771362,0.6703545451164246
3,adaptive,125,103,23,heldout_after,activation,0.22514912486076355,0.9846941232681274,0.34129494428634644
3,adaptive,125,103,23,heldout_after,lora,0.393058717250824,0.943729043006897,0.5832378268241882
3,adaptive,125,103,23,heldout_after,batch_lora,0.5381847620010376,0.8550893068313599,0.6824780106544495
3,adaptive,125,103,23,full_batch,activation,0.2305375039577484,0.982314944267273,0.3318711519241333
3,adaptive,125,103,23,full_batch,lora,0.41224169731140137,0.9309531450271606,0.572757363319397
3,adaptive,125,103,23,full_batch,batch_lora,0.5522078275680542,0.8432036638259888,0.6784055233001709
3,adaptive,125,103,24,heldout_before,activation,0.2430059313774109,0.9815021753311157,0.35628944635391235
3,adaptive,125,103,24,heldout_before,lora,0.453543484210968,0.9131442904472351,0.6164182424545288
3,adaptive,125,103,24,heldout_before,batch_lora,0.5389810800552368,0.8493790030479431,0.6482757329940796
3,adaptive,125,103,24,heldout_after,activation,0.24014359712600708,0.9806109666824341,0.34278562664985657
3,adaptive,125,103,24,heldout_after,lora,0.45374348759651184,0.9062421321868896,0.5758939981460571
3,adaptive,125,103,24,heldout_after,batch_lora,0.5417187213897705,0.843110203742981,0.6072463989257812
3,adaptive,125,103,24,full_batch,activation,0.24238291382789612,0.9791297912597656,0.34448128938674927
3,adaptive,125,103,24,full_batch,lora,0.469623327255249,0.8938281536102295,0.5789139866828918
3,adaptive,125,103,24,full_batch,batch_lora,0.5466539859771729,0.8408463597297668,0.6231599450111389
3,adaptive,125,103,25,heldout_before,activation,0.24500803649425507,0.9814607501029968,0.38583362102508545
3,adaptive,125,103,25,heldout_before,lora,0.3954799771308899,0.9488732814788818,0.6306840777397156
3,adaptive,125,103,25,heldout_before,batch_lora,0.47884005308151245,0.9576254487037659,0.8613765239715576
3,adaptive,125,103,25,heldout_after,activation,0.27967938780784607,0.9712225198745728,0.4326860308647156
3,adaptive,125,103,25,heldout_after,lora,0.46407952904701233,0.9154231548309326,0.7147592902183533
3,adaptive,125,103,25,heldout_after,batch_lora,0.6265052556991577,0.8630239963531494,0.9970712661743164
3,adaptive,125,103,25,full_batch,activation,0.2925894856452942,0.965467631816864,0.4326055943965912
3,adaptive,125,103,25,full_batch,lora,0.5018151998519897,0.8813242316246033,0.7199061512947083
3,adaptive,125,103,25,full_batch,batch_lora,0.6967054009437561,0.7790333032608032,1.0005004405975342
3,adaptive,125,103,26,heldout_before,activation,0.1940380185842514,1.0035598278045654,0.3989258110523224
3,adaptive,125,103,26,heldout_before,lora,0.37825873494148254,0.9690678715705872,0.6650366187095642
3,adaptive,125,103,26,heldout_before,batch_lora,0.2549261748790741,1.2312602996826172,1.0171526670455933
3,adaptive,125,103,26,heldout_after,activation,0.19987665116786957,0.985893964767456,0.3147881031036377
3,adaptive,125,103,26,heldout_after,lora,0.41458866000175476,0.9192137718200684,0.5761939883232117
3,adaptive,125,103,26,heldout_after,batch_lora,0.3825819194316864,1.0498709678649902,0.8811779618263245
3,adaptive,125,103,26,full_batch,activation,0.20572124421596527,0.9840695858001709,0.3155018091201782
3,adaptive,125,103,26,full_batch,lora,0.42846938967704773,0.9088632464408875,0.5693485140800476
3,adaptive,125,103,26,full_batch,batch_lora,0.4488714933395386,1.0084340572357178,0.9162309765815735
3,adaptive,125,103,27,heldout_before,activation,0.1649196743965149,1.0057429075241089,0.2890614867210388
3,adaptive,125,103,27,heldout_before,lora,0.3416188657283783,0.9669606685638428,0.4729413390159607
3,adaptive,125,103,27,heldout_before,batch_lora,0.05065382272005081,1.0510908365249634,0.37830889225006104
3,adaptive,125,103,27,heldout_after,activation,0.26069676876068115,0.9673218727111816,0.30730023980140686
3,adaptive,125,103,27,heldout_after,lora,0.5741780996322632,0.8065703511238098,0.6310111284255981
3,adaptive,125,103,27,heldout_after,batch_lora,0.715015172958374,0.6996316313743591,0.6879777312278748
3,adaptive,125,103,27,full_batch,activation,0.2716038227081299,0.9635511636734009,0.31456100940704346
3,adaptive,125,103,27,full_batch,lora,0.6034208536148071,0.7794208526611328,0.6511324048042297
3,adaptive,125,103,27,full_batch,batch_lora,0.742676317691803,0.6701802611351013,0.7160370945930481
3,adaptive,125,103,28,heldout_before,activation,0.22943858802318573,0.9867046475410461,0.36668717861175537
3,adaptive,125,103,28,heldout_before,lora,0.4892728924751282,0.8911356925964355,0.6925539374351501
3,adaptive,125,103,28,heldout_before,batch_lora,0.6177996397018433,0.8107895851135254,0.8154255151748657
3,adaptive,125,103,28,heldout_after,activation,0.23745837807655334,0.9755573868751526,0.33221906423568726
3,adaptive,125,103,28,heldout_after,lora,0.5198425054550171,0.8492745161056519,0.6173696517944336
3,adaptive,125,103,28,heldout_after,batch_lora,0.6760920882225037,0.7372444868087769,0.7011905908584595
3,adaptive,125,103,28,full_batch,activation,0.24371089041233063,0.9736703634262085,0.3375282287597656
3,adaptive,125,103,28,full_batch,lora,0.5507696866989136,0.822937548160553,0.634179413318634
3,adaptive,125,103,28,full_batch,batch_lora,0.6906576752662659,0.7240691781044006,0.7264910936355591
3,adaptive,125,103,29,heldout_before,activation,0.2474072128534317,0.9755557775497437,0.35160699486732483
3,adaptive,125,103,29,heldout_before,lora,0.5533791780471802,0.840087354183197,0.6783466935157776
3,adaptive,125,103,29,heldout_before,batch_lora,0.680026650428772,0.7349827289581299,0.7313663363456726
3,adaptive,125,103,29,heldout_after,activation,0.24517232179641724,0.9718767404556274,0.306704044342041
3,adaptive,125,103,29,heldout_after,lora,0.547867476940155,0.8303693532943726,0.5828919410705566
3,adaptive,125,103,29,heldout_after,batch_lora,0.661697506904602,0.7501108050346375,0.6391215920448303
3,adaptive,125,103,29,full_batch,activation,0.2510956823825836,0.970474362373352,0.31391382217407227
3,adaptive,125,103,29,full_batch,lora,0.5643923282623291,0.8174399137496948,0.5991578102111816
3,adaptive,125,103,29,full_batch,batch_lora,0.69109046459198,0.72322678565979,0.6653381586074829
3,adaptive,125,103,30,heldout_before,activation,0.1742105782032013,0.9897198677062988,0.28662535548210144
3,adaptive,125,103,30,heldout_before,lora,0.3946094810962677,0.9219797253608704,0.5496805906295776
3,adaptive,125,103,30,heldout_before,batch_lora,0.5223279595375061,0.9379732608795166,0.9129948019981384
3,adaptive,125,103,30,heldout_after,activation,0.1772507280111313,0.9895050525665283,0.2919956147670746
3,adaptive,125,103,30,heldout_after,lora,0.3934680223464966,0.9249457120895386,0.5659526586532593
3,adaptive,125,103,30,heldout_after,batch_lora,0.5004634857177734,0.9828113913536072,0.9656322002410889
3,adaptive,125,103,30,full_batch,activation,0.19210553169250488,0.9851763844490051,0.2979464530944824
3,adaptive,125,103,30,full_batch,lora,0.4369373321533203,0.8923416137695312,0.5868699550628662
3,adaptive,125,103,30,full_batch,batch_lora,0.5736472010612488,0.9509506225585938,1.0567395687103271
3,adaptive,125,103,31,heldout_before,activation,0.22026874125003815,0.9841014742851257,0.34898412227630615
3,adaptive,125,103,31,heldout_before,lora,0.4757760167121887,0.9032060503959656,0.7058302760124207
3,adaptive,125,103,31,heldout_before,batch_lora,0.5233818292617798,1.1552423238754272,1.3034542798995972
3,adaptive,125,103,31,heldout_after,activation,0.2163076549768448,0.980239748954773,0.3082026541233063
3,adaptive,125,103,31,heldout_after,lora,0.48906010389328003,0.868833601474762,0.6269597411155701
3,adaptive,125,103,31,heldout_after,batch_lora,0.5152220726013184,1.0152387619018555,1.0594309568405151
3,adaptive,125,103,31,full_batch,activation,0.2243007868528366,0.9776942133903503,0.3085545599460602
3,adaptive,125,103,31,full_batch,lora,0.5063631534576416,0.856296956539154,0.6266199946403503
3,adaptive,125,103,31,full_batch,batch_lora,0.5542950630187988,0.9810267686843872,1.0735797882080078
3,adaptive,125,103,32,heldout_before,activation,0.17529068887233734,0.9978580474853516,0.3112562894821167
3,adaptive,125,103,32,heldout_before,lora,0.34805741906166077,0.9794193506240845,0.6002494096755981
3,adaptive,125,103,32,heldout_before,batch_lora,-0.098244808614254,1.4456933736801147,0.9504122138023376
3,adaptive,125,103,32,heldout_after,activation,0.21489658951759338,0.9902158975601196,0.3544080853462219
3,adaptive,125,103,32,heldout_after,lora,0.41381126642227173,0.9581449031829834,0.6764448881149292
3,adaptive,125,103,32,heldout_after,batch_lora,0.3684128522872925,1.123317003250122,0.998943567276001
3,adaptive,125,103,32,full_batch,activation,0.2285272181034088,0.9846489429473877,0.35578644275665283
3,adaptive,125,103,32,full_batch,lora,0.4565538465976715,0.9201442003250122,0.6863285303115845
3,adaptive,125,103,32,full_batch,batch_lora,0.49597007036209106,1.0142368078231812,1.0200525522232056
3,fixed5,123,101,1,heldout_before,activation,0.6058322787284851,0.7768738865852356,0.6013023257255554
3,fixed5,123,101,1,heldout_before,lora,0.7847822904586792,0.5978137850761414,0.836349368095398
3,fixed5,123,101,1,heldout_before,batch_lora,0.9685661792755127,0.24879638850688934,0.9640849828720093
3,fixed5,123,101,1,heldout_after,activation,0.6042810678482056,0.7794346213340759,0.6081701517105103
3,fixed5,123,101,1,heldout_after,lora,0.773553729057312,0.6220786571502686,0.8506606817245483
3,fixed5,123,101,1,heldout_after,batch_lora,0.9291238188743591,0.38285526633262634,1.0283668041229248
3,fixed5,123,101,1,full_batch,activation,0.5991874933242798,0.7839837074279785,0.5986014604568481
3,fixed5,123,101,1,full_batch,lora,0.7890591621398926,0.5993469953536987,0.8550864458084106
3,fixed5,123,101,1,full_batch,batch_lora,0.9346117973327637,0.37015867233276367,1.0371626615524292
3,fixed5,123,101,2,heldout_before,activation,0.19742141664028168,1.129966378211975,0.6030005216598511
3,fixed5,123,101,2,heldout_before,lora,0.34853610396385193,1.1263269186019897,0.8444594740867615
3,fixed5,123,101,2,heldout_before,batch_lora,-0.3970504403114319,1.3358032703399658,0.5735265612602234
3,fixed5,123,101,2,heldout_after,activation,0.21171988546848297,1.1227030754089355,0.593926727771759
3,fixed5,123,101,2,heldout_after,lora,0.43193507194519043,1.0500187873840332,0.8087944388389587
3,fixed5,123,101,2,heldout_after,batch_lora,-0.08337900042533875,1.1675864458084106,0.5250701904296875
3,fixed5,123,101,2,full_batch,activation,0.2274215817451477,1.1002533435821533,0.5572915077209473
3,fixed5,123,101,2,full_batch,lora,0.45412060618400574,1.018279790878296,0.7742085456848145
3,fixed5,123,101,2,full_batch,batch_lora,0.04658573493361473,1.081599235534668,0.4613474905490875
3,fixed5,123,101,3,heldout_before,activation,0.14291058480739594,1.1534219980239868,0.6215360760688782
3,fixed5,123,101,3,heldout_before,lora,0.2852384150028229,1.158912181854248,0.8684760928153992
3,fixed5,123,101,3,heldout_before,batch_lora,-0.13556814193725586,1.28922700881958,0.689346969127655
3,fixed5,123,101,3,heldout_after,activation,0.174049511551857,1.1094310283660889,0.5794174075126648
3,fixed5,123,101,3,heldout_after,lora,0.37758949398994446,1.0530840158462524,0.8345582485198975
3,fixed5,123,101,3,heldout_after,batch_lora,0.258149117231369,1.0875471830368042,0.7575485706329346
3,fixed5,123,101,3,full_batch,activation,0.17719700932502747,1.1175098419189453,0.5941646695137024
3,fixed5,123,101,3,full_batch,lora,0.3869630694389343,1.0437779426574707,0.8303514122962952
3,fixed5,123,101,3,full_batch,batch_lora,0.27237650752067566,1.0700863599777222,0.740643322467804
3,fixed5,123,101,4,heldout_before,activation,0.1786847859621048,1.0810964107513428,0.530011773109436
3,fixed5,123,101,4,heldout_before,lora,0.31292101740837097,1.1043673753738403,0.8361194133758545
3,fixed5,123,101,4,heldout_before,batch_lora,0.2301330268383026,1.0713766813278198,0.6782504320144653
3,fixed5,123,101,4,heldout_after,activation,0.21117180585861206,1.0394494533538818,0.48964571952819824
3,fixed5,123,101,4,heldout_after,lora,0.38050585985183716,1.0649964809417725,0.8798729777336121
3,fixed5,123,101,4,heldout_after,batch_lora,0.36954501271247864,1.060305118560791,0.8802408576011658
3,fixed5,123,101,4,full_batch,activation,0.20085081458091736,1.0562963485717773,0.5164933800697327
3,fixed5,123,101,4,full_batch,lora,0.38894644379615784,1.0565478801727295,0.8807854652404785
3,fixed5,123,101,4,full_batch,batch_lora,0.3734963536262512,1.0602282285690308,0.8869003653526306
3,fixed5,123,101,5,heldout_before,activation,0.1602405309677124,1.0759011507034302,0.5359366536140442
3,fixed5,123,101,5,heldout_before,lora,0.29105815291404724,1.0860002040863037,0.7872734665870667
3,fixed5,123,101,5,heldout_before,batch_lora,0.1702052354812622,1.1625101566314697,0.7869705557823181
3,fixed5,123,101,5,heldout_after,activation,0.17683365941047668,1.0483651161193848,0.4893534481525421
3,fixed5,123,101,5,heldout_after,lora,0.3735949397087097,1.0064697265625,0.7502462267875671
3,fixed5,123,101,5,heldout_after,batch_lora,0.3804488182067871,1.0200366973876953,0.8108161687850952
3,fixed5,123,101,5,full_batch,activation,0.18364658951759338,1.0408456325531006,0.47343671321868896
3,fixed5,123,101,5,full_batch,lora,0.37919843196868896,0.9975159764289856,0.7359418869018555
3,fixed5,123,101,5,full_batch,batch_lora,0.3879989981651306,1.0113486051559448,0.804375410079956
3,fixed5,123,101,6,heldout_before,activation,0.17355374991893768,1.0511925220489502,0.4973614811897278
3,fixed5,123,101,6,heldout_before,lora,0.3407558798789978,1.0313489437103271,0.7475379705429077
3,fixed5,123,101,6,heldout_before,batch_lora,0.2909843921661377,1.0715687274932861,0.7736142873764038
3,fixed5,123,101,6,heldout_after,activation,0.18694950640201569,1.0349336862564087,0.46418070793151855
3,fixed5,123,101,6,heldout_after,lora,0.4363124966621399,0.9435598254203796,0.7063583135604858
3,fixed5,123,101,6,heldout_after,batch_lora,0.5000965595245361,0.8995363116264343,0.7435348629951477
3,fixed5,123,101,6,full_batch,activation,0.1857367753982544,1.0342825651168823,0.4597630500793457
3,fixed5,123,101,6,full_batch,lora,0.44689005613327026,0.9332873821258545,0.6963545083999634
3,fixed5,123,101,6,full_batch,batch_lora,0.5115303993225098,0.8852028846740723,0.7242450714111328
3,fixed5,123,101,7,heldout_before,activation,0.18647824227809906,1.0035560131072998,0.3582731783390045
3,fixed5,123,101,7,heldout_before,lora,0.3846930265426636,0.953932523727417,0.5913835763931274
3,fixed5,123,101,7,heldout_before,batch_lora,0.4164382219314575,0.9357669949531555,0.6379797458648682
3,fixed5,123,101,7,heldout_after,activation,0.18803460896015167,0.9977338314056396,0.3261340260505676
3,fixed5,123,101,7,heldout_after,lora,0.4463656544685364,0.9037683606147766,0.5333057045936584
3,fixed5,123,101,7,heldout_after,batch_lora,0.5496921539306641,0.8360115885734558,0.5825071334838867
3,fixed5,123,101,7,full_batch,activation,0.18407779932022095,0.997726321220398,0.3222014605998993
3,fixed5,123,101,7,full_batch,lora,0.4454613924026489,0.9030484557151794,0.532532811164856
3,fixed5,123,101,7,full_batch,batch_lora,0.563315749168396,0.8264846205711365,0.583353579044342
3,fixed5,123,101,8,heldout_before,activation,0.16317926347255707,1.0068196058273315,0.3245726227760315
3,fixed5,123,101,8,heldout_before,lora,0.39506641030311584,0.9282231330871582,0.4999442398548126
3,fixed5,123,101,8,heldout_before,batch_lora,0.47088193893432617,0.8851944208145142,0.5436764359474182
3,fixed5,123,101,8,heldout_after,activation,0.1711266189813614,0.9980515241622925,0.2957859933376312
3,fixed5,123,101,8,heldout_after,lora,0.44997933506965637,0.8986415863037109,0.49161088466644287
3,fixed5,123,101,8,heldout_after,batch_lora,0.5768334865570068,0.8168703317642212,0.5730884671211243
3,fixed5,123,101,8,full_batch,activation,0.172282412648201,0.9966933727264404,0.2905072271823883
3,fixed5,123,101,8,full_batch,lora,0.45899391174316406,0.8933849930763245,0.4871690273284912
3,fixed5,123,101,8,full_batch,batch_lora,0.5842453241348267,0.811749279499054,0.5675331354141235
3,fixed5,123,101,9,heldout_before,activation,0.16802765429019928,1.0079325437545776,0.33310461044311523
3,fixed5,123,101,9,heldout_before,lora,0.367978036403656,0.9604695439338684,0.5815566182136536
3,fixed5,123,101,9,heldout_before,batch_lora,0.39730560779571533,0.9555434584617615,0.6636044979095459
3,fixed5,123,101,9,heldout_after,activation,0.1734200119972229,1.0031659603118896,0.3126320242881775
3,fixed5,123,101,9,heldout_after,lora,0.42276594042778015,0.9241412281990051,0.5558704733848572
3,fixed5,123,101,9,heldout_after,batch_lora,0.4995863437652588,0.8766914010047913,0.6343987584114075
3,fixed5,123,101,9,full_batch,activation,0.181614488363266,0.9992482662200928,0.3055233359336853
3,fixed5,123,101,9,full_batch,lora,0.430295467376709,0.9180907011032104,0.5491053462028503
3,fixed5,123,101,9,full_batch,batch_lora,0.5101635456085205,0.8676213622093201,0.6243283748626709
3,fixed5,123,101,10,heldout_before,activation,0.1484352946281433,1.0126452445983887,0.30862993001937866
3,fixed5,123,101,10,heldout_before,lora,0.3229750394821167,0.9753678441047668,0.5280241370201111
3,fixed5,123,101,10,heldout_before,batch_lora,0.30098000168800354,1.004330039024353,0.6160480380058289
3,fixed5,123,101,10,heldout_after,activation,0.15209324657917023,1.0094231367111206,0.29100412130355835
3,fixed5,123,101,10,heldout_after,lora,0.3994908928871155,0.9390154480934143,0.5271643996238708
3,fixed5,123,101,10,heldout_after,batch_lora,0.4682391881942749,0.8978171348571777,0.6273728013038635
3,fixed5,123,101,10,full_batch,activation,0.15825632214546204,1.005842924118042,0.28188180923461914
3,fixed5,123,101,10,full_batch,lora,0.4077322483062744,0.9323776960372925,0.5140928626060486
3,fixed5,123,101,10,full_batch,batch_lora,0.47825098037719727,0.8874339461326599,0.6057779788970947
3,fixed5,123,101,11,heldout_before,activation,0.12275740504264832,1.0086292028427124,0.2547526955604553
3,fixed5,123,101,11,heldout_before,lora,0.3101412355899811,0.9750363826751709,0.4857797622680664
3,fixed5,123,101,11,heldout_before,batch_lora,0.3477286696434021,0.9704335331916809,0.5980412364006042
3,fixed5,123,101,11,heldout_after,activation,0.12924262881278992,1.0030595064163208,0.23913778364658356
3,fixed5,123,101,11,heldout_after,lora,0.3733457326889038,0.9403177499771118,0.4917157292366028
3,fixed5,123,101,11,heldout_after,batch_lora,0.48170581459999084,0.8887320756912231,0.6296426057815552
3,fixed5,123,101,11,full_batch,activation,0.12091654539108276,1.004772424697876,0.23918940126895905
3,fixed5,123,101,11,full_batch,lora,0.35989251732826233,0.9450650215148926,0.48811838030815125
3,fixed5,123,101,11,full_batch,batch_lora,0.47121506929397583,0.8984438180923462,0.6422274112701416
3,fixed5,123,101,12,heldout_before,activation,0.05371584743261337,1.009040355682373,0.1753186583518982
3,fixed5,123,101,12,heldout_before,lora,0.1965438276529312,0.9999087452888489,0.3619955778121948
3,fixed5,123,101,12,heldout_before,batch_lora,0.1895819902420044,1.0009666681289673,0.38419845700263977
3,fixed5,123,101,12,heldout_after,activation,0.062385641038417816,1.0051645040512085,0.16038662195205688
3,fixed5,123,101,12,heldout_after,lora,0.27854686975479126,0.9712336659431458,0.3710120916366577
3,fixed5,123,101,12,heldout_after,batch_lora,0.3507579267024994,0.9385690689086914,0.41355031728744507
3,fixed5,123,101,12,full_batch,activation,0.060445886105298996,1.005491018295288,0.16200383007526398
3,fixed5,123,101,12,full_batch,lora,0.28511807322502136,0.967720627784729,0.3707555830478668
3,fixed5,123,101,12,full_batch,batch_lora,0.3570109009742737,0.935672402381897,0.4112291932106018
3,fixed5,123,101,13,heldout_before,activation,0.03511977568268776,1.0042610168457031,0.11701763421297073
3,fixed5,123,101,13,heldout_before,lora,0.16255688667297363,0.9963655471801758,0.2501177191734314
3,fixed5,123,101,13,heldout_before,batch_lora,0.16093793511390686,0.9874205589294434,0.1909477263689041
3,fixed5,123,101,13,heldout_after,activation,0.05326787754893303,1.0017544031143188,0.119259774684906
3,fixed5,123,101,13,heldout_after,lora,0.28208398818969727,0.9693516492843628,0.2933669090270996
3,fixed5,123,101,13,heldout_after,batch_lora,0.3339477777481079,0.9474407434463501,0.23821313679218292
3,fixed5,123,101,13,full_batch,activation,0.055368900299072266,1.0013072490692139,0.1175212413072586
3,fixed5,123,101,13,full_batch,lora,0.2868887186050415,0.9670146107673645,0.29282182455062866
3,fixed5,123,101,13,full_batch,batch_lora,0.33386218547821045,0.947815477848053,0.23477593064308167
3,fixed5,123,101,14,heldout_before,activation,0.031813204288482666,1.0009846687316895,0.08258560299873352
3,fixed5,123,101,14,heldout_before,lora,0.2206975370645523,0.9800999760627747,0.20306459069252014
3,fixed5,123,101,14,heldout_before,batch_lora,0.24188323318958282,0.9733366370201111,0.16512686014175415
3,fixed5,123,101,14,heldout_after,activation,0.056895170360803604,0.9995490312576294,0.09584614634513855
3,fixed5,123,101,14,heldout_after,lora,0.33753225207328796,0.9522450566291809,0.27728569507598877
3,fixed5,123,101,14,heldout_after,batch_lora,0.3806860148906708,0.9353755116462708,0.23979966342449188
3,fixed5,123,101,14,full_batch,activation,0.058982156217098236,0.9993944764137268,0.09836873412132263
3,fixed5,123,101,14,full_batch,lora,0.34079182147979736,0.9504913091659546,0.28684887290000916
3,fixed5,123,101,14,full_batch,batch_lora,0.38324037194252014,0.9332550168037415,0.24968108534812927
3,fixed5,123,101,15,heldout_before,activation,0.05277656018733978,0.9995696544647217,0.09520629793405533
3,fixed5,123,101,15,heldout_before,lora,0.32700759172439575,0.9496580362319946,0.28773224353790283
3,fixed5,123,101,15,heldout_before,batch_lora,0.3817039728164673,0.9289495944976807,0.28872400522232056
3,fixed5,123,101,15,heldout_after,activation,0.07957490533590317,0.9973605275154114,0.11323905736207962
3,fixed5,123,101,15,heldout_after,lora,0.4243248701095581,0.9114972949028015,0.41556400060653687
3,fixed5,123,101,15,heldout_after,batch_lora,0.49526554346084595,0.8710922598838806,0.4313145875930786
3,fixed5,123,101,15,full_batch,activation,0.08389809727668762,0.996787428855896,0.11323420703411102
3,fixed5,123,101,15,full_batch,lora,0.42826369404792786,0.9089852571487427,0.4131587743759155
3,fixed5,123,101,15,full_batch,batch_lora,0.4963284432888031,0.8707388639450073,0.429037868976593
3,fixed5,123,101,16,heldout_before,activation,0.07761107385158539,0.9977666735649109,0.11838036775588989
3,fixed5,123,101,16,heldout_before,lora,0.3935345709323883,0.9208799600601196,0.41090115904808044
3,fixed5,123,101,16,heldout_before,batch_lora,0.45397114753723145,0.8914303779602051,0.4268072247505188
3,fixed5,123,101,16,heldout_after,activation,0.12011591345071793,0.9923018217086792,0.11756540089845657
3,fixed5,123,101,16,heldout_after,lora,0.46337050199508667,0.8890267014503479,0.40224236249923706
3,fixed5,123,101,16,heldout_after,batch_lora,0.539365291595459,0.8509098291397095,0.4170440435409546
3,fixed5,123,101,16,full_batch,activation,0.12450826168060303,0.9918153285980225,0.11842146515846252
3,fixed5,123,101,16,full_batch,lora,0.4704493284225464,0.8851137757301331,0.4061874449253082
3,fixed5,123,101,16,full_batch,batch_lora,0.5450736284255981,0.8472965955734253,0.42253032326698303
3,fixed5,123,101,17,heldout_before,activation,0.10469608753919601,0.9971329569816589,0.16225998103618622
3,fixed5,123,101,17,heldout_before,lora,0.393087774515152,0.9505854845046997,0.5701056718826294
3,fixed5,123,101,17,heldout_before,batch_lora,0.4674462080001831,0.8914777636528015,0.5825048089027405
3,fixed5,123,101,17,heldout_after,activation,0.14152486622333527,0.9904952049255371,0.1515326201915741
3,fixed5,123,101,17,heldout_after,lora,0.4352724552154541,0.9106247425079346,0.45831823348999023
3,fixed5,123,101,17,heldout_after,batch_lora,0.5186706781387329,0.8566358685493469,0.4653395116329193
3,fixed5,123,101,17,full_batch,activation,0.14728108048439026,0.9894953370094299,0.15311819314956665
3,fixed5,123,101,17,full_batch,lora,0.4446168541908264,0.9043397307395935,0.46134400367736816
3,fixed5,123,101,17,full_batch,batch_lora,0.5279660224914551,0.8510923981666565,0.4722311198711395
3,fixed5,123,101,18,heldout_before,activation,0.12083681672811508,0.9976201057434082,0.20624886453151703
3,fixed5,123,101,18,heldout_before,lora,0.31425485014915466,1.018103837966919,0.6612814664840698
3,fixed5,123,101,18,heldout_before,batch_lora,0.4269189238548279,0.9741389155387878,0.7891427874565125
3,fixed5,123,101,18,heldout_after,activation,0.13879714906215668,0.9923272132873535,0.18727248907089233
3,fixed5,123,101,18,heldout_after,lora,0.3524531126022339,0.9546051621437073,0.5186394453048706
3,fixed5,123,101,18,heldout_after,batch_lora,0.47636425495147705,0.8897050023078918,0.6123714447021484
3,fixed5,123,101,18,full_batch,activation,0.1337791383266449,0.9929699301719666,0.180380180478096
3,fixed5,123,101,18,full_batch,lora,0.3421008586883545,0.9579263925552368,0.5020465850830078
3,fixed5,123,101,18,full_batch,batch_lora,0.4659333825111389,0.8952698707580566,0.6023223400115967
3,fixed5,123,101,19,heldout_before,activation,0.03292076289653778,1.0323182344436646,0.26619842648506165
3,fixed5,123,101,19,heldout_before,lora,0.09814782440662384,1.217119574546814,0.7664027810096741
3,fixed5,123,101,19,heldout_before,batch_lora,0.07357701659202576,1.3276925086975098,0.9500362873077393
3,fixed5,123,101,19,heldout_after,activation,0.03852412849664688,1.0181360244750977,0.21536916494369507
3,fixed5,123,101,19,heldout_after,lora,0.14172270894050598,1.0809558629989624,0.5582197308540344
3,fixed5,123,101,19,heldout_after,batch_lora,0.14466792345046997,1.1292508840560913,0.6888521313667297
3,fixed5,123,101,19,full_batch,activation,0.03865416720509529,1.0174769163131714,0.21253487467765808
3,fixed5,123,101,19,full_batch,lora,0.14878305792808533,1.075944185256958,0.5542657375335693
3,fixed5,123,101,19,full_batch,batch_lora,0.15410937368869781,1.1228229999542236,0.6874774098396301
3,fixed5,123,101,20,heldout_before,activation,0.006053142715245485,1.0226993560791016,0.20567889511585236
3,fixed5,123,101,20,heldout_before,lora,0.010044901631772518,1.139585018157959,0.5360018014907837
3,fixed5,123,101,20,heldout_before,batch_lora,-0.02002619206905365,1.21315336227417,0.6670999526977539
3,fixed5,123,101,20,heldout_after,activation,0.019693881273269653,1.0163238048553467,0.18713407218456268
3,fixed5,123,101,20,heldout_after,lora,0.07599558681249619,1.0676652193069458,0.4392654001712799
3,fixed5,123,101,20,heldout_after,batch_lora,0.0825328379869461,1.0958222150802612,0.5382059216499329
3,fixed5,123,101,20,full_batch,activation,0.025829404592514038,1.0143918991088867,0.1814708709716797
3,fixed5,123,101,20,full_batch,lora,0.08347824215888977,1.061318039894104,0.42889314889907837
3,fixed5,123,101,20,full_batch,batch_lora,0.09235101193189621,1.09064519405365,0.5373632311820984
3,fixed5,123,101,21,heldout_before,activation,0.009773477911949158,1.015292763710022,0.1767866164445877
3,fixed5,123,101,21,heldout_before,lora,0.0155711118131876,1.0881459712982178,0.4348657727241516
3,fixed5,123,101,21,heldout_before,batch_lora,-0.01037150900810957,1.1142237186431885,0.4811587929725647
3,fixed5,123,101,21,heldout_after,activation,0.021625349298119545,1.010170817375183,0.15947182476520538
3,fixed5,123,101,21,heldout_after,lora,0.13048289716243744,1.0244839191436768,0.3772290349006653
3,fixed5,123,101,21,heldout_after,batch_lora,0.1475542187690735,1.0241584777832031,0.41339823603630066
3,fixed5,123,101,21,full_batch,activation,0.021317053586244583,1.0096070766448975,0.15565994381904602
3,fixed5,123,101,21,full_batch,lora,0.13425761461257935,1.0216577053070068,0.3724939823150635
3,fixed5,123,101,21,full_batch,batch_lora,0.1477833092212677,1.0221102237701416,0.4057546555995941
3,fixed5,123,101,22,heldout_before,activation,0.004730758257210255,1.0092337131500244,0.1401638388633728
3,fixed5,123,101,22,heldout_before,lora,0.01786065474152565,1.0500946044921875,0.3409181237220764
3,fixed5,123,101,22,heldout_before,batch_lora,-0.010596370324492455,1.0678104162216187,0.3640119433403015
3,fixed5,123,101,22,heldout_after,activation,0.019233858212828636,1.0048853158950806,0.12023386359214783
3,fixed5,123,101,22,heldout_after,lora,0.19413591921329498,0.9880653023719788,0.32070332765579224
3,fixed5,123,101,22,heldout_after,batch_lora,0.2247578501701355,0.9817914366722107,0.3448857367038727
3,fixed5,123,101,22,full_batch,activation,0.022961951792240143,1.0045716762542725,0.12187770754098892
3,fixed5,123,101,22,full_batch,lora,0.20130372047424316,0.9863479733467102,0.32566866278648376
3,fixed5,123,101,22,full_batch,batch_lora,0.23586887121200562,0.9790604710578918,0.3550053834915161
3,fixed5,123,101,23,heldout_before,activation,0.01911751739680767,1.0070401430130005,0.1371825933456421
3,fixed5,123,101,23,heldout_before,lora,0.16399149596691132,1.0027620792388916,0.3441224992275238
3,fixed5,123,101,23,heldout_before,batch_lora,0.18136966228485107,1.0020651817321777,0.373800128698349
3,fixed5,123,101,23,heldout_after,activation,0.03255219757556915,1.0037925243377686,0.12376108020544052
3,fixed5,123,101,23,heldout_after,lora,0.3026846647262573,0.9537212252616882,0.34517088532447815
3,fixed5,123,101,23,heldout_after,batch_lora,0.35842180252075195,0.933853268623352,0.38183367252349854
3,fixed5,123,101,23,full_batch,activation,0.03143371269106865,1.0036673545837402,0.12137236446142197
3,fixed5,123,101,23,full_batch,lora,0.30149850249290466,0.9539406299591064,0.3423345685005188
3,fixed5,123,101,23,full_batch,batch_lora,0.3564290404319763,0.9345461130142212,0.37688031792640686
3,fixed5,123,101,24,heldout_before,activation,0.035096731036901474,1.0032793283462524,0.12202382832765579
3,fixed5,123,101,24,heldout_before,lora,0.2896977663040161,0.958209753036499,0.3395383656024933
3,fixed5,123,101,24,heldout_before,batch_lora,0.348450630903244,0.9380782842636108,0.38598647713661194
3,fixed5,123,101,24,heldout_after,activation,0.04376827925443649,1.0019253492355347,0.11866086721420288
3,fixed5,123,101,24,heldout_after,lora,0.35554975271224976,0.9343082308769226,0.36603859066963196
3,fixed5,123,101,24,heldout_after,batch_lora,0.42855286598205566,0.903540313243866,0.42201313376426697
3,fixed5,123,101,24,full_batch,activation,0.043570563197135925,1.0018715858459473,0.1177341490983963
3,fixed5,123,101,24,full_batch,lora,0.3596360683441162,0.9328228235244751,0.36558735370635986
3,fixed5,123,101,24,full_batch,batch_lora,0.4301258623600006,0.9028423428535461,0.41861310601234436
3,fixed5,123,101,25,heldout_before,activation,0.038355641067028046,1.0033929347991943,0.1275220811367035
3,fixed5,123,101,25,heldout_before,lora,0.33523112535476685,0.9445834159851074,0.38333073258399963
3,fixed5,123,101,25,heldout_before,batch_lora,0.3991611897945404,0.917496383190155,0.43276819586753845
3,fixed5,123,101,25,heldout_after,activation,0.044922009110450745,1.0024391412734985,0.12637148797512054
3,fixed5,123,101,25,heldout_after,lora,0.39013993740081787,0.9223840236663818,0.3941696286201477
3,fixed5,123,101,25,heldout_after,batch_lora,0.4649158716201782,0.8855221271514893,0.4477032423019409
3,fixed5,123,101,25,full_batch,activation,0.04391302168369293,1.0025417804718018,0.12616878747940063
3,fixed5,123,101,25,full_batch,lora,0.38946372270584106,0.9224615097045898,0.3895169496536255
3,fixed5,123,101,25,full_batch,batch_lora,0.464994341135025,0.8855467438697815,0.4446791410446167
3,fixed5,123,101,26,heldout_before,activation,0.043714217841625214,1.0028473138809204,0.1269720047712326
3,fixed5,123,101,26,heldout_before,lora,0.3665641248226166,0.931972324848175,0.39343127608299255
3,fixed5,123,101,26,heldout_before,batch_lora,0.4407145380973816,0.8978180885314941,0.45822516083717346
3,fixed5,123,101,26,heldout_after,activation,0.04854603484272957,1.0024096965789795,0.13037091493606567
3,fixed5,123,101,26,heldout_after,lora,0.3958088457584381,0.9198289513587952,0.4200792610645294
3,fixed5,123,101,26,heldout_after,batch_lora,0.47732123732566833,0.8788332343101501,0.4908643662929535
3,fixed5,123,101,26,full_batch,activation,0.04865524172782898,1.0022399425506592,0.1287548989057541
3,fixed5,123,101,26,full_batch,lora,0.4031006991863251,0.9162269234657288,0.4220106899738312
3,fixed5,123,101,26,full_batch,batch_lora,0.48393714427948,0.8751286268234253,0.4906620979309082
3,fixed5,123,101,27,heldout_before,activation,0.055186543613672256,1.0018614530563354,0.13585078716278076
3,fixed5,123,101,27,heldout_before,lora,0.3971945345401764,0.9209554195404053,0.4384671747684479
3,fixed5,123,101,27,heldout_before,batch_lora,0.46159034967422485,0.8878204822540283,0.49751827120780945
3,fixed5,123,101,27,heldout_after,activation,0.06101195886731148,1.0010813474655151,0.1364428848028183
3,fixed5,123,101,27,heldout_after,lora,0.44242018461227417,0.8994253873825073,0.4451524317264557
3,fixed5,123,101,27,heldout_after,batch_lora,0.5180119276046753,0.8554820418357849,0.5043832659721375
3,fixed5,123,101,27,full_batch,activation,0.06134840101003647,1.000913381576538,0.13512450456619263
3,fixed5,123,101,27,full_batch,lora,0.44459351897239685,0.8982741236686707,0.4440784156322479
3,fixed5,123,101,27,full_batch,batch_lora,0.5216032266616821,0.8533564209938049,0.5046619772911072
3,fixed5,123,101,28,heldout_before,activation,0.057856399565935135,1.0025867223739624,0.14382052421569824
3,fixed5,123,101,28,heldout_before,lora,0.40789851546287537,0.9165398478507996,0.45596861839294434
3,fixed5,123,101,28,heldout_before,batch_lora,0.4833205044269562,0.8764521479606628,0.5253576040267944
3,fixed5,123,101,28,heldout_after,activation,0.06305544078350067,1.0014140605926514,0.13880455493927002
3,fixed5,123,101,28,heldout_after,lora,0.45839375257492065,0.8908875584602356,0.44233328104019165
3,fixed5,123,101,28,heldout_after,batch_lora,0.5490306615829468,0.8367910385131836,0.5083629488945007
3,fixed5,123,101,28,full_batch,activation,0.06293927878141403,1.0014816522598267,0.13967002928256989
3,fixed5,123,101,28,full_batch,lora,0.4613485336303711,0.8893085718154907,0.4470008909702301
3,fixed5,123,101,28,full_batch,batch_lora,0.548693060874939,0.836980938911438,0.5086796879768372
3,fixed5,123,101,29,heldout_before,activation,0.056978944689035416,1.004186749458313,0.16001933813095093
3,fixed5,123,101,29,heldout_before,lora,0.40918275713920593,0.9177944660186768,0.47861480712890625
3,fixed5,123,101,29,heldout_before,batch_lora,0.4938264787197113,0.871586799621582,0.5532237887382507
3,fixed5,123,101,29,heldout_after,activation,0.06329065561294556,1.0025160312652588,0.1538359522819519
3,fixed5,123,101,29,heldout_after,lora,0.4460655748844147,0.8980441093444824,0.47253522276878357
3,fixed5,123,101,29,heldout_after,batch_lora,0.5430289506912231,0.8397143483161926,0.5437788367271423
3,fixed5,123,101,29,full_batch,activation,0.06510583311319351,1.0020577907562256,0.15081414580345154
3,fixed5,123,101,29,full_batch,lora,0.4458543658256531,0.8981987237930298,0.46767130494117737
3,fixed5,123,101,29,full_batch,batch_lora,0.5440568923950195,0.839061439037323,0.5393722653388977
3,fixed5,123,101,30,heldout_before,activation,0.052539218217134476,1.0035113096237183,0.14888283610343933
3,fixed5,123,101,30,heldout_before,lora,0.3284093737602234,0.9542378187179565,0.4657496511936188
3,fixed5,123,101,30,heldout_before,batch_lora,0.39707234501838684,0.9355781674385071,0.5786569714546204
3,fixed5,123,101,30,heldout_after,activation,0.05922658368945122,1.0016348361968994,0.13911429047584534
3,fixed5,123,101,30,heldout_after,lora,0.40068450570106506,0.9180697202682495,0.4484541714191437
3,fixed5,123,101,30,heldout_after,batch_lora,0.49781516194343567,0.86924147605896,0.5561307668685913
3,fixed5,123,101,30,full_batch,activation,0.057257600128650665,1.0017080307006836,0.1371394246816635
3,fixed5,123,101,30,full_batch,lora,0.3932579755783081,0.9210320711135864,0.4437105655670166
3,fixed5,123,101,30,full_batch,batch_lora,0.4873300790786743,0.8753494620323181,0.5483826994895935
3,fixed5,123,101,31,heldout_before,activation,0.04183726757764816,1.0031973123550415,0.13005414605140686
3,fixed5,123,101,31,heldout_before,lora,0.29102054238319397,0.9634466767311096,0.40370628237724304
3,fixed5,123,101,31,heldout_before,batch_lora,0.33364951610565186,0.9537999033927917,0.47875720262527466
3,fixed5,123,101,31,heldout_after,activation,0.04909135773777962,1.0021494626998901,0.12776082754135132
3,fixed5,123,101,31,heldout_after,lora,0.36170023679733276,0.9362348318099976,0.4246677756309509
3,fixed5,123,101,31,heldout_after,batch_lora,0.4246786832809448,0.9091021418571472,0.5072540044784546
3,fixed5,123,101,31,full_batch,activation,0.04752904921770096,1.0021896362304688,0.12620021402835846
3,fixed5,123,101,31,full_batch,lora,0.34763842821121216,0.9418442249298096,0.42169252038002014
3,fixed5,123,101,31,full_batch,batch_lora,0.4090537428855896,0.9179210066795349,0.5085720419883728
3,fixed5,123,101,32,heldout_before,activation,0.035106152296066284,1.0026921033859253,0.1153390109539032
3,fixed5,123,101,32,heldout_before,lora,0.2637244760990143,0.9711647629737854,0.3717803657054901
3,fixed5,123,101,32,heldout_before,batch_lora,0.2892211973667145,0.965106725692749,0.4120209515094757
3,fixed5,123,101,32,heldout_after,activation,0.04218249022960663,1.0015636682510376,0.10999348759651184
3,fixed5,123,101,32,heldout_after,lora,0.3354281783103943,0.9424297213554382,0.33431118726730347
3,fixed5,123,101,32,heldout_after,batch_lora,0.3808300197124481,0.9247508645057678,0.36683985590934753
3,fixed5,123,101,32,full_batch,activation,0.04421544075012207,1.0012600421905518,0.10786057263612747
3,fixed5,123,101,32,full_batch,lora,0.33563727140426636,0.9425719976425171,0.3315050005912781
3,fixed5,123,101,32,full_batch,batch_lora,0.38122719526290894,0.9246422648429871,0.3639776110649109
3,fixed5,124,102,1,heldout_before,activation,0.5364624261856079,0.8135400414466858,0.5379865169525146
3,fixed5,124,102,1,heldout_before,lora,0.733120858669281,0.6432874798774719,0.813210666179657
3,fixed5,124,102,1,heldout_before,batch_lora,0.940397322177887,0.3442513346672058,0.9938399195671082
3,fixed5,124,102,1,heldout_after,activation,0.531998336315155,0.8166000843048096,0.5423165559768677
3,fixed5,124,102,1,heldout_after,lora,0.7204806804656982,0.6632868647575378,0.8218526244163513
3,fixed5,124,102,1,heldout_after,batch_lora,0.9107276797294617,0.4416809678077698,1.0672744512557983
3,fixed5,124,102,1,full_batch,activation,0.5408623814582825,0.8132430911064148,0.5419515371322632
3,fixed5,124,102,1,full_batch,lora,0.7421009540557861,0.6360805034637451,0.8323568105697632
3,fixed5,124,102,1,full_batch,batch_lora,0.931063175201416,0.39293956756591797,1.0769404172897339
3,fixed5,124,102,2,heldout_before,activation,0.17622853815555573,1.1404674053192139,0.6312270164489746
3,fixed5,124,102,2,heldout_before,lora,0.32546496391296387,1.1495258808135986,0.8728958368301392
3,fixed5,124,102,2,heldout_before,batch_lora,-0.39145731925964355,1.6824983358383179,1.0171020030975342
3,fixed5,124,102,2,heldout_after,activation,0.18513628840446472,1.111595869064331,0.5903744101524353
3,fixed5,124,102,2,heldout_after,lora,0.40727031230926514,1.0060667991638184,0.7283230423927307
3,fixed5,124,102,2,heldout_after,batch_lora,-0.19122262299060822,1.3303608894348145,0.7067898511886597
3,fixed5,124,102,2,full_batch,activation,0.183015376329422,1.1335748434066772,0.6189907789230347
3,fixed5,124,102,2,full_batch,lora,0.40655314922332764,1.0184760093688965,0.7498400211334229
3,fixed5,124,102,2,full_batch,batch_lora,-0.2401132732629776,1.356619954109192,0.7075534462928772
3,fixed5,124,102,3,heldout_before,activation,0.1024046316742897,1.0803450345993042,0.4744730293750763
3,fixed5,124,102,3,heldout_before,lora,0.23310726881027222,1.0640616416931152,0.6344836354255676
3,fixed5,124,102,3,heldout_before,batch_lora,-0.15951687097549438,1.2359492778778076,0.5841338038444519
3,fixed5,124,102,3,heldout_after,activation,0.12140879034996033,1.0421425104141235,0.4082152247428894
3,fixed5,124,102,3,heldout_after,lora,0.3314708471298218,0.9846867322921753,0.5801026225090027
3,fixed5,124,102,3,heldout_after,batch_lora,0.23214170336723328,1.065739631652832,0.667676568031311
3,fixed5,124,102,3,full_batch,activation,0.12046682834625244,1.0419836044311523,0.40843749046325684
3,fixed5,124,102,3,full_batch,lora,0.33482369780540466,0.9772869944572449,0.574042797088623
3,fixed5,124,102,3,full_batch,batch_lora,0.2330736517906189,1.0627244710922241,0.6616834998130798
3,fixed5,124,102,4,heldout_before,activation,0.03733294457197189,1.0486005544662476,0.31869441270828247
3,fixed5,124,102,4,heldout_before,lora,0.21141625940799713,1.0134928226470947,0.43498730659484863
3,fixed5,124,102,4,heldout_before,batch_lora,0.08017943799495697,1.0160762071609497,0.2772572338581085
3,fixed5,124,102,4,heldout_after,activation,0.08029906451702118,1.017671823501587,0.25890788435935974
3,fixed5,124,102,4,heldout_after,lora,0.319641649723053,0.9668477177619934,0.42821988463401794
3,fixed5,124,102,4,heldout_after,batch_lora,0.309908926486969,0.9512730240821838,0.34095749258995056
3,fixed5,124,102,4,full_batch,activation,0.08447819948196411,1.0154333114624023,0.2515571117401123
3,fixed5,124,102,4,full_batch,lora,0.32522234320640564,0.9627137184143066,0.42640650272369385
3,fixed5,124,102,4,full_batch,batch_lora,0.3297829031944275,0.9442604780197144,0.3493947982788086
3,fixed5,124,102,5,heldout_before,activation,0.07440266013145447,1.0227469205856323,0.2851082980632782
3,fixed5,124,102,5,heldout_before,lora,0.24097993969917297,1.0048189163208008,0.4794309735298157
3,fixed5,124,102,5,heldout_before,batch_lora,0.25425904989242554,1.0338521003723145,0.6196326017379761
3,fixed5,124,102,5,heldout_after,activation,0.09202853590250015,1.010538101196289,0.24882382154464722
3,fixed5,124,102,5,heldout_after,lora,0.3120171129703522,0.9714173078536987,0.4711533188819885
3,fixed5,124,102,5,heldout_after,batch_lora,0.43555504083633423,0.9301732182502747,0.6699270009994507
3,fixed5,124,102,5,full_batch,activation,0.08957722038030624,1.0101207494735718,0.24285799264907837
3,fixed5,124,102,5,full_batch,lora,0.3161630630493164,0.9667514562606812,0.45682528614997864
3,fixed5,124,102,5,full_batch,batch_lora,0.43305134773254395,0.9264742732048035,0.6472662687301636
3,fixed5,124,102,6,heldout_before,activation,0.07909349352121353,1.0178577899932861,0.25911587476730347
3,fixed5,124,102,6,heldout_before,lora,0.21522745490074158,1.0330142974853516,0.4958089590072632
3,fixed5,124,102,6,heldout_before,batch_lora,0.20213717222213745,1.0560224056243896,0.5971595048904419
3,fixed5,124,102,6,heldout_after,activation,0.0859808400273323,1.0102033615112305,0.2222621589899063
3,fixed5,124,102,6,heldout_after,lora,0.2648378908634186,1.0078386068344116,0.4707048535346985
3,fixed5,124,102,6,heldout_after,batch_lora,0.3043398857116699,0.9940975308418274,0.588685929775238
3,fixed5,124,102,6,full_batch,activation,0.08157502114772797,1.0103813409805298,0.22028625011444092
3,fixed5,124,102,6,full_batch,lora,0.27123719453811646,1.001678705215454,0.46629393100738525
3,fixed5,124,102,6,full_batch,batch_lora,0.31228703260421753,0.9888783693313599,0.5868842005729675
3,fixed5,124,102,7,heldout_before,activation,0.041948601603507996,1.0077394247055054,0.17341917753219604
3,fixed5,124,102,7,heldout_before,lora,0.09686756879091263,1.0252004861831665,0.3633033335208893
3,fixed5,124,102,7,heldout_before,batch_lora,-0.0039056604728102684,1.069232702255249,0.3746095299720764
3,fixed5,124,102,7,heldout_after,activation,0.06813257187604904,1.0010896921157837,0.14900892972946167
3,fixed5,124,102,7,heldout_after,lora,0.17581316828727722,0.9948676228523254,0.3431019186973572
3,fixed5,124,102,7,heldout_after,batch_lora,0.13036274909973145,1.0191500186920166,0.3662887513637543
3,fixed5,124,102,7,full_batch,activation,0.07294318825006485,0.9999637603759766,0.14485883712768555
3,fixed5,124,102,7,full_batch,lora,0.18209247291088104,0.9904208183288574,0.3344338536262512
3,fixed5,124,102,7,full_batch,batch_lora,0.12520086765289307,1.0181618928909302,0.3539561331272125
3,fixed5,124,102,8,heldout_before,activation,0.03315746411681175,1.0042558908462524,0.12445114552974701
3,fixed5,124,102,8,heldout_before,lora,0.15570388734340668,0.9960201978683472,0.30853426456451416
3,fixed5,124,102,8,heldout_before,batch_lora,0.143550306558609,1.00812828540802,0.3357202708721161
3,fixed5,124,102,8,heldout_after,activation,0.06085754185914993,0.9994244575500488,0.10220076888799667
3,fixed5,124,102,8,heldout_after,lora,0.24456462264060974,0.9679442048072815,0.27988171577453613
3,fixed5,124,102,8,heldout_after,batch_lora,0.27972638607025146,0.9606126546859741,0.3117188811302185
3,fixed5,124,102,8,full_batch,activation,0.06287185847759247,0.9992433190345764,0.10104385018348694
3,fixed5,124,102,8,full_batch,lora,0.25406312942504883,0.9652550220489502,0.28067025542259216
3,fixed5,124,102,8,full_batch,batch_lora,0.2893661558628082,0.9575176239013672,0.31329771876335144
3,fixed5,124,102,9,heldout_before,activation,0.08401096612215042,0.9985266327857971,0.1232539489865303
3,fixed5,124,102,9,heldout_before,lora,0.2197946310043335,0.9849261045455933,0.3378298878669739
3,fixed5,124,102,9,heldout_before,batch_lora,0.24075482785701752,0.9813244342803955,0.38553178310394287
3,fixed5,124,102,9,heldout_after,activation,0.09279140084981918,0.9959653615951538,0.09870298206806183
3,fixed5,124,102,9,heldout_after,lora,0.29426249861717224,0.9555050134658813,0.2893901765346527
3,fixed5,124,102,9,heldout_after,batch_lora,0.3580130338668823,0.9342056512832642,0.32778847217559814
3,fixed5,124,102,9,full_batch,activation,0.0951591283082962,0.995750904083252,0.09695304930210114
3,fixed5,124,102,9,full_batch,lora,0.30450648069381714,0.9523785710334778,0.2885947823524475
3,fixed5,124,102,9,full_batch,batch_lora,0.3734510838985443,0.9286277294158936,0.3308486044406891
3,fixed5,124,102,10,heldout_before,activation,0.08107602596282959,0.9988085627555847,0.12480965256690979
3,fixed5,124,102,10,heldout_before,lora,0.23614566028118134,0.975401759147644,0.3214060068130493
3,fixed5,124,102,10,heldout_before,batch_lora,0.25533628463745117,0.973653256893158,0.3702152669429779
3,fixed5,124,102,10,heldout_after,activation,0.08926641196012497,0.996608316898346,0.106949083507061
3,fixed5,124,102,10,heldout_after,lora,0.2976294457912445,0.952987015247345,0.313456267118454
3,fixed5,124,102,10,heldout_after,batch_lora,0.3475448489189148,0.9381684064865112,0.3783222734928131
3,fixed5,124,102,10,full_batch,activation,0.08876512199640274,0.9967437982559204,0.10590144991874695
3,fixed5,124,102,10,full_batch,lora,0.2992158532142639,0.9525638818740845,0.3111107349395752
3,fixed5,124,102,10,full_batch,batch_lora,0.35354575514793396,0.9356933832168579,0.3762795031070709
3,fixed5,124,102,11,heldout_before,activation,0.0923333391547203,0.996162474155426,0.10403765738010406
3,fixed5,124,102,11,heldout_before,lora,0.2649056017398834,0.964419960975647,0.3132430613040924
3,fixed5,124,102,11,heldout_before,batch_lora,0.30793678760528564,0.9538371562957764,0.3759841322898865
3,fixed5,124,102,11,heldout_after,activation,0.09620019793510437,0.9955065846443176,0.08901862055063248
3,fixed5,124,102,11,heldout_after,lora,0.31154122948646545,0.9474115371704102,0.3131842017173767
3,fixed5,124,102,11,heldout_after,batch_lora,0.374101459980011,0.9274607300758362,0.38573163747787476
3,fixed5,124,102,11,full_batch,activation,0.0915103331208229,0.9958640336990356,0.08769159764051437
3,fixed5,124,102,11,full_batch,lora,0.30438438057899475,0.9498938322067261,0.31052303314208984
3,fixed5,124,102,11,full_batch,batch_lora,0.35896244645118713,0.9334989190101624,0.3755244314670563
3,fixed5,124,102,12,heldout_before,activation,0.08687304705381393,0.9964092969894409,0.09422194212675095
3,fixed5,124,102,12,heldout_before,lora,0.2615470290184021,0.9664121866226196,0.3389565646648407
3,fixed5,124,102,12,heldout_before,batch_lora,0.2917852997779846,0.9631005525588989,0.4044854938983917
3,fixed5,124,102,12,heldout_after,activation,0.08965346217155457,0.9960612058639526,0.08295684307813644
3,fixed5,124,102,12,heldout_after,lora,0.3002166152000427,0.9505099058151245,0.33769193291664124
3,fixed5,124,102,12,heldout_after,batch_lora,0.34283989667892456,0.9414961338043213,0.40572166442871094
3,fixed5,124,102,12,full_batch,activation,0.0932139903306961,0.9957274794578552,0.08385991305112839
3,fixed5,124,102,12,full_batch,lora,0.3179907500743866,0.9437850713729858,0.351990282535553
3,fixed5,124,102,12,full_batch,batch_lora,0.3746947646141052,0.9289765954017639,0.4329511523246765
3,fixed5,124,102,13,heldout_before,activation,0.08148425817489624,0.9967076778411865,0.08054212480783463
3,fixed5,124,102,13,heldout_before,lora,0.2406463772058487,0.9747673273086548,0.3384191393852234
3,fixed5,124,102,13,heldout_before,batch_lora,0.27032554149627686,0.9731199145317078,0.4118829071521759
3,fixed5,124,102,13,heldout_after,activation,0.08871254324913025,0.9962191581726074,0.07646416127681732
3,fixed5,124,102,13,heldout_after,lora,0.29488858580589294,0.9518356919288635,0.3179027736186981
3,fixed5,124,102,13,heldout_after,batch_lora,0.3356570303440094,0.9430907368659973,0.3813278377056122
3,fixed5,124,102,13,full_batch,activation,0.09165477752685547,0.9959611892700195,0.07812725007534027
3,fixed5,124,102,13,full_batch,lora,0.30380329489707947,0.9490399360656738,0.3269447088241577
3,fixed5,124,102,13,full_batch,batch_lora,0.35034269094467163,0.9377895593643188,0.39713168144226074
3,fixed5,124,102,14,heldout_before,activation,0.06875556707382202,0.998172402381897,0.08744289726018906
3,fixed5,124,102,14,heldout_before,lora,0.22953061759471893,0.9806304574012756,0.3633618652820587
3,fixed5,124,102,14,heldout_before,batch_lora,0.2435510903596878,0.9947019219398499,0.46434295177459717
3,fixed5,124,102,14,heldout_after,activation,0.08420038968324661,0.9975100159645081,0.10542608797550201
3,fixed5,124,102,14,heldout_after,lora,0.32241007685661316,0.9461423754692078,0.36599376797676086
3,fixed5,124,102,14,heldout_after,batch_lora,0.38021913170814514,0.927452027797699,0.44902199506759644
3,fixed5,124,102,14,full_batch,activation,0.0849006250500679,0.9973700046539307,0.10684245079755783
3,fixed5,124,102,14,full_batch,lora,0.3224916458129883,0.9458485245704651,0.3610653877258301
3,fixed5,124,102,14,full_batch,batch_lora,0.3714735507965088,0.9304267764091492,0.4321902394294739
3,fixed5,124,102,15,heldout_before,activation,0.079482302069664,0.9985920786857605,0.11304835230112076
3,fixed5,124,102,15,heldout_before,lora,0.2613894045352936,0.9713394641876221,0.3567144572734833
3,fixed5,124,102,15,heldout_before,batch_lora,0.2811855375766754,0.9674293398857117,0.4035980999469757
3,fixed5,124,102,15,heldout_after,activation,0.086263507604599,1.0010467767715454,0.1451306790113449
3,fixed5,124,102,15,heldout_after,lora,0.34913989901542664,0.9423587322235107,0.3982447385787964
3,fixed5,124,102,15,heldout_after,batch_lora,0.4158679246902466,0.9097480177879333,0.4401082694530487
3,fixed5,124,102,15,full_batch,activation,0.08880248665809631,1.000388264656067,0.14188018441200256
3,fixed5,124,102,15,full_batch,lora,0.35666370391845703,0.9385982751846313,0.39372074604034424
3,fixed5,124,102,15,full_batch,batch_lora,0.4253517985343933,0.90519118309021,0.4425322413444519
3,fixed5,124,102,16,heldout_before,activation,0.08041061460971832,1.0023436546325684,0.14453575015068054
3,fixed5,124,102,16,heldout_before,lora,0.32350993156433105,0.9535226821899414,0.39047589898109436
3,fixed5,124,102,16,heldout_before,batch_lora,0.38113725185394287,0.9251146912574768,0.41434672474861145
3,fixed5,124,102,16,heldout_after,activation,0.08927563577890396,1.0004613399505615,0.13727229833602905
3,fixed5,124,102,16,heldout_after,lora,0.40796294808387756,0.91737300157547,0.38729390501976013
3,fixed5,124,102,16,heldout_after,batch_lora,0.5052841901779175,0.8678740859031677,0.41299375891685486
3,fixed5,124,102,16,full_batch,activation,0.09070045500993729,0.9999727606773376,0.13447657227516174
3,fixed5,124,102,16,full_batch,lora,0.4079921245574951,0.9171085953712463,0.38885417580604553
3,fixed5,124,102,16,full_batch,batch_lora,0.5081907510757446,0.8663082718849182,0.41466113924980164
3,fixed5,124,102,17,heldout_before,activation,0.0976191982626915,0.998212993144989,0.12654393911361694
3,fixed5,124,102,17,heldout_before,lora,0.3887777626514435,0.9239732623100281,0.3902752101421356
3,fixed5,124,102,17,heldout_before,batch_lora,0.46917325258255005,0.8843702077865601,0.42190536856651306
3,fixed5,124,102,17,heldout_after,activation,0.10816746950149536,0.9954009056091309,0.10532018542289734
3,fixed5,124,102,17,heldout_after,lora,0.46422794461250305,0.8894578814506531,0.38695666193962097
3,fixed5,124,102,17,heldout_after,batch_lora,0.5672187805175781,0.8335398435592651,0.43866610527038574
3,fixed5,124,102,17,full_batch,activation,0.10536643117666245,0.9955892562866211,0.10330919921398163
3,fixed5,124,102,17,full_batch,lora,0.46261006593704224,0.8903056383132935,0.38954442739486694
3,fixed5,124,102,17,full_batch,batch_lora,0.5721601247787476,0.8296416401863098,0.44697052240371704
3,fixed5,124,102,18,heldout_before,activation,0.08048275858163834,1.0000652074813843,0.13136661052703857
3,fixed5,124,102,18,heldout_before,lora,0.38424623012542725,0.9244939088821411,0.41045060753822327
3,fixed5,124,102,18,heldout_before,batch_lora,0.500292181968689,0.8661578297615051,0.47744929790496826
3,fixed5,124,102,18,heldout_after,activation,0.0897495448589325,0.9993420243263245,0.13409963250160217
3,fixed5,124,102,18,heldout_after,lora,0.4518819749355316,0.8940932750701904,0.4659184217453003
3,fixed5,124,102,18,heldout_after,batch_lora,0.6017289161682129,0.7997495532035828,0.5607763528823853
3,fixed5,124,102,18,full_batch,activation,0.09671781957149506,0.9982427358627319,0.13156458735466003
3,fixed5,124,102,18,full_batch,lora,0.45972391963005066,0.8902117609977722,0.462374746799469
3,fixed5,124,102,18,full_batch,batch_lora,0.6093376278877258,0.7946507930755615,0.5567805171012878
3,fixed5,124,102,19,heldout_before,activation,0.08721093088388443,0.9976561665534973,0.12161417305469513
3,fixed5,124,102,19,heldout_before,lora,0.39939576387405396,0.9234840273857117,0.4904417097568512
3,fixed5,124,102,19,heldout_before,batch_lora,0.5479771494865417,0.8419567346572876,0.6437379121780396
3,fixed5,124,102,19,heldout_after,activation,0.09267932921648026,0.9966440200805664,0.1202147975564003
3,fixed5,124,102,19,heldout_after,lora,0.4468560516834259,0.9057111740112305,0.5488035678863525
3,fixed5,124,102,19,heldout_after,batch_lora,0.6247153878211975,0.7898826003074646,0.743811845779419
3,fixed5,124,102,19,full_batch,activation,0.0923675149679184,0.9966164827346802,0.11825792491436005
3,fixed5,124,102,19,full_batch,lora,0.4508017301559448,0.9020246863365173,0.5378023386001587
3,fixed5,124,102,19,full_batch,batch_lora,0.6294029951095581,0.7834076881408691,0.7287811040878296
3,fixed5,124,102,20,heldout_before,activation,0.06259718537330627,0.9994152784347534,0.11631879210472107
3,fixed5,124,102,20,heldout_before,lora,0.314617782831192,0.9680482149124146,0.5230419635772705
3,fixed5,124,102,20,heldout_before,batch_lora,0.3852837085723877,0.9746177196502686,0.6988494396209717
3,fixed5,124,102,20,heldout_after,activation,0.07768690586090088,0.9977512955665588,0.1175154522061348
3,fixed5,124,102,20,heldout_after,lora,0.36391469836235046,0.9485600590705872,0.5506742596626282
3,fixed5,124,102,20,heldout_after,batch_lora,0.4643459618091583,0.9286589622497559,0.7436748147010803
3,fixed5,124,102,20,full_batch,activation,0.0773257240653038,0.9977551698684692,0.11569999158382416
3,fixed5,124,102,20,full_batch,lora,0.3701035976409912,0.9445253610610962,0.5403628945350647
3,fixed5,124,102,20,full_batch,batch_lora,0.4763154089450836,0.9168764352798462,0.7361977696418762
3,fixed5,124,102,21,heldout_before,activation,0.00996487308293581,1.0024573802947998,0.08246491104364395
3,fixed5,124,102,21,heldout_before,lora,0.12870657444000244,1.031473159790039,0.40754184126853943
3,fixed5,124,102,21,heldout_before,batch_lora,0.119298055768013,1.0522019863128662,0.4676671326160431
3,fixed5,124,102,21,heldout_after,activation,0.04608500376343727,0.9992357492446899,0.07626160979270935
3,fixed5,124,102,21,heldout_after,lora,0.22505134344100952,0.9882484674453735,0.377402126789093
3,fixed5,124,102,21,heldout_after,batch_lora,0.244439959526062,0.9871078729629517,0.4291912019252777
3,fixed5,124,102,21,full_batch,activation,0.04655174911022186,0.9991680979728699,0.07433012127876282
3,fixed5,124,102,21,full_batch,lora,0.22717136144638062,0.9868357181549072,0.3750060200691223
3,fixed5,124,102,21,full_batch,batch_lora,0.24471011757850647,0.986778199672699,0.42805206775665283
3,fixed5,124,102,22,heldout_before,activation,0.034672949463129044,0.9997368454933167,0.062194570899009705
3,fixed5,124,102,22,heldout_before,lora,0.12521293759346008,1.006880521774292,0.2994888722896576
3,fixed5,124,102,22,heldout_before,batch_lora,0.10437612980604172,1.0171301364898682,0.3175613582134247
3,fixed5,124,102,22,heldout_after,activation,0.07150010019540787,0.9972346425056458,0.06796979904174805
3,fixed5,124,102,22,heldout_after,lora,0.2594589591026306,0.9681816697120667,0.30733591318130493
3,fixed5,124,102,22,heldout_after,batch_lora,0.28552335500717163,0.9591718316078186,0.32469096779823303
3,fixed5,124,102,22,full_batch,activation,0.07663089036941528,0.9968081712722778,0.06934255361557007
3,fixed5,124,102,22,full_batch,lora,0.26875466108322144,0.9649712443351746,0.3095560371875763
3,fixed5,124,102,22,full_batch,batch_lora,0.3030511140823364,0.9533498287200928,0.3298075497150421
3,fixed5,124,102,23,heldout_before,activation,0.038632653653621674,0.9992021322250366,0.06022176891565323
3,fixed5,124,102,23,heldout_before,lora,0.15215259790420532,0.9946087598800659,0.2666695713996887
3,fixed5,124,102,23,heldout_before,batch_lora,0.14431390166282654,0.9978752732276917,0.2730834484100342
3,fixed5,124,102,23,heldout_after,activation,0.07654114812612534,0.9966680407524109,0.07779490947723389
3,fixed5,124,102,23,heldout_after,lora,0.29090115427970886,0.9571595788002014,0.29749828577041626
3,fixed5,124,102,23,heldout_after,batch_lora,0.323273241519928,0.9465633630752563,0.30118563771247864
3,fixed5,124,102,23,full_batch,activation,0.08066577464342117,0.9962412714958191,0.0815419852733612
3,fixed5,124,102,23,full_batch,lora,0.2975969910621643,0.9555882215499878,0.31224337220191956
3,fixed5,124,102,23,full_batch,batch_lora,0.33088773488998413,0.9437722563743591,0.3170076608657837
3,fixed5,124,102,24,heldout_before,activation,0.0797843337059021,0.9966652989387512,0.07956387847661972
3,fixed5,124,102,24,heldout_before,lora,0.25680145621299744,0.9697288274765015,0.2923201322555542
3,fixed5,124,102,24,heldout_before,batch_lora,0.2947002649307251,0.9555927515029907,0.29707959294319153
3,fixed5,124,102,24,heldout_after,activation,0.14618848264217377,0.9890913963317871,0.12528352439403534
3,fixed5,124,102,24,heldout_after,lora,0.3841870427131653,0.9308173656463623,0.3985554873943329
3,fixed5,124,102,24,heldout_after,batch_lora,0.45755910873413086,0.8905454874038696,0.40824857354164124
3,fixed5,124,102,24,full_batch,activation,0.1438191533088684,0.9893955588340759,0.12317651510238647
3,fixed5,124,102,24,full_batch,lora,0.38559597730636597,0.9292373657226562,0.396049439907074
3,fixed5,124,102,24,full_batch,batch_lora,0.460641086101532,0.8891079425811768,0.40864866971969604
3,fixed5,124,102,25,heldout_before,activation,0.11950031667947769,0.9929368495941162,0.12998907268047333
3,fixed5,124,102,25,heldout_before,lora,0.33706924319267273,0.9555011987686157,0.4342123568058014
3,fixed5,124,102,25,heldout_before,batch_lora,0.41156837344169617,0.9120231866836548,0.44584447145462036
3,fixed5,124,102,25,heldout_after,activation,0.16046327352523804,0.98750239610672,0.13641807436943054
3,fixed5,124,102,25,heldout_after,lora,0.41839221119880676,0.915897011756897,0.4105559289455414
3,fixed5,124,102,25,heldout_after,batch_lora,0.5161787271499634,0.8617698550224304,0.4208490550518036
3,fixed5,124,102,25,full_batch,activation,0.1651204526424408,0.9868127107620239,0.14349007606506348
3,fixed5,124,102,25,full_batch,lora,0.41889697313308716,0.9175540208816528,0.42561906576156616
3,fixed5,124,102,25,full_batch,batch_lora,0.5197739601135254,0.8585013747215271,0.4349828362464905
3,fixed5,124,102,26,heldout_before,activation,0.08688024431467056,1.0023444890975952,0.1786651313304901
3,fixed5,124,102,26,heldout_before,lora,0.21633365750312805,1.0519180297851562,0.543945848941803
3,fixed5,124,102,26,heldout_before,batch_lora,0.25240081548690796,1.0169181823730469,0.5651766061782837
3,fixed5,124,102,26,heldout_after,activation,0.09177377820014954,0.9978022575378418,0.13643693923950195
3,fixed5,124,102,26,heldout_after,lora,0.24524159729480743,0.9971474409103394,0.4210094213485718
3,fixed5,124,102,26,heldout_after,batch_lora,0.2890279293060303,0.9699226021766663,0.44487109780311584
3,fixed5,124,102,26,full_batch,activation,0.09263847023248672,0.9976597428321838,0.1372639238834381
3,fixed5,124,102,26,full_batch,lora,0.2467830926179886,0.997596800327301,0.4294796884059906
3,fixed5,124,102,26,full_batch,batch_lora,0.2930620312690735,0.9705298542976379,0.4598362445831299
3,fixed5,124,102,27,heldout_before,activation,0.01808491349220276,1.0053893327713013,0.11890020221471786
3,fixed5,124,102,27,heldout_before,lora,0.07181762903928757,1.0399397611618042,0.34920522570610046
3,fixed5,124,102,27,heldout_before,batch_lora,0.048944514244794846,1.0458673238754272,0.3591606616973877
3,fixed5,124,102,27,heldout_after,activation,0.025458987802267075,1.0013368129730225,0.0820806622505188
3,fixed5,124,102,27,heldout_after,lora,0.11594325304031372,1.0070682764053345,0.26737862825393677
3,fixed5,124,102,27,heldout_after,batch_lora,0.10912477225065231,1.008480191230774,0.2792441248893738
3,fixed5,124,102,27,full_batch,activation,0.02680680900812149,1.0012187957763672,0.08424311131238937
3,fixed5,124,102,27,full_batch,lora,0.12523849308490753,1.0038652420043945,0.26959916949272156
3,fixed5,124,102,27,full_batch,batch_lora,0.11764805018901825,1.0062719583511353,0.2802034318447113
3,fixed5,124,102,28,heldout_before,activation,0.0048281354829669,1.0008807182312012,0.05546123906970024
3,fixed5,124,102,28,heldout_before,lora,0.029732000082731247,1.0082331895828247,0.1620679348707199
3,fixed5,124,102,28,heldout_before,batch_lora,0.014744987711310387,1.0100600719451904,0.1577090620994568
3,fixed5,124,102,28,heldout_after,activation,0.02880527451634407,0.9993053674697876,0.04520551860332489
3,fixed5,124,102,28,heldout_after,lora,0.08756466209888458,0.9983131885528564,0.15273821353912354
3,fixed5,124,102,28,heldout_after,batch_lora,0.08269046247005463,0.9988755583763123,0.15044055879116058
3,fixed5,124,102,28,full_batch,activation,0.02441532537341118,0.9994337558746338,0.04214618355035782
3,fixed5,124,102,28,full_batch,lora,0.08568264544010162,0.9982595443725586,0.1475103348493576
3,fixed5,124,102,28,full_batch,batch_lora,0.08071281015872955,0.9987890124320984,0.14469701051712036
3,fixed5,124,102,29,heldout_before,activation,0.02497628889977932,0.9995940327644348,0.039328258484601974
3,fixed5,124,102,29,heldout_before,lora,0.05886833742260933,1.001835584640503,0.1430852860212326
3,fixed5,124,102,29,heldout_before,batch_lora,0.058185264468193054,1.0018866062164307,0.14281558990478516
3,fixed5,124,102,29,heldout_after,activation,0.045822612941265106,0.9986786842346191,0.03352233022451401
3,fixed5,124,102,29,heldout_after,lora,0.11650791019201279,0.9934834241867065,0.13771075010299683
3,fixed5,124,102,29,heldout_after,batch_lora,0.12022987008094788,0.9929126501083374,0.13841377198696136
3,fixed5,124,102,29,full_batch,activation,0.047662995755672455,0.9985470771789551,0.03341556712985039
3,fixed5,124,102,29,full_batch,lora,0.11900626868009567,0.9930747747421265,0.13614723086357117
3,fixed5,124,102,29,full_batch,batch_lora,0.12236757576465607,0.9925955533981323,0.13718940317630768
3,fixed5,124,102,30,heldout_before,activation,0.04326803237199783,0.9987502694129944,0.03492205962538719
3,fixed5,124,102,30,heldout_before,lora,0.10104648023843765,0.9958794713020325,0.14370541274547577
3,fixed5,124,102,30,heldout_before,batch_lora,0.10031117498874664,0.9959938526153564,0.14576628804206848
3,fixed5,124,102,30,heldout_after,activation,0.0825033038854599,0.9964105486869812,0.045989830046892166
3,fixed5,124,102,30,heldout_after,lora,0.17218275368213654,0.9853288531303406,0.14736364781856537
3,fixed5,124,102,30,heldout_after,batch_lora,0.1823190450668335,0.9838579297065735,0.1474379599094391
3,fixed5,124,102,30,full_batch,activation,0.08417698740959167,0.996303141117096,0.04614283889532089
3,fixed5,124,102,30,full_batch,lora,0.17527098953723907,0.9848203659057617,0.1479375660419464
3,fixed5,124,102,30,full_batch,batch_lora,0.18563087284564972,0.9833399653434753,0.14799800515174866
3,fixed5,124,102,31,heldout_before,activation,0.06832638382911682,0.9971858859062195,0.04898365959525108
3,fixed5,124,102,31,heldout_before,lora,0.15591302514076233,0.9877246022224426,0.16099023818969727
3,fixed5,124,102,31,heldout_before,batch_lora,0.16338467597961426,0.986572265625,0.15898887813091278
3,fixed5,124,102,31,heldout_after,activation,0.11019915342330933,0.9948614835739136,0.06438478827476501
3,fixed5,124,102,31,heldout_after,lora,0.22381222248077393,0.9755461812019348,0.18228855729103088
3,fixed5,124,102,31,heldout_after,batch_lora,0.23739871382713318,0.9729971885681152,0.18188494443893433
3,fixed5,124,102,31,full_batch,activation,0.11014214158058167,0.9947875738143921,0.06556916236877441
3,fixed5,124,102,31,full_batch,lora,0.22490230202674866,0.9752234816551208,0.1838436871767044
3,fixed5,124,102,31,full_batch,batch_lora,0.2383287250995636,0.9727553129196167,0.18307065963745117
3,fixed5,124,102,32,heldout_before,activation,0.07991977035999298,0.9967518448829651,0.08109452575445175
3,fixed5,124,102,32,heldout_before,lora,0.19398553669452667,0.9820257425308228,0.2243531495332718
3,fixed5,124,102,32,heldout_before,batch_lora,0.20756933093070984,0.9783449172973633,0.22318404912948608
3,fixed5,124,102,32,heldout_after,activation,0.1208501085639,0.9930882453918457,0.10484549403190613
3,fixed5,124,102,32,heldout_after,lora,0.27736422419548035,0.9617834687232971,0.26345643401145935
3,fixed5,124,102,32,heldout_after,batch_lora,0.2994993329048157,0.9547768235206604,0.2634625732898712
3,fixed5,124,102,32,full_batch,activation,0.12457539886236191,0.9927884340286255,0.10272461920976639
3,fixed5,124,102,32,full_batch,lora,0.27940672636032104,0.9612551927566528,0.26044726371765137
3,fixed5,124,102,32,full_batch,batch_lora,0.30072730779647827,0.9545455574989319,0.26080137491226196
3,fixed5,125,103,1,heldout_before,activation,0.5169640779495239,0.8438125848770142,0.5011157989501953
3,fixed5,125,103,1,heldout_before,lora,0.7568943500518799,0.6303119659423828,0.7802194952964783
3,fixed5,125,103,1,heldout_before,batch_lora,0.9144858717918396,0.4099157154560089,0.9801762104034424
3,fixed5,125,103,1,heldout_after,activation,0.5174531936645508,0.843887984752655,0.4905160367488861
3,fixed5,125,103,1,heldout_after,lora,0.7495120167732239,0.6391236782073975,0.7730780243873596
3,fixed5,125,103,1,heldout_after,batch_lora,0.8830355405807495,0.4896042048931122,1.0225491523742676
3,fixed5,125,103,1,full_batch,activation,0.5220582485198975,0.8409477472305298,0.4933222830295563
3,fixed5,125,103,1,full_batch,lora,0.7676053047180176,0.6134201884269714,0.7881499528884888
3,fixed5,125,103,1,full_batch,batch_lora,0.9022179841995239,0.4507638216018677,1.033310890197754
3,fixed5,125,103,2,heldout_before,activation,0.21989373862743378,1.0307916402816772,0.38236138224601746
3,fixed5,125,103,2,heldout_before,lora,0.3453260362148285,1.0170493125915527,0.5931304693222046
3,fixed5,125,103,2,heldout_before,batch_lora,-0.270232617855072,1.1222643852233887,0.3063980042934418
3,fixed5,125,103,2,heldout_after,activation,0.24624735116958618,1.008905291557312,0.3575678765773773
3,fixed5,125,103,2,heldout_after,lora,0.4596816897392273,0.9266782402992249,0.5514897704124451
3,fixed5,125,103,2,heldout_after,batch_lora,0.2249758094549179,0.978158712387085,0.31104835867881775
3,fixed5,125,103,2,full_batch,activation,0.2443692982196808,1.0206114053726196,0.39157164096832275
3,fixed5,125,103,2,full_batch,lora,0.46277710795402527,0.9253865480422974,0.5743746757507324
3,fixed5,125,103,2,full_batch,batch_lora,0.1728021502494812,0.9955522418022156,0.31766387820243835
3,fixed5,125,103,3,heldout_before,activation,0.1466226428747177,1.1229064464569092,0.5577232241630554
3,fixed5,125,103,3,heldout_before,lora,0.3099793493747711,1.0721299648284912,0.7138376832008362
3,fixed5,125,103,3,heldout_before,batch_lora,-0.16193073987960815,1.230649709701538,0.5734060406684875
3,fixed5,125,103,3,heldout_after,activation,0.16850081086158752,1.071164846420288,0.4850917160511017
3,fixed5,125,103,3,heldout_after,lora,0.38862812519073486,0.9847947955131531,0.665022611618042
3,fixed5,125,103,3,heldout_after,batch_lora,0.24422329664230347,1.0326751470565796,0.5992767214775085
3,fixed5,125,103,3,full_batch,activation,0.17387552559375763,1.064237117767334,0.4750039875507355
3,fixed5,125,103,3,full_batch,lora,0.40874361991882324,0.9682960510253906,0.6563190221786499
3,fixed5,125,103,3,full_batch,batch_lora,0.2758885324001312,1.008154034614563,0.5800088047981262
3,fixed5,125,103,4,heldout_before,activation,0.12098978459835052,1.1352450847625732,0.5387744903564453
3,fixed5,125,103,4,heldout_before,lora,0.3060285151004791,1.055593490600586,0.6559267044067383
3,fixed5,125,103,4,heldout_before,batch_lora,0.15970027446746826,1.0270830392837524,0.44325608015060425
3,fixed5,125,103,4,heldout_after,activation,0.13449105620384216,1.0891671180725098,0.47066405415534973
3,fixed5,125,103,4,heldout_after,lora,0.367622047662735,0.9974610209465027,0.631936252117157
3,fixed5,125,103,4,heldout_after,batch_lora,0.34770047664642334,0.9515631794929504,0.5100830793380737
3,fixed5,125,103,4,full_batch,activation,0.13526245951652527,1.0844011306762695,0.4729883074760437
3,fixed5,125,103,4,full_batch,lora,0.3749316334724426,0.9887533783912659,0.6316313743591309
3,fixed5,125,103,4,full_batch,batch_lora,0.3328574597835541,0.9656527638435364,0.5408941507339478
3,fixed5,125,103,5,heldout_before,activation,0.1446543186903,1.0095309019088745,0.290179580450058
3,fixed5,125,103,5,heldout_before,lora,0.3188253939151764,0.9634875059127808,0.4634166657924652
3,fixed5,125,103,5,heldout_before,batch_lora,0.32812637090682983,0.9460470080375671,0.379816472530365
3,fixed5,125,103,5,heldout_after,activation,0.1482970118522644,1.0028218030929565,0.26583772897720337
3,fixed5,125,103,5,heldout_after,lora,0.35686033964157104,0.9428210258483887,0.44149598479270935
3,fixed5,125,103,5,heldout_after,batch_lora,0.4168663024902344,0.9096434712409973,0.38181164860725403
3,fixed5,125,103,5,full_batch,activation,0.14562761783599854,1.0036389827728271,0.26855596899986267
3,fixed5,125,103,5,full_batch,lora,0.35918429493904114,0.9410832524299622,0.44124144315719604
3,fixed5,125,103,5,full_batch,batch_lora,0.409529447555542,0.9125544428825378,0.3878481388092041
3,fixed5,125,103,6,heldout_before,activation,0.059813931584358215,1.0171407461166382,0.23888123035430908
3,fixed5,125,103,6,heldout_before,lora,0.1804923117160797,1.0025112628936768,0.37941688299179077
3,fixed5,125,103,6,heldout_before,batch_lora,0.11799931526184082,1.0205554962158203,0.35349345207214355
3,fixed5,125,103,6,heldout_after,activation,0.07211361825466156,1.0131641626358032,0.2309311181306839
3,fixed5,125,103,6,heldout_after,lora,0.24020808935165405,0.9816339015960693,0.3756102919578552
3,fixed5,125,103,6,heldout_after,batch_lora,0.25115007162094116,0.9749809503555298,0.3680441081523895
3,fixed5,125,103,6,full_batch,activation,0.0711338222026825,1.0126031637191772,0.2275649458169937
3,fixed5,125,103,6,full_batch,lora,0.2520320415496826,0.976078450679779,0.37296396493911743
3,fixed5,125,103,6,full_batch,batch_lora,0.25770536065101624,0.9719712138175964,0.36325159668922424
3,fixed5,125,103,7,heldout_before,activation,0.09001418948173523,1.005029559135437,0.21322742104530334
3,fixed5,125,103,7,heldout_before,lora,0.2658248245716095,0.9661523699760437,0.37138357758522034
3,fixed5,125,103,7,heldout_before,batch_lora,0.24312704801559448,0.9772346019744873,0.36186274886131287
3,fixed5,125,103,7,heldout_after,activation,0.10249323397874832,1.0016897916793823,0.20703056454658508
3,fixed5,125,103,7,heldout_after,lora,0.3175514340400696,0.9476502537727356,0.3632536828517914
3,fixed5,125,103,7,heldout_after,batch_lora,0.3456118404865265,0.9384908676147461,0.36019381880760193
3,fixed5,125,103,7,full_batch,activation,0.09959939122200012,1.001947045326233,0.20400570333003998
3,fixed5,125,103,7,full_batch,lora,0.3158859610557556,0.9484399557113647,0.35451993346214294
3,fixed5,125,103,7,full_batch,batch_lora,0.3414263129234314,0.9399231672286987,0.346680223941803
3,fixed5,125,103,8,heldout_before,activation,0.0685834288597107,1.005143642425537,0.1850803643465042
3,fixed5,125,103,8,heldout_before,lora,0.19997641444206238,0.9861165881156921,0.32100263237953186
3,fixed5,125,103,8,heldout_before,batch_lora,0.17954447865486145,0.9945862293243408,0.3259616494178772
3,fixed5,125,103,8,heldout_after,activation,0.08580233156681061,1.0016230344772339,0.1828940361738205
3,fixed5,125,103,8,heldout_after,lora,0.28833699226379395,0.9579486846923828,0.325036883354187
3,fixed5,125,103,8,heldout_after,batch_lora,0.3728387951850891,0.9282569289207458,0.3469579517841339
3,fixed5,125,103,8,full_batch,activation,0.08957681059837341,1.0008320808410645,0.18266452848911285
3,fixed5,125,103,8,full_batch,lora,0.30479440093040466,0.9518132209777832,0.32951050996780396
3,fixed5,125,103,8,full_batch,batch_lora,0.38549724221229553,0.9233725070953369,0.3504977822303772
3,fixed5,125,103,9,heldout_before,activation,0.0656076967716217,1.0070908069610596,0.19346250593662262
3,fixed5,125,103,9,heldout_before,lora,0.11058951169252396,1.0104615688323975,0.3039122521877289
3,fixed5,125,103,9,heldout_before,batch_lora,0.03996928036212921,1.0189024209976196,0.2393675148487091
3,fixed5,125,103,9,heldout_after,activation,0.08056577295064926,1.0037325620651245,0.19041182100772858
3,fixed5,125,103,9,heldout_after,lora,0.2539687156677246,0.9705178141593933,0.32910388708114624
3,fixed5,125,103,9,heldout_after,batch_lora,0.27774500846862793,0.9606644511222839,0.28203916549682617
3,fixed5,125,103,9,full_batch,activation,0.08207157254219055,1.0031132698059082,0.1878202259540558
3,fixed5,125,103,9,full_batch,lora,0.2686384320259094,0.9646090269088745,0.32967156171798706
3,fixed5,125,103,9,full_batch,batch_lora,0.29373565316200256,0.9559009671211243,0.2885115146636963
3,fixed5,125,103,10,heldout_before,activation,0.0797918364405632,1.0012311935424805,0.16678157448768616
3,fixed5,125,103,10,heldout_before,lora,0.21529461443424225,0.9790111780166626,0.2982703745365143
3,fixed5,125,103,10,heldout_before,batch_lora,0.2004982829093933,0.9807712435722351,0.2464551031589508
3,fixed5,125,103,10,heldout_after,activation,0.09677063673734665,0.9981226921081543,0.16541504859924316
3,fixed5,125,103,10,heldout_after,lora,0.3815154731273651,0.9281758069992065,0.3537810444831848
3,fixed5,125,103,10,heldout_after,batch_lora,0.4269252121448517,0.9106703400611877,0.31928834319114685
3,fixed5,125,103,10,full_batch,activation,0.09492921084165573,0.9994564056396484,0.17206847667694092
3,fixed5,125,103,10,full_batch,lora,0.3824630379676819,0.9283205270767212,0.36484116315841675
3,fixed5,125,103,10,full_batch,batch_lora,0.4288305342197418,0.9091441631317139,0.3266601264476776
3,fixed5,125,103,11,heldout_before,activation,0.09252219647169113,1.0001753568649292,0.17756304144859314
3,fixed5,125,103,11,heldout_before,lora,0.31996622681617737,0.963930606842041,0.3821490406990051
3,fixed5,125,103,11,heldout_before,batch_lora,0.3568188548088074,0.9344682097434998,0.3333580493927002
3,fixed5,125,103,11,heldout_after,activation,0.1020980253815651,0.9976575374603271,0.1632760614156723
3,fixed5,125,103,11,heldout_after,lora,0.45847392082214355,0.9113515615463257,0.39376622438430786
3,fixed5,125,103,11,heldout_after,batch_lora,0.5313280820846558,0.8635542392730713,0.36389055848121643
3,fixed5,125,103,11,full_batch,activation,0.10700695216655731,0.9968419075012207,0.16550669074058533
3,fixed5,125,103,11,full_batch,lora,0.4640827476978302,0.9057026505470276,0.4041297137737274
3,fixed5,125,103,11,full_batch,batch_lora,0.5354657769203186,0.859281599521637,0.3770720362663269
3,fixed5,125,103,12,heldout_before,activation,0.13230709731578827,1.0071219205856323,0.28888389468193054
3,fixed5,125,103,12,heldout_before,lora,0.3574250638484955,1.019838571548462,0.6756727695465088
3,fixed5,125,103,12,heldout_before,batch_lora,0.471597820520401,0.9055754542350769,0.6776837706565857
3,fixed5,125,103,12,heldout_after,activation,0.13058772683143616,1.0034517049789429,0.2565669119358063
3,fixed5,125,103,12,heldout_after,lora,0.4120481312274933,0.9626008868217468,0.6004188060760498
3,fixed5,125,103,12,heldout_after,batch_lora,0.5602774024009705,0.829444944858551,0.6037477850914001
3,fixed5,125,103,12,full_batch,activation,0.13509106636047363,1.003043293952942,0.25853419303894043
3,fixed5,125,103,12,full_batch,lora,0.4132593274116516,0.9623401165008545,0.6031742095947266
3,fixed5,125,103,12,full_batch,batch_lora,0.5610180497169495,0.8293858170509338,0.6122239828109741
3,fixed5,125,103,13,heldout_before,activation,0.10713465511798859,1.0228440761566162,0.33006513118743896
3,fixed5,125,103,13,heldout_before,lora,0.273122638463974,1.0996371507644653,0.770928680896759
3,fixed5,125,103,13,heldout_before,batch_lora,0.3394176959991455,1.0963199138641357,0.9025533199310303
3,fixed5,125,103,13,heldout_after,activation,0.10780343413352966,1.015162706375122,0.29542073607444763
3,fixed5,125,103,13,heldout_after,lora,0.3066060245037079,1.032942533493042,0.6723393201828003
3,fixed5,125,103,13,heldout_after,batch_lora,0.38755369186401367,1.0022245645523071,0.7808117270469666
3,fixed5,125,103,13,full_batch,activation,0.1130470484495163,1.0122926235198975,0.2857893109321594
3,fixed5,125,103,13,full_batch,lora,0.3134605288505554,1.0264577865600586,0.6710541844367981
3,fixed5,125,103,13,full_batch,batch_lora,0.3894433379173279,1.006779670715332,0.7959792017936707
3,fixed5,125,103,14,heldout_before,activation,0.10900894552469254,1.0140912532806396,0.29686957597732544
3,fixed5,125,103,14,heldout_before,lora,0.1366039365530014,1.1531950235366821,0.7168327569961548
3,fixed5,125,103,14,heldout_before,batch_lora,0.10766905546188354,1.317015290260315,0.9714524745941162
3,fixed5,125,103,14,heldout_after,activation,0.1384168267250061,1.0074974298477173,0.28598564863204956
3,fixed5,125,103,14,heldout_after,lora,0.2652626931667328,1.0340754985809326,0.616288423538208
3,fixed5,125,103,14,heldout_after,batch_lora,0.31590521335601807,1.0699280500411987,0.8104173541069031
3,fixed5,125,103,14,full_batch,activation,0.1398869752883911,1.0074315071105957,0.2906940281391144
3,fixed5,125,103,14,full_batch,lora,0.2631193995475769,1.034295678138733,0.6161223649978638
3,fixed5,125,103,14,full_batch,batch_lora,0.3096693754196167,1.0762192010879517,0.8137951493263245
3,fixed5,125,103,15,heldout_before,activation,0.12296976894140244,1.0185399055480957,0.29749852418899536
3,fixed5,125,103,15,heldout_before,lora,0.20208758115768433,1.095744013786316,0.6660124063491821
3,fixed5,125,103,15,heldout_before,batch_lora,0.18011866509914398,1.162752389907837,0.8001474738121033
3,fixed5,125,103,15,heldout_after,activation,0.13996805250644684,1.0134918689727783,0.2787439525127411
3,fixed5,125,103,15,heldout_after,lora,0.34137624502182007,0.9895835518836975,0.5884284377098083
3,fixed5,125,103,15,heldout_after,batch_lora,0.393497109413147,0.966932475566864,0.6931606531143188
3,fixed5,125,103,15,full_batch,activation,0.13984271883964539,1.011888027191162,0.27229416370391846
3,fixed5,125,103,15,full_batch,lora,0.343680202960968,0.9864153861999512,0.5842987298965454
3,fixed5,125,103,15,full_batch,batch_lora,0.39914005994796753,0.9634414911270142,0.6949984431266785
3,fixed5,125,103,16,heldout_before,activation,0.10371299088001251,1.02750563621521,0.30655351281166077
3,fixed5,125,103,16,heldout_before,lora,0.282325804233551,1.0256019830703735,0.6048337817192078
3,fixed5,125,103,16,heldout_before,batch_lora,0.3129274249076843,1.0248527526855469,0.6979557275772095
3,fixed5,125,103,16,heldout_after,activation,0.11537433415651321,1.011168122291565,0.24951857328414917
3,fixed5,125,103,16,heldout_after,lora,0.39207780361175537,0.9396724700927734,0.5222913026809692
3,fixed5,125,103,16,heldout_after,batch_lora,0.49067723751068115,0.8795539140701294,0.6105900406837463
3,fixed5,125,103,16,full_batch,activation,0.12062178552150726,1.009337067604065,0.24356307089328766
3,fixed5,125,103,16,full_batch,lora,0.4014310836791992,0.9340463876724243,0.5189386606216431
3,fixed5,125,103,16,full_batch,batch_lora,0.5046727657318115,0.869326114654541,0.6067630648612976
3,fixed5,125,103,17,heldout_before,activation,0.11453916877508163,1.0080289840698242,0.2296770066022873
3,fixed5,125,103,17,heldout_before,lora,0.3633597195148468,0.949486255645752,0.5026461482048035
3,fixed5,125,103,17,heldout_before,batch_lora,0.4445599615573883,0.9095026254653931,0.6021307706832886
3,fixed5,125,103,17,heldout_after,activation,0.13857117295265198,1.0008862018585205,0.2290460169315338
3,fixed5,125,103,17,heldout_after,lora,0.4545072317123413,0.8951101303100586,0.4748314619064331
3,fixed5,125,103,17,heldout_after,batch_lora,0.5799015164375305,0.8149614930152893,0.5587371587753296
3,fixed5,125,103,17,full_batch,activation,0.13898326456546783,1.0001826286315918,0.22542983293533325
3,fixed5,125,103,17,full_batch,lora,0.45159339904785156,0.8962309956550598,0.47101861238479614
3,fixed5,125,103,17,full_batch,batch_lora,0.5796957612037659,0.8149126768112183,0.5682934522628784
3,fixed5,125,103,18,heldout_before,activation,0.1345364898443222,1.0035555362701416,0.22962774336338043
3,fixed5,125,103,18,heldout_before,lora,0.4237395226955414,0.9132370948791504,0.47337111830711365
3,fixed5,125,103,18,heldout_before,batch_lora,0.521014928817749,0.8537285923957825,0.5385937690734863
3,fixed5,125,103,18,heldout_after,activation,0.14917489886283875,1.0013359785079956,0.262380450963974
3,fixed5,125,103,18,heldout_after,lora,0.47602009773254395,0.8835475444793701,0.5236131548881531
3,fixed5,125,103,18,heldout_after,batch_lora,0.6056323051452637,0.7958422899246216,0.5931640863418579
3,fixed5,125,103,18,full_batch,activation,0.14887318015098572,1.000622272491455,0.26041358709335327
3,fixed5,125,103,18,full_batch,lora,0.48206639289855957,0.8794840574264526,0.5254220366477966
3,fixed5,125,103,18,full_batch,batch_lora,0.6130771636962891,0.7900772094726562,0.6038252711296082
3,fixed5,125,103,19,heldout_before,activation,0.12179940938949585,1.003116250038147,0.23618832230567932
3,fixed5,125,103,19,heldout_before,lora,0.39448174834251404,0.9252873063087463,0.511993408203125
3,fixed5,125,103,19,heldout_before,batch_lora,0.49545490741729736,0.8848121166229248,0.6638830304145813
3,fixed5,125,103,19,heldout_after,activation,0.1345287412405014,1.000002384185791,0.241377055644989
3,fixed5,125,103,19,heldout_after,lora,0.45471131801605225,0.8966290950775146,0.5645450353622437
3,fixed5,125,103,19,heldout_after,batch_lora,0.5984466671943665,0.8166670799255371,0.756824791431427
3,fixed5,125,103,19,full_batch,activation,0.13640394806861877,0.9997566938400269,0.24162420630455017
3,fixed5,125,103,19,full_batch,lora,0.46045151352882385,0.8936556577682495,0.5673987865447998
3,fixed5,125,103,19,full_batch,batch_lora,0.6054985523223877,0.8101334571838379,0.7569742798805237
3,fixed5,125,103,20,heldout_before,activation,0.1006234735250473,1.0081404447555542,0.25666990876197815
3,fixed5,125,103,20,heldout_before,lora,0.3536079525947571,0.9514282941818237,0.5352885723114014
3,fixed5,125,103,20,heldout_before,batch_lora,0.4332641065120697,0.9312254786491394,0.6675690412521362
3,fixed5,125,103,20,heldout_after,activation,0.11442697048187256,1.0021729469299316,0.23961251974105835
3,fixed5,125,103,20,heldout_after,lora,0.41954436898231506,0.915637195110321,0.5444309115409851
3,fixed5,125,103,20,heldout_after,batch_lora,0.5385796427726746,0.8546797037124634,0.6819164156913757
3,fixed5,125,103,20,full_batch,activation,0.11835508048534393,1.0013043880462646,0.23841515183448792
3,fixed5,125,103,20,full_batch,lora,0.42491045594215393,0.9119596481323242,0.544226348400116
3,fixed5,125,103,20,full_batch,batch_lora,0.5395070314407349,0.8536965250968933,0.6804523468017578
3,fixed5,125,103,21,heldout_before,activation,0.06132035702466965,1.005668044090271,0.1773335486650467
3,fixed5,125,103,21,heldout_before,lora,0.29710710048675537,0.9600504636764526,0.42586109042167664
3,fixed5,125,103,21,heldout_before,batch_lora,0.30496054887771606,0.9666538238525391,0.4705522060394287
3,fixed5,125,103,21,heldout_after,activation,0.07992249727249146,1.0018566846847534,0.16906432807445526
3,fixed5,125,103,21,heldout_after,lora,0.3718770146369934,0.926457405090332,0.42248135805130005
3,fixed5,125,103,21,heldout_after,batch_lora,0.4156741499900818,0.9110245704650879,0.4681205749511719
3,fixed5,125,103,21,full_batch,activation,0.07874519377946854,1.0016813278198242,0.16314050555229187
3,fixed5,125,103,21,full_batch,lora,0.3780290484428406,0.9238708019256592,0.41884616017341614
3,fixed5,125,103,21,full_batch,batch_lora,0.42072978615760803,0.9079483151435852,0.45792925357818604
3,fixed5,125,103,22,heldout_before,activation,0.03160916268825531,1.0031856298446655,0.10869845747947693
3,fixed5,125,103,22,heldout_before,lora,0.27909934520721436,0.9576026797294617,0.282888263463974
3,fixed5,125,103,22,heldout_before,batch_lora,0.28101015090942383,0.9598700404167175,0.26319772005081177
3,fixed5,125,103,22,heldout_after,activation,0.05739013850688934,0.9997038841247559,0.0923403725028038
3,fixed5,125,103,22,heldout_after,lora,0.3709343373775482,0.930986762046814,0.303274542093277
3,fixed5,125,103,22,heldout_after,batch_lora,0.40077337622642517,0.9221276044845581,0.29618561267852783
3,fixed5,125,103,22,full_batch,activation,0.058800458908081055,0.9996609091758728,0.09443597495555878
3,fixed5,125,103,22,full_batch,lora,0.37495097517967224,0.9295444488525391,0.3055330812931061
3,fixed5,125,103,22,full_batch,batch_lora,0.40328216552734375,0.9205341339111328,0.30318495631217957
3,fixed5,125,103,23,heldout_before,activation,0.05334704369306564,1.0020952224731445,0.12129572778940201
3,fixed5,125,103,23,heldout_before,lora,0.35415759682655334,0.9368131160736084,0.3454400599002838
3,fixed5,125,103,23,heldout_before,batch_lora,0.41474172472953796,0.9113096594810486,0.3647824227809906
3,fixed5,125,103,23,heldout_after,activation,0.06436385214328766,1.0000828504562378,0.11281831562519073
3,fixed5,125,103,23,heldout_after,lora,0.4067944288253784,0.9180121421813965,0.33770230412483215
3,fixed5,125,103,23,heldout_after,batch_lora,0.4860522150993347,0.8835854530334473,0.35578322410583496
3,fixed5,125,103,23,full_batch,activation,0.06496861577033997,0.9998750686645508,0.11025144904851913
3,fixed5,125,103,23,full_batch,lora,0.41267722845077515,0.9156639575958252,0.3404279053211212
3,fixed5,125,103,23,full_batch,batch_lora,0.4962417781352997,0.8780824542045593,0.3647703528404236
3,fixed5,125,103,24,heldout_before,activation,0.058898042887449265,1.0015264749526978,0.12704825401306152
3,fixed5,125,103,24,heldout_before,lora,0.31224721670150757,0.9572455286979675,0.39400213956832886
3,fixed5,125,103,24,heldout_before,batch_lora,0.4124634563922882,0.9148300886154175,0.4963693618774414
3,fixed5,125,103,24,heldout_after,activation,0.0670040100812912,0.9997967481613159,0.11686745285987854
3,fixed5,125,103,24,heldout_after,lora,0.3473031222820282,0.9410269856452942,0.37044253945350647
3,fixed5,125,103,24,heldout_after,batch_lora,0.4662134051322937,0.8846726417541504,0.4670741856098175
3,fixed5,125,103,24,full_batch,activation,0.06635049730539322,0.9996882677078247,0.11346082389354706
3,fixed5,125,103,24,full_batch,lora,0.34976446628570557,0.9396525621414185,0.36591532826423645
3,fixed5,125,103,24,full_batch,batch_lora,0.46446073055267334,0.8856208920478821,0.45753878355026245
3,fixed5,125,103,25,heldout_before,activation,0.04901294410228729,1.0021162033081055,0.1120758205652237
3,fixed5,125,103,25,heldout_before,lora,0.24047662317752838,0.9779261350631714,0.33392030000686646
3,fixed5,125,103,25,heldout_before,batch_lora,0.3291570246219635,0.9507810473442078,0.4401923716068268
3,fixed5,125,103,25,heldout_after,activation,0.05816070735454559,1.0005539655685425,0.1069561094045639
3,fixed5,125,103,25,heldout_after,lora,0.29224130511283875,0.9595281481742859,0.3262215852737427
3,fixed5,125,103,25,heldout_after,batch_lora,0.4104004502296448,0.9122267961502075,0.4346148669719696
3,fixed5,125,103,25,full_batch,activation,0.06050160527229309,1.0002803802490234,0.10833267867565155
3,fixed5,125,103,25,full_batch,lora,0.3003169894218445,0.9562005996704102,0.3301340639591217
3,fixed5,125,103,25,full_batch,batch_lora,0.42110827565193176,0.9073169231414795,0.4446874260902405
3,fixed5,125,103,26,heldout_before,activation,0.03520537167787552,1.0007665157318115,0.07363028824329376
3,fixed5,125,103,26,heldout_before,lora,0.1819884181022644,0.9881788492202759,0.2648838460445404
3,fixed5,125,103,26,heldout_before,batch_lora,0.22907289862632751,0.9811150431632996,0.35179656744003296
3,fixed5,125,103,26,heldout_after,activation,0.04587755352258682,0.9999542236328125,0.07785262912511826
3,fixed5,125,103,26,heldout_after,lora,0.24028435349464417,0.9744742512702942,0.30058202147483826
3,fixed5,125,103,26,heldout_after,batch_lora,0.32221364974975586,0.950153112411499,0.4035317897796631
3,fixed5,125,103,26,full_batch,activation,0.05042506381869316,0.9997274875640869,0.08099633455276489
3,fixed5,125,103,26,full_batch,lora,0.23704400658607483,0.9758031368255615,0.3015669584274292
3,fixed5,125,103,26,full_batch,batch_lora,0.31703025102615356,0.9526830911636353,0.40710338950157166
3,fixed5,125,103,27,heldout_before,activation,0.051682449877262115,0.9990597367286682,0.06465774774551392
3,fixed5,125,103,27,heldout_before,lora,0.20592959225177765,0.9799391031265259,0.2368128001689911
3,fixed5,125,103,27,heldout_before,batch_lora,0.24381892383098602,0.9704422950744629,0.27854400873184204
3,fixed5,125,103,27,heldout_after,activation,0.07067133486270905,0.9975343942642212,0.07042983174324036
3,fixed5,125,103,27,heldout_after,lora,0.2735525369644165,0.9628770351409912,0.2646007537841797
3,fixed5,125,103,27,heldout_after,batch_lora,0.3357778489589691,0.9422047138214111,0.31349843740463257
3,fixed5,125,103,27,full_batch,activation,0.07352086156606674,0.99717116355896,0.07407879829406738
3,fixed5,125,103,27,full_batch,lora,0.2766171097755432,0.9618798494338989,0.2726409435272217
3,fixed5,125,103,27,full_batch,batch_lora,0.3430672883987427,0.9394980072975159,0.3243131935596466
3,fixed5,125,103,28,heldout_before,activation,0.06599067151546478,0.9976792335510254,0.07581998407840729
3,fixed5,125,103,28,heldout_before,lora,0.20100288093090057,0.9805468320846558,0.2396378219127655
3,fixed5,125,103,28,heldout_before,batch_lora,0.2382608950138092,0.9715571403503418,0.2645556628704071
3,fixed5,125,103,28,heldout_after,activation,0.09416978806257248,0.9951959848403931,0.0813349112868309
3,fixed5,125,103,28,heldout_after,lora,0.2885553538799286,0.9581100344657898,0.2634944021701813
3,fixed5,125,103,28,heldout_after,batch_lora,0.35590532422065735,0.9366182684898376,0.2932773232460022
3,fixed5,125,103,28,full_batch,activation,0.09668150544166565,0.9949157238006592,0.08366753160953522
3,fixed5,125,103,28,full_batch,lora,0.29166924953460693,0.9570955038070679,0.2697625160217285
3,fixed5,125,103,28,full_batch,batch_lora,0.3584147095680237,0.9353315830230713,0.30091482400894165
3,fixed5,125,103,29,heldout_before,activation,0.07227710634469986,0.9976277947425842,0.09085720032453537
3,fixed5,125,103,29,heldout_before,lora,0.24726201593875885,0.9727838039398193,0.29403504729270935
3,fixed5,125,103,29,heldout_before,batch_lora,0.30651018023490906,0.9523507952690125,0.33685046434402466
3,fixed5,125,103,29,heldout_after,activation,0.09465876966714859,0.9957981705665588,0.11109519004821777
3,fixed5,125,103,29,heldout_after,lora,0.33216461539268494,0.9473636746406555,0.3404444456100464
3,fixed5,125,103,29,heldout_after,batch_lora,0.427298903465271,0.90476393699646,0.3929154872894287
3,fixed5,125,103,29,full_batch,activation,0.09481116384267807,0.9959261417388916,0.11358694732189178
3,fixed5,125,103,29,full_batch,lora,0.3357328772544861,0.9458543062210083,0.3406496047973633
3,fixed5,125,103,29,full_batch,batch_lora,0.42956915497779846,0.9037028551101685,0.3948077857494354
3,fixed5,125,103,30,heldout_before,activation,0.07927622646093369,0.998909056186676,0.1351798176765442
3,fixed5,125,103,30,heldout_before,lora,0.28642287850379944,0.9684316515922546,0.3803689181804657
3,fixed5,125,103,30,heldout_before,batch_lora,0.3541981279850006,0.939152717590332,0.4405932128429413
3,fixed5,125,103,30,heldout_after,activation,0.09272723644971848,0.9980633854866028,0.14871934056282043
3,fixed5,125,103,30,heldout_after,lora,0.35577666759490967,0.9422770142555237,0.38557755947113037
3,fixed5,125,103,30,heldout_after,batch_lora,0.445952832698822,0.8950567841529846,0.44519078731536865
3,fixed5,125,103,30,full_batch,activation,0.09012235701084137,0.9980590343475342,0.14179864525794983
3,fixed5,125,103,30,full_batch,lora,0.35419517755508423,0.9424914121627808,0.37761470675468445
3,fixed5,125,103,30,full_batch,batch_lora,0.4500936269760132,0.8930385708808899,0.43999019265174866
3,fixed5,125,103,31,heldout_before,activation,0.026018766686320305,1.0057421922683716,0.1329130232334137
3,fixed5,125,103,31,heldout_before,lora,0.20513354241847992,0.9984703660011292,0.39918431639671326
3,fixed5,125,103,31,heldout_before,batch_lora,0.2667854428291321,0.9921538829803467,0.5024626851081848
3,fixed5,125,103,31,heldout_after,activation,0.04070444777607918,1.002211093902588,0.1087627112865448
3,fixed5,125,103,31,heldout_after,lora,0.2641488313674927,0.9678909182548523,0.3393944501876831
3,fixed5,125,103,31,heldout_after,batch_lora,0.3472251892089844,0.941304624080658,0.4285860061645508
3,fixed5,125,103,31,full_batch,activation,0.040192149579524994,1.0023746490478516,0.11001789569854736
3,fixed5,125,103,31,full_batch,lora,0.2676142156124115,0.9668625593185425,0.34342020750045776
3,fixed5,125,103,31,full_batch,batch_lora,0.3471262753009796,0.9417288303375244,0.43285712599754333
3,fixed5,125,103,32,heldout_before,activation,0.008473314344882965,1.0079618692398071,0.12279175221920013
3,fixed5,125,103,32,heldout_before,lora,0.19373100996017456,0.9946276545524597,0.33941546082496643
3,fixed5,125,103,32,heldout_before,batch_lora,0.23623165488243103,0.9889997243881226,0.4204210340976715
3,fixed5,125,103,32,heldout_after,activation,0.028133654966950417,1.0028467178344727,0.09505942463874817
3,fixed5,125,103,32,heldout_after,lora,0.2593499720096588,0.967934250831604,0.2892687916755676
3,fixed5,125,103,32,heldout_after,batch_lora,0.3248559832572937,0.9464324116706848,0.36043184995651245
3,fixed5,125,103,32,full_batch,activation,0.03330887109041214,1.0023486614227295,0.09542877227067947
3,fixed5,125,103,32,full_batch,lora,0.26804935932159424,0.9651492834091187,0.2922375202178955
3,fixed5,125,103,32,full_batch,batch_lora,0.3330288529396057,0.9433940052986145,0.36303526163101196
3,frozen,123,101,1,heldout_before,activation,0.6058322787284851,0.7768738865852356,0.6013023257255554
3,frozen,123,101,1,heldout_before,lora,0.7847822904586792,0.5978137850761414,0.836349368095398
3,frozen,123,101,1,heldout_before,batch_lora,0.9685661792755127,0.24879638850688934,0.9640849828720093
3,frozen,123,101,1,heldout_after,activation,0.6058322787284851,0.7768738865852356,0.6013023257255554
3,frozen,123,101,1,heldout_after,lora,0.7847822904586792,0.5978137850761414,0.836349368095398
3,frozen,123,101,1,heldout_after,batch_lora,0.9685661792755127,0.24879638850688934,0.9640849828720093
3,frozen,123,101,1,full_batch,activation,0.594627857208252,0.7851428985595703,0.5955537557601929
3,frozen,123,101,1,full_batch,lora,0.7829580307006836,0.6016778349876404,0.8377689123153687
3,frozen,123,101,1,full_batch,batch_lora,0.9683007597923279,0.24979566037654877,0.9703502058982849
3,frozen,123,101,2,heldout_before,activation,0.21971742808818817,1.1004619598388672,0.5777318477630615
3,frozen,123,101,2,heldout_before,lora,0.38346612453460693,1.0665209293365479,0.8022032380104065
3,frozen,123,101,2,heldout_before,batch_lora,-0.3645380139350891,1.301085352897644,0.5441485047340393
3,frozen,123,101,2,heldout_after,activation,0.21971742808818817,1.1004619598388672,0.5777318477630615
3,frozen,123,101,2,heldout_after,lora,0.38346612453460693,1.0665209293365479,0.8022032380104065
3,frozen,123,101,2,heldout_after,batch_lora,-0.3645380139350891,1.301085352897644,0.5441485047340393
3,frozen,123,101,2,full_batch,activation,0.22653403878211975,1.0833818912506104,0.5477046966552734
3,frozen,123,101,2,full_batch,lora,0.37985432147979736,1.0534796714782715,0.7743111252784729
3,frozen,123,101,2,full_batch,batch_lora,-0.3331727385520935,1.2377939224243164,0.4687860310077667
3,frozen,123,101,3,heldout_before,activation,0.14626704156398773,1.1234257221221924,0.5845090746879578
3,frozen,123,101,3,heldout_before,lora,0.29550647735595703,1.124306559562683,0.8290702104568481
3,frozen,123,101,3,heldout_before,batch_lora,-0.12659461796283722,1.3056793212890625,0.722419261932373
3,frozen,123,101,3,heldout_after,activation,0.14626704156398773,1.1234257221221924,0.5845090746879578
3,frozen,123,101,3,heldout_after,lora,0.29550647735595703,1.124306559562683,0.8290702104568481
3,frozen,123,101,3,heldout_after,batch_lora,-0.12659461796283722,1.3056793212890625,0.722419261932373
3,frozen,123,101,3,full_batch,activation,0.14382606744766235,1.137289047241211,0.6039093732833862
3,frozen,123,101,3,full_batch,lora,0.2883266806602478,1.1426151990890503,0.8445689678192139
3,frozen,123,101,3,full_batch,batch_lora,-0.1417371928691864,1.3415038585662842,0.7636478543281555
3,frozen,123,101,4,heldout_before,activation,0.1052800789475441,1.0307340621948242,0.37731093168258667
3,frozen,123,101,4,heldout_before,lora,0.18312224745750427,1.0529367923736572,0.5681775212287903
3,frozen,123,101,4,heldout_before,batch_lora,-0.15217596292495728,1.082065224647522,0.28830426931381226
3,frozen,123,101,4,heldout_after,activation,0.1052800789475441,1.0307340621948242,0.37731093168258667
3,frozen,123,101,4,heldout_after,lora,0.18312224745750427,1.0529367923736572,0.5681775212287903
3,frozen,123,101,4,heldout_after,batch_lora,-0.15217596292495728,1.082065224647522,0.28830426931381226
3,frozen,123,101,4,full_batch,activation,0.09121835231781006,1.0339632034301758,0.37111079692840576
3,frozen,123,101,4,full_batch,lora,0.16560259461402893,1.054656982421875,0.5524323582649231
3,frozen,123,101,4,full_batch,batch_lora,-0.18124917149543762,1.0812660455703735,0.26818129420280457
3,frozen,123,101,5,heldout_before,activation,0.033286020159721375,1.0405709743499756,0.32535475492477417
3,frozen,123,101,5,heldout_before,lora,0.05392453819513321,1.064629316329956,0.4376155436038971
3,frozen,123,101,5,heldout_before,batch_lora,-0.20916453003883362,1.070574402809143,0.22658707201480865
3,frozen,123,101,5,heldout_after,activation,0.033286020159721375,1.0405709743499756,0.32535475492477417
3,frozen,123,101,5,heldout_after,lora,0.05392453819513321,1.064629316329956,0.4376155436038971
3,frozen,123,101,5,heldout_after,batch_lora,-0.20916453003883362,1.070574402809143,0.22658707201480865
3,frozen,123,101,5,full_batch,activation,0.03107433393597603,1.0405898094177246,0.3225302994251251
3,frozen,123,101,5,full_batch,lora,0.05770158767700195,1.0624662637710571,0.43433672189712524
3,frozen,123,101,5,full_batch,batch_lora,-0.20795375108718872,1.0699656009674072,0.2257179319858551
3,frozen,123,101,6,heldout_before,activation,0.025938456878066063,1.044559359550476,0.3264008164405823
3,frozen,123,101,6,heldout_before,lora,0.019442832097411156,1.0723669528961182,0.4174332320690155
3,frozen,123,101,6,heldout_before,batch_lora,-0.2323710024356842,1.0771784782409668,0.23056504130363464
3,frozen,123,101,6,heldout_after,activation,0.025938456878066063,1.044559359550476,0.3264008164405823
3,frozen,123,101,6,heldout_after,lora,0.019442832097411156,1.0723669528961182,0.4174332320690155
3,frozen,123,101,6,heldout_after,batch_lora,-0.2323710024356842,1.0771784782409668,0.23056504130363464
3,frozen,123,101,6,full_batch,activation,0.033164527267217636,1.043121576309204,0.3293592035770416
3,frozen,123,101,6,full_batch,lora,0.03054824471473694,1.0667263269424438,0.4198327660560608
3,frozen,123,101,6,full_batch,batch_lora,-0.23444698750972748,1.0776821374893188,0.230702742934227
3,frozen,123,101,7,heldout_before,activation,0.036517247557640076,1.037390112876892,0.30615636706352234
3,frozen,123,101,7,heldout_before,lora,0.022658059373497963,1.0610874891281128,0.38555681705474854
3,frozen,123,101,7,heldout_before,batch_lora,-0.2118840515613556,1.0636086463928223,0.20782792568206787
3,frozen,123,101,7,heldout_after,activation,0.036517247557640076,1.037390112876892,0.30615636706352234
3,frozen,123,101,7,heldout_after,lora,0.022658059373497963,1.0610874891281128,0.38555681705474854
3,frozen,123,101,7,heldout_after,batch_lora,-0.2118840515613556,1.0636086463928223,0.20782792568206787
3,frozen,123,101,7,full_batch,activation,0.03810231015086174,1.0358986854553223,0.3009807765483856
3,frozen,123,101,7,full_batch,lora,0.021346036344766617,1.0613282918930054,0.3832228481769562
3,frozen,123,101,7,full_batch,batch_lora,-0.21687579154968262,1.0630525350570679,0.20397545397281647
3,frozen,123,101,8,heldout_before,activation,0.024624723941087723,1.0373625755310059,0.2930172085762024
3,frozen,123,101,8,heldout_before,lora,-0.013261016458272934,1.0727043151855469,0.37020888924598694
3,frozen,123,101,8,heldout_before,batch_lora,-0.173732727766037,1.0652227401733398,0.23232446610927582
3,frozen,123,101,8,heldout_after,activation,0.024624723941087723,1.0373625755310059,0.2930172085762024
3,frozen,123,101,8,heldout_after,lora,-0.013261016458272934,1.0727043151855469,0.37020888924598694
3,frozen,123,101,8,heldout_after,batch_lora,-0.173732727766037,1.0652227401733398,0.23232446610927582
3,frozen,123,101,8,full_batch,activation,0.02791581116616726,1.0377442836761475,0.2985247075557709
3,frozen,123,101,8,full_batch,lora,-0.006275764666497707,1.0723474025726318,0.3774886727333069
3,frozen,123,101,8,full_batch,batch_lora,-0.15759794414043427,1.06605064868927,0.24402517080307007
3,frozen,123,101,9,heldout_before,activation,0.02264467068016529,1.0345715284347534,0.2812919318675995
3,frozen,123,101,9,heldout_before,lora,-0.005083698313683271,1.0685380697250366,0.3779100775718689
3,frozen,123,101,9,heldout_before,batch_lora,-0.16772621870040894,1.047034502029419,0.1849965900182724
3,frozen,123,101,9,heldout_after,activation,0.02264467068016529,1.0345715284347534,0.2812919318675995
3,frozen,123,101,9,heldout_after,lora,-0.005083698313683271,1.0685380697250366,0.3779100775718689
3,frozen,123,101,9,heldout_after,batch_lora,-0.16772621870040894,1.047034502029419,0.1849965900182724
3,frozen,123,101,9,full_batch,activation,0.02682708390057087,1.0318608283996582,0.2743968963623047
3,frozen,123,101,9,full_batch,lora,0.0018678810447454453,1.0652143955230713,0.37502461671829224
3,frozen,123,101,9,full_batch,batch_lora,-0.1687062382698059,1.0457048416137695,0.18052195012569427
3,frozen,123,101,10,heldout_before,activation,0.02186201699078083,1.0366394519805908,0.28380370140075684
3,frozen,123,101,10,heldout_before,lora,-0.006697663571685553,1.0722736120224,0.37567275762557983
3,frozen,123,101,10,heldout_before,batch_lora,-0.13277766108512878,1.0456522703170776,0.20041680335998535
3,frozen,123,101,10,heldout_after,activation,0.02186201699078083,1.0366394519805908,0.28380370140075684
3,frozen,123,101,10,heldout_after,lora,-0.006697663571685553,1.0722736120224,0.37567275762557983
3,frozen,123,101,10,heldout_after,batch_lora,-0.13277766108512878,1.0456522703170776,0.20041680335998535
3,frozen,123,101,10,full_batch,activation,0.022411642596125603,1.0358576774597168,0.2818537950515747
3,frozen,123,101,10,full_batch,lora,-0.0002550780773162842,1.0682991743087769,0.37019386887550354
3,frozen,123,101,10,full_batch,batch_lora,-0.13455462455749512,1.0422090291976929,0.18840758502483368
3,frozen,123,101,11,heldout_before,activation,0.004842656664550304,1.0287201404571533,0.2360217571258545
3,frozen,123,101,11,heldout_before,lora,-0.05611683055758476,1.0645997524261475,0.30978667736053467
3,frozen,123,101,11,heldout_before,batch_lora,-0.1709461510181427,1.046281099319458,0.1810857206583023
3,frozen,123,101,11,heldout_after,activation,0.004842656664550304,1.0287201404571533,0.2360217571258545
3,frozen,123,101,11,heldout_after,lora,-0.05611683055758476,1.0645997524261475,0.30978667736053467
3,frozen,123,101,11,heldout_after,batch_lora,-0.1709461510181427,1.046281099319458,0.1810857206583023
3,frozen,123,101,11,full_batch,activation,0.007903873920440674,1.029183268547058,0.24063435196876526
3,frozen,123,101,11,full_batch,lora,-0.051826976239681244,1.0644497871398926,0.3123956024646759
3,frozen,123,101,11,full_batch,batch_lora,-0.1533602774143219,1.0452507734298706,0.1873282790184021
3,frozen,123,101,12,heldout_before,activation,0.01758122444152832,1.0274560451507568,0.24694876372814178
3,frozen,123,101,12,heldout_before,lora,-0.028618386015295982,1.0711323022842407,0.3525007963180542
3,frozen,123,101,12,heldout_before,batch_lora,-0.13557380437850952,1.0474156141281128,0.2042199969291687
3,frozen,123,101,12,heldout_after,activation,0.01758122444152832,1.0274560451507568,0.24694876372814178
3,frozen,123,101,12,heldout_after,lora,-0.028618386015295982,1.0711323022842407,0.3525007963180542
3,frozen,123,101,12,heldout_after,batch_lora,-0.13557380437850952,1.0474156141281128,0.2042199969291687
3,frozen,123,101,12,full_batch,activation,0.018295731395483017,1.028022289276123,0.2506997287273407
3,frozen,123,101,12,full_batch,lora,-0.0292104110121727,1.0715951919555664,0.3523128032684326
3,frozen,123,101,12,full_batch,batch_lora,-0.12925763428211212,1.0496182441711426,0.21484406292438507
3,frozen,123,101,13,heldout_before,activation,0.008248642086982727,1.024646282196045,0.22828665375709534
3,frozen,123,101,13,heldout_before,lora,-0.041226550936698914,1.0623873472213745,0.3192983567714691
3,frozen,123,101,13,heldout_before,batch_lora,-0.13212600350379944,1.0441641807556152,0.19610556960105896
3,frozen,123,101,13,heldout_after,activation,0.008248642086982727,1.024646282196045,0.22828665375709534
3,frozen,123,101,13,heldout_after,lora,-0.041226550936698914,1.0623873472213745,0.3192983567714691
3,frozen,123,101,13,heldout_after,batch_lora,-0.13212600350379944,1.0441641807556152,0.19610556960105896
3,frozen,123,101,13,full_batch,activation,0.009866276755928993,1.0253198146820068,0.232835590839386
3,frozen,123,101,13,full_batch,lora,-0.03431805223226547,1.063077449798584,0.3276236951351166
3,frozen,123,101,13,full_batch,batch_lora,-0.12004978954792023,1.043332815170288,0.20081688463687897
3,frozen,123,101,14,heldout_before,activation,0.0061920415610075,1.0325732231140137,0.2580183446407318
3,frozen,123,101,14,heldout_before,lora,-0.03977087885141373,1.0784205198287964,0.36541837453842163
3,frozen,123,101,14,heldout_before,batch_lora,-0.1148577332496643,1.0460283756256104,0.2128126323223114
3,frozen,123,101,14,heldout_after,activation,0.0061920415610075,1.0325732231140137,0.2580183446407318
3,frozen,123,101,14,heldout_after,lora,-0.03977087885141373,1.0784205198287964,0.36541837453842163
3,frozen,123,101,14,heldout_after,batch_lora,-0.1148577332496643,1.0460283756256104,0.2128126323223114
3,frozen,123,101,14,full_batch,activation,0.00871639046818018,1.0310766696929932,0.25430232286453247
3,frozen,123,101,14,full_batch,lora,-0.04020841792225838,1.0776817798614502,0.3641270697116852
3,frozen,123,101,14,full_batch,batch_lora,-0.1169981062412262,1.0435082912445068,0.20331139862537384
3,frozen,123,101,15,heldout_before,activation,0.007029813714325428,1.0279568433761597,0.2392914742231369
3,frozen,123,101,15,heldout_before,lora,-0.05163133516907692,1.0674076080322266,0.3274322748184204
3,frozen,123,101,15,heldout_before,batch_lora,-0.09748773276805878,1.0376147031784058,0.19602231681346893
3,frozen,123,101,15,heldout_after,activation,0.007029813714325428,1.0279568433761597,0.2392914742231369
3,frozen,123,101,15,heldout_after,lora,-0.05163133516907692,1.0674076080322266,0.3274322748184204
3,frozen,123,101,15,heldout_after,batch_lora,-0.09748773276805878,1.0376147031784058,0.19602231681346893
3,frozen,123,101,15,full_batch,activation,0.006400018930435181,1.0272550582885742,0.23569786548614502
3,frozen,123,101,15,full_batch,lora,-0.053295478224754333,1.06551992893219,0.3201638162136078
3,frozen,123,101,15,full_batch,batch_lora,-0.10685448348522186,1.0369888544082642,0.18770208954811096
3,frozen,123,101,16,heldout_before,activation,-0.0041455235332250595,1.0308778285980225,0.24257606267929077
3,frozen,123,101,16,heldout_before,lora,-0.05019153282046318,1.0700383186340332,0.3341614305973053
3,frozen,123,101,16,heldout_before,batch_lora,-0.11340660601854324,1.0393177270889282,0.19162186980247498
3,frozen,123,101,16,heldout_after,activation,-0.0041455235332250595,1.0308778285980225,0.24257606267929077
3,frozen,123,101,16,heldout_after,lora,-0.05019153282046318,1.0700383186340332,0.3341614305973053
3,frozen,123,101,16,heldout_after,batch_lora,-0.11340660601854324,1.0393177270889282,0.19162186980247498
3,frozen,123,101,16,full_batch,activation,-0.007492946460843086,1.029662847518921,0.2343837469816208
3,frozen,123,101,16,full_batch,lora,-0.05595577508211136,1.069654941558838,0.32890480756759644
3,frozen,123,101,16,full_batch,batch_lora,-0.12948957085609436,1.0400135517120361,0.1841915249824524
3,frozen,123,101,17,heldout_before,activation,-0.017253346741199493,1.0305098295211792,0.22690017521381378
3,frozen,123,101,17,heldout_before,lora,-0.0878969132900238,1.0757510662078857,0.31491994857788086
3,frozen,123,101,17,heldout_before,batch_lora,-0.17267455160617828,1.0563256740570068,0.20895403623580933
3,frozen,123,101,17,heldout_after,activation,-0.017253346741199493,1.0305098295211792,0.22690017521381378
3,frozen,123,101,17,heldout_after,lora,-0.0878969132900238,1.0757510662078857,0.31491994857788086
3,frozen,123,101,17,heldout_after,batch_lora,-0.17267455160617828,1.0563256740570068,0.20895403623580933
3,frozen,123,101,17,full_batch,activation,-0.016342073678970337,1.0293532609939575,0.2218230962753296
3,frozen,123,101,17,full_batch,lora,-0.08563736081123352,1.0738739967346191,0.3107975721359253
3,frozen,123,101,17,full_batch,batch_lora,-0.18178188800811768,1.055659294128418,0.20222516357898712
3,frozen,123,101,18,heldout_before,activation,-0.008727658540010452,1.024355411529541,0.20777246356010437
3,frozen,123,101,18,heldout_before,lora,-0.05322016403079033,1.0542209148406982,0.2810451090335846
3,frozen,123,101,18,heldout_before,batch_lora,-0.13086429238319397,1.037996768951416,0.17664629220962524
3,frozen,123,101,18,heldout_after,activation,-0.008727658540010452,1.024355411529541,0.20777246356010437
3,frozen,123,101,18,heldout_after,lora,-0.05322016403079033,1.0542209148406982,0.2810451090335846
3,frozen,123,101,18,heldout_after,batch_lora,-0.13086429238319397,1.037996768951416,0.17664629220962524
3,frozen,123,101,18,full_batch,activation,-0.007830147631466389,1.0257858037948608,0.21489398181438446
3,frozen,123,101,18,full_batch,lora,-0.057392701506614685,1.058131217956543,0.2870868742465973
3,frozen,123,101,18,full_batch,batch_lora,-0.13457155227661133,1.042075514793396,0.18796657025814056
3,frozen,123,101,19,heldout_before,activation,-0.0205371156334877,1.0239388942718506,0.19917601346969604
3,frozen,123,101,19,heldout_before,lora,-0.06385689228773117,1.0581355094909668,0.286266028881073
3,frozen,123,101,19,heldout_before,batch_lora,-0.11687909066677094,1.0359593629837036,0.17786218225955963
3,frozen,123,101,19,heldout_after,activation,-0.0205371156334877,1.0239388942718506,0.19917601346969604
3,frozen,123,101,19,heldout_after,lora,-0.06385689228773117,1.0581355094909668,0.286266028881073
3,frozen,123,101,19,heldout_after,batch_lora,-0.11687909066677094,1.0359593629837036,0.17786218225955963
3,frozen,123,101,19,full_batch,activation,-0.01740844175219536,1.0232632160186768,0.19896554946899414
3,frozen,123,101,19,full_batch,lora,-0.05246434360742569,1.054553747177124,0.2843973636627197
3,frozen,123,101,19,full_batch,batch_lora,-0.1017049252986908,1.0322542190551758,0.17378173768520355
3,frozen,123,101,20,heldout_before,activation,-0.018598247319459915,1.0224411487579346,0.18948546051979065
3,frozen,123,101,20,heldout_before,lora,-0.056799694895744324,1.0508836507797241,0.26903074979782104
3,frozen,123,101,20,heldout_before,batch_lora,-0.11741910874843597,1.0326188802719116,0.16558095812797546
3,frozen,123,101,20,heldout_after,activation,-0.018598247319459915,1.0224411487579346,0.18948546051979065
3,frozen,123,101,20,heldout_after,lora,-0.056799694895744324,1.0508836507797241,0.26903074979782104
3,frozen,123,101,20,heldout_after,batch_lora,-0.11741910874843597,1.0326188802719116,0.16558095812797546
3,frozen,123,101,20,full_batch,activation,-0.01700102537870407,1.0236676931381226,0.19703476130962372
3,frozen,123,101,20,full_batch,lora,-0.05610400438308716,1.0539050102233887,0.2789871096611023
3,frozen,123,101,20,full_batch,batch_lora,-0.10928478837013245,1.033529281616211,0.17378053069114685
3,frozen,123,101,21,heldout_before,activation,-0.018658023327589035,1.0159014463424683,0.15891602635383606
3,frozen,123,101,21,heldout_before,lora,-0.05970725789666176,1.0354646444320679,0.21208824217319489
3,frozen,123,101,21,heldout_before,batch_lora,-0.12723426520824432,1.0263746976852417,0.13664758205413818
3,frozen,123,101,21,heldout_after,activation,-0.018658023327589035,1.0159014463424683,0.15891602635383606
3,frozen,123,101,21,heldout_after,lora,-0.05970725789666176,1.0354646444320679,0.21208824217319489
3,frozen,123,101,21,heldout_after,batch_lora,-0.12723426520824432,1.0263746976852417,0.13664758205413818
3,frozen,123,101,21,full_batch,activation,-0.016461770981550217,1.015082836151123,0.15566018223762512
3,frozen,123,101,21,full_batch,lora,-0.053229618817567825,1.0336408615112305,0.21048346161842346
3,frozen,123,101,21,full_batch,batch_lora,-0.11685853451490402,1.0244014263153076,0.1342470794916153
3,frozen,123,101,22,heldout_before,activation,-0.014379997737705708,1.0139527320861816,0.1511208415031433
3,frozen,123,101,22,heldout_before,lora,-0.03904762491583824,1.0299205780029297,0.21166615188121796
3,frozen,123,101,22,heldout_before,batch_lora,-0.07248570024967194,1.0165226459503174,0.1239132210612297
3,frozen,123,101,22,heldout_after,activation,-0.014379997737705708,1.0139527320861816,0.1511208415031433
3,frozen,123,101,22,heldout_after,lora,-0.03904762491583824,1.0299205780029297,0.21166615188121796
3,frozen,123,101,22,heldout_after,batch_lora,-0.07248570024967194,1.0165226459503174,0.1239132210612297
3,frozen,123,101,22,full_batch,activation,-0.01751072145998478,1.01454758644104,0.15175968408584595
3,frozen,123,101,22,full_batch,lora,-0.05461808294057846,1.0330888032913208,0.21170514822006226
3,frozen,123,101,22,full_batch,batch_lora,-0.10641574114561081,1.0208101272583008,0.12462017685174942
3,frozen,123,101,23,heldout_before,activation,-0.009861912578344345,1.016325831413269,0.16630807518959045
3,frozen,123,101,23,heldout_before,lora,-0.05579337477684021,1.0362342596054077,0.22117634117603302
3,frozen,123,101,23,heldout_before,batch_lora,-0.09715142846107483,1.0249742269515991,0.1478189080953598
3,frozen,123,101,23,heldout_after,activation,-0.009861912578344345,1.016325831413269,0.16630807518959045
3,frozen,123,101,23,heldout_after,lora,-0.05579337477684021,1.0362342596054077,0.22117634117603302
3,frozen,123,101,23,heldout_after,batch_lora,-0.09715142846107483,1.0249742269515991,0.1478189080953598
3,frozen,123,101,23,full_batch,activation,-0.009122714400291443,1.016391396522522,0.16673147678375244
3,frozen,123,101,23,full_batch,lora,-0.05205337330698967,1.0366904735565186,0.2243042290210724
3,frozen,123,101,23,full_batch,batch_lora,-0.09634163975715637,1.0254666805267334,0.15036407113075256
3,frozen,123,101,24,heldout_before,activation,0.00100050400942564,1.0149648189544678,0.169353187084198
3,frozen,123,101,24,heldout_before,lora,-0.0382988341152668,1.0321415662765503,0.21392612159252167
3,frozen,123,101,24,heldout_before,batch_lora,-0.054876379668712616,1.0200575590133667,0.15375980734825134
3,frozen,123,101,24,heldout_after,activation,0.00100050400942564,1.0149648189544678,0.169353187084198
3,frozen,123,101,24,heldout_after,lora,-0.0382988341152668,1.0321415662765503,0.21392612159252167
3,frozen,123,101,24,heldout_after,batch_lora,-0.054876379668712616,1.0200575590133667,0.15375980734825134
3,frozen,123,101,24,full_batch,activation,0.0015503312461078167,1.0142911672592163,0.1647728979587555
3,frozen,123,101,24,full_batch,lora,-0.042426686733961105,1.0319113731384277,0.20879659056663513
3,frozen,123,101,24,full_batch,batch_lora,-0.06221050024032593,1.0205891132354736,0.15103161334991455
3,frozen,123,101,25,heldout_before,activation,-0.0035774961579591036,1.0144777297973633,0.16288821399211884
3,frozen,123,101,25,heldout_before,lora,-0.03732145577669144,1.0358316898345947,0.23160478472709656
3,frozen,123,101,25,heldout_before,batch_lora,-0.0720968097448349,1.0245110988616943,0.1620415896177292
3,frozen,123,101,25,heldout_after,activation,-0.0035774961579591036,1.0144777297973633,0.16288821399211884
3,frozen,123,101,25,heldout_after,lora,-0.03732145577669144,1.0358316898345947,0.23160478472709656
3,frozen,123,101,25,heldout_after,batch_lora,-0.0720968097448349,1.0245110988616943,0.1620415896177292
3,frozen,123,101,25,full_batch,activation,-0.002910810522735119,1.0149166584014893,0.16653874516487122
3,frozen,123,101,25,full_batch,lora,-0.034257519990205765,1.0374712944030762,0.24056661128997803
3,frozen,123,101,25,full_batch,batch_lora,-0.06849334388971329,1.02486252784729,0.16610145568847656
3,frozen,123,101,26,heldout_before,activation,-0.0048602791503071785,1.0151920318603516,0.16270771622657776
3,frozen,123,101,26,heldout_before,lora,-0.04315364733338356,1.038766860961914,0.2371421754360199
3,frozen,123,101,26,heldout_before,batch_lora,-0.06746362894773483,1.0238306522369385,0.1622767150402069
3,frozen,123,101,26,heldout_after,activation,-0.0048602791503071785,1.0151920318603516,0.16270771622657776
3,frozen,123,101,26,heldout_after,lora,-0.04315364733338356,1.038766860961914,0.2371421754360199
3,frozen,123,101,26,heldout_after,batch_lora,-0.06746362894773483,1.0238306522369385,0.1622767150402069
3,frozen,123,101,26,full_batch,activation,-0.003927731886506081,1.0145032405853271,0.15958553552627563
3,frozen,123,101,26,full_batch,lora,-0.045308057218790054,1.0375196933746338,0.23106920719146729
3,frozen,123,101,26,full_batch,batch_lora,-0.06988020986318588,1.0230637788772583,0.15714995563030243
3,frozen,123,101,27,heldout_before,activation,-0.002314347540959716,1.0137200355529785,0.1572955846786499
3,frozen,123,101,27,heldout_before,lora,-0.05190771445631981,1.0422041416168213,0.23548151552677155
3,frozen,123,101,27,heldout_before,batch_lora,-0.093494713306427,1.0294312238693237,0.16817313432693481
3,frozen,123,101,27,heldout_after,activation,-0.002314347540959716,1.0137200355529785,0.1572955846786499
3,frozen,123,101,27,heldout_after,lora,-0.05190771445631981,1.0422041416168213,0.23548151552677155
3,frozen,123,101,27,heldout_after,batch_lora,-0.093494713306427,1.0294312238693237,0.16817313432693481
3,frozen,123,101,27,full_batch,activation,-0.002856096252799034,1.013392448425293,0.1546027809381485
3,frozen,123,101,27,full_batch,lora,-0.057155437767505646,1.0421829223632812,0.2323668897151947
3,frozen,123,101,27,full_batch,batch_lora,-0.09825104475021362,1.0300933122634888,0.16772957146167755
3,frozen,123,101,28,heldout_before,activation,-0.006543958093971014,1.013672113418579,0.15129274129867554
3,frozen,123,101,28,heldout_before,lora,-0.07643210887908936,1.044156789779663,0.22898614406585693
3,frozen,123,101,28,heldout_before,batch_lora,-0.10915866494178772,1.0343583822250366,0.17687071859836578
3,frozen,123,101,28,heldout_after,activation,-0.006543958093971014,1.013672113418579,0.15129274129867554
3,frozen,123,101,28,heldout_after,lora,-0.07643210887908936,1.044156789779663,0.22898614406585693
3,frozen,123,101,28,heldout_after,batch_lora,-0.10915866494178772,1.0343583822250366,0.17687071859836578
3,frozen,123,101,28,full_batch,activation,-0.005592845380306244,1.01377534866333,0.1531067043542862
3,frozen,123,101,28,full_batch,lora,-0.07484956085681915,1.0441797971725464,0.23056329786777496
3,frozen,123,101,28,full_batch,batch_lora,-0.10789646953344345,1.034578561782837,0.1784500926733017
3,frozen,123,101,29,heldout_before,activation,-0.005393759813159704,1.0137343406677246,0.15589819848537445
3,frozen,123,101,29,heldout_before,lora,-0.07860427349805832,1.0498182773590088,0.24785244464874268
3,frozen,123,101,29,heldout_before,batch_lora,-0.1252852827310562,1.0390468835830688,0.1834454983472824
3,frozen,123,101,29,heldout_after,activation,-0.005393759813159704,1.0137343406677246,0.15589819848537445
3,frozen,123,101,29,heldout_after,lora,-0.07860427349805832,1.0498182773590088,0.24785244464874268
3,frozen,123,101,29,heldout_after,batch_lora,-0.1252852827310562,1.0390468835830688,0.1834454983472824
3,frozen,123,101,29,full_batch,activation,-0.005103178322315216,1.0139756202697754,0.1577991396188736
3,frozen,123,101,29,full_batch,lora,-0.0803305134177208,1.0518027544021606,0.2516385316848755
3,frozen,123,101,29,full_batch,batch_lora,-0.1261654794216156,1.041225790977478,0.19017113745212555
3,frozen,123,101,30,heldout_before,activation,-0.005939164664596319,1.0128374099731445,0.14726398885250092
3,frozen,123,101,30,heldout_before,lora,-0.0917753204703331,1.0588430166244507,0.2598346173763275
3,frozen,123,101,30,heldout_before,batch_lora,-0.15212078392505646,1.048378825187683,0.1975063979625702
3,frozen,123,101,30,heldout_after,activation,-0.005939164664596319,1.0128374099731445,0.14726398885250092
3,frozen,123,101,30,heldout_after,lora,-0.0917753204703331,1.0588430166244507,0.2598346173763275
3,frozen,123,101,30,heldout_after,batch_lora,-0.15212078392505646,1.048378825187683,0.1975063979625702
3,frozen,123,101,30,full_batch,activation,-0.006536434404551983,1.0126627683639526,0.14520065486431122
3,frozen,123,101,30,full_batch,lora,-0.08496007323265076,1.0560357570648193,0.2561585307121277
3,frozen,123,101,30,full_batch,batch_lora,-0.1448405385017395,1.044479489326477,0.1896982491016388
3,frozen,123,101,31,heldout_before,activation,-0.011863683350384235,1.0110409259796143,0.1321665495634079
3,frozen,123,101,31,heldout_before,lora,-0.11602715402841568,1.0538181066513062,0.22764578461647034
3,frozen,123,101,31,heldout_before,batch_lora,-0.19485080242156982,1.047692060470581,0.1734229326248169
3,frozen,123,101,31,heldout_after,activation,-0.011863683350384235,1.0110409259796143,0.1321665495634079
3,frozen,123,101,31,heldout_after,lora,-0.11602715402841568,1.0538181066513062,0.22764578461647034
3,frozen,123,101,31,heldout_after,batch_lora,-0.19485080242156982,1.047692060470581,0.1734229326248169
3,frozen,123,101,31,full_batch,activation,-0.012148888781666756,1.0116064548492432,0.1359671950340271
3,frozen,123,101,31,full_batch,lora,-0.11632269620895386,1.0577869415283203,0.2385255992412567
3,frozen,123,101,31,full_batch,batch_lora,-0.19382618367671967,1.0504592657089233,0.18171799182891846
3,frozen,123,101,32,heldout_before,activation,-0.007923069410026073,1.0097910165786743,0.12397390604019165
3,frozen,123,101,32,heldout_before,lora,-0.11994875222444534,1.0590167045593262,0.23621225357055664
3,frozen,123,101,32,heldout_before,batch_lora,-0.18487295508384705,1.0510085821151733,0.18768168985843658
3,frozen,123,101,32,heldout_after,activation,-0.007923069410026073,1.0097910165786743,0.12397390604019165
3,frozen,123,101,32,heldout_after,lora,-0.11994875222444534,1.0590167045593262,0.23621225357055664
3,frozen,123,101,32,heldout_after,batch_lora,-0.18487295508384705,1.0510085821151733,0.18768168985843658
3,frozen,123,101,32,full_batch,activation,-0.006651533767580986,1.0101264715194702,0.12812748551368713
3,frozen,123,101,32,full_batch,lora,-0.11917075514793396,1.0626001358032227,0.24673151969909668
3,frozen,123,101,32,full_batch,batch_lora,-0.1842760145664215,1.0532169342041016,0.1941726803779602
3,frozen,124,102,1,heldout_before,activation,0.5364624261856079,0.8135400414466858,0.5379865169525146
3,frozen,124,102,1,heldout_before,lora,0.733120858669281,0.6432874798774719,0.813210666179657
3,frozen,124,102,1,heldout_before,batch_lora,0.940397322177887,0.3442513346672058,0.9938399195671082
3,frozen,124,102,1,heldout_after,activation,0.5364624261856079,0.8135400414466858,0.5379865169525146
3,frozen,124,102,1,heldout_after,lora,0.733120858669281,0.6432874798774719,0.813210666179657
3,frozen,124,102,1,heldout_after,batch_lora,0.940397322177887,0.3442513346672058,0.9938399195671082
3,frozen,124,102,1,full_batch,activation,0.5404965877532959,0.8130825757980347,0.5350650548934937
3,frozen,124,102,1,full_batch,lora,0.7389342784881592,0.6402691602706909,0.8133900165557861
3,frozen,124,102,1,full_batch,batch_lora,0.9462271928787231,0.3254567086696625,0.9818361401557922
3,frozen,124,102,2,heldout_before,activation,0.18791238963603973,1.132010579109192,0.6299147009849548
3,frozen,124,102,2,heldout_before,lora,0.3499985337257385,1.118957281112671,0.8684301972389221
3,frozen,124,102,2,heldout_before,batch_lora,-0.37980979681015015,1.7202091217041016,1.0704917907714844
3,frozen,124,102,2,heldout_after,activation,0.18791238963603973,1.132010579109192,0.6299147009849548
3,frozen,124,102,2,heldout_after,lora,0.3499985337257385,1.118957281112671,0.8684301972389221
3,frozen,124,102,2,heldout_after,batch_lora,-0.37980979681015015,1.7202091217041016,1.0704917907714844
3,frozen,124,102,2,full_batch,activation,0.18224504590034485,1.15970778465271,0.663414716720581
3,frozen,124,102,2,full_batch,lora,0.3382207453250885,1.1619199514389038,0.9126596450805664
3,frozen,124,102,2,full_batch,batch_lora,-0.45673424005508423,1.7590135335922241,1.0607421398162842
3,frozen,124,102,3,heldout_before,activation,0.1276237964630127,1.1233863830566406,0.5924443006515503
3,frozen,124,102,3,heldout_before,lora,0.26173704862594604,1.1544528007507324,0.8475199937820435
3,frozen,124,102,3,heldout_before,batch_lora,-0.2020280659198761,1.4049593210220337,0.8053080439567566
3,frozen,124,102,3,heldout_after,activation,0.1276237964630127,1.1233863830566406,0.5924443006515503
3,frozen,124,102,3,heldout_after,lora,0.26173704862594604,1.1544528007507324,0.8475199937820435
3,frozen,124,102,3,heldout_after,batch_lora,-0.2020280659198761,1.4049593210220337,0.8053080439567566
3,frozen,124,102,3,full_batch,activation,0.12414290010929108,1.1220835447311401,0.5864314436912537
3,frozen,124,102,3,full_batch,lora,0.25054723024368286,1.1538029909133911,0.8316188454627991
3,frozen,124,102,3,full_batch,batch_lora,-0.22243410348892212,1.4633500576019287,0.868835985660553
3,frozen,124,102,4,heldout_before,activation,0.03874920681118965,1.0255305767059326,0.2703617215156555
3,frozen,124,102,4,heldout_before,lora,0.06455325335264206,1.0408169031143188,0.38614028692245483
3,frozen,124,102,4,heldout_before,batch_lora,-0.18319866061210632,1.0599361658096313,0.2130667120218277
3,frozen,124,102,4,heldout_after,activation,0.03874920681118965,1.0255305767059326,0.2703617215156555
3,frozen,124,102,4,heldout_after,lora,0.06455325335264206,1.0408169031143188,0.38614028692245483
3,frozen,124,102,4,heldout_after,batch_lora,-0.18319866061210632,1.0599361658096313,0.2130667120218277
3,frozen,124,102,4,full_batch,activation,0.04105614870786667,1.0257240533828735,0.27345651388168335
3,frozen,124,102,4,full_batch,lora,0.06930216401815414,1.04313325881958,0.39363959431648254
3,frozen,124,102,4,full_batch,batch_lora,-0.1858038753271103,1.0600556135177612,0.21199141442775726
3,frozen,124,102,5,heldout_before,activation,0.04850192740559578,1.0189809799194336,0.24707259237766266
3,frozen,124,102,5,heldout_before,lora,0.06691376864910126,1.0337085723876953,0.3542029559612274
3,frozen,124,102,5,heldout_before,batch_lora,-0.1735527515411377,1.0495210886001587,0.18923524022102356
3,frozen,124,102,5,heldout_after,activation,0.04850192740559578,1.0189809799194336,0.24707259237766266
3,frozen,124,102,5,heldout_after,lora,0.06691376864910126,1.0337085723876953,0.3542029559612274
3,frozen,124,102,5,heldout_after,batch_lora,-0.1735527515411377,1.0495210886001587,0.18923524022102356
3,frozen,124,102,5,full_batch,activation,0.044137030839920044,1.0204514265060425,0.24821312725543976
3,frozen,124,102,5,full_batch,lora,0.056259557604789734,1.0376124382019043,0.35500866174697876
3,frozen,124,102,5,full_batch,batch_lora,-0.1846018135547638,1.0525468587875366,0.19213780760765076
3,frozen,124,102,6,heldout_before,activation,0.06575588881969452,1.0166996717453003,0.25486984848976135
3,frozen,124,102,6,heldout_before,lora,0.08579816669225693,1.025730013847351,0.3361257314682007
3,frozen,124,102,6,heldout_before,batch_lora,-0.0867922455072403,1.0430301427841187,0.22214901447296143
3,frozen,124,102,6,heldout_after,activation,0.06575588881969452,1.0166996717453003,0.25486984848976135
3,frozen,124,102,6,heldout_after,lora,0.08579816669225693,1.025730013847351,0.3361257314682007
3,frozen,124,102,6,heldout_after,batch_lora,-0.0867922455072403,1.0430301427841187,0.22214901447296143
3,frozen,124,102,6,full_batch,activation,0.06221655756235123,1.0174932479858398,0.25500035285949707
3,frozen,124,102,6,full_batch,lora,0.07965460419654846,1.0272551774978638,0.3345567584037781
3,frozen,124,102,6,full_batch,batch_lora,-0.10558279603719711,1.0457731485366821,0.2181287407875061
3,frozen,124,102,7,heldout_before,activation,0.05498813837766647,1.0215543508529663,0.2625950574874878
3,frozen,124,102,7,heldout_before,lora,0.06314068287611008,1.0416783094406128,0.36989882588386536
3,frozen,124,102,7,heldout_before,batch_lora,-0.06680047512054443,1.0397690534591675,0.22574321925640106
3,frozen,124,102,7,heldout_after,activation,0.05498813837766647,1.0215543508529663,0.2625950574874878
3,frozen,124,102,7,heldout_after,lora,0.06314068287611008,1.0416783094406128,0.36989882588386536
3,frozen,124,102,7,heldout_after,batch_lora,-0.06680047512054443,1.0397690534591675,0.22574321925640106
3,frozen,124,102,7,full_batch,activation,0.05451952666044235,1.0213792324066162,0.2612948417663574
3,frozen,124,102,7,full_batch,lora,0.06203348934650421,1.042332649230957,0.37017160654067993
3,frozen,124,102,7,full_batch,batch_lora,-0.08079580962657928,1.041243553161621,0.22039513289928436
3,frozen,124,102,8,heldout_before,activation,0.029479198157787323,1.0270702838897705,0.25240370631217957
3,frozen,124,102,8,heldout_before,lora,-9.287787543144077e-05,1.0573761463165283,0.339489609003067
3,frozen,124,102,8,heldout_before,batch_lora,-0.18932397663593292,1.0619019269943237,0.21500177681446075
3,frozen,124,102,8,heldout_after,activation,0.029479198157787323,1.0270702838897705,0.25240370631217957
3,frozen,124,102,8,heldout_after,lora,-9.287787543144077e-05,1.0573761463165283,0.339489609003067
3,frozen,124,102,8,heldout_after,batch_lora,-0.18932397663593292,1.0619019269943237,0.21500177681446075
3,frozen,124,102,8,full_batch,activation,0.027331482619047165,1.0266982316970825,0.24793976545333862
3,frozen,124,102,8,full_batch,lora,0.004251027945429087,1.0547401905059814,0.3336939811706543
3,frozen,124,102,8,full_batch,batch_lora,-0.19351521134376526,1.0597240924835205,0.20706352591514587
3,frozen,124,102,9,heldout_before,activation,0.017307719215750694,1.0233339071273804,0.22423923015594482
3,frozen,124,102,9,heldout_before,lora,-0.02471856400370598,1.0505212545394897,0.2935916781425476
3,frozen,124,102,9,heldout_before,batch_lora,-0.17885522544384003,1.0491745471954346,0.18550249934196472
3,frozen,124,102,9,heldout_after,activation,0.017307719215750694,1.0233339071273804,0.22423923015594482
3,frozen,124,102,9,heldout_after,lora,-0.02471856400370598,1.0505212545394897,0.2935916781425476
3,frozen,124,102,9,heldout_after,batch_lora,-0.17885522544384003,1.0491745471954346,0.18550249934196472
3,frozen,124,102,9,full_batch,activation,0.017430320382118225,1.02153742313385,0.21538226306438446
3,frozen,124,102,9,full_batch,lora,-0.026394888758659363,1.0486643314361572,0.28621813654899597
3,frozen,124,102,9,full_batch,batch_lora,-0.18929840624332428,1.0459303855895996,0.17098532617092133
3,frozen,124,102,10,heldout_before,activation,0.011878699995577335,1.0219908952713013,0.2190009355545044
3,frozen,124,102,10,heldout_before,lora,-0.019270924851298332,1.0509746074676514,0.304122656583786
3,frozen,124,102,10,heldout_before,batch_lora,-0.11723187565803528,1.0406365394592285,0.19368240237236023
3,frozen,124,102,10,heldout_after,activation,0.011878699995577335,1.0219908952713013,0.2190009355545044
3,frozen,124,102,10,heldout_after,lora,-0.019270924851298332,1.0509746074676514,0.304122656583786
3,frozen,124,102,10,heldout_after,batch_lora,-0.11723187565803528,1.0406365394592285,0.19368240237236023
3,frozen,124,102,10,full_batch,activation,0.01298808865249157,1.0215423107147217,0.21802595257759094
3,frozen,124,102,10,full_batch,lora,-0.016335828229784966,1.0492937564849854,0.3006916046142578
3,frozen,124,102,10,full_batch,batch_lora,-0.11154438555240631,1.0391387939453125,0.19218499958515167
3,frozen,124,102,11,heldout_before,activation,0.016735125333070755,1.0197398662567139,0.21558858454227448
3,frozen,124,102,11,heldout_before,lora,-0.031681083142757416,1.049478530883789,0.2884525656700134
3,frozen,124,102,11,heldout_before,batch_lora,-0.09941394627094269,1.0367512702941895,0.19168098270893097
3,frozen,124,102,11,heldout_after,activation,0.016735125333070755,1.0197398662567139,0.21558858454227448
3,frozen,124,102,11,heldout_after,lora,-0.031681083142757416,1.049478530883789,0.2884525656700134
3,frozen,124,102,11,heldout_after,batch_lora,-0.09941394627094269,1.0367512702941895,0.19168098270893097
3,frozen,124,102,11,full_batch,activation,0.019624415785074234,1.019407033920288,0.21610629558563232
3,frozen,124,102,11,full_batch,lora,-0.024263642728328705,1.048187494277954,0.2895069122314453
3,frozen,124,102,11,full_batch,batch_lora,-0.10626579821109772,1.03928542137146,0.19606991112232208
3,frozen,124,102,12,heldout_before,activation,0.009112715721130371,1.0156307220458984,0.1869334876537323
3,frozen,124,102,12,heldout_before,lora,-0.0276845283806324,1.039871096611023,0.2572996914386749
3,frozen,124,102,12,heldout_before,batch_lora,-0.11217325925827026,1.0260295867919922,0.1434035301208496
3,frozen,124,102,12,heldout_after,activation,0.009112715721130371,1.0156307220458984,0.1869334876537323
3,frozen,124,102,12,heldout_after,lora,-0.0276845283806324,1.039871096611023,0.2572996914386749
3,frozen,124,102,12,heldout_after,batch_lora,-0.11217325925827026,1.0260295867919922,0.1434035301208496
3,frozen,124,102,12,full_batch,activation,0.006366889923810959,1.0152654647827148,0.18172259628772736
3,frozen,124,102,12,full_batch,lora,-0.02148815058171749,1.0381262302398682,0.2582447826862335
3,frozen,124,102,12,full_batch,batch_lora,-0.11692503094673157,1.0253407955169678,0.1380167305469513
3,frozen,124,102,13,heldout_before,activation,0.0063539776019752026,1.0137245655059814,0.1712125837802887
3,frozen,124,102,13,heldout_before,lora,-0.053936176002025604,1.0373843908309937,0.2281077653169632
3,frozen,124,102,13,heldout_before,batch_lora,-0.15763743221759796,1.0324389934539795,0.14365936815738678
3,frozen,124,102,13,heldout_after,activation,0.0063539776019752026,1.0137245655059814,0.1712125837802887
3,frozen,124,102,13,heldout_after,lora,-0.053936176002025604,1.0373843908309937,0.2281077653169632
3,frozen,124,102,13,heldout_after,batch_lora,-0.15763743221759796,1.0324389934539795,0.14365936815738678
3,frozen,124,102,13,full_batch,activation,0.007818194106221199,1.0137450695037842,0.17334550619125366
3,frozen,124,102,13,full_batch,lora,-0.044800154864788055,1.0355347394943237,0.233564093708992
3,frozen,124,102,13,full_batch,batch_lora,-0.15648402273654938,1.031237006187439,0.14005810022354126
3,frozen,124,102,14,heldout_before,activation,0.003813565708696842,1.0136322975158691,0.16765090823173523
3,frozen,124,102,14,heldout_before,lora,-0.03796897828578949,1.0365972518920898,0.23837700486183167
3,frozen,124,102,14,heldout_before,batch_lora,-0.14858834445476532,1.0316778421401978,0.1454145312309265
3,frozen,124,102,14,heldout_after,activation,0.003813565708696842,1.0136322975158691,0.16765090823173523
3,frozen,124,102,14,heldout_after,lora,-0.03796897828578949,1.0365972518920898,0.23837700486183167
3,frozen,124,102,14,heldout_after,batch_lora,-0.14858834445476532,1.0316778421401978,0.1454145312309265
3,frozen,124,102,14,full_batch,activation,0.003238765988498926,1.0142297744750977,0.1705341339111328
3,frozen,124,102,14,full_batch,lora,-0.0480966791510582,1.0384161472320557,0.23694485425949097
3,frozen,124,102,14,full_batch,batch_lora,-0.1639750748872757,1.0350120067596436,0.1492941677570343
3,frozen,124,102,15,heldout_before,activation,-0.005998900160193443,1.0127915143966675,0.152205690741539
3,frozen,124,102,15,heldout_before,lora,-0.06294256448745728,1.0347777605056763,0.20762105286121368
3,frozen,124,102,15,heldout_before,batch_lora,-0.16382530331611633,1.0333187580108643,0.1437239944934845
3,frozen,124,102,15,heldout_after,activation,-0.005998900160193443,1.0127915143966675,0.152205690741539
3,frozen,124,102,15,heldout_after,lora,-0.06294256448745728,1.0347777605056763,0.20762105286121368
3,frozen,124,102,15,heldout_after,batch_lora,-0.16382530331611633,1.0333187580108643,0.1437239944934845
3,frozen,124,102,15,full_batch,activation,-0.0022068507969379425,1.012117862701416,0.15078726410865784
3,frozen,124,102,15,full_batch,lora,-0.04763331264257431,1.0323805809020996,0.21026912331581116
3,frozen,124,102,15,full_batch,batch_lora,-0.14959366619586945,1.0290354490280151,0.13552439212799072
3,frozen,124,102,16,heldout_before,activation,-0.0028209073934704065,1.0134751796722412,0.16005811095237732
3,frozen,124,102,16,heldout_before,lora,-0.041323620826005936,1.0357444286346436,0.23323743045330048
3,frozen,124,102,16,heldout_before,batch_lora,-0.11177204549312592,1.0285711288452148,0.15365521609783173
3,frozen,124,102,16,heldout_after,activation,-0.0028209073934704065,1.0134751796722412,0.16005811095237732
3,frozen,124,102,16,heldout_after,lora,-0.041323620826005936,1.0357444286346436,0.23323743045330048
3,frozen,124,102,16,heldout_after,batch_lora,-0.11177204549312592,1.0285711288452148,0.15365521609783173
3,frozen,124,102,16,full_batch,activation,-0.006627783644944429,1.0140964984893799,0.16030864417552948
3,frozen,124,102,16,full_batch,lora,-0.04248438775539398,1.0366312265396118,0.23559963703155518
3,frozen,124,102,16,full_batch,batch_lora,-0.11982423812150955,1.0285253524780273,0.14891809225082397
3,frozen,124,102,17,heldout_before,activation,-0.005814709234982729,1.0124717950820923,0.1508931815624237
3,frozen,124,102,17,heldout_before,lora,-0.05153258517384529,1.0381147861480713,0.23513777554035187
3,frozen,124,102,17,heldout_before,batch_lora,-0.14879927039146423,1.0272278785705566,0.12929831445217133
3,frozen,124,102,17,heldout_after,activation,-0.005814709234982729,1.0124717950820923,0.1508931815624237
3,frozen,124,102,17,heldout_after,lora,-0.05153258517384529,1.0381147861480713,0.23513777554035187
3,frozen,124,102,17,heldout_after,batch_lora,-0.14879927039146423,1.0272278785705566,0.12929831445217133
3,frozen,124,102,17,full_batch,activation,-0.007040508557111025,1.0128183364868164,0.15154296159744263
3,frozen,124,102,17,full_batch,lora,-0.057834088802337646,1.0395740270614624,0.235972598195076
3,frozen,124,102,17,full_batch,batch_lora,-0.14975504577159882,1.0281487703323364,0.13223159313201904
3,frozen,124,102,18,heldout_before,activation,-0.0022639345843344927,1.01631498336792,0.173230841755867
3,frozen,124,102,18,heldout_before,lora,-0.038065843284130096,1.0443261861801147,0.25505000352859497
3,frozen,124,102,18,heldout_before,batch_lora,-0.11671659350395203,1.0371181964874268,0.18200890719890594
3,frozen,124,102,18,heldout_after,activation,-0.0022639345843344927,1.01631498336792,0.173230841755867
3,frozen,124,102,18,heldout_after,lora,-0.038065843284130096,1.0443261861801147,0.25505000352859497
3,frozen,124,102,18,heldout_after,batch_lora,-0.11671659350395203,1.0371181964874268,0.18200890719890594
3,frozen,124,102,18,full_batch,activation,-0.0038826835807412863,1.0160257816314697,0.17059670388698578
3,frozen,124,102,18,full_batch,lora,-0.031331323087215424,1.04168701171875,0.25337672233581543
3,frozen,124,102,18,full_batch,batch_lora,-0.11002510786056519,1.0329310894012451,0.1711374819278717
3,frozen,124,102,19,heldout_before,activation,-0.01064105425029993,1.0162290334701538,0.1633913218975067
3,frozen,124,102,19,heldout_before,lora,-0.08189336210489273,1.0421942472457886,0.2197413593530655
3,frozen,124,102,19,heldout_before,batch_lora,-0.16250278055667877,1.0386277437210083,0.1617729365825653
3,frozen,124,102,19,heldout_after,activation,-0.01064105425029993,1.0162290334701538,0.1633913218975067
3,frozen,124,102,19,heldout_after,lora,-0.08189336210489273,1.0421942472457886,0.2197413593530655
3,frozen,124,102,19,heldout_after,batch_lora,-0.16250278055667877,1.0386277437210083,0.1617729365825653
3,frozen,124,102,19,full_batch,activation,-0.009354254230856895,1.015796184539795,0.16144484281539917
3,frozen,124,102,19,full_batch,lora,-0.07642906159162521,1.0409828424453735,0.21853318810462952
3,frozen,124,102,19,full_batch,batch_lora,-0.1614413559436798,1.0374566316604614,0.15852661430835724
3,frozen,124,102,20,heldout_before,activation,-0.00496765598654747,1.0184789896011353,0.18185211718082428
3,frozen,124,102,20,heldout_before,lora,-0.042646270245313644,1.0432815551757812,0.256028413772583
3,frozen,124,102,20,heldout_before,batch_lora,-0.10186805576086044,1.0347777605056763,0.18298622965812683
3,frozen,124,102,20,heldout_after,activation,-0.00496765598654747,1.0184789896011353,0.18185211718082428
3,frozen,124,102,20,heldout_after,lora,-0.042646270245313644,1.0432815551757812,0.256028413772583
3,frozen,124,102,20,heldout_after,batch_lora,-0.10186805576086044,1.0347777605056763,0.18298622965812683
3,frozen,124,102,20,full_batch,activation,-0.0039056388195604086,1.0181846618652344,0.181176096200943
3,frozen,124,102,20,full_batch,lora,-0.04230552911758423,1.0419223308563232,0.25225454568862915
3,frozen,124,102,20,full_batch,batch_lora,-0.09341627359390259,1.0334854125976562,0.1837456226348877
3,frozen,124,102,21,heldout_before,activation,-0.014194394461810589,1.0152324438095093,0.15492692589759827
3,frozen,124,102,21,heldout_before,lora,-0.07128200680017471,1.0391249656677246,0.21511919796466827
3,frozen,124,102,21,heldout_before,batch_lora,-0.16862405836582184,1.0361417531967163,0.15078751742839813
3,frozen,124,102,21,heldout_after,activation,-0.014194394461810589,1.0152324438095093,0.15492692589759827
3,frozen,124,102,21,heldout_after,lora,-0.07128200680017471,1.0391249656677246,0.21511919796466827
3,frozen,124,102,21,heldout_after,batch_lora,-0.16862405836582184,1.0361417531967163,0.15078751742839813
3,frozen,124,102,21,full_batch,activation,-0.014385562390089035,1.014750361442566,0.15188008546829224
3,frozen,124,102,21,full_batch,lora,-0.07624965906143188,1.0389080047607422,0.21173250675201416
3,frozen,124,102,21,full_batch,batch_lora,-0.17841048538684845,1.0356669425964355,0.144755557179451
3,frozen,124,102,22,heldout_before,activation,-0.022120727226138115,1.0147054195404053,0.1421632021665573
3,frozen,124,102,22,heldout_before,lora,-0.09235741943120956,1.0422301292419434,0.20344673097133636
3,frozen,124,102,22,heldout_before,batch_lora,-0.17585133016109467,1.0364940166473389,0.1485612392425537
3,frozen,124,102,22,heldout_after,activation,-0.022120727226138115,1.0147054195404053,0.1421632021665573
3,frozen,124,102,22,heldout_after,lora,-0.09235741943120956,1.0422301292419434,0.20344673097133636
3,frozen,124,102,22,heldout_after,batch_lora,-0.17585133016109467,1.0364940166473389,0.1485612392425537
3,frozen,124,102,22,full_batch,activation,-0.021995529532432556,1.014124870300293,0.13914754986763
3,frozen,124,102,22,full_batch,lora,-0.08993683755397797,1.0408921241760254,0.2008763551712036
3,frozen,124,102,22,full_batch,batch_lora,-0.1738084852695465,1.0345724821090698,0.14328710734844208
3,frozen,124,102,23,heldout_before,activation,-0.02689553238451481,1.0069043636322021,0.08810695260763168
3,frozen,124,102,23,heldout_before,lora,-0.05396299064159393,1.0180749893188477,0.13702887296676636
3,frozen,124,102,23,heldout_before,batch_lora,-0.1254267394542694,1.013243556022644,0.0804717168211937
3,frozen,124,102,23,heldout_after,activation,-0.02689553238451481,1.0069043636322021,0.08810695260763168
3,frozen,124,102,23,heldout_after,lora,-0.05396299064159393,1.0180749893188477,0.13702887296676636
3,frozen,124,102,23,heldout_after,batch_lora,-0.1254267394542694,1.013243556022644,0.0804717168211937
3,frozen,124,102,23,full_batch,activation,-0.025037163868546486,1.007110595703125,0.09122824668884277
3,frozen,124,102,23,full_batch,lora,-0.05290202051401138,1.0188629627227783,0.14238861203193665
3,frozen,124,102,23,full_batch,batch_lora,-0.12092357873916626,1.0139003992080688,0.08551415801048279
3,frozen,124,102,24,heldout_before,activation,-0.008955392055213451,1.0075914859771729,0.10323777049779892
3,frozen,124,102,24,heldout_before,lora,-0.06040604040026665,1.0208392143249512,0.14379316568374634
3,frozen,124,102,24,heldout_before,batch_lora,-0.11370398849248886,1.0149871110916138,0.09396813809871674
3,frozen,124,102,24,heldout_after,activation,-0.008955392055213451,1.0075914859771729,0.10323777049779892
3,frozen,124,102,24,heldout_after,lora,-0.06040604040026665,1.0208392143249512,0.14379316568374634
3,frozen,124,102,24,heldout_after,batch_lora,-0.11370398849248886,1.0149871110916138,0.09396813809871674
3,frozen,124,102,24,full_batch,activation,-0.008997377008199692,1.0074841976165771,0.10219462215900421
3,frozen,124,102,24,full_batch,lora,-0.0587577149271965,1.020719051361084,0.14349277317523956
3,frozen,124,102,24,full_batch,batch_lora,-0.11553417146205902,1.0150858163833618,0.09362422674894333
3,frozen,124,102,25,heldout_before,activation,-0.01416745875030756,1.008314847946167,0.10703367739915848
3,frozen,124,102,25,heldout_before,lora,-0.07349894940853119,1.0269770622253418,0.15408673882484436
3,frozen,124,102,25,heldout_before,batch_lora,-0.1467307209968567,1.0201839208602905,0.10287944227457047
3,frozen,124,102,25,heldout_after,activation,-0.01416745875030756,1.008314847946167,0.10703367739915848
3,frozen,124,102,25,heldout_after,lora,-0.07349894940853119,1.0269770622253418,0.15408673882484436
3,frozen,124,102,25,heldout_after,batch_lora,-0.1467307209968567,1.0201839208602905,0.10287944227457047
3,frozen,124,102,25,full_batch,activation,-0.013375695794820786,1.0084307193756104,0.1085502877831459
3,frozen,124,102,25,full_batch,lora,-0.07179930806159973,1.0266765356063843,0.1556020975112915
3,frozen,124,102,25,full_batch,batch_lora,-0.14185476303100586,1.020276427268982,0.10530275106430054
3,frozen,124,102,26,heldout_before,activation,-0.004479164257645607,1.0063865184783936,0.09873341768980026
3,frozen,124,102,26,heldout_before,lora,-0.04268248751759529,1.0180954933166504,0.1419009268283844
3,frozen,124,102,26,heldout_before,batch_lora,-0.07937700301408768,1.0114147663116455,0.09168019890785217
3,frozen,124,102,26,heldout_after,activation,-0.004479164257645607,1.0063865184783936,0.09873341768980026
3,frozen,124,102,26,heldout_after,lora,-0.04268248751759529,1.0180954933166504,0.1419009268283844
3,frozen,124,102,26,heldout_after,batch_lora,-0.07937700301408768,1.0114147663116455,0.09168019890785217
3,frozen,124,102,26,full_batch,activation,-0.004394381307065487,1.0066750049591064,0.10047605633735657
3,frozen,124,102,26,full_batch,lora,-0.049002233892679214,1.0192373991012573,0.14202287793159485
3,frozen,124,102,26,full_batch,batch_lora,-0.09074652940034866,1.0128196477890015,0.09374896436929703
3,frozen,124,102,27,heldout_before,activation,0.0036737900227308273,1.004393458366394,0.08682061731815338
3,frozen,124,102,27,heldout_before,lora,-0.007954845204949379,1.0127919912338257,0.1394084393978119
3,frozen,124,102,27,heldout_before,batch_lora,-0.018281321972608566,1.0056166648864746,0.08941851556301117
3,frozen,124,102,27,heldout_after,activation,0.0036737900227308273,1.004393458366394,0.08682061731815338
3,frozen,124,102,27,heldout_after,lora,-0.007954845204949379,1.0127919912338257,0.1394084393978119
3,frozen,124,102,27,heldout_after,batch_lora,-0.018281321972608566,1.0056166648864746,0.08941851556301117
3,frozen,124,102,27,full_batch,activation,0.0040960670448839664,1.0045535564422607,0.08815254271030426
3,frozen,124,102,27,full_batch,lora,-0.011132817715406418,1.0140129327774048,0.14084738492965698
3,frozen,124,102,27,full_batch,batch_lora,-0.027650650590658188,1.006503701210022,0.08988389372825623
3,frozen,124,102,28,heldout_before,activation,-0.00029715924756601453,1.0057384967803955,0.09931561350822449
3,frozen,124,102,28,heldout_before,lora,-0.04011635482311249,1.0200310945510864,0.1565864533185959
3,frozen,124,102,28,heldout_before,batch_lora,-0.048430655151605606,1.011818289756775,0.11319084465503693
3,frozen,124,102,28,heldout_after,activation,-0.00029715924756601453,1.0057384967803955,0.09931561350822449
3,frozen,124,102,28,heldout_after,lora,-0.04011635482311249,1.0200310945510864,0.1565864533185959
3,frozen,124,102,28,heldout_after,batch_lora,-0.048430655151605606,1.011818289756775,0.11319084465503693
3,frozen,124,102,28,full_batch,activation,0.0009008800843730569,1.00522780418396,0.09517227113246918
3,frozen,124,102,28,full_batch,lora,-0.03560401499271393,1.0183486938476562,0.15110041201114655
3,frozen,124,102,28,full_batch,batch_lora,-0.04472300037741661,1.010158896446228,0.10501404851675034
3,frozen,124,102,29,heldout_before,activation,0.0060631283558905125,1.0049291849136353,0.09534744173288345
3,frozen,124,102,29,heldout_before,lora,-0.03160960227251053,1.018920660018921,0.14919179677963257
3,frozen,124,102,29,heldout_before,batch_lora,-0.07850950956344604,1.0146212577819824,0.11022293567657471
3,frozen,124,102,29,heldout_after,activation,0.0060631283558905125,1.0049291849136353,0.09534744173288345
3,frozen,124,102,29,heldout_after,lora,-0.03160960227251053,1.018920660018921,0.14919179677963257
3,frozen,124,102,29,heldout_after,batch_lora,-0.07850950956344604,1.0146212577819824,0.11022293567657471
3,frozen,124,102,29,full_batch,activation,0.004742576275020838,1.0049283504486084,0.09408824145793915
3,frozen,124,102,29,full_batch,lora,-0.03779643774032593,1.0197287797927856,0.14817959070205688
3,frozen,124,102,29,full_batch,batch_lora,-0.08944639563560486,1.015372633934021,0.10799248516559601
3,frozen,124,102,30,heldout_before,activation,0.007311065215617418,1.0039421319961548,0.08798077702522278
3,frozen,124,102,30,heldout_before,lora,-0.022194333374500275,1.0165214538574219,0.15584349632263184
3,frozen,124,102,30,heldout_before,batch_lora,-0.025141829624772072,1.0089616775512695,0.11137136816978455
3,frozen,124,102,30,heldout_after,activation,0.007311065215617418,1.0039421319961548,0.08798077702522278
3,frozen,124,102,30,heldout_after,lora,-0.022194333374500275,1.0165214538574219,0.15584349632263184
3,frozen,124,102,30,heldout_after,batch_lora,-0.025141829624772072,1.0089616775512695,0.11137136816978455
3,frozen,124,102,30,full_batch,activation,0.007141150999814272,1.0040533542633057,0.08877818286418915
3,frozen,124,102,30,full_batch,lora,-0.02540109120309353,1.017996072769165,0.15741032361984253
3,frozen,124,102,30,full_batch,batch_lora,-0.03697139769792557,1.0104299783706665,0.11247921735048294
3,frozen,124,102,31,heldout_before,activation,0.013478301465511322,1.0028276443481445,0.08098623156547546
3,frozen,124,102,31,heldout_before,lora,-0.00432123988866806,1.0147483348846436,0.1519777774810791
3,frozen,124,102,31,heldout_before,batch_lora,-0.027691904455423355,1.009329915046692,0.11199909448623657
3,frozen,124,102,31,heldout_after,activation,0.013478301465511322,1.0028276443481445,0.08098623156547546
3,frozen,124,102,31,heldout_after,lora,-0.00432123988866806,1.0147483348846436,0.1519777774810791
3,frozen,124,102,31,heldout_after,batch_lora,-0.027691904455423355,1.009329915046692,0.11199909448623657
3,frozen,124,102,31,full_batch,activation,0.012248102575540543,1.0028811693191528,0.08030940592288971
3,frozen,124,102,31,full_batch,lora,-0.001715752761811018,1.0143823623657227,0.15120187401771545
3,frozen,124,102,31,full_batch,batch_lora,-0.02885742112994194,1.009177565574646,0.10996662825345993
3,frozen,124,102,32,heldout_before,activation,0.009326247498393059,1.00320565700531,0.07897303998470306
3,frozen,124,102,32,heldout_before,lora,-0.03575224429368973,1.0191000699996948,0.148880273103714
3,frozen,124,102,32,heldout_before,batch_lora,-0.07723355293273926,1.0142388343811035,0.10889892280101776
3,frozen,124,102,32,heldout_after,activation,0.009326247498393059,1.00320565700531,0.07897303998470306
3,frozen,124,102,32,heldout_after,lora,-0.03575224429368973,1.0191000699996948,0.148880273103714
3,frozen,124,102,32,heldout_after,batch_lora,-0.07723355293273926,1.0142388343811035,0.10889892280101776
3,frozen,124,102,32,full_batch,activation,0.009303680621087551,1.0029428005218506,0.07595457881689072
3,frozen,124,102,32,full_batch,lora,-0.034143708646297455,1.0176725387573242,0.1437120884656906
3,frozen,124,102,32,full_batch,batch_lora,-0.07319539040327072,1.0131950378417969,0.10547135025262833
3,frozen,125,103,1,heldout_before,activation,0.5169640779495239,0.8438125848770142,0.5011157989501953
3,frozen,125,103,1,heldout_before,lora,0.7568943500518799,0.6303119659423828,0.7802194952964783
3,frozen,125,103,1,heldout_before,batch_lora,0.9144858717918396,0.4099157154560089,0.9801762104034424
3,frozen,125,103,1,heldout_after,activation,0.5169640779495239,0.8438125848770142,0.5011157989501953
3,frozen,125,103,1,heldout_after,lora,0.7568943500518799,0.6303119659423828,0.7802194952964783
3,frozen,125,103,1,heldout_after,batch_lora,0.9144858717918396,0.4099157154560089,0.9801762104034424
3,frozen,125,103,1,full_batch,activation,0.5174647569656372,0.8440436124801636,0.5077275633811951
3,frozen,125,103,1,full_batch,lora,0.7632529735565186,0.6249375343322754,0.7968271970748901
3,frozen,125,103,1,full_batch,batch_lora,0.9223449230194092,0.3918282985687256,0.9875335693359375
3,frozen,125,103,2,heldout_before,activation,0.20316258072853088,1.0441869497299194,0.4139788746833801
3,frozen,125,103,2,heldout_before,lora,0.3491373658180237,1.0262283086776733,0.6419345736503601
3,frozen,125,103,2,heldout_before,batch_lora,-0.24828027188777924,1.1207609176635742,0.315411239862442
3,frozen,125,103,2,heldout_after,activation,0.20316258072853088,1.0441869497299194,0.4139788746833801
3,frozen,125,103,2,heldout_after,lora,0.3491373658180237,1.0262283086776733,0.6419345736503601
3,frozen,125,103,2,heldout_after,batch_lora,-0.24828027188777924,1.1207609176635742,0.315411239862442
3,frozen,125,103,2,full_batch,activation,0.1962534487247467,1.0728743076324463,0.46599170565605164
3,frozen,125,103,2,full_batch,lora,0.3423028588294983,1.0555918216705322,0.6920096278190613
3,frozen,125,103,2,full_batch,batch_lora,-0.36812397837638855,1.1685181856155396,0.3396543860435486
3,frozen,125,103,3,heldout_before,activation,0.1135692149400711,1.1831705570220947,0.6680795550346375
3,frozen,125,103,3,heldout_before,lora,0.20910492539405823,1.2401102781295776,0.908584475517273
3,frozen,125,103,3,heldout_before,batch_lora,-0.2638300061225891,1.5460786819458008,0.9444602727890015
3,frozen,125,103,3,heldout_after,activation,0.1135692149400711,1.1831705570220947,0.6680795550346375
3,frozen,125,103,3,heldout_after,lora,0.20910492539405823,1.2401102781295776,0.908584475517273
3,frozen,125,103,3,heldout_after,batch_lora,-0.2638300061225891,1.5460786819458008,0.9444602727890015
3,frozen,125,103,3,full_batch,activation,0.11216263473033905,1.1841979026794434,0.6646755933761597
3,frozen,125,103,3,full_batch,lora,0.21450409293174744,1.2360292673110962,0.9007216095924377
3,frozen,125,103,3,full_batch,batch_lora,-0.27123868465423584,1.5079256296157837,0.8895413279533386
3,frozen,125,103,4,heldout_before,activation,0.05140393227338791,1.1993719339370728,0.6187740564346313
3,frozen,125,103,4,heldout_before,lora,0.09336554259061813,1.2583507299423218,0.793113648891449
3,frozen,125,103,4,heldout_before,batch_lora,-0.23679891228675842,1.2882858514785767,0.6092235445976257
3,frozen,125,103,4,heldout_after,activation,0.05140393227338791,1.1993719339370728,0.6187740564346313
3,frozen,125,103,4,heldout_after,lora,0.09336554259061813,1.2583507299423218,0.793113648891449
3,frozen,125,103,4,heldout_after,batch_lora,-0.23679891228675842,1.2882858514785767,0.6092235445976257
3,frozen,125,103,4,full_batch,activation,0.047388724982738495,1.2033848762512207,0.6319798827171326
3,frozen,125,103,4,full_batch,lora,0.09197720140218735,1.2633593082427979,0.8059198260307312
3,frozen,125,103,4,full_batch,batch_lora,-0.2515168786048889,1.3439862728118896,0.680985152721405
3,frozen,125,103,5,heldout_before,activation,0.048754218965768814,1.0410197973251343,0.3405931293964386
3,frozen,125,103,5,heldout_before,lora,0.08096013963222504,1.083402395248413,0.5049607753753662
3,frozen,125,103,5,heldout_before,batch_lora,-0.09206591546535492,1.0695481300354004,0.2983306050300598
3,frozen,125,103,5,heldout_after,activation,0.048754218965768814,1.0410197973251343,0.3405931293964386
3,frozen,125,103,5,heldout_after,lora,0.08096013963222504,1.083402395248413,0.5049607753753662
3,frozen,125,103,5,heldout_after,batch_lora,-0.09206591546535492,1.0695481300354004,0.2983306050300598
3,frozen,125,103,5,full_batch,activation,0.0400841198861599,1.0458824634552002,0.3465268015861511
3,frozen,125,103,5,full_batch,lora,0.06720736622810364,1.0891408920288086,0.5048083066940308
3,frozen,125,103,5,full_batch,batch_lora,-0.1315813660621643,1.0766531229019165,0.2885320484638214
3,frozen,125,103,6,heldout_before,activation,0.006072493735700846,1.0632035732269287,0.3594611585140228
3,frozen,125,103,6,heldout_before,lora,0.013375518843531609,1.0930627584457397,0.4597049057483673
3,frozen,125,103,6,heldout_before,batch_lora,-0.17308130860328674,1.0956138372421265,0.3068423569202423
3,frozen,125,103,6,heldout_after,activation,0.006072493735700846,1.0632035732269287,0.3594611585140228
3,frozen,125,103,6,heldout_after,lora,0.013375518843531609,1.0930627584457397,0.4597049057483673
3,frozen,125,103,6,heldout_after,batch_lora,-0.17308130860328674,1.0956138372421265,0.3068423569202423
3,frozen,125,103,6,full_batch,activation,0.005381299182772636,1.0649954080581665,0.3650014400482178
3,frozen,125,103,6,full_batch,lora,0.017147284001111984,1.09541654586792,0.4692663252353668
3,frozen,125,103,6,full_batch,batch_lora,-0.17153798043727875,1.099928379058838,0.31761205196380615
3,frozen,125,103,7,heldout_before,activation,0.011406835168600082,1.0652999877929688,0.3666624426841736
3,frozen,125,103,7,heldout_before,lora,0.0032204666640609503,1.101290225982666,0.47436222434043884
3,frozen,125,103,7,heldout_before,batch_lora,-0.24206951260566711,1.1045595407485962,0.2858031094074249
3,frozen,125,103,7,heldout_after,activation,0.011406835168600082,1.0652999877929688,0.3666624426841736
3,frozen,125,103,7,heldout_after,lora,0.0032204666640609503,1.101290225982666,0.47436222434043884
3,frozen,125,103,7,heldout_after,batch_lora,-0.24206951260566711,1.1045595407485962,0.2858031094074249
3,frozen,125,103,7,full_batch,activation,0.011136190965771675,1.066650629043579,0.36983728408813477
3,frozen,125,103,7,full_batch,lora,-0.0001364145427942276,1.1033449172973633,0.4738512635231018
3,frozen,125,103,7,full_batch,batch_lora,-0.2393011450767517,1.1081383228302002,0.2947733402252197
3,frozen,125,103,8,heldout_before,activation,0.011790432967245579,1.052975058555603,0.31807205080986023
3,frozen,125,103,8,heldout_before,lora,0.02020243927836418,1.075048804283142,0.40623196959495544
3,frozen,125,103,8,heldout_before,batch_lora,-0.13061121106147766,1.0672974586486816,0.26458901166915894
3,frozen,125,103,8,heldout_after,activation,0.011790432967245579,1.052975058555603,0.31807205080986023
3,frozen,125,103,8,heldout_after,lora,0.02020243927836418,1.075048804283142,0.40623196959495544
3,frozen,125,103,8,heldout_after,batch_lora,-0.13061121106147766,1.0672974586486816,0.26458901166915894
3,frozen,125,103,8,full_batch,activation,0.011518534272909164,1.0531665086746216,0.31941816210746765
3,frozen,125,103,8,full_batch,lora,0.01646161451935768,1.081059217453003,0.4175039827823639
3,frozen,125,103,8,full_batch,batch_lora,-0.15384681522846222,1.0708696842193604,0.25898581743240356
3,frozen,125,103,9,heldout_before,activation,-0.008318843320012093,1.0631622076034546,0.34421306848526
3,frozen,125,103,9,heldout_before,lora,-0.042451731860637665,1.09663987159729,0.4081956148147583
3,frozen,125,103,9,heldout_before,batch_lora,-0.1677621454000473,1.0886973142623901,0.29419684410095215
3,frozen,125,103,9,heldout_after,activation,-0.008318843320012093,1.0631622076034546,0.34421306848526
3,frozen,125,103,9,heldout_after,lora,-0.042451731860637665,1.09663987159729,0.4081956148147583
3,frozen,125,103,9,heldout_after,batch_lora,-0.1677621454000473,1.0886973142623901,0.29419684410095215
3,frozen,125,103,9,full_batch,activation,-0.004867135547101498,1.061995029449463,0.343930721282959
3,frozen,125,103,9,full_batch,lora,-0.035610172897577286,1.0958261489868164,0.4127873480319977
3,frozen,125,103,9,full_batch,batch_lora,-0.16927742958068848,1.0889297723770142,0.29378044605255127
3,frozen,125,103,10,heldout_before,activation,0.00715324142947793,1.0437164306640625,0.295242041349411
3,frozen,125,103,10,heldout_before,lora,-0.03625553846359253,1.0861599445343018,0.38815125823020935
3,frozen,125,103,10,heldout_before,batch_lora,-0.18337185680866241,1.0692963600158691,0.2373652160167694
3,frozen,125,103,10,heldout_after,activation,0.00715324142947793,1.0437164306640625,0.295242041349411
3,frozen,125,103,10,heldout_after,lora,-0.03625553846359253,1.0861599445343018,0.38815125823020935
3,frozen,125,103,10,heldout_after,batch_lora,-0.18337185680866241,1.0692963600158691,0.2373652160167694
3,frozen,125,103,10,full_batch,activation,0.00415106350556016,1.0463175773620605,0.3017091751098633
3,frozen,125,103,10,full_batch,lora,-0.039134349673986435,1.0872361660003662,0.3883333206176758
3,frozen,125,103,10,full_batch,batch_lora,-0.1856834888458252,1.0774716138839722,0.25638359785079956
3,frozen,125,103,11,heldout_before,activation,0.010128087364137173,1.0401477813720703,0.28427445888519287
3,frozen,125,103,11,heldout_before,lora,-0.018877947703003883,1.0732331275939941,0.36425405740737915
3,frozen,125,103,11,heldout_before,batch_lora,-0.1464867889881134,1.0551772117614746,0.22074250876903534
3,frozen,125,103,11,heldout_after,activation,0.010128087364137173,1.0401477813720703,0.28427445888519287
3,frozen,125,103,11,heldout_after,lora,-0.018877947703003883,1.0732331275939941,0.36425405740737915
3,frozen,125,103,11,heldout_after,batch_lora,-0.1464867889881134,1.0551772117614746,0.22074250876903534
3,frozen,125,103,11,full_batch,activation,0.012954164296388626,1.0384721755981445,0.2809784412384033
3,frozen,125,103,11,full_batch,lora,-0.007186812814325094,1.0705132484436035,0.3688856363296509
3,frozen,125,103,11,full_batch,batch_lora,-0.13478603959083557,1.0503820180892944,0.21373890340328217
3,frozen,125,103,12,heldout_before,activation,0.021562213078141212,1.03511643409729,0.2750757932662964
3,frozen,125,103,12,heldout_before,lora,-0.02822069078683853,1.0841808319091797,0.3809826076030731
3,frozen,125,103,12,heldout_before,batch_lora,-0.1450822353363037,1.0653841495513916,0.2500026226043701
3,frozen,125,103,12,heldout_after,activation,0.021562213078141212,1.03511643409729,0.2750757932662964
3,frozen,125,103,12,heldout_after,lora,-0.02822069078683853,1.0841808319091797,0.3809826076030731
3,frozen,125,103,12,heldout_after,batch_lora,-0.1450822353363037,1.0653841495513916,0.2500026226043701
3,frozen,125,103,12,full_batch,activation,0.01972372643649578,1.036561369895935,0.27882224321365356
3,frozen,125,103,12,full_batch,lora,-0.03210458531975746,1.086150884628296,0.3839920163154602
3,frozen,125,103,12,full_batch,batch_lora,-0.14053285121917725,1.0658143758773804,0.2540677785873413
3,frozen,125,103,13,heldout_before,activation,0.011057032272219658,1.0402612686157227,0.28691020607948303
3,frozen,125,103,13,heldout_before,lora,-0.043477613478899,1.0926563739776611,0.38951966166496277
3,frozen,125,103,13,heldout_before,batch_lora,-0.1551133096218109,1.0726486444473267,0.26278045773506165
3,frozen,125,103,13,heldout_after,activation,0.011057032272219658,1.0402612686157227,0.28691020607948303
3,frozen,125,103,13,heldout_after,lora,-0.043477613478899,1.0926563739776611,0.38951966166496277
3,frozen,125,103,13,heldout_after,batch_lora,-0.1551133096218109,1.0726486444473267,0.26278045773506165
3,frozen,125,103,13,full_batch,activation,0.01190696656703949,1.0377521514892578,0.27839523553848267
3,frozen,125,103,13,full_batch,lora,-0.038697242736816406,1.086927890777588,0.3795875310897827
3,frozen,125,103,13,full_batch,batch_lora,-0.15034806728363037,1.0663626194000244,0.24931925535202026
3,frozen,125,103,14,heldout_before,activation,0.009731866419315338,1.0271260738372803,0.24049556255340576
3,frozen,125,103,14,heldout_before,lora,-0.10702712833881378,1.0851703882217407,0.3234045207500458
3,frozen,125,103,14,heldout_before,batch_lora,-0.19651873409748077,1.0843108892440796,0.2664603888988495
3,frozen,125,103,14,heldout_after,activation,0.009731866419315338,1.0271260738372803,0.24049556255340576
3,frozen,125,103,14,heldout_after,lora,-0.10702712833881378,1.0851703882217407,0.3234045207500458
3,frozen,125,103,14,heldout_after,batch_lora,-0.19651873409748077,1.0843108892440796,0.2664603888988495
3,frozen,125,103,14,full_batch,activation,0.010013982653617859,1.0275976657867432,0.24280549585819244
3,frozen,125,103,14,full_batch,lora,-0.10821465402841568,1.0856609344482422,0.323393315076828
3,frozen,125,103,14,full_batch,batch_lora,-0.19998109340667725,1.0858792066574097,0.26812806725502014
3,frozen,125,103,15,heldout_before,activation,0.013214758597314358,1.0224307775497437,0.2243136614561081
3,frozen,125,103,15,heldout_before,lora,-0.09734777361154556,1.0792874097824097,0.31979846954345703
3,frozen,125,103,15,heldout_before,batch_lora,-0.21146374940872192,1.0721153020858765,0.22915874421596527
3,frozen,125,103,15,heldout_after,activation,0.013214758597314358,1.0224307775497437,0.2243136614561081
3,frozen,125,103,15,heldout_after,lora,-0.09734777361154556,1.0792874097824097,0.31979846954345703
3,frozen,125,103,15,heldout_after,batch_lora,-0.21146374940872192,1.0721153020858765,0.22915874421596527
3,frozen,125,103,15,full_batch,activation,0.011852230876684189,1.0235552787780762,0.22781898081302643
3,frozen,125,103,15,full_batch,lora,-0.09548436105251312,1.080904483795166,0.3259590268135071
3,frozen,125,103,15,full_batch,batch_lora,-0.2146485149860382,1.0723191499710083,0.22800515592098236
3,frozen,125,103,16,heldout_before,activation,0.004401808604598045,1.0243561267852783,0.2224244773387909
3,frozen,125,103,16,heldout_before,lora,-0.13149067759513855,1.0819777250289917,0.30060720443725586
3,frozen,125,103,16,heldout_before,batch_lora,-0.2539860010147095,1.073433756828308,0.2115984708070755
3,frozen,125,103,16,heldout_after,activation,0.004401808604598045,1.0243561267852783,0.2224244773387909
3,frozen,125,103,16,heldout_after,lora,-0.13149067759513855,1.0819777250289917,0.30060720443725586
3,frozen,125,103,16,heldout_after,batch_lora,-0.2539860010147095,1.073433756828308,0.2115984708070755
3,frozen,125,103,16,full_batch,activation,0.005317533388733864,1.0238900184631348,0.2211734652519226
3,frozen,125,103,16,full_batch,lora,-0.1320962756872177,1.0811090469360352,0.29810357093811035
3,frozen,125,103,16,full_batch,batch_lora,-0.2615112066268921,1.0728710889816284,0.2069334089756012
3,frozen,125,103,17,heldout_before,activation,0.004820089787244797,1.0208603143692017,0.20463696122169495
3,frozen,125,103,17,heldout_before,lora,-0.12738245725631714,1.0741803646087646,0.28111374378204346
3,frozen,125,103,17,heldout_before,batch_lora,-0.27527087926864624,1.0790798664093018,0.21481817960739136
3,frozen,125,103,17,heldout_after,activation,0.004820089787244797,1.0208603143692017,0.20463696122169495
3,frozen,125,103,17,heldout_after,lora,-0.12738245725631714,1.0741803646087646,0.28111374378204346
3,frozen,125,103,17,heldout_after,batch_lora,-0.27527087926864624,1.0790798664093018,0.21481817960739136
3,frozen,125,103,17,full_batch,activation,0.005685478448867798,1.0209143161773682,0.2052038013935089
3,frozen,125,103,17,full_batch,lora,-0.12271170318126678,1.0755088329315186,0.28547507524490356
3,frozen,125,103,17,full_batch,batch_lora,-0.26506519317626953,1.076676607131958,0.21398796141147614
3,frozen,125,103,18,heldout_before,activation,-0.003355465130880475,1.0227781534194946,0.2050071805715561
3,frozen,125,103,18,heldout_before,lora,-0.11316932737827301,1.0721218585968018,0.2907479703426361
3,frozen,125,103,18,heldout_before,batch_lora,-0.24995459616184235,1.063119888305664,0.18902286887168884
3,frozen,125,103,18,heldout_after,activation,-0.003355465130880475,1.0227781534194946,0.2050071805715561
3,frozen,125,103,18,heldout_after,lora,-0.11316932737827301,1.0721218585968018,0.2907479703426361
3,frozen,125,103,18,heldout_after,batch_lora,-0.24995459616184235,1.063119888305664,0.18902286887168884
3,frozen,125,103,18,full_batch,activation,-0.002754813525825739,1.0224854946136475,0.2043473720550537
3,frozen,125,103,18,full_batch,lora,-0.11884130537509918,1.0739428997039795,0.29143255949020386
3,frozen,125,103,18,full_batch,batch_lora,-0.2563134729862213,1.0657532215118408,0.1926036775112152
3,frozen,125,103,19,heldout_before,activation,-0.005650637671351433,1.0201057195663452,0.1906471997499466
3,frozen,125,103,19,heldout_before,lora,-0.10333026945590973,1.0642204284667969,0.2742171287536621
3,frozen,125,103,19,heldout_before,batch_lora,-0.18719662725925446,1.0526180267333984,0.19101904332637787
3,frozen,125,103,19,heldout_after,activation,-0.005650637671351433,1.0201057195663452,0.1906471997499466
3,frozen,125,103,19,heldout_after,lora,-0.10333026945590973,1.0642204284667969,0.2742171287536621
3,frozen,125,103,19,heldout_after,batch_lora,-0.18719662725925446,1.0526180267333984,0.19101904332637787
3,frozen,125,103,19,full_batch,activation,-0.0067515261471271515,1.0213048458099365,0.1951906979084015
3,frozen,125,103,19,full_batch,lora,-0.106085404753685,1.0669573545455933,0.27872753143310547
3,frozen,125,103,19,full_batch,batch_lora,-0.19114336371421814,1.0548911094665527,0.19529026746749878
3,frozen,125,103,20,heldout_before,activation,-0.0026639674324542284,1.0211009979248047,0.19940701127052307
3,frozen,125,103,20,heldout_before,lora,-0.12611405551433563,1.0751910209655762,0.2875208854675293
3,frozen,125,103,20,heldout_before,batch_lora,-0.21887929737567902,1.073381781578064,0.22839772701263428
3,frozen,125,103,20,heldout_after,activation,-0.0026639674324542284,1.0211009979248047,0.19940701127052307
3,frozen,125,103,20,heldout_after,lora,-0.12611405551433563,1.0751910209655762,0.2875208854675293
3,frozen,125,103,20,heldout_after,batch_lora,-0.21887929737567902,1.073381781578064,0.22839772701263428
3,frozen,125,103,20,full_batch,activation,-0.0029074563644826412,1.0219690799713135,0.20356908440589905
3,frozen,125,103,20,full_batch,lora,-0.12850940227508545,1.0784211158752441,0.2940079867839813
3,frozen,125,103,20,full_batch,batch_lora,-0.2219409942626953,1.0771404504776,0.23575900495052338
3,frozen,125,103,21,heldout_before,activation,-0.005836659111082554,1.016136646270752,0.17148730158805847
3,frozen,125,103,21,heldout_before,lora,-0.12133268266916275,1.0668690204620361,0.2681702673435211
3,frozen,125,103,21,heldout_before,batch_lora,-0.20923075079917908,1.0549269914627075,0.18655776977539062
3,frozen,125,103,21,heldout_after,activation,-0.005836659111082554,1.016136646270752,0.17148730158805847
3,frozen,125,103,21,heldout_after,lora,-0.12133268266916275,1.0668690204620361,0.2681702673435211
3,frozen,125,103,21,heldout_after,batch_lora,-0.20923075079917908,1.0549269914627075,0.18655776977539062
3,frozen,125,103,21,full_batch,activation,-0.006977193057537079,1.0153793096542358,0.16600656509399414
3,frozen,125,103,21,full_batch,lora,-0.12351974844932556,1.0635038614273071,0.2570685148239136
3,frozen,125,103,21,full_batch,batch_lora,-0.21272297203540802,1.0524547100067139,0.17831674218177795
3,frozen,125,103,22,heldout_before,activation,-0.001289757783524692,1.0123722553253174,0.15399670600891113
3,frozen,125,103,22,heldout_before,lora,-0.10689201205968857,1.0535144805908203,0.24109548330307007
3,frozen,125,103,22,heldout_before,batch_lora,-0.1870090663433075,1.0476491451263428,0.17705295979976654
3,frozen,125,103,22,heldout_after,activation,-0.001289757783524692,1.0123722553253174,0.15399670600891113
3,frozen,125,103,22,heldout_after,lora,-0.10689201205968857,1.0535144805908203,0.24109548330307007
3,frozen,125,103,22,heldout_after,batch_lora,-0.1870090663433075,1.0476491451263428,0.17705295979976654
3,frozen,125,103,22,full_batch,activation,-0.0014578578993678093,1.0130252838134766,0.1571660339832306
3,frozen,125,103,22,full_batch,lora,-0.10108812153339386,1.0574321746826172,0.2540901303291321
3,frozen,125,103,22,full_batch,batch_lora,-0.18445725739002228,1.0497885942459106,0.18443401157855988
3,frozen,125,103,23,heldout_before,activation,-0.0019975071772933006,1.0100631713867188,0.13907741010189056
3,frozen,125,103,23,heldout_before,lora,-0.09939786791801453,1.0524641275405884,0.2413094937801361
3,frozen,125,103,23,heldout_before,batch_lora,-0.1707046926021576,1.052788496017456,0.20010997354984283
3,frozen,125,103,23,heldout_after,activation,-0.0019975071772933006,1.0100631713867188,0.13907741010189056
3,frozen,125,103,23,heldout_after,lora,-0.09939786791801453,1.0524641275405884,0.2413094937801361
3,frozen,125,103,23,heldout_after,batch_lora,-0.1707046926021576,1.052788496017456,0.20010997354984283
3,frozen,125,103,23,full_batch,activation,-0.002326259622350335,1.009922981262207,0.13783559203147888
3,frozen,125,103,23,full_batch,lora,-0.10362059623003006,1.052909016609192,0.2398129105567932
3,frozen,125,103,23,full_batch,batch_lora,-0.17912843823432922,1.053437352180481,0.19745756685733795
3,frozen,125,103,24,heldout_before,activation,-0.001164796412922442,1.0089116096496582,0.13077513873577118
3,frozen,125,103,24,heldout_before,lora,-0.09616179019212723,1.049295425415039,0.23156681656837463
3,frozen,125,103,24,heldout_before,batch_lora,-0.16060224175453186,1.0482932329177856,0.19254331290721893
3,frozen,125,103,24,heldout_after,activation,-0.001164796412922442,1.0089116096496582,0.13077513873577118
3,frozen,125,103,24,heldout_after,lora,-0.09616179019212723,1.049295425415039,0.23156681656837463
3,frozen,125,103,24,heldout_after,batch_lora,-0.16060224175453186,1.0482932329177856,0.19254331290721893
3,frozen,125,103,24,full_batch,activation,-0.0016791654052212834,1.0088608264923096,0.12967737019062042
3,frozen,125,103,24,full_batch,lora,-0.09853191673755646,1.0502092838287354,0.23321416974067688
3,frozen,125,103,24,full_batch,batch_lora,-0.16707035899162292,1.0487076044082642,0.19028104841709137
3,frozen,125,103,25,heldout_before,activation,-0.008569581434130669,1.007913589477539,0.11620984971523285
3,frozen,125,103,25,heldout_before,lora,-0.12490016967058182,1.0505346059799194,0.2173885554075241
3,frozen,125,103,25,heldout_before,batch_lora,-0.19540545344352722,1.052535891532898,0.18671315908432007
3,frozen,125,103,25,heldout_after,activation,-0.008569581434130669,1.007913589477539,0.11620984971523285
3,frozen,125,103,25,heldout_after,lora,-0.12490016967058182,1.0505346059799194,0.2173885554075241
3,frozen,125,103,25,heldout_after,batch_lora,-0.19540545344352722,1.052535891532898,0.18671315908432007
3,frozen,125,103,25,full_batch,activation,-0.009512320160865784,1.0078282356262207,0.11476437747478485
3,frozen,125,103,25,full_batch,lora,-0.12381702661514282,1.049376368522644,0.21482862532138824
3,frozen,125,103,25,full_batch,batch_lora,-0.19003665447235107,1.0510741472244263,0.1852908432483673
3,frozen,125,103,26,heldout_before,activation,-0.018733808770775795,1.0048255920410156,0.0799127072095871
3,frozen,125,103,26,heldout_before,lora,-0.14454230666160583,1.0361945629119873,0.15920428931713104
3,frozen,125,103,26,heldout_before,batch_lora,-0.2189546525478363,1.036194920539856,0.12981605529785156
3,frozen,125,103,26,heldout_after,activation,-0.018733808770775795,1.0048255920410156,0.0799127072095871
3,frozen,125,103,26,heldout_after,lora,-0.14454230666160583,1.0361945629119873,0.15920428931713104
3,frozen,125,103,26,heldout_after,batch_lora,-0.2189546525478363,1.036194920539856,0.12981605529785156
3,frozen,125,103,26,full_batch,activation,-0.017750747501850128,1.0050016641616821,0.08216428756713867
3,frozen,125,103,26,full_batch,lora,-0.14122089743614197,1.0366051197052002,0.16184361279010773
3,frozen,125,103,26,full_batch,batch_lora,-0.21588686108589172,1.0368436574935913,0.13289938867092133
3,frozen,125,103,27,heldout_before,activation,-0.018624480813741684,1.0057060718536377,0.087315134704113
3,frozen,125,103,27,heldout_before,lora,-0.14886963367462158,1.0422589778900146,0.17441998422145844
3,frozen,125,103,27,heldout_before,batch_lora,-0.2354307919740677,1.0418360233306885,0.13986892998218536
3,frozen,125,103,27,heldout_after,activation,-0.018624480813741684,1.0057060718536377,0.087315134704113
3,frozen,125,103,27,heldout_after,lora,-0.14886963367462158,1.0422589778900146,0.17441998422145844
3,frozen,125,103,27,heldout_after,batch_lora,-0.2354307919740677,1.0418360233306885,0.13986892998218536
3,frozen,125,103,27,full_batch,activation,-0.018639082089066505,1.0059611797332764,0.08942946046590805
3,frozen,125,103,27,full_batch,lora,-0.14913345873355865,1.0446745157241821,0.18069104850292206
3,frozen,125,103,27,full_batch,batch_lora,-0.23608410358428955,1.0434330701828003,0.14403212070465088
3,frozen,125,103,28,heldout_before,activation,-0.016355914995074272,1.0087807178497314,0.11250152438879013
3,frozen,125,103,28,heldout_before,lora,-0.14044997096061707,1.0653810501098633,0.24261510372161865
3,frozen,125,103,28,heldout_before,batch_lora,-0.20711775124073029,1.060166835784912,0.2013569176197052
3,frozen,125,103,28,heldout_after,activation,-0.016355914995074272,1.0087807178497314,0.11250152438879013
3,frozen,125,103,28,heldout_after,lora,-0.14044997096061707,1.0653810501098633,0.24261510372161865
3,frozen,125,103,28,heldout_after,batch_lora,-0.20711775124073029,1.060166835784912,0.2013569176197052
3,frozen,125,103,28,full_batch,activation,-0.016837269067764282,1.0089504718780518,0.11368156969547272
3,frozen,125,103,28,full_batch,lora,-0.13966357707977295,1.067787766456604,0.24843072891235352
3,frozen,125,103,28,full_batch,batch_lora,-0.20300498604774475,1.0626475811004639,0.20982769131660461
3,frozen,125,103,29,heldout_before,activation,-0.01115341205149889,1.007739782333374,0.10831128060817719
3,frozen,125,103,29,heldout_before,lora,-0.13331982493400574,1.0641679763793945,0.24246449768543243
3,frozen,125,103,29,heldout_before,batch_lora,-0.20569849014282227,1.0579025745391846,0.19613465666770935
3,frozen,125,103,29,heldout_after,activation,-0.01115341205149889,1.007739782333374,0.10831128060817719
3,frozen,125,103,29,heldout_after,lora,-0.13331982493400574,1.0641679763793945,0.24246449768543243
3,frozen,125,103,29,heldout_after,batch_lora,-0.20569849014282227,1.0579025745391846,0.19613465666770935
3,frozen,125,103,29,full_batch,activation,-0.012299043126404285,1.0077838897705078,0.10744677484035492
3,frozen,125,103,29,full_batch,lora,-0.1377430558204651,1.0658929347991943,0.24410054087638855
3,frozen,125,103,29,full_batch,batch_lora,-0.2080579698085785,1.059171199798584,0.19830630719661713
3,frozen,125,103,30,heldout_before,activation,-0.01328600849956274,1.0093698501586914,0.12202486395835876
3,frozen,125,103,30,heldout_before,lora,-0.1635175496339798,1.0910214185714722,0.2957570552825928
3,frozen,125,103,30,heldout_before,batch_lora,-0.2142595499753952,1.0910354852676392,0.2718118131160736
3,frozen,125,103,30,heldout_after,activation,-0.01328600849956274,1.0093698501586914,0.12202486395835876
3,frozen,125,103,30,heldout_after,lora,-0.1635175496339798,1.0910214185714722,0.2957570552825928
3,frozen,125,103,30,heldout_after,batch_lora,-0.2142595499753952,1.0910354852676392,0.2718118131160736
3,frozen,125,103,30,full_batch,activation,-0.01370656955987215,1.0088728666305542,0.11690382659435272
3,frozen,125,103,30,full_batch,lora,-0.16348330676555634,1.0875946283340454,0.2839411497116089
3,frozen,125,103,30,full_batch,batch_lora,-0.220040425658226,1.0857733488082886,0.2567419707775116
3,frozen,125,103,31,heldout_before,activation,-0.01022504922002554,1.0055826902389526,0.0910537987947464
3,frozen,125,103,31,heldout_before,lora,-0.1558091640472412,1.0601400136947632,0.21673071384429932
3,frozen,125,103,31,heldout_before,batch_lora,-0.21758630871772766,1.0564993619918823,0.18680799007415771
3,frozen,125,103,31,heldout_after,activation,-0.01022504922002554,1.0055826902389526,0.0910537987947464
3,frozen,125,103,31,heldout_after,lora,-0.1558091640472412,1.0601400136947632,0.21673071384429932
3,frozen,125,103,31,heldout_after,batch_lora,-0.21758630871772766,1.0564993619918823,0.18680799007415771
3,frozen,125,103,31,full_batch,activation,-0.009958771988749504,1.0054514408111572,0.09045545011758804
3,frozen,125,103,31,full_batch,lora,-0.1556793749332428,1.058380365371704,0.21285617351531982
3,frozen,125,103,31,full_batch,batch_lora,-0.21738699078559875,1.0552353858947754,0.18358546495437622
3,frozen,125,103,32,heldout_before,activation,-0.007147554773837328,1.0044649839401245,0.08499758690595627
3,frozen,125,103,32,heldout_before,lora,-0.15152154862880707,1.0568162202835083,0.21319690346717834
3,frozen,125,103,32,heldout_before,batch_lora,-0.20608243346214294,1.054502010345459,0.18691205978393555
3,frozen,125,103,32,heldout_after,activation,-0.007147554773837328,1.0044649839401245,0.08499758690595627
3,frozen,125,103,32,heldout_after,lora,-0.15152154862880707,1.0568162202835083,0.21319690346717834
3,frozen,125,103,32,heldout_after,batch_lora,-0.20608243346214294,1.054502010345459,0.18691205978393555
3,frozen,125,103,32,full_batch,activation,-0.007975703105330467,1.0046443939208984,0.0859706848859787
3,frozen,125,103,32,full_batch,lora,-0.15352857112884521,1.0584297180175781,0.21496817469596863
3,frozen,125,103,32,full_batch,batch_lora,-0.20956747233867645,1.0554354190826416,0.1877516806125641
8,adaptive,123,101,1,heldout_before,activation,0.6176580786705017,0.7733432650566101,0.6311622858047485
8,adaptive,123,101,1,heldout_before,lora,0.7890844941139221,0.5956767797470093,0.8364290595054626
8,adaptive,123,101,1,heldout_before,batch_lora,0.8601476550102234,0.5106713771820068,0.8854318261146545
8,adaptive,123,101,1,heldout_after,activation,0.6176580786705017,0.7733432650566101,0.6311622858047485
8,adaptive,123,101,1,heldout_after,lora,0.7890844941139221,0.5956767797470093,0.8364290595054626
8,adaptive,123,101,1,heldout_after,batch_lora,0.8601476550102234,0.5106713771820068,0.8854318261146545
8,adaptive,123,101,1,full_batch,activation,0.6197435855865479,0.772530198097229,0.6352064609527588
8,adaptive,123,101,1,full_batch,lora,0.7936022281646729,0.5929917693138123,0.844613790512085
8,adaptive,123,101,1,full_batch,batch_lora,0.8594388961791992,0.5118429064750671,0.884306013584137
8,adaptive,123,101,2,heldout_before,activation,0.5541231632232666,0.8375168442726135,0.5664994716644287
8,adaptive,123,101,2,heldout_before,lora,0.6933363080024719,0.7256748080253601,0.7229230403900146
8,adaptive,123,101,2,heldout_before,batch_lora,0.22382955253124237,1.058200478553772,0.636003851890564
8,adaptive,123,101,2,heldout_after,activation,0.6040945053100586,0.7995175123214722,0.5839245915412903
8,adaptive,123,101,2,heldout_after,lora,0.7711256742477417,0.6399912238121033,0.7744989991188049
8,adaptive,123,101,2,heldout_after,batch_lora,0.7546006441116333,0.676909863948822,0.9208200573921204
8,adaptive,123,101,2,full_batch,activation,0.6132111549377441,0.7919570207595825,0.5805704593658447
8,adaptive,123,101,2,full_batch,lora,0.7841699123382568,0.6200392246246338,0.7851444482803345
8,adaptive,123,101,2,full_batch,batch_lora,0.8256796002388,0.5733181834220886,0.9278588891029358
8,adaptive,123,101,3,heldout_before,activation,0.5179497599601746,0.8664501309394836,0.6266382336616516
8,adaptive,123,101,3,heldout_before,lora,0.6419811248779297,0.8275978565216064,0.878456711769104
8,adaptive,123,101,3,heldout_before,batch_lora,0.402252733707428,1.100106120109558,1.0122045278549194
8,adaptive,123,101,3,heldout_after,activation,0.538996696472168,0.8386707901954651,0.5576298236846924
8,adaptive,123,101,3,heldout_after,lora,0.69826740026474,0.7126740217208862,0.7300088405609131
8,adaptive,123,101,3,heldout_after,batch_lora,0.5593281388282776,0.830855667591095,0.6156234741210938
8,adaptive,123,101,3,full_batch,activation,0.5589796304702759,0.8227859735488892,0.57231605052948
8,adaptive,123,101,3,full_batch,lora,0.7224229574203491,0.6802840232849121,0.7481048703193665
8,adaptive,123,101,3,full_batch,batch_lora,0.5617199540138245,0.8335932493209839,0.663734495639801
8,adaptive,123,101,4,heldout_before,activation,0.4635840058326721,0.9104021191596985,0.6276451349258423
8,adaptive,123,101,4,heldout_before,lora,0.6080309152603149,0.8253530859947205,0.791609525680542
8,adaptive,123,101,4,heldout_before,batch_lora,0.331228643655777,1.1003737449645996,0.8973866105079651
8,adaptive,123,101,4,heldout_after,activation,0.4768902063369751,0.9004446268081665,0.6277574300765991
8,adaptive,123,101,4,heldout_after,lora,0.6160677075386047,0.8205286264419556,0.8110708594322205
8,adaptive,123,101,4,heldout_after,batch_lora,0.3546573519706726,1.1215516328811646,0.97406005859375
8,adaptive,123,101,4,full_batch,activation,0.4893108010292053,0.8895063400268555,0.6198267340660095
8,adaptive,123,101,4,full_batch,lora,0.6425923705101013,0.7879877090454102,0.8162519931793213
8,adaptive,123,101,4,full_batch,batch_lora,0.43383753299713135,1.06304132938385,0.9979934096336365
8,adaptive,123,101,5,heldout_before,activation,0.4410970211029053,0.9125723838806152,0.609296441078186
8,adaptive,123,101,5,heldout_before,lora,0.5781656503677368,0.838834822177887,0.7932204008102417
8,adaptive,123,101,5,heldout_before,batch_lora,0.4170481860637665,1.0591248273849487,0.9608078598976135
8,adaptive,123,101,5,heldout_after,activation,0.46684518456459045,0.8920543193817139,0.5906774997711182
8,adaptive,123,101,5,heldout_after,lora,0.6312582492828369,0.7928234338760376,0.7769180536270142
8,adaptive,123,101,5,heldout_after,batch_lora,0.603166937828064,0.867633044719696,0.9446304440498352
8,adaptive,123,101,5,full_batch,activation,0.47180062532424927,0.8883183002471924,0.5779262185096741
8,adaptive,123,101,5,full_batch,lora,0.6503807306289673,0.7720045447349548,0.7721315622329712
8,adaptive,123,101,5,full_batch,batch_lora,0.6248972415924072,0.8486377000808716,0.9575870633125305
8,adaptive,123,101,6,heldout_before,activation,0.4387081563472748,0.9159467220306396,0.594808042049408
8,adaptive,123,101,6,heldout_before,lora,0.6303236484527588,0.8065517544746399,0.7839114665985107
8,adaptive,123,101,6,heldout_before,batch_lora,0.5236855149269104,0.8990251421928406,0.8109009861946106
8,adaptive,123,101,6,heldout_after,activation,0.4772426187992096,0.8814230561256409,0.5436979532241821
8,adaptive,123,101,6,heldout_after,lora,0.6693668961524963,0.7497665286064148,0.7263944149017334
8,adaptive,123,101,6,heldout_after,batch_lora,0.5075947642326355,0.8958346843719482,0.7528952360153198
8,adaptive,123,101,6,full_batch,activation,0.49603214859962463,0.8683937191963196,0.5545264482498169
8,adaptive,123,101,6,full_batch,lora,0.7010736465454102,0.7039605379104614,0.7501921653747559
8,adaptive,123,101,6,full_batch,batch_lora,0.5689921379089355,0.8562496900558472,0.8075624108314514
8,adaptive,123,101,7,heldout_before,activation,0.47265732288360596,0.8936620354652405,0.595585823059082
8,adaptive,123,101,7,heldout_before,lora,0.6505369544029236,0.7735921740531921,0.7828730344772339
8,adaptive,123,101,7,heldout_before,batch_lora,0.47365957498550415,0.9512830972671509,0.8332326412200928
8,adaptive,123,101,7,heldout_after,activation,0.5097047090530396,0.8628827333450317,0.5591691732406616
8,adaptive,123,101,7,heldout_after,lora,0.7030195593833923,0.7145545482635498,0.7585505247116089
8,adaptive,123,101,7,heldout_after,batch_lora,0.6245360374450684,0.8443043231964111,0.9453083872795105
8,adaptive,123,101,7,full_batch,activation,0.5189471244812012,0.8564109802246094,0.5611082911491394
8,adaptive,123,101,7,full_batch,lora,0.7260974049568176,0.6827273368835449,0.7747931480407715
8,adaptive,123,101,7,full_batch,batch_lora,0.693401038646698,0.7763643860816956,0.9824450016021729
8,adaptive,123,101,8,heldout_before,activation,0.4708935618400574,0.8999989032745361,0.5814504027366638
8,adaptive,123,101,8,heldout_before,lora,0.6265846490859985,0.8216211199760437,0.7932549118995667
8,adaptive,123,101,8,heldout_before,batch_lora,0.368838369846344,1.188315510749817,1.1092000007629395
8,adaptive,123,101,8,heldout_after,activation,0.4733363091945648,0.8976770639419556,0.582689642906189
8,adaptive,123,101,8,heldout_after,lora,0.6415795087814331,0.8005242943763733,0.7777827382087708
8,adaptive,123,101,8,heldout_after,batch_lora,0.4600609242916107,1.0112404823303223,0.944068431854248
8,adaptive,123,101,8,full_batch,activation,0.48093748092651367,0.8908331394195557,0.5763470530509949
8,adaptive,123,101,8,full_batch,lora,0.6598783731460571,0.7772110104560852,0.7793322801589966
8,adaptive,123,101,8,full_batch,batch_lora,0.5768013000488281,0.9036457538604736,0.963163435459137
8,adaptive,123,101,9,heldout_before,activation,0.47275009751319885,0.8972399830818176,0.6316051483154297
8,adaptive,123,101,9,heldout_before,lora,0.644351601600647,0.7903501391410828,0.8167932629585266
8,adaptive,123,101,9,heldout_before,batch_lora,0.5010824203491211,0.9720761775970459,0.943818986415863
8,adaptive,123,101,9,heldout_after,activation,0.48703673481941223,0.8781940340995789,0.5911450386047363
8,adaptive,123,101,9,heldout_after,lora,0.6729353666305542,0.7439168691635132,0.7568182349205017
8,adaptive,123,101,9,heldout_after,batch_lora,0.6628233194351196,0.7733277678489685,0.8561382293701172
8,adaptive,123,101,9,full_batch,activation,0.49278324842453003,0.874017596244812,0.5916542410850525
8,adaptive,123,101,9,full_batch,lora,0.6848885416984558,0.7296668291091919,0.7565947771072388
8,adaptive,123,101,9,full_batch,batch_lora,0.7129762172698975,0.7181013822555542,0.8679100871086121
8,adaptive,123,101,10,heldout_before,activation,0.4247679114341736,0.9129328727722168,0.5442035794258118
8,adaptive,123,101,10,heldout_before,lora,0.5859739184379578,0.8286863565444946,0.7377718687057495
8,adaptive,123,101,10,heldout_before,batch_lora,0.31598493456840515,1.065576434135437,0.801061749458313
8,adaptive,123,101,10,heldout_after,activation,0.4477269649505615,0.8927435874938965,0.5212265849113464
8,adaptive,123,101,10,heldout_after,lora,0.618656575679779,0.7893809080123901,0.7277414202690125
8,adaptive,123,101,10,heldout_after,batch_lora,0.5155155062675476,0.931721568107605,0.8813859820365906
8,adaptive,123,101,10,full_batch,activation,0.47601765394210815,0.8732099533081055,0.541426420211792
8,adaptive,123,101,10,full_batch,lora,0.6582508087158203,0.734821081161499,0.7532280683517456
8,adaptive,123,101,10,full_batch,batch_lora,0.6034009456634521,0.8597362637519836,0.9247094392776489
8,adaptive,123,101,11,heldout_before,activation,0.46550872921943665,0.8808197975158691,0.5693687200546265
8,adaptive,123,101,11,heldout_before,lora,0.625706136226654,0.7826198935508728,0.7838772535324097
8,adaptive,123,101,11,heldout_before,batch_lora,0.5515276789665222,0.9535571932792664,1.0135383605957031
8,adaptive,123,101,11,heldout_after,activation,0.465982586145401,0.8794389367103577,0.5586960911750793
8,adaptive,123,101,11,heldout_after,lora,0.626865565776825,0.7775050401687622,0.76552814245224
8,adaptive,123,101,11,heldout_after,batch_lora,0.5522405505180359,0.9561063647270203,1.0203315019607544
8,adaptive,123,101,11,full_batch,activation,0.46211355924606323,0.8823165893554688,0.5462419986724854
8,adaptive,123,101,11,full_batch,lora,0.6273019313812256,0.7782399654388428,0.7484893798828125
8,adaptive,123,101,11,full_batch,batch_lora,0.5723773837089539,0.9016340374946594,0.9472903609275818
8,adaptive,123,101,12,heldout_before,activation,0.4692564606666565,0.8842199444770813,0.546169102191925
8,adaptive,123,101,12,heldout_before,lora,0.6309092044830322,0.7857778072357178,0.7363425493240356
8,adaptive,123,101,12,heldout_before,batch_lora,0.4576812982559204,0.9295720458030701,0.7289308309555054
8,adaptive,123,101,12,heldout_after,activation,0.47268038988113403,0.8842073678970337,0.5532892942428589
8,adaptive,123,101,12,heldout_after,lora,0.6348428726196289,0.785464346408844,0.7489894032478333
8,adaptive,123,101,12,heldout_after,batch_lora,0.5334577560424805,0.876641035079956,0.7638417482376099
8,adaptive,123,101,12,full_batch,activation,0.47697627544403076,0.8805910348892212,0.5413856506347656
8,adaptive,123,101,12,full_batch,lora,0.6495466232299805,0.7694324254989624,0.7423962354660034
8,adaptive,123,101,12,full_batch,batch_lora,0.5883514285087585,0.827914297580719,0.7661136984825134
8,adaptive,123,101,13,heldout_before,activation,0.42691510915756226,0.918806791305542,0.5755200386047363
8,adaptive,123,101,13,heldout_before,lora,0.5638836622238159,0.8566492199897766,0.7852693796157837
8,adaptive,123,101,13,heldout_before,batch_lora,0.3968738317489624,1.1513196229934692,1.0918889045715332
8,adaptive,123,101,13,heldout_after,activation,0.44470977783203125,0.8914075493812561,0.49852246046066284
8,adaptive,123,101,13,heldout_after,lora,0.5973078012466431,0.7954838275909424,0.6692736744880676
8,adaptive,123,101,13,heldout_after,batch_lora,0.5250424742698669,0.9474629163742065,0.9414024949073792
8,adaptive,123,101,13,full_batch,activation,0.47653958201408386,0.8693952560424805,0.5234197378158569
8,adaptive,123,101,13,full_batch,lora,0.6389792561531067,0.7416898608207703,0.7018927335739136
8,adaptive,123,101,13,full_batch,batch_lora,0.6108163595199585,0.878635823726654,0.9917331337928772
8,adaptive,123,101,14,heldout_before,activation,0.46858081221580505,0.8881763219833374,0.5455788969993591
8,adaptive,123,101,14,heldout_before,lora,0.6048496961593628,0.8125376105308533,0.7437437176704407
8,adaptive,123,101,14,heldout_before,batch_lora,0.43002671003341675,1.050347089767456,0.9668245315551758
8,adaptive,123,101,14,heldout_after,activation,0.4704744219779968,0.8869059681892395,0.5426546931266785
8,adaptive,123,101,14,heldout_after,lora,0.6131834983825684,0.8043691515922546,0.7339385151863098
8,adaptive,123,101,14,heldout_after,batch_lora,0.442421019077301,0.9998238682746887,0.8844437599182129
8,adaptive,123,101,14,full_batch,activation,0.48699337244033813,0.8760983347892761,0.553393542766571
8,adaptive,123,101,14,full_batch,lora,0.6312400698661804,0.786131739616394,0.7396279573440552
8,adaptive,123,101,14,full_batch,batch_lora,0.4122326970100403,1.0390750169754028,0.9118452668190002
8,adaptive,123,101,15,heldout_before,activation,0.42691928148269653,0.8949607014656067,0.42099708318710327
8,adaptive,123,101,15,heldout_before,lora,0.5717923641204834,0.8107019066810608,0.5780426263809204
8,adaptive,123,101,15,heldout_before,batch_lora,0.2960505783557892,0.9931735992431641,0.5681532025337219
8,adaptive,123,101,15,heldout_after,activation,0.44069376587867737,0.888096034526825,0.43673503398895264
8,adaptive,123,101,15,heldout_after,lora,0.5985634922981262,0.7937928438186646,0.6238431930541992
8,adaptive,123,101,15,heldout_after,batch_lora,0.5207700729370117,0.8685111999511719,0.6804980635643005
8,adaptive,123,101,15,full_batch,activation,0.4413970410823822,0.8865488171577454,0.4366941452026367
8,adaptive,123,101,15,full_batch,lora,0.6049139499664307,0.7835217714309692,0.6271684169769287
8,adaptive,123,101,15,full_batch,batch_lora,0.568355143070221,0.8312424421310425,0.6866406798362732
8,adaptive,123,101,16,heldout_before,activation,0.4478989839553833,0.8915225267410278,0.4713688790798187
8,adaptive,123,101,16,heldout_before,lora,0.6102005243301392,0.7928744554519653,0.6529392600059509
8,adaptive,123,101,16,heldout_before,batch_lora,0.5110908150672913,0.8989722728729248,0.7744634747505188
8,adaptive,123,101,16,heldout_after,activation,0.4478989839553833,0.8915225267410278,0.4713688790798187
8,adaptive,123,101,16,heldout_after,lora,0.6102005243301392,0.7928744554519653,0.6529392600059509
8,adaptive,123,101,16,heldout_after,batch_lora,0.5110908150672913,0.8989722728729248,0.7744634747505188
8,adaptive,123,101,16,full_batch,activation,0.43314167857170105,0.8969895243644714,0.451932430267334
8,adaptive,123,101,16,full_batch,lora,0.5903083682060242,0.8039326667785645,0.6280652284622192
8,adaptive,123,101,16,full_batch,batch_lora,0.49913290143013,0.9071983695030212,0.7677261829376221
8,adaptive,123,101,17,heldout_before,activation,0.48691657185554504,0.8732336759567261,0.513080358505249
8,adaptive,123,101,17,heldout_before,lora,0.6428093910217285,0.7747920751571655,0.6976891160011292
8,adaptive,123,101,17,heldout_before,batch_lora,0.5517657995223999,0.9168516993522644,0.932636559009552
8,adaptive,123,101,17,heldout_after,activation,0.4956215023994446,0.8693654537200928,0.539211094379425
8,adaptive,123,101,17,heldout_after,lora,0.6553761959075928,0.7625826597213745,0.7136596441268921
8,adaptive,123,101,17,heldout_after,batch_lora,0.6024894714355469,0.849762499332428,0.8941910266876221
8,adaptive,123,101,17,full_batch,activation,0.5074160099029541,0.8606303930282593,0.5400880575180054
8,adaptive,123,101,17,full_batch,lora,0.670007050037384,0.7457108497619629,0.7206649780273438
8,adaptive,123,101,17,full_batch,batch_lora,0.6397168636322021,0.8180047273635864,0.9196619391441345
8,adaptive,123,101,18,heldout_before,activation,0.4356774091720581,0.896043598651886,0.47716397047042847
8,adaptive,123,101,18,heldout_before,lora,0.5827668309211731,0.8140217661857605,0.6641315817832947
8,adaptive,123,101,18,heldout_before,batch_lora,0.29797953367233276,1.0532464981079102,0.7430863380432129
8,adaptive,123,101,18,heldout_after,activation,0.4435572922229767,0.8916759490966797,0.47353896498680115
8,adaptive,123,101,18,heldout_after,lora,0.5892398953437805,0.8077561855316162,0.6643514633178711
8,adaptive,123,101,18,heldout_after,batch_lora,0.41679370403289795,0.9834462404251099,0.7921385765075684
8,adaptive,123,101,18,full_batch,activation,0.43756577372550964,0.8945093750953674,0.46638184785842896
8,adaptive,123,101,18,full_batch,lora,0.5911810398101807,0.805099368095398,0.6579986810684204
8,adaptive,123,101,18,full_batch,batch_lora,0.5228621363639832,0.9118949770927429,0.8468025326728821
8,adaptive,123,101,19,heldout_before,activation,0.4425715208053589,0.9064116477966309,0.5810672640800476
8,adaptive,123,101,19,heldout_before,lora,0.5715287327766418,0.8596246242523193,0.8010289072990417
8,adaptive,123,101,19,heldout_before,batch_lora,0.3951563239097595,1.5473966598510742,1.640381097793579
8,adaptive,123,101,19,heldout_after,activation,0.4469248354434967,0.9012985229492188,0.5674756169319153
8,adaptive,123,101,19,heldout_after,lora,0.5839380025863647,0.8470657467842102,0.8018684983253479
8,adaptive,123,101,19,heldout_after,batch_lora,0.4158238470554352,1.4736244678497314,1.5753401517868042
8,adaptive,123,101,19,full_batch,activation,0.4528217315673828,0.8968720436096191,0.5548353791236877
8,adaptive,123,101,19,full_batch,lora,0.6028597354888916,0.8251249194145203,0.7906033992767334
8,adaptive,123,101,19,full_batch,batch_lora,0.6146981716156006,1.135127305984497,1.4310119152069092
8,adaptive,123,101,20,heldout_before,activation,0.399766743183136,0.9266469478607178,0.5275485515594482
8,adaptive,123,101,20,heldout_before,lora,0.5219193696975708,0.8894453644752502,0.7379629015922546
8,adaptive,123,101,20,heldout_before,batch_lora,0.10913865268230438,1.685677409172058,1.4705421924591064
8,adaptive,123,101,20,heldout_after,activation,0.4064885675907135,0.9219081401824951,0.5125174522399902
8,adaptive,123,101,20,heldout_after,lora,0.5531734228134155,0.8621065020561218,0.7182358503341675
8,adaptive,123,101,20,heldout_after,batch_lora,0.2094537764787674,1.422968864440918,1.243238925933838
8,adaptive,123,101,20,full_batch,activation,0.4083089232444763,0.9194409847259521,0.5000628232955933
8,adaptive,123,101,20,full_batch,lora,0.5710736513137817,0.843522310256958,0.7136713266372681
8,adaptive,123,101,20,full_batch,batch_lora,0.356899231672287,1.3501336574554443,1.3317008018493652
8,adaptive,123,101,21,heldout_before,activation,0.38470596075057983,0.9337477684020996,0.5098302364349365
8,adaptive,123,101,21,heldout_before,lora,0.5176759958267212,0.8774601817131042,0.6947189569473267
8,adaptive,123,101,21,heldout_before,batch_lora,0.28453192114830017,1.2961903810501099,1.1569238901138306
8,adaptive,123,101,21,heldout_after,activation,0.3895185589790344,0.9286112785339355,0.49244454503059387
8,adaptive,123,101,21,heldout_after,lora,0.5328320860862732,0.8624570369720459,0.6678463220596313
8,adaptive,123,101,21,heldout_after,batch_lora,0.32173779606819153,1.1638846397399902,0.9986000657081604
8,adaptive,123,101,21,full_batch,activation,0.39702606201171875,0.9241249561309814,0.49185144901275635
8,adaptive,123,101,21,full_batch,lora,0.5520956516265869,0.8453580141067505,0.6684496402740479
8,adaptive,123,101,21,full_batch,batch_lora,0.39207932353019714,1.097105622291565,0.9898809194564819
8,adaptive,123,101,22,heldout_before,activation,0.3610313832759857,0.941781222820282,0.4790933430194855
8,adaptive,123,101,22,heldout_before,lora,0.4931531250476837,0.8929001688957214,0.666015088558197
8,adaptive,123,101,22,heldout_before,batch_lora,0.2582577168941498,1.1370234489440918,0.8578569889068604
8,adaptive,123,101,22,heldout_after,activation,0.36874088644981384,0.9330708980560303,0.44855785369873047
8,adaptive,123,101,22,heldout_after,lora,0.5194689631462097,0.8617405891418457,0.6210682988166809
8,adaptive,123,101,22,heldout_after,batch_lora,0.38284265995025635,1.0152326822280884,0.8038721680641174
8,adaptive,123,101,22,full_batch,activation,0.36824411153793335,0.9325695037841797,0.4456655979156494
8,adaptive,123,101,22,full_batch,lora,0.5315200090408325,0.8516932725906372,0.6205773949623108
8,adaptive,123,101,22,full_batch,batch_lora,0.4004274010658264,1.0184319019317627,0.8448885083198547
8,adaptive,123,101,23,heldout_before,activation,0.3782609701156616,0.9325141906738281,0.473245233297348
8,adaptive,123,101,23,heldout_before,lora,0.5297325849533081,0.8588306307792664,0.6506650447845459
8,adaptive,123,101,23,heldout_before,batch_lora,0.31027716398239136,1.037405252456665,0.7255862951278687
8,adaptive,123,101,23,heldout_after,activation,0.38057273626327515,0.9298326373100281,0.46198466420173645
8,adaptive,123,101,23,heldout_after,lora,0.5362061858177185,0.8504591584205627,0.6301056146621704
8,adaptive,123,101,23,heldout_after,batch_lora,0.3393417298793793,0.9988458156585693,0.675267219543457
8,adaptive,123,101,23,full_batch,activation,0.37337303161621094,0.932259202003479,0.44875258207321167
8,adaptive,123,101,23,full_batch,lora,0.5327290892601013,0.8521072864532471,0.6119617223739624
8,adaptive,123,101,23,full_batch,batch_lora,0.3391473889350891,0.9983779788017273,0.6734820008277893
8,adaptive,123,101,24,heldout_before,activation,0.3419378995895386,0.9502652883529663,0.4602811336517334
8,adaptive,123,101,24,heldout_before,lora,0.49299827218055725,0.8902918100357056,0.6325912475585938
8,adaptive,123,101,24,heldout_before,batch_lora,0.3641142249107361,0.9976694583892822,0.721778392791748
8,adaptive,123,101,24,heldout_after,activation,0.380158931016922,0.9290889501571655,0.47356659173965454
8,adaptive,123,101,24,heldout_after,lora,0.5555574893951416,0.8396883606910706,0.6798810362815857
8,adaptive,123,101,24,heldout_after,batch_lora,0.6353530883789062,0.8534992337226868,0.998856246471405
8,adaptive,123,101,24,full_batch,activation,0.40037959814071655,0.9178464412689209,0.4841121435165405
8,adaptive,123,101,24,full_batch,lora,0.5920888185501099,0.8007563352584839,0.7002153992652893
8,adaptive,123,101,24,full_batch,batch_lora,0.6943869590759277,0.7932784557342529,1.0282492637634277
8,adaptive,123,101,25,heldout_before,activation,0.37590792775154114,0.9342515468597412,0.4739481210708618
8,adaptive,123,101,25,heldout_before,lora,0.5422489047050476,0.8597403168678284,0.6790264844894409
8,adaptive,123,101,25,heldout_before,batch_lora,0.5518893003463745,0.9151272773742676,0.9287711381912231
8,adaptive,123,101,25,heldout_after,activation,0.37590792775154114,0.9342515468597412,0.4739481210708618
8,adaptive,123,101,25,heldout_after,lora,0.5422489047050476,0.8597403168678284,0.6790264844894409
8,adaptive,123,101,25,heldout_after,batch_lora,0.5518893003463745,0.9151272773742676,0.9287711381912231
8,adaptive,123,101,25,full_batch,activation,0.3769935965538025,0.9337747097015381,0.46931135654449463
8,adaptive,123,101,25,full_batch,lora,0.548626184463501,0.8543069362640381,0.6689596176147461
8,adaptive,123,101,25,full_batch,batch_lora,0.5614653825759888,0.8963651657104492,0.9060140252113342
8,adaptive,123,101,26,heldout_before,activation,0.3451792001724243,0.9444307088851929,0.4372944235801697
8,adaptive,123,101,26,heldout_before,lora,0.5014240145683289,0.8754878044128418,0.6208200454711914
8,adaptive,123,101,26,heldout_before,batch_lora,0.48427918553352356,0.9340912103652954,0.8114680051803589
8,adaptive,123,101,26,heldout_after,activation,0.3474932610988617,0.9412316083908081,0.4193733334541321
8,adaptive,123,101,26,heldout_after,lora,0.50135338306427,0.8725787997245789,0.5926821827888489
8,adaptive,123,101,26,heldout_after,batch_lora,0.44555872678756714,0.9479056000709534,0.7570831179618835
8,adaptive,123,101,26,full_batch,activation,0.35588741302490234,0.9374330043792725,0.4181750416755676
8,adaptive,123,101,26,full_batch,lora,0.5139655470848083,0.8635131120681763,0.5887635946273804
8,adaptive,123,101,26,full_batch,batch_lora,0.4814024269580841,0.928800642490387,0.7886790633201599
8,adaptive,123,101,27,heldout_before,activation,0.3800204396247864,0.9273946285247803,0.4666576683521271
8,adaptive,123,101,27,heldout_before,lora,0.5468593835830688,0.8488683104515076,0.6767981648445129
8,adaptive,123,101,27,heldout_before,batch_lora,0.526013970375061,0.9328632950782776,0.9093216061592102
8,adaptive,123,101,27,heldout_after,activation,0.38024160265922546,0.9250625371932983,0.44801419973373413
8,adaptive,123,101,27,heldout_after,lora,0.551963746547699,0.8375219702720642,0.6399884223937988
8,adaptive,123,101,27,heldout_after,batch_lora,0.5451984405517578,0.8973565697669983,0.8653393983840942
8,adaptive,123,101,27,full_batch,activation,0.3731299042701721,0.9275491237640381,0.435421347618103
8,adaptive,123,101,27,full_batch,lora,0.5510908365249634,0.837388277053833,0.6245197057723999
8,adaptive,123,101,27,full_batch,batch_lora,0.5659758448600769,0.8847858309745789,0.8871839046478271
8,adaptive,123,101,28,heldout_before,activation,0.3686142861843109,0.9258530139923096,0.45270854234695435
8,adaptive,123,101,28,heldout_before,lora,0.5349061489105225,0.8368200659751892,0.633241593837738
8,adaptive,123,101,28,heldout_before,batch_lora,0.5138291120529175,0.9311278462409973,0.8757952451705933
8,adaptive,123,101,28,heldout_after,activation,0.3736724257469177,0.9219887256622314,0.441646933555603
8,adaptive,123,101,28,heldout_after,lora,0.5456033945083618,0.8274659514427185,0.6243347525596619
8,adaptive,123,101,28,heldout_after,batch_lora,0.563705563545227,0.8795737028121948,0.8660528063774109
8,adaptive,123,101,28,full_batch,activation,0.37226539850234985,0.9232373833656311,0.4348094165325165
8,adaptive,123,101,28,full_batch,lora,0.5533447265625,0.8231339454650879,0.6194953918457031
8,adaptive,123,101,28,full_batch,batch_lora,0.622621476650238,0.8238615393638611,0.8803136348724365
8,adaptive,123,101,29,heldout_before,activation,0.3727324903011322,0.9273435473442078,0.4724447727203369
8,adaptive,123,101,29,heldout_before,lora,0.5132013559341431,0.8557644486427307,0.6617645621299744
8,adaptive,123,101,29,heldout_before,batch_lora,0.425256609916687,1.023747444152832,0.903693675994873
8,adaptive,123,101,29,heldout_after,activation,0.3727324903011322,0.9273435473442078,0.4724447727203369
8,adaptive,123,101,29,heldout_after,lora,0.5132013559341431,0.8557644486427307,0.6617645621299744
8,adaptive,123,101,29,heldout_after,batch_lora,0.425256609916687,1.023747444152832,0.903693675994873
8,adaptive,123,101,29,full_batch,activation,0.384010374546051,0.9221346378326416,0.47032779455184937
8,adaptive,123,101,29,full_batch,lora,0.5278047323226929,0.8452000617980957,0.6582224369049072
8,adaptive,123,101,29,full_batch,batch_lora,0.48392748832702637,0.9817567467689514,0.9289355874061584
8,adaptive,123,101,30,heldout_before,activation,0.314684122800827,0.9483702778816223,0.3856774866580963
8,adaptive,123,101,30,heldout_before,lora,0.4586711525917053,0.8827555775642395,0.5545212030410767
8,adaptive,123,101,30,heldout_before,batch_lora,0.2096719890832901,1.0914490222930908,0.6946703195571899
8,adaptive,123,101,30,heldout_after,activation,0.3266335725784302,0.9425659775733948,0.3718263804912567
8,adaptive,123,101,30,heldout_after,lora,0.48802268505096436,0.865117609500885,0.531953752040863
8,adaptive,123,101,30,heldout_after,batch_lora,0.3952322006225586,0.9568546414375305,0.6631488800048828
8,adaptive,123,101,30,full_batch,activation,0.32974696159362793,0.9412918090820312,0.3690779507160187
8,adaptive,123,101,30,full_batch,lora,0.4996139407157898,0.858271598815918,0.5381820797920227
8,adaptive,123,101,30,full_batch,batch_lora,0.4164848327636719,0.9464755058288574,0.6796873211860657
8,adaptive,123,101,31,heldout_before,activation,0.33935442566871643,0.9423110485076904,0.38824206590652466
8,adaptive,123,101,31,heldout_before,lora,0.4960004687309265,0.8726469874382019,0.558812141418457
8,adaptive,123,101,31,heldout_before,batch_lora,0.37940430641174316,1.0396792888641357,0.8536199927330017
8,adaptive,123,101,31,heldout_after,activation,0.33911386132240295,0.9422739744186401,0.3896857500076294
8,adaptive,123,101,31,heldout_after,lora,0.4940239191055298,0.8729194402694702,0.550952672958374
8,adaptive,123,101,31,heldout_after,batch_lora,0.34284043312072754,1.0553672313690186,0.8238181471824646
8,adaptive,123,101,31,full_batch,activation,0.339842289686203,0.9423666596412659,0.39559507369995117
8,adaptive,123,101,31,full_batch,lora,0.49675431847572327,0.8710168600082397,0.553594172000885
8,adaptive,123,101,31,full_batch,batch_lora,0.4021565914154053,1.0372132062911987,0.8895384669303894
8,adaptive,123,101,32,heldout_before,activation,0.27696478366851807,0.9613215327262878,0.3398057520389557
8,adaptive,123,101,32,heldout_before,lora,0.40507668256759644,0.9159085750579834,0.47395235300064087
8,adaptive,123,101,32,heldout_before,batch_lora,0.19403128325939178,1.0657590627670288,0.610553503036499
8,adaptive,123,101,32,heldout_after,activation,0.28135913610458374,0.9604376554489136,0.3458924889564514
8,adaptive,123,101,32,heldout_after,lora,0.4171043336391449,0.9089720845222473,0.4825342893600464
8,adaptive,123,101,32,heldout_after,batch_lora,0.20263493061065674,1.0473138093948364,0.5740204453468323
8,adaptive,123,101,32,full_batch,activation,0.29148003458976746,0.9563849568367004,0.35319384932518005
8,adaptive,123,101,32,full_batch,lora,0.4343314468860626,0.8983646035194397,0.49397027492523193
8,adaptive,123,101,32,full_batch,batch_lora,0.250693678855896,1.0310527086257935,0.6055414080619812
8,adaptive,124,102,1,heldout_before,activation,0.5967019200325012,0.7780473828315735,0.601434588432312
8,adaptive,124,102,1,heldout_before,lora,0.7641423940658569,0.6030762791633606,0.7907950282096863
8,adaptive,124,102,1,heldout_before,batch_lora,0.8092435598373413,0.5891961455345154,0.8542677164077759
8,adaptive,124,102,1,heldout_after,activation,0.5967019200325012,0.7780473828315735,0.601434588432312
8,adaptive,124,102,1,heldout_after,lora,0.7641423940658569,0.6030762791633606,0.7907950282096863
8,adaptive,124,102,1,heldout_after,batch_lora,0.8092435598373413,0.5891961455345154,0.8542677164077759
8,adaptive,124,102,1,full_batch,activation,0.6081641316413879,0.7714357376098633,0.6037840843200684
8,adaptive,124,102,1,full_batch,lora,0.7768294811248779,0.5906133651733398,0.7942242622375488
8,adaptive,124,102,1,full_batch,batch_lora,0.828665018081665,0.5611457824707031,0.8682911992073059
8,adaptive,124,102,2,heldout_before,activation,0.5228414535522461,0.8596110343933105,0.5810552835464478
8,adaptive,124,102,2,heldout_before,lora,0.6621930599212646,0.7652645707130432,0.7670291662216187
8,adaptive,124,102,2,heldout_before,batch_lora,0.1716718226671219,1.193248987197876,0.8449579477310181
8,adaptive,124,102,2,heldout_after,activation,0.5584274530410767,0.8294464945793152,0.5739673972129822
8,adaptive,124,102,2,heldout_after,lora,0.7198139429092407,0.6968321204185486,0.7469009757041931
8,adaptive,124,102,2,heldout_after,batch_lora,0.6060062646865845,0.8173458576202393,0.7938836216926575
8,adaptive,124,102,2,full_batch,activation,0.5835378170013428,0.8072580099105835,0.5906470417976379
8,adaptive,124,102,2,full_batch,lora,0.7491559982299805,0.6468840837478638,0.7733972072601318
8,adaptive,124,102,2,full_batch,batch_lora,0.6935591697692871,0.7387205362319946,0.8570597767829895
8,adaptive,124,102,3,heldout_before,activation,0.5573825836181641,0.8234447836875916,0.5932800769805908
8,adaptive,124,102,3,heldout_before,lora,0.7049461007118225,0.7065571546554565,0.757339358329773
8,adaptive,124,102,3,heldout_before,batch_lora,0.43570899963378906,0.9693025946617126,0.7954169511795044
8,adaptive,124,102,3,heldout_after,activation,0.5715446472167969,0.8100695013999939,0.5866376161575317
8,adaptive,124,102,3,heldout_after,lora,0.7201067209243774,0.6831400990486145,0.7615254521369934
8,adaptive,124,102,3,heldout_after,batch_lora,0.5114477276802063,0.8897585868835449,0.7422055006027222
8,adaptive,124,102,3,full_batch,activation,0.5785883665084839,0.8035584688186646,0.5892040729522705
8,adaptive,124,102,3,full_batch,lora,0.7386208772659302,0.6581664681434631,0.7765427231788635
8,adaptive,124,102,3,full_batch,batch_lora,0.5419629216194153,0.8782843947410583,0.7971243858337402
8,adaptive,124,102,4,heldout_before,activation,0.5513800978660583,0.877946138381958,0.7368228435516357
8,adaptive,124,102,4,heldout_before,lora,0.6738255023956299,0.8321083784103394,0.9653762578964233
8,adaptive,124,102,4,heldout_before,batch_lora,0.22956235706806183,1.276141881942749,1.0549331903457642
8,adaptive,124,102,4,heldout_after,activation,0.5703648924827576,0.8375417590141296,0.6787731051445007
8,adaptive,124,102,4,heldout_after,lora,0.7108338475227356,0.7231370210647583,0.8510986566543579
8,adaptive,124,102,4,heldout_after,batch_lora,0.5359815359115601,0.921326220035553,0.9049233794212341
8,adaptive,124,102,4,full_batch,activation,0.5751049518585205,0.83259117603302,0.6769621968269348
8,adaptive,124,102,4,full_batch,lora,0.7219073176383972,0.7078984975814819,0.8452441692352295
8,adaptive,124,102,4,full_batch,batch_lora,0.6024665832519531,0.8558600544929504,0.9114363193511963
8,adaptive,124,102,5,heldout_before,activation,0.4503657817840576,0.9112642407417297,0.6201560497283936
8,adaptive,124,102,5,heldout_before,lora,0.5942666530609131,0.826841413974762,0.7961089611053467
8,adaptive,124,102,5,heldout_before,batch_lora,0.3283829391002655,1.0371346473693848,0.7567330002784729
8,adaptive,124,102,5,heldout_after,activation,0.45112335681915283,0.9049665331840515,0.5958455801010132
8,adaptive,124,102,5,heldout_after,lora,0.5965465903282166,0.8149864077568054,0.7595550417900085
8,adaptive,124,102,5,heldout_after,batch_lora,0.3923051357269287,0.9863958358764648,0.7485074996948242
8,adaptive,124,102,5,full_batch,activation,0.44684189558029175,0.9054116010665894,0.5822230577468872
8,adaptive,124,102,5,full_batch,lora,0.6067062616348267,0.805011510848999,0.7462913393974304
8,adaptive,124,102,5,full_batch,batch_lora,0.4288593828678131,0.9828124642372131,0.8159520030021667
8,adaptive,124,102,6,heldout_before,activation,0.4532923996448517,0.9372007250785828,0.6521086096763611
8,adaptive,124,102,6,heldout_before,lora,0.6047842502593994,0.8442057371139526,0.8362581133842468
8,adaptive,124,102,6,heldout_before,batch_lora,0.5915642976760864,0.8227919936180115,0.7556831240653992
8,adaptive,124,102,6,heldout_after,activation,0.49484699964523315,0.8698725700378418,0.5059993267059326
8,adaptive,124,102,6,heldout_after,lora,0.6638655662536621,0.743266224861145,0.6840493083000183
8,adaptive,124,102,6,heldout_after,batch_lora,0.6010856032371521,0.800005316734314,0.6373121738433838
8,adaptive,124,102,6,full_batch,activation,0.5139356255531311,0.8561831712722778,0.5259318351745605
8,adaptive,124,102,6,full_batch,lora,0.6975623369216919,0.6950795650482178,0.7149747610092163
8,adaptive,124,102,6,full_batch,batch_lora,0.5906280279159546,0.8130166530609131,0.6898124814033508
8,adaptive,124,102,7,heldout_before,activation,0.4253462851047516,0.9146967530250549,0.5173231959342957
8,adaptive,124,102,7,heldout_before,lora,0.5803072452545166,0.8393948674201965,0.7156165242195129
8,adaptive,124,102,7,heldout_before,batch_lora,0.4542035758495331,0.9346532225608826,0.7368296980857849
8,adaptive,124,102,7,heldout_after,activation,0.43344077467918396,0.9114395976066589,0.5255443453788757
8,adaptive,124,102,7,heldout_after,lora,0.5949353575706482,0.8298152685165405,0.735432505607605
8,adaptive,124,102,7,heldout_after,batch_lora,0.589201807975769,0.8485195636749268,0.8483237624168396
8,adaptive,124,102,7,full_batch,activation,0.4511207938194275,0.8997907042503357,0.5283578038215637
8,adaptive,124,102,7,full_batch,lora,0.6203322410583496,0.8011194467544556,0.7430132627487183
8,adaptive,124,102,7,full_batch,batch_lora,0.6546387076377869,0.7867981195449829,0.8728201985359192
8,adaptive,124,102,8,heldout_before,activation,0.47668832540512085,0.8830990791320801,0.5350307822227478
8,adaptive,124,102,8,heldout_before,lora,0.6199390292167664,0.8043807744979858,0.7190164923667908
8,adaptive,124,102,8,heldout_before,batch_lora,0.4648870825767517,0.9432024955749512,0.7900807857513428
8,adaptive,124,102,8,heldout_after,activation,0.4862383008003235,0.8742095828056335,0.518247127532959
8,adaptive,124,102,8,heldout_after,lora,0.6472825407981873,0.7711792588233948,0.6972440481185913
8,adaptive,124,102,8,heldout_after,batch_lora,0.5998021364212036,0.8128508925437927,0.7429425716400146
8,adaptive,124,102,8,full_batch,activation,0.49245989322662354,0.869255781173706,0.5274292826652527
8,adaptive,124,102,8,full_batch,lora,0.6583660840988159,0.756974458694458,0.7043523788452148
8,adaptive,124,102,8,full_batch,batch_lora,0.6250630617141724,0.7892906069755554,0.7420399188995361
8,adaptive,124,102,9,heldout_before,activation,0.42167341709136963,0.9190819263458252,0.5281633734703064
8,adaptive,124,102,9,heldout_before,lora,0.5686351656913757,0.856992781162262,0.7187683582305908
8,adaptive,124,102,9,heldout_before,batch_lora,0.37015414237976074,0.9759906530380249,0.6694398522377014
8,adaptive,124,102,9,heldout_after,activation,0.46030929684638977,0.8898918032646179,0.555332601070404
8,adaptive,124,102,9,heldout_after,lora,0.6214399337768555,0.7947124242782593,0.7571612596511841
8,adaptive,124,102,9,heldout_after,batch_lora,0.6942963600158691,0.7779121994972229,0.9895843267440796
8,adaptive,124,102,9,full_batch,activation,0.48985108733177185,0.8677194118499756,0.5722525119781494
8,adaptive,124,102,9,full_batch,lora,0.6613470315933228,0.7373934984207153,0.780335545539856
8,adaptive,124,102,9,full_batch,batch_lora,0.7784808278083801,0.6735823154449463,1.0229097604751587
8,adaptive,124,102,10,heldout_before,activation,0.49941426515579224,0.8695831894874573,0.6190998554229736
8,adaptive,124,102,10,heldout_before,lora,0.6458175182342529,0.7845470309257507,0.8432609438896179
8,adaptive,124,102,10,heldout_before,batch_lora,0.6399199366569519,0.9170143604278564,1.140332579612732
8,adaptive,124,102,10,heldout_after,activation,0.49820998311042786,0.8659717440605164,0.5835258364677429
8,adaptive,124,102,10,heldout_after,lora,0.6503639221191406,0.7685192823410034,0.7922548055648804
8,adaptive,124,102,10,heldout_after,batch_lora,0.6490100622177124,0.8604977130889893,1.0510927438735962
8,adaptive,124,102,10,full_batch,activation,0.5053535103797913,0.8605656623840332,0.582309365272522
8,adaptive,124,102,10,full_batch,lora,0.6709114909172058,0.7434046864509583,0.7949170470237732
8,adaptive,124,102,10,full_batch,batch_lora,0.7067196369171143,0.7968161106109619,1.0732827186584473
8,adaptive,124,102,11,heldout_before,activation,0.519844651222229,0.85665363073349,0.6392536163330078
8,adaptive,124,102,11,heldout_before,lora,0.6618894934654236,0.7624819874763489,0.8405040502548218
8,adaptive,124,102,11,heldout_before,batch_lora,0.5426560640335083,1.112769603729248,1.27254056930542
8,adaptive,124,102,11,heldout_after,activation,0.5261297225952148,0.8530636429786682,0.6460151672363281
8,adaptive,124,102,11,heldout_after,lora,0.67767733335495,0.7430837154388428,0.8336341977119446
8,adaptive,124,102,11,heldout_after,batch_lora,0.577401876449585,1.029624342918396,1.204713225364685
8,adaptive,124,102,11,full_batch,activation,0.5296286940574646,0.8506107926368713,0.6373246908187866
8,adaptive,124,102,11,full_batch,lora,0.6923478245735168,0.7260732650756836,0.8322869539260864
8,adaptive,124,102,11,full_batch,batch_lora,0.5973303318023682,1.0091028213500977,1.20977783203125
8,adaptive,124,102,12,heldout_before,activation,0.4734238386154175,0.8758931159973145,0.5739410519599915
8,adaptive,124,102,12,heldout_before,lora,0.6081671714782715,0.7929590344429016,0.7524600625038147
8,adaptive,124,102,12,heldout_before,batch_lora,0.5195385217666626,0.9983668923377991,1.0359268188476562
8,adaptive,124,102,12,heldout_after,activation,0.4742623269557953,0.8680608868598938,0.521323025226593
8,adaptive,124,102,12,heldout_after,lora,0.6087014675140381,0.7776153087615967,0.6583449244499207
8,adaptive,124,102,12,heldout_after,batch_lora,0.4976789951324463,0.9147151112556458,0.7881754040718079
8,adaptive,124,102,12,full_batch,activation,0.4750048518180847,0.8661221265792847,0.5187106132507324
8,adaptive,124,102,12,full_batch,lora,0.6204670667648315,0.7661484479904175,0.6584882140159607
8,adaptive,124,102,12,full_batch,batch_lora,0.5029261708259583,0.9264832139015198,0.8365516662597656
8,adaptive,124,102,13,heldout_before,activation,0.4483011066913605,0.8939352631568909,0.5298968553543091
8,adaptive,124,102,13,heldout_before,lora,0.5884708166122437,0.8183170557022095,0.6821638345718384
8,adaptive,124,102,13,heldout_before,batch_lora,0.45126068592071533,0.9700493216514587,0.8315656781196594
8,adaptive,124,102,13,heldout_after,activation,0.46044492721557617,0.8878905773162842,0.5363882780075073
8,adaptive,124,102,13,heldout_after,lora,0.6105000376701355,0.7999969124794006,0.6890341639518738
8,adaptive,124,102,13,heldout_after,batch_lora,0.5041251182556152,0.9203235507011414,0.8221466541290283
8,adaptive,124,102,13,full_batch,activation,0.48668596148490906,0.8694287538528442,0.5495057702064514
8,adaptive,124,102,13,full_batch,lora,0.6481354832649231,0.7508343458175659,0.7155522108078003
8,adaptive,124,102,13,full_batch,batch_lora,0.593011736869812,0.8587867021560669,0.8916378617286682
8,adaptive,124,102,14,heldout_before,activation,0.46581679582595825,0.8808681964874268,0.5152323842048645
8,adaptive,124,102,14,heldout_before,lora,0.5980414748191833,0.7964730858802795,0.6599851846694946
8,adaptive,124,102,14,heldout_before,batch_lora,0.4185259938240051,0.9475705623626709,0.6888108253479004
8,adaptive,124,102,14,heldout_after,activation,0.47094428539276123,0.8787636756896973,0.5318050384521484
8,adaptive,124,102,14,heldout_after,lora,0.6032110452651978,0.7944807410240173,0.6953669190406799
8,adaptive,124,102,14,heldout_after,batch_lora,0.39244693517684937,0.9649198651313782,0.6841402649879456
8,adaptive,124,102,14,full_batch,activation,0.4944283962249756,0.8627971410751343,0.5465201139450073
8,adaptive,124,102,14,full_batch,lora,0.6433354616165161,0.7427968382835388,0.723738431930542
8,adaptive,124,102,14,full_batch,batch_lora,0.4462869167327881,0.942655622959137,0.7425498366355896
8,adaptive,124,102,15,heldout_before,activation,0.5004658102989197,0.8606719970703125,0.5171274542808533
8,adaptive,124,102,15,heldout_before,lora,0.6393255591392517,0.7666939496994019,0.6617565155029297
8,adaptive,124,102,15,heldout_before,batch_lora,0.4790096879005432,0.9318293333053589,0.7916693091392517
8,adaptive,124,102,15,heldout_after,activation,0.5005112886428833,0.860549807548523,0.5183599591255188
8,adaptive,124,102,15,heldout_after,lora,0.6384406089782715,0.7668330669403076,0.6641570925712585
8,adaptive,124,102,15,heldout_after,batch_lora,0.47469478845596313,0.9382513165473938,0.7997342944145203
8,adaptive,124,102,15,full_batch,activation,0.5065939426422119,0.8570153713226318,0.5148801803588867
8,adaptive,124,102,15,full_batch,lora,0.6472494602203369,0.7590234279632568,0.6634641885757446
8,adaptive,124,102,15,full_batch,batch_lora,0.5139528512954712,0.9213610291481018,0.8501872420310974
8,adaptive,124,102,16,heldout_before,activation,0.45120981335639954,0.9018312692642212,0.5172430872917175
8,adaptive,124,102,16,heldout_before,lora,0.5662738084793091,0.845356822013855,0.6731584072113037
8,adaptive,124,102,16,heldout_before,batch_lora,0.30539119243621826,1.1131666898727417,0.8819360136985779
8,adaptive,124,102,16,heldout_after,activation,0.45868849754333496,0.8961346745491028,0.5073625445365906
8,adaptive,124,102,16,heldout_after,lora,0.5821498036384583,0.8296304941177368,0.656402051448822
8,adaptive,124,102,16,heldout_after,batch_lora,0.34134140610694885,1.0407201051712036,0.7881213426589966
8,adaptive,124,102,16,full_batch,activation,0.46638453006744385,0.8902550339698792,0.5097570419311523
8,adaptive,124,102,16,full_batch,lora,0.5950874090194702,0.8150930404663086,0.6594431400299072
8,adaptive,124,102,16,full_batch,batch_lora,0.3314710855484009,1.0703009366989136,0.8368591666221619
8,adaptive,124,102,17,heldout_before,activation,0.47467735409736633,0.8792983889579773,0.45076870918273926
8,adaptive,124,102,17,heldout_before,lora,0.576927661895752,0.816761314868927,0.5628390312194824
8,adaptive,124,102,17,heldout_before,batch_lora,0.4813525080680847,0.8769499063491821,0.5085783004760742
8,adaptive,124,102,17,heldout_after,activation,0.4846844971179962,0.8730842471122742,0.44906163215637207
8,adaptive,124,102,17,heldout_after,lora,0.5896986126899719,0.8052432537078857,0.5643496513366699
8,adaptive,124,102,17,heldout_after,batch_lora,0.5491499900817871,0.8358034491539001,0.5376193523406982
8,adaptive,124,102,17,full_batch,activation,0.4737677574157715,0.877173662185669,0.4453516900539398
8,adaptive,124,102,17,full_batch,lora,0.5899490118026733,0.8025051355361938,0.5617156028747559
8,adaptive,124,102,17,full_batch,batch_lora,0.5568515062332153,0.8306330442428589,0.5509470105171204
8,adaptive,124,102,18,heldout_before,activation,0.4087429344654083,0.913072407245636,0.45330968499183655
8,adaptive,124,102,18,heldout_before,lora,0.5136401653289795,0.8536747097969055,0.5789677500724792
8,adaptive,124,102,18,heldout_before,batch_lora,0.3071678876876831,1.007544994354248,0.6380743384361267
8,adaptive,124,102,18,heldout_after,activation,0.41454532742500305,0.9090529680252075,0.4434988796710968
8,adaptive,124,102,18,heldout_after,lora,0.526018500328064,0.8443610668182373,0.5699000358581543
8,adaptive,124,102,18,heldout_after,batch_lora,0.3530829846858978,0.9732515811920166,0.6211990118026733
8,adaptive,124,102,18,full_batch,activation,0.42481768131256104,0.9038933515548706,0.4432963728904724
8,adaptive,124,102,18,full_batch,lora,0.5362434983253479,0.8383067846298218,0.5667751431465149
8,adaptive,124,102,18,full_batch,batch_lora,0.33975815773010254,0.9828978180885315,0.6252820491790771
8,adaptive,124,102,19,heldout_before,activation,0.438148558139801,0.9071974754333496,0.4527832567691803
8,adaptive,124,102,19,heldout_before,lora,0.5509244799613953,0.8539089560508728,0.5933643579483032
8,adaptive,124,102,19,heldout_before,batch_lora,0.47148799896240234,0.9115938544273376,0.7023649215698242
8,adaptive,124,102,19,heldout_after,activation,0.46160852909088135,0.8972492218017578,0.510936439037323
8,adaptive,124,102,19,heldout_after,lora,0.5964223742485046,0.8193668723106384,0.676185667514801
8,adaptive,124,102,19,heldout_after,batch_lora,0.6347676515579224,0.8088527917861938,0.8738757967948914
8,adaptive,124,102,19,full_batch,activation,0.4715927839279175,0.8898175358772278,0.5172057151794434
8,adaptive,124,102,19,full_batch,lora,0.620301365852356,0.7935580015182495,0.6886025667190552
8,adaptive,124,102,19,full_batch,batch_lora,0.6705940961837769,0.7761390209197998,0.8988227844238281
8,adaptive,124,102,20,heldout_before,activation,0.44182288646698,0.9155832529067993,0.5530587434768677
8,adaptive,124,102,20,heldout_before,lora,0.5602809190750122,0.8553992509841919,0.7161556482315063
8,adaptive,124,102,20,heldout_before,batch_lora,0.39921554923057556,1.1166362762451172,1.036592721939087
8,adaptive,124,102,20,heldout_after,activation,0.44471871852874756,0.907356321811676,0.5169674158096313
8,adaptive,124,102,20,heldout_after,lora,0.5695808529853821,0.8370909094810486,0.6663112044334412
8,adaptive,124,102,20,heldout_after,batch_lora,0.49265092611312866,0.9869954586029053,0.9583385586738586
8,adaptive,124,102,20,full_batch,activation,0.4439775347709656,0.905579149723053,0.5091690421104431
8,adaptive,124,102,20,full_batch,lora,0.5795685052871704,0.8261476755142212,0.6595981121063232
8,adaptive,124,102,20,full_batch,batch_lora,0.5054681301116943,0.9738793969154358,0.9570644497871399
8,adaptive,124,102,21,heldout_before,activation,0.4445580542087555,0.9012004733085632,0.4705280065536499
8,adaptive,124,102,21,heldout_before,lora,0.5880934596061707,0.8134059309959412,0.6410178542137146
8,adaptive,124,102,21,heldout_before,batch_lora,0.6159615516662598,0.7942041158676147,0.7168013453483582
8,adaptive,124,102,21,heldout_after,activation,0.451904296875,0.8968844413757324,0.475332647562027
8,adaptive,124,102,21,heldout_after,lora,0.6068879961967468,0.7978313565254211,0.6582695841789246
8,adaptive,124,102,21,heldout_after,batch_lora,0.6922430992126465,0.7236453294754028,0.7457500100135803
8,adaptive,124,102,21,full_batch,activation,0.4549320638179779,0.8921059370040894,0.4676252603530884
8,adaptive,124,102,21,full_batch,lora,0.61442631483078,0.7870932221412659,0.6501613855361938
8,adaptive,124,102,21,full_batch,batch_lora,0.6972956657409668,0.7169692516326904,0.7136174440383911
8,adaptive,124,102,22,heldout_before,activation,0.41320595145225525,0.9263591766357422,0.5399667024612427
8,adaptive,124,102,22,heldout_before,lora,0.5613930821418762,0.8521643877029419,0.7250437140464783
8,adaptive,124,102,22,heldout_before,batch_lora,0.536776065826416,0.9106327891349792,0.8793845176696777
8,adaptive,124,102,22,heldout_after,activation,0.41547614336013794,0.9242914319038391,0.5381754040718079
8,adaptive,124,102,22,heldout_after,lora,0.5650612711906433,0.845976710319519,0.717720091342926
8,adaptive,124,102,22,heldout_after,batch_lora,0.5506566762924194,0.8823328614234924,0.8365482091903687
8,adaptive,124,102,22,full_batch,activation,0.4132637679576874,0.9229341149330139,0.518207311630249
8,adaptive,124,102,22,full_batch,lora,0.5681114196777344,0.8409625291824341,0.6927860975265503
8,adaptive,124,102,22,full_batch,batch_lora,0.5754370093345642,0.8649359345436096,0.856936514377594
8,adaptive,124,102,23,heldout_before,activation,0.4566745162010193,0.8901737332344055,0.5608357787132263
8,adaptive,124,102,23,heldout_before,lora,0.5757207870483398,0.8317076563835144,0.7683764100074768
8,adaptive,124,102,23,heldout_before,batch_lora,0.5155314803123474,0.9289533495903015,0.8743170499801636
8,adaptive,124,102,23,heldout_after,activation,0.5009946227073669,0.8602509498596191,0.5708634853363037
8,adaptive,124,102,23,heldout_after,lora,0.6289846301078796,0.7793325781822205,0.7735633254051208
8,adaptive,124,102,23,heldout_after,batch_lora,0.7281562089920044,0.7024393081665039,0.881884753704071
8,adaptive,124,102,23,full_batch,activation,0.5147132277488708,0.850452184677124,0.5747925043106079
8,adaptive,124,102,23,full_batch,lora,0.6625276803970337,0.736446738243103,0.7880674600601196
8,adaptive,124,102,23,full_batch,batch_lora,0.771878719329834,0.6496441960334778,0.9054242372512817
8,adaptive,124,102,24,heldout_before,activation,0.44105422496795654,0.9061385989189148,0.581062912940979
8,adaptive,124,102,24,heldout_before,lora,0.5724968314170837,0.8496315479278564,0.7822964191436768
8,adaptive,124,102,24,heldout_before,batch_lora,0.4727180004119873,0.9662572145462036,0.8690956830978394
8,adaptive,124,102,24,heldout_after,activation,0.4425898790359497,0.9025426506996155,0.5647743940353394
8,adaptive,124,102,24,heldout_after,lora,0.5796405076980591,0.8337978720664978,0.7538753151893616
8,adaptive,124,102,24,heldout_after,batch_lora,0.5168653726577759,0.9154137372970581,0.8411062359809875
8,adaptive,124,102,24,full_batch,activation,0.43392693996429443,0.9051039218902588,0.5480563640594482
8,adaptive,124,102,24,full_batch,lora,0.5827334523200989,0.8276365995407104,0.7407498955726624
8,adaptive,124,102,24,full_batch,batch_lora,0.566003680229187,0.8782328367233276,0.8687462210655212
8,adaptive,124,102,25,heldout_before,activation,0.4492450952529907,0.9142147302627563,0.6349389553070068
8,adaptive,124,102,25,heldout_before,lora,0.5773805975914001,0.8832655549049377,0.8775850534439087
8,adaptive,124,102,25,heldout_before,batch_lora,0.3883635997772217,1.1318700313568115,1.0455973148345947
8,adaptive,124,102,25,heldout_after,activation,0.4648473262786865,0.894974946975708,0.5957050323486328
8,adaptive,124,102,25,heldout_after,lora,0.6032622456550598,0.8378161191940308,0.8287870287895203
8,adaptive,124,102,25,heldout_after,batch_lora,0.5166369676589966,1.0360363721847534,1.099976658821106
8,adaptive,124,102,25,full_batch,activation,0.4808993935585022,0.8835140466690063,0.5965059995651245
8,adaptive,124,102,25,full_batch,lora,0.6407886743545532,0.7863427400588989,0.8373450040817261
8,adaptive,124,102,25,full_batch,batch_lora,0.5982003808021545,0.9430150389671326,1.0953130722045898
8,adaptive,124,102,26,heldout_before,activation,0.4437544345855713,0.8973302841186523,0.5662698745727539
8,adaptive,124,102,26,heldout_before,lora,0.5596909523010254,0.84879469871521,0.7669607400894165
8,adaptive,124,102,26,heldout_before,batch_lora,0.43712183833122253,1.0100747346878052,0.8968243598937988
8,adaptive,124,102,26,heldout_after,activation,0.44949495792388916,0.8904939889907837,0.5358597636222839
8,adaptive,124,102,26,heldout_after,lora,0.5826448202133179,0.8193371295928955,0.7182603478431702
8,adaptive,124,102,26,heldout_after,batch_lora,0.5567705631256104,0.8686997294425964,0.8109999895095825
8,adaptive,124,102,26,full_batch,activation,0.46090027689933777,0.8827330470085144,0.5386194586753845
8,adaptive,124,102,26,full_batch,lora,0.6103107929229736,0.7906544208526611,0.7289774417877197
8,adaptive,124,102,26,full_batch,batch_lora,0.5944525003433228,0.8441572189331055,0.8513088822364807
8,adaptive,124,102,27,heldout_before,activation,0.4390068054199219,0.8979331254959106,0.5645599961280823
8,adaptive,124,102,27,heldout_before,lora,0.5771613121032715,0.8265109658241272,0.7630953192710876
8,adaptive,124,102,27,heldout_before,batch_lora,0.586018443107605,0.8702656030654907,0.9034765362739563
8,adaptive,124,102,27,heldout_after,activation,0.4359017312526703,0.8962118029594421,0.5387386083602905
8,adaptive,124,102,27,heldout_after,lora,0.584735631942749,0.8101494312286377,0.7218168377876282
8,adaptive,124,102,27,heldout_after,batch_lora,0.6246377229690552,0.8182545304298401,0.8689997792243958
8,adaptive,124,102,27,full_batch,activation,0.44759875535964966,0.8898976445198059,0.539959192276001
8,adaptive,124,102,27,full_batch,lora,0.6055156588554382,0.7911040782928467,0.7260527610778809
8,adaptive,124,102,27,full_batch,batch_lora,0.6568232774734497,0.8032955527305603,0.9337718486785889
8,adaptive,124,102,28,heldout_before,activation,0.41491836309432983,0.9175274968147278,0.5255415439605713
8,adaptive,124,102,28,heldout_before,lora,0.5533509254455566,0.8565991520881653,0.713061511516571
8,adaptive,124,102,28,heldout_before,batch_lora,0.2854272127151489,1.219308614730835,1.0392059087753296
8,adaptive,124,102,28,heldout_after,activation,0.42674440145492554,0.9074648022651672,0.518984317779541
8,adaptive,124,102,28,heldout_after,lora,0.5651876330375671,0.8372165560722351,0.6970734000205994
8,adaptive,124,102,28,heldout_after,batch_lora,0.36581918597221375,1.118415355682373,0.9860422611236572
8,adaptive,124,102,28,full_batch,activation,0.43651941418647766,0.9013946056365967,0.5191279649734497
8,adaptive,124,102,28,full_batch,lora,0.5840535759925842,0.819311797618866,0.6997053623199463
8,adaptive,124,102,28,full_batch,batch_lora,0.4772295355796814,1.0290058851242065,1.0125811100006104
8,adaptive,124,102,29,heldout_before,activation,0.3623649775981903,0.9454146027565002,0.5013184547424316
8,adaptive,124,102,29,heldout_before,lora,0.5025800466537476,0.8878283500671387,0.670975923538208
8,adaptive,124,102,29,heldout_before,batch_lora,0.14913024008274078,1.2149159908294678,0.8550059199333191
8,adaptive,124,102,29,heldout_after,activation,0.37037184834480286,0.9392445087432861,0.4902978837490082
8,adaptive,124,102,29,heldout_after,lora,0.5124682784080505,0.8786336183547974,0.6523098945617676
8,adaptive,124,102,29,heldout_after,batch_lora,0.1887095868587494,1.150216817855835,0.7875503301620483
8,adaptive,124,102,29,full_batch,activation,0.3801157474517822,0.9328460097312927,0.4861193299293518
8,adaptive,124,102,29,full_batch,lora,0.5312563180923462,0.8615715503692627,0.6540852785110474
8,adaptive,124,102,29,full_batch,batch_lora,0.26656821370124817,1.0970979928970337,0.7906700372695923
8,adaptive,124,102,30,heldout_before,activation,0.38662251830101013,0.9332886934280396,0.4962387979030609
8,adaptive,124,102,30,heldout_before,lora,0.5312372446060181,0.8671910762786865,0.6624467372894287
8,adaptive,124,102,30,heldout_before,batch_lora,0.2310296893119812,1.1312485933303833,0.8081761598587036
8,adaptive,124,102,30,heldout_after,activation,0.40230342745780945,0.917309582233429,0.4482642114162445
8,adaptive,124,102,30,heldout_after,lora,0.5516907572746277,0.8414409160614014,0.6210440993309021
8,adaptive,124,102,30,heldout_after,batch_lora,0.31358540058135986,1.0444812774658203,0.7486451268196106
8,adaptive,124,102,30,full_batch,activation,0.41780683398246765,0.9087721109390259,0.4633018374443054
8,adaptive,124,102,30,full_batch,lora,0.5862420201301575,0.8061342239379883,0.6478286385536194
8,adaptive,124,102,30,full_batch,batch_lora,0.38431644439697266,1.0281920433044434,0.8369507789611816
8,adaptive,124,102,31,heldout_before,activation,0.36916428804397583,0.9283755421638489,0.3896591365337372
8,adaptive,124,102,31,heldout_before,lora,0.513829231262207,0.8522695899009705,0.5403156280517578
8,adaptive,124,102,31,heldout_before,batch_lora,0.43953078985214233,0.9277356863021851,0.6716532707214355
8,adaptive,124,102,31,heldout_after,activation,0.36916428804397583,0.9283755421638489,0.3896591365337372
8,adaptive,124,102,31,heldout_after,lora,0.513829231262207,0.8522695899009705,0.5403156280517578
8,adaptive,124,102,31,heldout_after,batch_lora,0.43953078985214233,0.9277356863021851,0.6716532707214355
8,adaptive,124,102,31,full_batch,activation,0.36593329906463623,0.9291286468505859,0.3937859535217285
8,adaptive,124,102,31,full_batch,lora,0.5093798637390137,0.8568776249885559,0.5540916919708252
8,adaptive,124,102,31,full_batch,batch_lora,0.4197438359260559,0.9759489893913269,0.778437614440918
8,adaptive,124,102,32,heldout_before,activation,0.3477024734020233,0.9350477457046509,0.4027298092842102
8,adaptive,124,102,32,heldout_before,lora,0.462411493062973,0.8914902210235596,0.5636030435562134
8,adaptive,124,102,32,heldout_before,batch_lora,0.37509459257125854,0.9464126229286194,0.5658636093139648
8,adaptive,124,102,32,heldout_after,activation,0.3544982671737671,0.9320563077926636,0.4070461392402649
8,adaptive,124,102,32,heldout_after,lora,0.47605443000793457,0.8824363946914673,0.5707387328147888
8,adaptive,124,102,32,heldout_after,batch_lora,0.44373780488967896,0.9088935256004333,0.595364511013031
8,adaptive,124,102,32,full_batch,activation,0.352545827627182,0.9323809146881104,0.4042131006717682
8,adaptive,124,102,32,full_batch,lora,0.4807903468608856,0.8789260387420654,0.5639746785163879
8,adaptive,124,102,32,full_batch,batch_lora,0.44199419021606445,0.912663459777832,0.6102603077888489
8,adaptive,125,103,1,heldout_before,activation,0.6519129872322083,0.74455726146698,0.656899631023407
8,adaptive,125,103,1,heldout_before,lora,0.8195205330848694,0.5607056617736816,0.8464036583900452
8,adaptive,125,103,1,heldout_before,batch_lora,0.8581697940826416,0.5165874361991882,0.9157724976539612
8,adaptive,125,103,1,heldout_after,activation,0.6519129872322083,0.74455726146698,0.656899631023407
8,adaptive,125,103,1,heldout_after,lora,0.8195205330848694,0.5607056617736816,0.8464036583900452
8,adaptive,125,103,1,heldout_after,batch_lora,0.8581697940826416,0.5165874361991882,0.9157724976539612
8,adaptive,125,103,1,full_batch,activation,0.6585249900817871,0.7396595478057861,0.6665244102478027
8,adaptive,125,103,1,full_batch,lora,0.822237491607666,0.5580011010169983,0.8571855425834656
8,adaptive,125,103,1,full_batch,batch_lora,0.8686479330062866,0.5035006403923035,0.9584364891052246
8,adaptive,125,103,2,heldout_before,activation,0.4720814824104309,0.9170705676078796,0.6541361212730408
8,adaptive,125,103,2,heldout_before,lora,0.6185412406921387,0.8550060987472534,0.8574010729789734
8,adaptive,125,103,2,heldout_before,batch_lora,0.2992910146713257,1.1544733047485352,0.9492015242576599
8,adaptive,125,103,2,heldout_after,activation,0.4953950047492981,0.8859326243400574,0.6214460730552673
8,adaptive,125,103,2,heldout_after,lora,0.632313072681427,0.8077594041824341,0.7914497256278992
8,adaptive,125,103,2,heldout_after,batch_lora,0.4792473614215851,0.964235782623291,0.8785327076911926
8,adaptive,125,103,2,full_batch,activation,0.5294070243835449,0.8552228212356567,0.6360669732093811
8,adaptive,125,103,2,full_batch,lora,0.6733640432357788,0.7411924004554749,0.813005805015564
8,adaptive,125,103,2,full_batch,batch_lora,0.5408511757850647,0.9183700084686279,0.909529447555542
8,adaptive,125,103,3,heldout_before,activation,0.5221895575523376,0.8585742115974426,0.5985649228096008
8,adaptive,125,103,3,heldout_before,lora,0.6653750538825989,0.7514262795448303,0.7591853737831116
8,adaptive,125,103,3,heldout_before,batch_lora,0.47054997086524963,0.9267492890357971,0.7538900375366211
8,adaptive,125,103,3,heldout_after,activation,0.5419633984565735,0.844271719455719,0.6197267770767212
8,adaptive,125,103,3,heldout_after,lora,0.6872310042381287,0.7351135015487671,0.8100914359092712
8,adaptive,125,103,3,heldout_after,batch_lora,0.7148844003677368,0.7672489285469055,1.0306861400604248
8,adaptive,125,103,3,full_batch,activation,0.5479716062545776,0.8392599821090698,0.6123292446136475
8,adaptive,125,103,3,full_batch,lora,0.7070215344429016,0.7098876237869263,0.814728856086731
8,adaptive,125,103,3,full_batch,batch_lora,0.7594746351242065,0.7198886275291443,1.0677627325057983
8,adaptive,125,103,4,heldout_before,activation,0.5570632219314575,0.8530474305152893,0.6901763081550598
8,adaptive,125,103,4,heldout_before,lora,0.6747583150863647,0.7839721441268921,0.8931314945220947
8,adaptive,125,103,4,heldout_before,batch_lora,0.47980570793151855,1.1673862934112549,1.249873399734497
8,adaptive,125,103,4,heldout_after,activation,0.5795774459838867,0.824542224407196,0.6525658965110779
8,adaptive,125,103,4,heldout_after,lora,0.7091847062110901,0.7245997190475464,0.8448824286460876
8,adaptive,125,103,4,heldout_after,batch_lora,0.5632206201553345,0.9528781771659851,1.037766933441162
8,adaptive,125,103,4,full_batch,activation,0.5953601598739624,0.8102070093154907,0.6528915166854858
8,adaptive,125,103,4,full_batch,lora,0.7378240823745728,0.6769905090332031,0.8566608428955078
8,adaptive,125,103,4,full_batch,batch_lora,0.6983705163002014,0.8004883527755737,1.056843638420105
8,adaptive,125,103,5,heldout_before,activation,0.4855586886405945,0.8799967765808105,0.595285177230835
8,adaptive,125,103,5,heldout_before,lora,0.6233543753623962,0.7984435558319092,0.7849332094192505
8,adaptive,125,103,5,heldout_before,batch_lora,0.3872532844543457,1.0949500799179077,0.9779146909713745
8,adaptive,125,103,5,heldout_after,activation,0.5310707092285156,0.8443926572799683,0.5936179161071777
8,adaptive,125,103,5,heldout_after,lora,0.693746030330658,0.7228004932403564,0.7835726141929626
8,adaptive,125,103,5,heldout_after,batch_lora,0.6489856243133545,0.7963544130325317,0.8842779397964478
8,adaptive,125,103,5,full_batch,activation,0.5524411797523499,0.827549397945404,0.5989482402801514
8,adaptive,125,103,5,full_batch,lora,0.7207766771316528,0.6839127540588379,0.7977228760719299
8,adaptive,125,103,5,full_batch,batch_lora,0.6918579339981079,0.7531958222389221,0.9062667489051819
8,adaptive,125,103,6,heldout_before,activation,0.5156827569007874,0.8708722591400146,0.6896207332611084
8,adaptive,125,103,6,heldout_before,lora,0.6779906749725342,0.7685102224349976,0.9012131690979004
8,adaptive,125,103,6,heldout_before,batch_lora,0.2242276817560196,1.1794315576553345,0.8885595798492432
8,adaptive,125,103,6,heldout_after,activation,0.5613530874252319,0.8228579163551331,0.6426811218261719
8,adaptive,125,103,6,heldout_after,lora,0.7269073724746704,0.6930063962936401,0.8442071080207825
8,adaptive,125,103,6,heldout_after,batch_lora,0.6471155285835266,0.8530188798904419,1.0297373533248901
8,adaptive,125,103,6,full_batch,activation,0.5690373182296753,0.8169851303100586,0.639838695526123
8,adaptive,125,103,6,full_batch,lora,0.747069239616394,0.6634390354156494,0.8487863540649414
8,adaptive,125,103,6,full_batch,batch_lora,0.7162402868270874,0.769582211971283,1.0406736135482788
8,adaptive,125,103,7,heldout_before,activation,0.5854451656341553,0.8089525699615479,0.658922016620636
8,adaptive,125,103,7,heldout_before,lora,0.735527753829956,0.6810910701751709,0.8343781232833862
8,adaptive,125,103,7,heldout_before,batch_lora,0.6954888105392456,0.7519147396087646,0.9170302152633667
8,adaptive,125,103,7,heldout_after,activation,0.5869693756103516,0.8062403798103333,0.6488260626792908
8,adaptive,125,103,7,heldout_after,lora,0.7409014105796814,0.6721056699752808,0.8239868879318237
8,adaptive,125,103,7,heldout_after,batch_lora,0.729622483253479,0.7172048091888428,0.9457976818084717
8,adaptive,125,103,7,full_batch,activation,0.5903828144073486,0.8029804229736328,0.6467531323432922
8,adaptive,125,103,7,full_batch,lora,0.7486652731895447,0.660872220993042,0.8193331956863403
8,adaptive,125,103,7,full_batch,batch_lora,0.7481509447097778,0.696213960647583,0.9589680433273315
8,adaptive,125,103,8,heldout_before,activation,0.49461305141448975,0.8643513321876526,0.5566164255142212
8,adaptive,125,103,8,heldout_before,lora,0.6375676393508911,0.7732325196266174,0.7364527583122253
8,adaptive,125,103,8,heldout_before,batch_lora,0.5880588293075562,0.8521071672439575,0.856200098991394
8,adaptive,125,103,8,heldout_after,activation,0.49091559648513794,0.8601235151290894,0.5285331606864929
8,adaptive,125,103,8,heldout_after,lora,0.6316859722137451,0.7615783214569092,0.7038968205451965
8,adaptive,125,103,8,heldout_after,batch_lora,0.5024770498275757,0.9038561582565308,0.7659902572631836
8,adaptive,125,103,8,full_batch,activation,0.5049107074737549,0.8505192995071411,0.5389202833175659
8,adaptive,125,103,8,full_batch,lora,0.6570595502853394,0.7332655191421509,0.7197225093841553
8,adaptive,125,103,8,full_batch,batch_lora,0.5570312738418579,0.8712370991706848,0.8203524351119995
8,adaptive,125,103,9,heldout_before,activation,0.4941578209400177,0.863866925239563,0.5717652440071106
8,adaptive,125,103,9,heldout_before,lora,0.6330554485321045,0.7803841829299927,0.7573779225349426
8,adaptive,125,103,9,heldout_before,batch_lora,0.30013978481292725,1.1855837106704712,1.0041940212249756
8,adaptive,125,103,9,heldout_after,activation,0.501494824886322,0.8562445044517517,0.5448834896087646
8,adaptive,125,103,9,heldout_after,lora,0.6451183557510376,0.7613123059272766,0.7047881484031677
8,adaptive,125,103,9,heldout_after,batch_lora,0.367918998003006,1.036724328994751,0.8263528347015381
8,adaptive,125,103,9,full_batch,activation,0.5102336406707764,0.8519166111946106,0.5533652901649475
8,adaptive,125,103,9,full_batch,lora,0.6633809804916382,0.7425541281700134,0.7190914154052734
8,adaptive,125,103,9,full_batch,batch_lora,0.440136194229126,0.9874219298362732,0.8508939743041992
8,adaptive,125,103,10,heldout_before,activation,0.5229657292366028,0.8667950630187988,0.6632204055786133
8,adaptive,125,103,10,heldout_before,lora,0.6608387231826782,0.7715556621551514,0.8204271793365479
8,adaptive,125,103,10,heldout_before,batch_lora,0.5008457899093628,0.9829385280609131,0.9666938781738281
8,adaptive,125,103,10,heldout_after,activation,0.529514491558075,0.8603962659835815,0.658460259437561
8,adaptive,125,103,10,heldout_after,lora,0.6722791790962219,0.7570157647132874,0.8182063698768616
8,adaptive,125,103,10,heldout_after,batch_lora,0.5991219878196716,0.8850510120391846,0.9762989282608032
8,adaptive,125,103,10,full_batch,activation,0.5342023372650146,0.8544045090675354,0.6477341651916504
8,adaptive,125,103,10,full_batch,lora,0.6867750883102417,0.7374579310417175,0.8128281235694885
8,adaptive,125,103,10,full_batch,batch_lora,0.6143494844436646,0.8718962073326111,0.9853324294090271
8,adaptive,125,103,11,heldout_before,activation,0.4605973958969116,0.8888603448867798,0.5575927495956421
8,adaptive,125,103,11,heldout_before,lora,0.6075397729873657,0.7949625253677368,0.7098872065544128
8,adaptive,125,103,11,heldout_before,batch_lora,0.47447603940963745,0.9839179515838623,0.9140462279319763
8,adaptive,125,103,11,heldout_after,activation,0.46403512358665466,0.8806602358818054,0.5270555019378662
8,adaptive,125,103,11,heldout_after,lora,0.612996518611908,0.7828026413917542,0.6766179203987122
8,adaptive,125,103,11,heldout_after,batch_lora,0.4819265604019165,0.9439579844474792,0.8330814838409424
8,adaptive,125,103,11,full_batch,activation,0.47514843940734863,0.8743606805801392,0.534188449382782
8,adaptive,125,103,11,full_batch,lora,0.627321183681488,0.7701599597930908,0.683087170124054
8,adaptive,125,103,11,full_batch,batch_lora,0.5034620761871338,0.9320924282073975,0.8531336188316345
8,adaptive,125,103,12,heldout_before,activation,0.44521841406822205,0.9065614938735962,0.571673572063446
8,adaptive,125,103,12,heldout_before,lora,0.5942252278327942,0.8160358667373657,0.7146686911582947
8,adaptive,125,103,12,heldout_before,batch_lora,0.33532023429870605,1.0160819292068481,0.71592777967453
8,adaptive,125,103,12,heldout_after,activation,0.4597795605659485,0.8879868388175964,0.5481950044631958
8,adaptive,125,103,12,heldout_after,lora,0.6187478303909302,0.7822908163070679,0.6917334794998169
8,adaptive,125,103,12,heldout_after,batch_lora,0.3409132957458496,1.0441869497299194,0.7953890562057495
8,adaptive,125,103,12,full_batch,activation,0.4897257089614868,0.8661483526229858,0.5679820775985718
8,adaptive,125,103,12,full_batch,lora,0.656309187412262,0.7335555553436279,0.7201961278915405
8,adaptive,125,103,12,full_batch,batch_lora,0.4536934494972229,0.9788191318511963,0.8585695624351501
8,adaptive,125,103,13,heldout_before,activation,0.4689561426639557,0.8835504651069641,0.5276018381118774
8,adaptive,125,103,13,heldout_before,lora,0.6134021878242493,0.7941168546676636,0.6865012049674988
8,adaptive,125,103,13,heldout_before,batch_lora,0.3593284487724304,1.0556594133377075,0.8528199195861816
8,adaptive,125,103,13,heldout_after,activation,0.48186194896698,0.8750959634780884,0.5180338621139526
8,adaptive,125,103,13,heldout_after,lora,0.627299427986145,0.7817572355270386,0.6734591126441956
8,adaptive,125,103,13,heldout_after,batch_lora,0.46138375997543335,0.9676143527030945,0.8475862145423889
8,adaptive,125,103,13,full_batch,activation,0.49312901496887207,0.8682267665863037,0.5274182558059692
8,adaptive,125,103,13,full_batch,lora,0.644862174987793,0.7641929388046265,0.6886147260665894
8,adaptive,125,103,13,full_batch,batch_lora,0.5313284993171692,0.9252346754074097,0.9033083319664001
8,adaptive,125,103,14,heldout_before,activation,0.47514134645462036,0.8698544502258301,0.48673537373542786
8,adaptive,125,103,14,heldout_before,lora,0.6225371360778809,0.772879958152771,0.6309197545051575
8,adaptive,125,103,14,heldout_before,batch_lora,0.4796794056892395,0.8971836566925049,0.6668450236320496
8,adaptive,125,103,14,heldout_after,activation,0.4816775619983673,0.8667710423469543,0.487025648355484
8,adaptive,125,103,14,heldout_after,lora,0.633456826210022,0.7650757431983948,0.6106323599815369
8,adaptive,125,103,14,heldout_after,batch_lora,0.5313014984130859,0.8500985503196716,0.6016502976417542
8,adaptive,125,103,14,full_batch,activation,0.4921974837779999,0.8625999093055725,0.4908319115638733
8,adaptive,125,103,14,full_batch,lora,0.6478664875030518,0.7533039450645447,0.6177400946617126
8,adaptive,125,103,14,full_batch,batch_lora,0.5689874887466431,0.8239872455596924,0.6209640502929688
8,adaptive,125,103,15,heldout_before,activation,0.47094789147377014,0.8798359632492065,0.4842624068260193
8,adaptive,125,103,15,heldout_before,lora,0.6036209464073181,0.7959722876548767,0.6123785376548767
8,adaptive,125,103,15,heldout_before,batch_lora,0.4074401259422302,1.0188089609146118,0.8590804934501648
8,adaptive,125,103,15,heldout_after,activation,0.47365087270736694,0.8780730962753296,0.48872360587120056
8,adaptive,125,103,15,heldout_after,lora,0.6071407198905945,0.7941434383392334,0.6283373236656189
8,adaptive,125,103,15,heldout_after,batch_lora,0.4679982662200928,1.0040768384933472,0.9446457028388977
8,adaptive,125,103,15,full_batch,activation,0.46916356682777405,0.8806942105293274,0.47774699330329895
8,adaptive,125,103,15,full_batch,lora,0.6122574210166931,0.7909496426582336,0.6176416873931885
8,adaptive,125,103,15,full_batch,batch_lora,0.5395973920822144,0.9264631867408752,0.926249086856842
8,adaptive,125,103,16,heldout_before,activation,0.4374658465385437,0.915790855884552,0.5247673392295837
8,adaptive,125,103,16,heldout_before,lora,0.5792843699455261,0.8470907807350159,0.6961105465888977
8,adaptive,125,103,16,heldout_before,batch_lora,0.4636359214782715,0.943637490272522,0.7883049845695496
8,adaptive,125,103,16,heldout_after,activation,0.4448142349720001,0.9113957285881042,0.5410789251327515
8,adaptive,125,103,16,heldout_after,lora,0.5927203297615051,0.8306878209114075,0.6972070336341858
8,adaptive,125,103,16,heldout_after,batch_lora,0.4800783693790436,0.9084967970848083,0.7163870334625244
8,adaptive,125,103,16,full_batch,activation,0.4572172462940216,0.901308536529541,0.5384870767593384
8,adaptive,125,103,16,full_batch,lora,0.6112210750579834,0.8094627857208252,0.6993371248245239
8,adaptive,125,103,16,full_batch,batch_lora,0.5192444324493408,0.8839578032493591,0.7450676560401917
8,adaptive,125,103,17,heldout_before,activation,0.4085730314254761,0.9133930802345276,0.47227418422698975
8,adaptive,125,103,17,heldout_before,lora,0.5295082926750183,0.8520768284797668,0.6028129458427429
8,adaptive,125,103,17,heldout_before,batch_lora,0.19675979018211365,1.0265077352523804,0.5007869005203247
8,adaptive,125,103,17,heldout_after,activation,0.4138946831226349,0.91283118724823,0.49042895436286926
8,adaptive,125,103,17,heldout_after,lora,0.5462285876274109,0.843526303768158,0.6274027228355408
8,adaptive,125,103,17,heldout_after,batch_lora,0.34551936388015747,0.9567297101020813,0.531839907169342
8,adaptive,125,103,17,full_batch,activation,0.4247036576271057,0.9073674082756042,0.48355329036712646
8,adaptive,125,103,17,full_batch,lora,0.563555896282196,0.8295717239379883,0.6254016160964966
8,adaptive,125,103,17,full_batch,batch_lora,0.4437289834022522,0.9073414206504822,0.5857287049293518
8,adaptive,125,103,18,heldout_before,activation,0.42445990443229675,0.9147154092788696,0.5544630885124207
8,adaptive,125,103,18,heldout_before,lora,0.5314886569976807,0.8635140061378479,0.7020236253738403
8,adaptive,125,103,18,heldout_before,batch_lora,0.2413226068019867,1.132907748222351,0.8258879780769348
8,adaptive,125,103,18,heldout_after,activation,0.4286704361438751,0.9070966243743896,0.5351676344871521
8,adaptive,125,103,18,heldout_after,lora,0.5482842922210693,0.8404558897018433,0.6769839525222778
8,adaptive,125,103,18,heldout_after,batch_lora,0.2925701141357422,1.0469740629196167,0.718893826007843
8,adaptive,125,103,18,full_batch,activation,0.44161468744277954,0.8996380567550659,0.5398167967796326
8,adaptive,125,103,18,full_batch,lora,0.5741932392120361,0.8172370195388794,0.687608003616333
8,adaptive,125,103,18,full_batch,batch_lora,0.36518579721450806,1.0376055240631104,0.8234282732009888
8,adaptive,125,103,19,heldout_before,activation,0.42396920919418335,0.9264036417007446,0.5971735715866089
8,adaptive,125,103,19,heldout_before,lora,0.5505422353744507,0.8747304081916809,0.7712599039077759
8,adaptive,125,103,19,heldout_before,batch_lora,0.2514497935771942,1.1584256887435913,0.8879848122596741
8,adaptive,125,103,19,heldout_after,activation,0.43747296929359436,0.9134297966957092,0.5895513892173767
8,adaptive,125,103,19,heldout_after,lora,0.5745394229888916,0.8522552847862244,0.7913382053375244
8,adaptive,125,103,19,heldout_after,batch_lora,0.47679752111434937,1.1100062131881714,1.1546249389648438
8,adaptive,125,103,19,full_batch,activation,0.45028507709503174,0.9043537378311157,0.5858064889907837
8,adaptive,125,103,19,full_batch,lora,0.5977671146392822,0.8266573548316956,0.7912271022796631
8,adaptive,125,103,19,full_batch,batch_lora,0.5659552216529846,1.037330150604248,1.1955260038375854
8,adaptive,125,103,20,heldout_before,activation,0.4243486225605011,0.9116926789283752,0.5426558256149292
8,adaptive,125,103,20,heldout_before,lora,0.5634185075759888,0.846883237361908,0.730032742023468
8,adaptive,125,103,20,heldout_before,batch_lora,0.5421029329299927,0.9586920738220215,1.0035853385925293
8,adaptive,125,103,20,heldout_after,activation,0.42767974734306335,0.9013572931289673,0.4956572651863098
8,adaptive,125,103,20,heldout_after,lora,0.5806719660758972,0.8117872476577759,0.6319979429244995
8,adaptive,125,103,20,heldout_after,batch_lora,0.6098542809486389,0.8140259981155396,0.7957583069801331
8,adaptive,125,103,20,full_batch,activation,0.4317658245563507,0.8991838693618774,0.49803173542022705
8,adaptive,125,103,20,full_batch,lora,0.5894801616668701,0.8038152456283569,0.6358585953712463
8,adaptive,125,103,20,full_batch,batch_lora,0.6368047595024109,0.7918249368667603,0.8171020746231079
8,adaptive,125,103,21,heldout_before,activation,0.44547295570373535,0.893945038318634,0.5005924701690674
8,adaptive,125,103,21,heldout_before,lora,0.5839171409606934,0.8149973750114441,0.6547264456748962
8,adaptive,125,103,21,heldout_before,batch_lora,0.5040076971054077,0.8938102722167969,0.7340522408485413
8,adaptive,125,103,21,heldout_after,activation,0.4465791583061218,0.8925865888595581,0.49703890085220337
8,adaptive,125,103,21,heldout_after,lora,0.5875232219696045,0.8111760020256042,0.6514973044395447
8,adaptive,125,103,21,heldout_after,batch_lora,0.5360448956489563,0.8731079697608948,0.7588938474655151
8,adaptive,125,103,21,full_batch,activation,0.45018965005874634,0.8906046152114868,0.5018184185028076
8,adaptive,125,103,21,full_batch,lora,0.5971623659133911,0.8025174140930176,0.6555629968643188
8,adaptive,125,103,21,full_batch,batch_lora,0.5891791582107544,0.8318840265274048,0.7870755195617676
8,adaptive,125,103,22,heldout_before,activation,0.4043000042438507,0.9236627221107483,0.507269561290741
8,adaptive,125,103,22,heldout_before,lora,0.5308890342712402,0.8667610883712769,0.6644241213798523
8,adaptive,125,103,22,heldout_before,batch_lora,0.5765214562416077,0.8383128046989441,0.7639922499656677
8,adaptive,125,103,22,heldout_after,activation,0.4115787446498871,0.9196552038192749,0.5164775848388672
8,adaptive,125,103,22,heldout_after,lora,0.5367138981819153,0.8642928600311279,0.6818616390228271
8,adaptive,125,103,22,heldout_after,batch_lora,0.5429461002349854,0.8501916527748108,0.6756724119186401
8,adaptive,125,103,22,full_batch,activation,0.4220306873321533,0.9129140377044678,0.5180028080940247
8,adaptive,125,103,22,full_batch,lora,0.5624117851257324,0.8396594524383545,0.6909611225128174
8,adaptive,125,103,22,full_batch,batch_lora,0.5558441281318665,0.8481612801551819,0.7241896986961365
8,adaptive,125,103,23,heldout_before,activation,0.36029326915740967,0.9358525276184082,0.41927093267440796
8,adaptive,125,103,23,heldout_before,lora,0.49194133281707764,0.8804589509963989,0.5651065111160278
8,adaptive,125,103,23,heldout_before,batch_lora,0.5072171688079834,0.8755165338516235,0.6614848971366882
8,adaptive,125,103,23,heldout_after,activation,0.3633459508419037,0.9352172017097473,0.4250655472278595
8,adaptive,125,103,23,heldout_after,lora,0.5006004571914673,0.876158595085144,0.5780813097953796
8,adaptive,125,103,23,heldout_after,batch_lora,0.5545103549957275,0.8445661664009094,0.6986408829689026
8,adaptive,125,103,23,full_batch,activation,0.3731527328491211,0.9305952191352844,0.429429829120636
8,adaptive,125,103,23,full_batch,lora,0.5153927803039551,0.8648848533630371,0.5823956727981567
8,adaptive,125,103,23,full_batch,batch_lora,0.5938816070556641,0.8105318546295166,0.6921522617340088
8,adaptive,125,103,24,heldout_before,activation,0.39253905415534973,0.9197914004325867,0.4469505846500397
8,adaptive,125,103,24,heldout_before,lora,0.5450875163078308,0.8415035009384155,0.58831387758255
8,adaptive,125,103,24,heldout_before,batch_lora,0.5638660788536072,0.8284773826599121,0.6295902132987976
8,adaptive,125,103,24,heldout_after,activation,0.3907534182071686,0.9185062646865845,0.41879570484161377
8,adaptive,125,103,24,heldout_after,lora,0.5459684133529663,0.8377962708473206,0.5465120673179626
8,adaptive,125,103,24,heldout_after,batch_lora,0.5756362676620483,0.8179627656936646,0.5961290597915649
8,adaptive,125,103,24,full_batch,activation,0.40200453996658325,0.912588357925415,0.4280778169631958
8,adaptive,125,103,24,full_batch,lora,0.5592975616455078,0.8273262977600098,0.5588757991790771
8,adaptive,125,103,24,full_batch,batch_lora,0.5760190486907959,0.818597137928009,0.6196005940437317
8,adaptive,125,103,25,heldout_before,activation,0.44200599193573,0.9047296047210693,0.5408992767333984
8,adaptive,125,103,25,heldout_before,lora,0.586908221244812,0.8203037977218628,0.6917815804481506
8,adaptive,125,103,25,heldout_before,batch_lora,0.5229834914207458,0.8929651379585266,0.7892513275146484
8,adaptive,125,103,25,heldout_after,activation,0.4440642297267914,0.903863251209259,0.5379329919815063
8,adaptive,125,103,25,heldout_after,lora,0.5906975865364075,0.818067193031311,0.6950331330299377
8,adaptive,125,103,25,heldout_after,batch_lora,0.5390229225158691,0.8854133486747742,0.8119745254516602
8,adaptive,125,103,25,full_batch,activation,0.4391891360282898,0.9047122597694397,0.527389407157898
8,adaptive,125,103,25,full_batch,lora,0.5902351140975952,0.8158046007156372,0.6804144382476807
8,adaptive,125,103,25,full_batch,batch_lora,0.5636269450187683,0.865884006023407,0.8233007192611694
8,adaptive,125,103,26,heldout_before,activation,0.4014751613140106,0.9161952137947083,0.4674771726131439
8,adaptive,125,103,26,heldout_before,lora,0.5286826491355896,0.8553684949874878,0.6190353631973267
8,adaptive,125,103,26,heldout_before,batch_lora,0.5024136304855347,0.9101871848106384,0.7867729067802429
8,adaptive,125,103,26,heldout_after,activation,0.3981555700302124,0.9152847528457642,0.44187358021736145
8,adaptive,125,103,26,heldout_after,lora,0.5257073640823364,0.8523548245429993,0.5887648463249207
8,adaptive,125,103,26,heldout_after,batch_lora,0.506753146648407,0.8909708261489868,0.7317593693733215
8,adaptive,125,103,26,full_batch,activation,0.3964271545410156,0.9143745303153992,0.4357057213783264
8,adaptive,125,103,26,full_batch,lora,0.5316979885101318,0.843460202217102,0.5848853588104248
8,adaptive,125,103,26,full_batch,batch_lora,0.5290911793708801,0.8778839111328125,0.7540746331214905
8,adaptive,125,103,27,heldout_before,activation,0.3933780789375305,0.9186350107192993,0.4324986934661865
8,adaptive,125,103,27,heldout_before,lora,0.5180647373199463,0.8568788766860962,0.5836099982261658
8,adaptive,125,103,27,heldout_before,batch_lora,0.2825568616390228,1.0402368307113647,0.6849632859230042
8,adaptive,125,103,27,heldout_after,activation,0.3958764970302582,0.9163018465042114,0.42587199807167053
8,adaptive,125,103,27,heldout_after,lora,0.5274994969367981,0.8473556041717529,0.5696663856506348
8,adaptive,125,103,27,heldout_after,batch_lora,0.30593448877334595,1.0141165256500244,0.6552599668502808
8,adaptive,125,103,27,full_batch,activation,0.4045689105987549,0.9120305776596069,0.43307340145111084
8,adaptive,125,103,27,full_batch,lora,0.5393460988998413,0.8395068049430847,0.5787540674209595
8,adaptive,125,103,27,full_batch,batch_lora,0.35486042499542236,0.9957234263420105,0.6974841952323914
8,adaptive,125,103,28,heldout_before,activation,0.37955477833747864,0.9217587113380432,0.42287957668304443
8,adaptive,125,103,28,heldout_before,lora,0.5063202381134033,0.855462372303009,0.5550257563591003
8,adaptive,125,103,28,heldout_before,batch_lora,0.33294224739074707,0.975519597530365,0.5829203128814697
8,adaptive,125,103,28,heldout_after,activation,0.380034476518631,0.9216169118881226,0.4230721592903137
8,adaptive,125,103,28,heldout_after,lora,0.5102203488349915,0.8538347482681274,0.5589465498924255
8,adaptive,125,103,28,heldout_after,batch_lora,0.36528703570365906,0.9552768468856812,0.5797361135482788
8,adaptive,125,103,28,full_batch,activation,0.3838791847229004,0.9200018048286438,0.4228498935699463
8,adaptive,125,103,28,full_batch,lora,0.5184713006019592,0.8484935760498047,0.5588563084602356
8,adaptive,125,103,28,full_batch,batch_lora,0.38675814867019653,0.9490371942520142,0.6109309792518616
8,adaptive,125,103,29,heldout_before,activation,0.43424320220947266,0.9032807350158691,0.4775508940219879
8,adaptive,125,103,29,heldout_before,lora,0.5730085372924805,0.8249788880348206,0.6086567640304565
8,adaptive,125,103,29,heldout_before,batch_lora,0.3932814598083496,1.0340718030929565,0.8665411472320557
8,adaptive,125,103,29,heldout_after,activation,0.43806737661361694,0.8999117612838745,0.4697074294090271
8,adaptive,125,103,29,heldout_after,lora,0.5754971504211426,0.8220983743667603,0.6040973663330078
8,adaptive,125,103,29,heldout_after,batch_lora,0.4711082875728607,0.9939317107200623,0.9291946887969971
8,adaptive,125,103,29,full_batch,activation,0.4507727026939392,0.8924766778945923,0.48038074374198914
8,adaptive,125,103,29,full_batch,lora,0.5952067971229553,0.8045179843902588,0.6231542825698853
8,adaptive,125,103,29,full_batch,batch_lora,0.5539337396621704,0.929865300655365,0.9680496454238892
8,adaptive,125,103,30,heldout_before,activation,0.39393484592437744,0.9212383031845093,0.4519508183002472
8,adaptive,125,103,30,heldout_before,lora,0.5231412649154663,0.8590704202651978,0.5939414501190186
8,adaptive,125,103,30,heldout_before,batch_lora,0.5725094079971313,0.8293883800506592,0.6976175308227539
8,adaptive,125,103,30,heldout_after,activation,0.39393484592437744,0.9212383031845093,0.4519508183002472
8,adaptive,125,103,30,heldout_after,lora,0.5231412649154663,0.8590704202651978,0.5939414501190186
8,adaptive,125,103,30,heldout_after,batch_lora,0.5725094079971313,0.8293883800506592,0.6976175308227539
8,adaptive,125,103,30,full_batch,activation,0.40071022510528564,0.9159959554672241,0.44572293758392334
8,adaptive,125,103,30,full_batch,lora,0.533640444278717,0.8488450050354004,0.5889756679534912
8,adaptive,125,103,30,full_batch,batch_lora,0.5688891410827637,0.8340822458267212,0.7079141139984131
8,adaptive,125,103,31,heldout_before,activation,0.41900527477264404,0.905062198638916,0.46960029006004333
8,adaptive,125,103,31,heldout_before,lora,0.5272787809371948,0.8492966294288635,0.6255632638931274
8,adaptive,125,103,31,heldout_before,batch_lora,0.38700559735298157,1.0480059385299683,0.8850916624069214
8,adaptive,125,103,31,heldout_after,activation,0.4327501654624939,0.8982225060462952,0.49669307470321655
8,adaptive,125,103,31,heldout_after,lora,0.5517887473106384,0.8299828171730042,0.628665566444397
8,adaptive,125,103,31,heldout_after,batch_lora,0.4871983230113983,0.9142796397209167,0.7578817009925842
8,adaptive,125,103,31,full_batch,activation,0.4304543137550354,0.8975242376327515,0.48617902398109436
8,adaptive,125,103,31,full_batch,lora,0.5507763624191284,0.8277397751808167,0.6166512370109558
8,adaptive,125,103,31,full_batch,batch_lora,0.5164332985877991,0.8827924728393555,0.7309693694114685
8,adaptive,125,103,32,heldout_before,activation,0.39008525013923645,0.9185486435890198,0.4429212808609009
8,adaptive,125,103,32,heldout_before,lora,0.5167667865753174,0.8533540964126587,0.5638974905014038
8,adaptive,125,103,32,heldout_before,batch_lora,0.30923816561698914,1.1218315362930298,0.9043300151824951
8,adaptive,125,103,32,heldout_after,activation,0.393545925617218,0.9149487614631653,0.4219406247138977
8,adaptive,125,103,32,heldout_after,lora,0.5258604288101196,0.8431466221809387,0.5249389410018921
8,adaptive,125,103,32,heldout_after,batch_lora,0.3014812469482422,1.044100046157837,0.7269643545150757
8,adaptive,125,103,32,full_batch,activation,0.3976393938064575,0.9140328764915466,0.4288351833820343
8,adaptive,125,103,32,full_batch,lora,0.5338907241821289,0.8388095498085022,0.529654324054718
8,adaptive,125,103,32,full_batch,batch_lora,0.2771947979927063,1.0601261854171753,0.7251953482627869
8,fixed5,123,101,1,heldout_before,activation,0.6176580786705017,0.7733432650566101,0.6311622858047485
8,fixed5,123,101,1,heldout_before,lora,0.7890844941139221,0.5956767797470093,0.8364290595054626
8,fixed5,123,101,1,heldout_before,batch_lora,0.8601476550102234,0.5106713771820068,0.8854318261146545
8,fixed5,123,101,1,heldout_after,activation,0.6143096089363098,0.7753162980079651,0.6277469992637634
8,fixed5,123,101,1,heldout_after,lora,0.7787559628486633,0.6091639399528503,0.8372735381126404
8,fixed5,123,101,1,heldout_after,batch_lora,0.8192811012268066,0.6323426365852356,1.0858873128890991
8,fixed5,123,101,1,full_batch,activation,0.6218267679214478,0.7692891955375671,0.6313753724098206
8,fixed5,123,101,1,full_batch,lora,0.7952365875244141,0.5839285254478455,0.8457157015800476
8,fixed5,123,101,1,full_batch,batch_lora,0.8404433131217957,0.607374906539917,1.1147592067718506
8,fixed5,123,101,2,heldout_before,activation,0.536716639995575,0.8486634492874146,0.5660553574562073
8,fixed5,123,101,2,heldout_before,lora,0.6438827514648438,0.7725061774253845,0.7286177277565002
8,fixed5,123,101,2,heldout_before,batch_lora,0.056835830211639404,1.17707097530365,0.6803153157234192
8,fixed5,123,101,2,heldout_after,activation,0.5732208490371704,0.8234197497367859,0.563296914100647
8,fixed5,123,101,2,heldout_after,lora,0.721764326095581,0.6982510685920715,0.7159969210624695
8,fixed5,123,101,2,heldout_after,batch_lora,0.48557162284851074,0.8918130993843079,0.661952793598175
8,fixed5,123,101,2,full_batch,activation,0.5828672647476196,0.816484808921814,0.5559364557266235
8,fixed5,123,101,2,full_batch,lora,0.7341834902763367,0.683963418006897,0.7129628658294678
8,fixed5,123,101,2,full_batch,batch_lora,0.6027898788452148,0.7989976406097412,0.6446574926376343
8,fixed5,123,101,3,heldout_before,activation,0.5083684325218201,0.8592539429664612,0.5123831629753113
8,fixed5,123,101,3,heldout_before,lora,0.6348299384117126,0.7734522223472595,0.6723314523696899
8,fixed5,123,101,3,heldout_before,batch_lora,0.3507641851902008,0.9555542469024658,0.5408154726028442
8,fixed5,123,101,3,heldout_after,activation,0.5383890867233276,0.8382604122161865,0.5150633454322815
8,fixed5,123,101,3,heldout_after,lora,0.6790514588356018,0.7291349768638611,0.7149564623832703
8,fixed5,123,101,3,heldout_after,batch_lora,0.587134838104248,0.8242724537849426,0.7425447702407837
8,fixed5,123,101,3,full_batch,activation,0.5562936067581177,0.8250206708908081,0.5325130224227905
8,fixed5,123,101,3,full_batch,lora,0.6996041536331177,0.7054627537727356,0.732728123664856
8,fixed5,123,101,3,full_batch,batch_lora,0.5972299575805664,0.8247037529945374,0.7891151905059814
8,fixed5,123,101,4,heldout_before,activation,0.45175909996032715,0.9169098138809204,0.6241220235824585
8,fixed5,123,101,4,heldout_before,lora,0.5510980486869812,0.9064809083938599,0.8662822246551514
8,fixed5,123,101,4,heldout_before,batch_lora,0.35331302881240845,1.3086191415786743,1.2683618068695068
8,fixed5,123,101,4,heldout_after,activation,0.4709711968898773,0.902622401714325,0.6243904232978821
8,fixed5,123,101,4,heldout_after,lora,0.5753487944602966,0.8986335396766663,0.9063675999641418
8,fixed5,123,101,4,heldout_after,batch_lora,0.4744410216808319,1.2689753770828247,1.3884391784667969
8,fixed5,123,101,4,full_batch,activation,0.4804055690765381,0.8941161632537842,0.6142615079879761
8,fixed5,123,101,4,full_batch,lora,0.5982356071472168,0.8675317764282227,0.8886362314224243
8,fixed5,123,101,4,full_batch,batch_lora,0.4796156883239746,1.230439305305481,1.342176914215088
8,fixed5,123,101,5,heldout_before,activation,0.37354347109794617,0.9551140069961548,0.5815868377685547
8,fixed5,123,101,5,heldout_before,lora,0.4707127511501312,0.9554954767227173,0.8197644352912903
8,fixed5,123,101,5,heldout_before,batch_lora,0.3462328612804413,1.2060259580612183,1.1041085720062256
8,fixed5,123,101,5,heldout_after,activation,0.4015898108482361,0.9338114857673645,0.5725605487823486
8,fixed5,123,101,5,heldout_after,lora,0.5275460481643677,0.8882367014884949,0.7816588878631592
8,fixed5,123,101,5,heldout_after,batch_lora,0.5299170613288879,0.9522148966789246,0.9629587531089783
8,fixed5,123,101,5,full_batch,activation,0.40174707770347595,0.9326713681221008,0.5587853789329529
8,fixed5,123,101,5,full_batch,lora,0.5338953137397766,0.880446195602417,0.768059253692627
8,fixed5,123,101,5,full_batch,batch_lora,0.4796549081802368,1.0055627822875977,0.9708021283149719
8,fixed5,123,101,6,heldout_before,activation,0.3521531820297241,0.9594521522521973,0.5586074590682983
8,fixed5,123,101,6,heldout_before,lora,0.5035726428031921,0.8892276287078857,0.7397266626358032
8,fixed5,123,101,6,heldout_before,batch_lora,0.30757763981819153,1.067873477935791,0.7923020124435425
8,fixed5,123,101,6,heldout_after,activation,0.38141581416130066,0.9385053515434265,0.5311965942382812
8,fixed5,123,101,6,heldout_after,lora,0.564716100692749,0.8430696725845337,0.7063820958137512
8,fixed5,123,101,6,heldout_after,batch_lora,0.4664512872695923,0.9305214285850525,0.7553229928016663
8,fixed5,123,101,6,full_batch,activation,0.3909648358821869,0.9324360489845276,0.5370039343833923
8,fixed5,123,101,6,full_batch,lora,0.5789127349853516,0.8288385272026062,0.7108283042907715
8,fixed5,123,101,6,full_batch,batch_lora,0.4702332615852356,0.9302197694778442,0.7642198204994202
8,fixed5,123,101,7,heldout_before,activation,0.3537983000278473,0.9604325294494629,0.5735234618186951
8,fixed5,123,101,7,heldout_before,lora,0.5183327794075012,0.8781138062477112,0.7518373727798462
8,fixed5,123,101,7,heldout_before,batch_lora,0.33063650131225586,1.0255154371261597,0.7318874597549438
8,fixed5,123,101,7,heldout_after,activation,0.39234617352485657,0.9281717538833618,0.5200291275978088
8,fixed5,123,101,7,heldout_after,lora,0.580910861492157,0.8243061900138855,0.6957433819770813
8,fixed5,123,101,7,heldout_after,batch_lora,0.5308396816253662,0.8565199375152588,0.6550049185752869
8,fixed5,123,101,7,full_batch,activation,0.3998016119003296,0.9240376949310303,0.5201629996299744
8,fixed5,123,101,7,full_batch,lora,0.593833327293396,0.8121947050094604,0.6965746879577637
8,fixed5,123,101,7,full_batch,batch_lora,0.5594397783279419,0.8372412919998169,0.6775327324867249
8,fixed5,123,101,8,heldout_before,activation,0.3945886492729187,0.9413676261901855,0.5647417902946472
8,fixed5,123,101,8,heldout_before,lora,0.5554174780845642,0.8786473870277405,0.7606232762336731
8,fixed5,123,101,8,heldout_before,batch_lora,0.533832311630249,0.885330319404602,0.796104907989502
8,fixed5,123,101,8,heldout_after,activation,0.410677045583725,0.9253138303756714,0.5274214148521423
8,fixed5,123,101,8,heldout_after,lora,0.5850613713264465,0.8454018831253052,0.7175045609474182
8,fixed5,123,101,8,heldout_after,batch_lora,0.6036866307258606,0.8089290857315063,0.7408138513565063
8,fixed5,123,101,8,full_batch,activation,0.419281005859375,0.9186676740646362,0.5224744081497192
8,fixed5,123,101,8,full_batch,lora,0.6012153625488281,0.8269504308700562,0.7185980081558228
8,fixed5,123,101,8,full_batch,batch_lora,0.6408439874649048,0.7789081335067749,0.7726733088493347
8,fixed5,123,101,9,heldout_before,activation,0.3658864200115204,0.942182183265686,0.5351704359054565
8,fixed5,123,101,9,heldout_before,lora,0.5331196784973145,0.8690990209579468,0.6966118216514587
8,fixed5,123,101,9,heldout_before,batch_lora,0.49704939126968384,0.8775115013122559,0.6277568340301514
8,fixed5,123,101,9,heldout_after,activation,0.38460293412208557,0.9287991523742676,0.516069233417511
8,fixed5,123,101,9,heldout_after,lora,0.571847677230835,0.8389847874641418,0.6918373703956604
8,fixed5,123,101,9,heldout_after,batch_lora,0.6068426966667175,0.7977753281593323,0.6754245162010193
8,fixed5,123,101,9,full_batch,activation,0.38682541251182556,0.9272878170013428,0.5088654160499573
8,fixed5,123,101,9,full_batch,lora,0.5815415382385254,0.8288750648498535,0.6815307140350342
8,fixed5,123,101,9,full_batch,batch_lora,0.6248011589050293,0.7821076512336731,0.670286238193512
8,fixed5,123,101,10,heldout_before,activation,0.3493885397911072,0.9456666707992554,0.49492913484573364
8,fixed5,123,101,10,heldout_before,lora,0.49156850576400757,0.9014569520950317,0.7080382108688354
8,fixed5,123,101,10,heldout_before,batch_lora,0.44903308153152466,1.0319715738296509,0.9653623104095459
8,fixed5,123,101,10,heldout_after,activation,0.3692336976528168,0.9310845136642456,0.4799802601337433
8,fixed5,123,101,10,heldout_after,lora,0.5209197998046875,0.877434253692627,0.7167847752571106
8,fixed5,123,101,10,heldout_after,batch_lora,0.5986830592155457,0.9466654062271118,1.1032589673995972
8,fixed5,123,101,10,full_batch,activation,0.38685211539268494,0.9222320318222046,0.4866797924041748
8,fixed5,123,101,10,full_batch,lora,0.5462693572044373,0.8539788722991943,0.719039261341095
8,fixed5,123,101,10,full_batch,batch_lora,0.6466620564460754,0.8770502805709839,1.0795464515686035
8,fixed5,123,101,11,heldout_before,activation,0.39558538794517517,0.9208860993385315,0.50729900598526
8,fixed5,123,101,11,heldout_before,lora,0.5063881874084473,0.8853213787078857,0.736890971660614
8,fixed5,123,101,11,heldout_before,batch_lora,0.3788856267929077,1.2211627960205078,1.1756247282028198
8,fixed5,123,101,11,heldout_after,activation,0.4132041335105896,0.9084299206733704,0.49751371145248413
8,fixed5,123,101,11,heldout_after,lora,0.5404576659202576,0.8483029007911682,0.7188769578933716
8,fixed5,123,101,11,heldout_after,batch_lora,0.5318906307220459,1.0883253812789917,1.2155276536941528
8,fixed5,123,101,11,full_batch,activation,0.4145495593547821,0.9074869155883789,0.48351001739501953
8,fixed5,123,101,11,full_batch,lora,0.5476510524749756,0.8426279425621033,0.7013168931007385
8,fixed5,123,101,11,full_batch,batch_lora,0.5202763080596924,1.0714459419250488,1.1673340797424316
8,fixed5,123,101,12,heldout_before,activation,0.3936036229133606,0.9224019050598145,0.49078407883644104
8,fixed5,123,101,12,heldout_before,lora,0.5052845478057861,0.8840920329093933,0.6969268321990967
8,fixed5,123,101,12,heldout_before,batch_lora,0.2056831419467926,1.1898328065872192,0.8824456930160522
8,fixed5,123,101,12,heldout_after,activation,0.4100892245769501,0.9127775430679321,0.48358458280563354
8,fixed5,123,101,12,heldout_after,lora,0.556681752204895,0.8387483954429626,0.672603964805603
8,fixed5,123,101,12,heldout_after,batch_lora,0.42533278465270996,0.9942113161087036,0.8368716239929199
8,fixed5,123,101,12,full_batch,activation,0.4151194095611572,0.9099614024162292,0.4767589569091797
8,fixed5,123,101,12,full_batch,lora,0.5689086318016052,0.8284319043159485,0.6686899662017822
8,fixed5,123,101,12,full_batch,batch_lora,0.42880040407180786,0.9816814064979553,0.8129463195800781
8,fixed5,123,101,13,heldout_before,activation,0.397184282541275,0.9251157641410828,0.5192689895629883
8,fixed5,123,101,13,heldout_before,lora,0.5195649266242981,0.8782039284706116,0.7238265872001648
8,fixed5,123,101,13,heldout_before,batch_lora,0.43936705589294434,1.0442241430282593,0.9717649221420288
8,fixed5,123,101,13,heldout_after,activation,0.41485556960105896,0.9080778360366821,0.4806438386440277
8,fixed5,123,101,13,heldout_after,lora,0.5692418217658997,0.82561194896698,0.67373126745224
8,fixed5,123,101,13,heldout_after,batch_lora,0.6255342960357666,0.8317559957504272,0.9138243794441223
8,fixed5,123,101,13,full_batch,activation,0.4300363063812256,0.9002302885055542,0.4945663809776306
8,fixed5,123,101,13,full_batch,lora,0.5839723348617554,0.8142295479774475,0.6896369457244873
8,fixed5,123,101,13,full_batch,batch_lora,0.6258857250213623,0.8299604058265686,0.9097291827201843
8,fixed5,123,101,14,heldout_before,activation,0.39708057045936584,0.9301788210868835,0.5294826030731201
8,fixed5,123,101,14,heldout_before,lora,0.536222517490387,0.8793433308601379,0.7513038516044617
8,fixed5,123,101,14,heldout_before,batch_lora,0.5149502754211426,1.0222277641296387,1.0718376636505127
8,fixed5,123,101,14,heldout_after,activation,0.406964510679245,0.9158506393432617,0.47402191162109375
8,fixed5,123,101,14,heldout_after,lora,0.5575345158576965,0.8452013731002808,0.6947122812271118
8,fixed5,123,101,14,heldout_after,batch_lora,0.6090589761734009,0.9074199795722961,1.0499264001846313
8,fixed5,123,101,14,full_batch,activation,0.4271719455718994,0.9042925834655762,0.4898566007614136
8,fixed5,123,101,14,full_batch,lora,0.5781415700912476,0.8263776898384094,0.7038031220436096
8,fixed5,123,101,14,full_batch,batch_lora,0.626861572265625,0.9048163294792175,1.0869137048721313
8,fixed5,123,101,15,heldout_before,activation,0.3570708632469177,0.9347835779190063,0.41139739751815796
8,fixed5,123,101,15,heldout_before,lora,0.49578991532325745,0.8824782967567444,0.6071881055831909
8,fixed5,123,101,15,heldout_before,batch_lora,0.32186466455459595,1.067017674446106,0.8139252662658691
8,fixed5,123,101,15,heldout_after,activation,0.3726840615272522,0.9258615374565125,0.3934840261936188
8,fixed5,123,101,15,heldout_after,lora,0.5282428860664368,0.8542346358299255,0.5868307948112488
8,fixed5,123,101,15,heldout_after,batch_lora,0.44864773750305176,0.9454157948493958,0.7570238709449768
8,fixed5,123,101,15,full_batch,activation,0.37425947189331055,0.9237287640571594,0.3908247649669647
8,fixed5,123,101,15,full_batch,lora,0.5336333513259888,0.8457954525947571,0.5805609226226807
8,fixed5,123,101,15,full_batch,batch_lora,0.4430122673511505,0.9476402401924133,0.7500659227371216
8,fixed5,123,101,16,heldout_before,activation,0.3255861699581146,0.945544958114624,0.3832561671733856
8,fixed5,123,101,16,heldout_before,lora,0.4747825562953949,0.8859764337539673,0.5660656690597534
8,fixed5,123,101,16,heldout_before,batch_lora,0.3117092549800873,1.0409212112426758,0.7367734313011169
8,fixed5,123,101,16,heldout_after,activation,0.3533787429332733,0.934230625629425,0.3957606554031372
8,fixed5,123,101,16,heldout_after,lora,0.509148120880127,0.8668678998947144,0.593951940536499
8,fixed5,123,101,16,heldout_after,batch_lora,0.4348464012145996,0.9543803334236145,0.750968873500824
8,fixed5,123,101,16,full_batch,activation,0.35049858689308167,0.9350965619087219,0.38219454884529114
8,fixed5,123,101,16,full_batch,lora,0.5084009170532227,0.8661025762557983,0.57517409324646
8,fixed5,123,101,16,full_batch,batch_lora,0.4561513662338257,0.9459038972854614,0.7767887711524963
8,fixed5,123,101,17,heldout_before,activation,0.3942124545574188,0.91765958070755,0.42114633321762085
8,fixed5,123,101,17,heldout_before,lora,0.5471739768981934,0.8462883234024048,0.6194707751274109
8,fixed5,123,101,17,heldout_before,batch_lora,0.4977480173110962,0.9155313372612,0.7909218668937683
8,fixed5,123,101,17,heldout_after,activation,0.41835179924964905,0.9075260758399963,0.4587903618812561
8,fixed5,123,101,17,heldout_after,lora,0.5689746141433716,0.8343378305435181,0.6544699668884277
8,fixed5,123,101,17,heldout_after,batch_lora,0.5696675777435303,0.8526403903961182,0.7966411113739014
8,fixed5,123,101,17,full_batch,activation,0.4322200417518616,0.8976173400878906,0.4643043875694275
8,fixed5,123,101,17,full_batch,lora,0.578708291053772,0.8236743211746216,0.6651653051376343
8,fixed5,123,101,17,full_batch,batch_lora,0.587509274482727,0.8560653924942017,0.8668214082717896
8,fixed5,123,101,18,heldout_before,activation,0.377346009016037,0.9286516904830933,0.3817897140979767
8,fixed5,123,101,18,heldout_before,lora,0.5212084054946899,0.8685241937637329,0.5585241317749023
8,fixed5,123,101,18,heldout_before,batch_lora,0.3932993710041046,0.969518780708313,0.7009535431861877
8,fixed5,123,101,18,heldout_after,activation,0.40230053663253784,0.9240232706069946,0.4196487069129944
8,fixed5,123,101,18,heldout_after,lora,0.5339827537536621,0.8741117715835571,0.6164481043815613
8,fixed5,123,101,18,heldout_after,batch_lora,0.5298678874969482,0.8898216485977173,0.7992050647735596
8,fixed5,123,101,18,full_batch,activation,0.4026569426059723,0.9228639602661133,0.4135555624961853
8,fixed5,123,101,18,full_batch,lora,0.5365160703659058,0.8685399293899536,0.6080477237701416
8,fixed5,123,101,18,full_batch,batch_lora,0.5770884156227112,0.8447519540786743,0.793043851852417
8,fixed5,123,101,19,heldout_before,activation,0.38781648874282837,0.9344747066497803,0.5000059008598328
8,fixed5,123,101,19,heldout_before,lora,0.48242583870887756,0.9311100840568542,0.7377976775169373
8,fixed5,123,101,19,heldout_before,batch_lora,0.39809536933898926,1.1715246438980103,1.1267584562301636
8,fixed5,123,101,19,heldout_after,activation,0.40149828791618347,0.9402545690536499,0.5602383613586426
8,fixed5,123,101,19,heldout_after,lora,0.4959479868412018,0.9504134654998779,0.8329138159751892
8,fixed5,123,101,19,heldout_after,batch_lora,0.5085310339927673,1.232450246810913,1.3903117179870605
8,fixed5,123,101,19,full_batch,activation,0.4078627824783325,0.9344505071640015,0.5386291742324829
8,fixed5,123,101,19,full_batch,lora,0.513696551322937,0.9275901317596436,0.8035131692886353
8,fixed5,123,101,19,full_batch,batch_lora,0.6199452877044678,1.051904320716858,1.3205413818359375
8,fixed5,123,101,20,heldout_before,activation,0.3716212809085846,0.9627147912979126,0.5725463032722473
8,fixed5,123,101,20,heldout_before,lora,0.46062082052230835,0.9948633909225464,0.8509634733200073
8,fixed5,123,101,20,heldout_before,batch_lora,0.4885328412055969,1.2790583372116089,1.4237624406814575
8,fixed5,123,101,20,heldout_after,activation,0.38764601945877075,0.951426088809967,0.5624555349349976
8,fixed5,123,101,20,heldout_after,lora,0.4953884184360504,0.9518857002258301,0.8163307309150696
8,fixed5,123,101,20,heldout_after,batch_lora,0.5666130185127258,1.1064770221710205,1.3050856590270996
8,fixed5,123,101,20,full_batch,activation,0.38628673553466797,0.9478322863578796,0.5411189794540405
8,fixed5,123,101,20,full_batch,lora,0.5113272666931152,0.9300035238265991,0.7946157455444336
8,fixed5,123,101,20,full_batch,batch_lora,0.606894850730896,1.0561422109603882,1.3024216890335083
8,fixed5,123,101,21,heldout_before,activation,0.3471471965312958,1.0043985843658447,0.6244377493858337
8,fixed5,123,101,21,heldout_before,lora,0.4421513080596924,1.0397520065307617,0.9010936617851257
8,fixed5,123,101,21,heldout_before,batch_lora,0.5710970163345337,1.6446974277496338,1.996292233467102
8,fixed5,123,101,21,heldout_after,activation,0.3660137355327606,0.969796895980835,0.5600517988204956
8,fixed5,123,101,21,heldout_after,lora,0.4855915606021881,0.9463475346565247,0.7702404260635376
8,fixed5,123,101,21,heldout_after,batch_lora,0.5404000282287598,1.192885398864746,1.3859814405441284
8,fixed5,123,101,21,full_batch,activation,0.37800708413124084,0.9593296051025391,0.5514249205589294
8,fixed5,123,101,21,full_batch,lora,0.5032051205635071,0.9257457256317139,0.7590365409851074
8,fixed5,123,101,21,full_batch,batch_lora,0.552330732345581,1.1687986850738525,1.3715739250183105
8,fixed5,123,101,22,heldout_before,activation,0.3385287821292877,1.0148651599884033,0.6192773580551147
8,fixed5,123,101,22,heldout_before,lora,0.4346066117286682,1.0511999130249023,0.8831439018249512
8,fixed5,123,101,22,heldout_before,batch_lora,0.270466148853302,1.6294386386871338,1.5850847959518433
8,fixed5,123,101,22,heldout_after,activation,0.35660937428474426,0.9588602781295776,0.4985142648220062
8,fixed5,123,101,22,heldout_after,lora,0.4758598804473877,0.9330000877380371,0.7048855423927307
8,fixed5,123,101,22,heldout_after,batch_lora,0.3299987018108368,1.2594550848007202,1.1637409925460815
8,fixed5,123,101,22,full_batch,activation,0.3563123643398285,0.9580812454223633,0.49938157200813293
8,fixed5,123,101,22,full_batch,lora,0.48388487100601196,0.9234721660614014,0.6997589468955994
8,fixed5,123,101,22,full_batch,batch_lora,0.3549334406852722,1.2370240688323975,1.1649991273880005
8,fixed5,123,101,23,heldout_before,activation,0.37695029377937317,0.9394838213920593,0.5098474621772766
8,fixed5,123,101,23,heldout_before,lora,0.5059639811515808,0.8880977630615234,0.6986322999000549
8,fixed5,123,101,23,heldout_before,batch_lora,0.3426121175289154,1.1366066932678223,0.9823448657989502
8,fixed5,123,101,23,heldout_after,activation,0.38078171014785767,0.9261093735694885,0.4364039897918701
8,fixed5,123,101,23,heldout_after,lora,0.5203487873077393,0.8555527925491333,0.6020005941390991
8,fixed5,123,101,23,heldout_after,batch_lora,0.3906274735927582,1.0694574117660522,0.9349886775016785
8,fixed5,123,101,23,full_batch,activation,0.37795290350914,0.9270850419998169,0.42519354820251465
8,fixed5,123,101,23,full_batch,lora,0.5228312015533447,0.8541072010993958,0.5870869159698486
8,fixed5,123,101,23,full_batch,batch_lora,0.42914626002311707,1.0399730205535889,0.9446172714233398
8,fixed5,123,101,24,heldout_before,activation,0.3473481237888336,0.9429870843887329,0.4414692223072052
8,fixed5,123,101,24,heldout_before,lora,0.4808834195137024,0.8989563584327698,0.6243513822555542
8,fixed5,123,101,24,heldout_before,batch_lora,0.44583967328071594,0.999416708946228,0.8903694748878479
8,fixed5,123,101,24,heldout_after,activation,0.3567422032356262,0.936185359954834,0.4180501103401184
8,fixed5,123,101,24,heldout_after,lora,0.5000808835029602,0.8793323040008545,0.5943530797958374
8,fixed5,123,101,24,heldout_after,batch_lora,0.5373727083206177,0.929537832736969,0.9282817840576172
8,fixed5,123,101,24,full_batch,activation,0.3666205406188965,0.9313029646873474,0.4199714660644531
8,fixed5,123,101,24,full_batch,lora,0.5140260457992554,0.8682277202606201,0.5967019200325012
8,fixed5,123,101,24,full_batch,batch_lora,0.5505914092063904,0.9282466173171997,0.9565378427505493
8,fixed5,123,101,25,heldout_before,activation,0.33384889364242554,0.9552084803581238,0.4199482202529907
8,fixed5,123,101,25,heldout_before,lora,0.48311346769332886,0.9053744077682495,0.601138710975647
8,fixed5,123,101,25,heldout_before,batch_lora,0.4059215188026428,1.0877143144607544,0.9957476854324341
8,fixed5,123,101,25,heldout_after,activation,0.3508093059062958,0.9462245106697083,0.41727498173713684
8,fixed5,123,101,25,heldout_after,lora,0.5034506320953369,0.8903427720069885,0.614321231842041
8,fixed5,123,101,25,heldout_after,batch_lora,0.44030576944351196,1.0579692125320435,0.9999200105667114
8,fixed5,123,101,25,full_batch,activation,0.3596201539039612,0.9409551024436951,0.4152209162712097
8,fixed5,123,101,25,full_batch,lora,0.5201400518417358,0.8755698800086975,0.6091321706771851
8,fixed5,123,101,25,full_batch,batch_lora,0.4884132742881775,1.0385053157806396,1.0514771938323975
8,fixed5,123,101,26,heldout_before,activation,0.3127323389053345,0.9521400332450867,0.3615611791610718
8,fixed5,123,101,26,heldout_before,lora,0.4737955927848816,0.8833096623420715,0.5213495492935181
8,fixed5,123,101,26,heldout_before,batch_lora,0.40121597051620483,1.0086174011230469,0.8234522342681885
8,fixed5,123,101,26,heldout_after,activation,0.3300745487213135,0.9453251957893372,0.3658040165901184
8,fixed5,123,101,26,heldout_after,lora,0.490792453289032,0.873368501663208,0.5321335792541504
8,fixed5,123,101,26,heldout_after,batch_lora,0.3829994797706604,0.9856768250465393,0.7268708944320679
8,fixed5,123,101,26,full_batch,activation,0.3410320281982422,0.9407796859741211,0.37502455711364746
8,fixed5,123,101,26,full_batch,lora,0.5075938701629639,0.861835777759552,0.543718695640564
8,fixed5,123,101,26,full_batch,batch_lora,0.40571630001068115,0.9780526757240295,0.7538439035415649
8,fixed5,123,101,27,heldout_before,activation,0.3378337621688843,0.9417936205863953,0.4059588313102722
8,fixed5,123,101,27,heldout_before,lora,0.4961744248867035,0.8709748387336731,0.5810052752494812
8,fixed5,123,101,27,heldout_before,batch_lora,0.37564998865127563,1.009928584098816,0.7769834995269775
8,fixed5,123,101,27,heldout_after,activation,0.3661862313747406,0.9298234581947327,0.4139602482318878
8,fixed5,123,101,27,heldout_after,lora,0.5226876139640808,0.8527646660804749,0.6017112135887146
8,fixed5,123,101,27,heldout_after,batch_lora,0.4855901002883911,0.9430798888206482,0.8394224047660828
8,fixed5,123,101,27,full_batch,activation,0.363219678401947,0.931010901927948,0.4072522521018982
8,fixed5,123,101,27,full_batch,lora,0.5258402824401855,0.8506626486778259,0.5959000587463379
8,fixed5,123,101,27,full_batch,batch_lora,0.5113586187362671,0.9229050874710083,0.8478723764419556
8,fixed5,123,101,28,heldout_before,activation,0.3689056932926178,0.9287627935409546,0.4240991771221161
8,fixed5,123,101,28,heldout_before,lora,0.5239160656929016,0.8565174341201782,0.6152836084365845
8,fixed5,123,101,28,heldout_before,batch_lora,0.5153166651725769,0.8853070735931396,0.7373975515365601
8,fixed5,123,101,28,heldout_after,activation,0.38803765177726746,0.918953537940979,0.4361903667449951
8,fixed5,123,101,28,heldout_after,lora,0.5587307810783386,0.8301728367805481,0.6398331522941589
8,fixed5,123,101,28,heldout_after,batch_lora,0.6378536820411682,0.7951181530952454,0.8355157375335693
8,fixed5,123,101,28,full_batch,activation,0.3921425938606262,0.9177805185317993,0.4350636601448059
8,fixed5,123,101,28,full_batch,lora,0.5664584636688232,0.8242082595825195,0.6369174718856812
8,fixed5,123,101,28,full_batch,batch_lora,0.6588199138641357,0.7715763449668884,0.8302074670791626
8,fixed5,123,101,29,heldout_before,activation,0.38753464818000793,0.9238454699516296,0.47520712018013
8,fixed5,123,101,29,heldout_before,lora,0.5483626127243042,0.8433177471160889,0.6912540793418884
8,fixed5,123,101,29,heldout_before,batch_lora,0.6011738777160645,0.8273898363113403,0.815612256526947
8,fixed5,123,101,29,heldout_after,activation,0.40300461649894714,0.9152364730834961,0.4844250977039337
8,fixed5,123,101,29,heldout_after,lora,0.5725771188735962,0.8255423307418823,0.7251647114753723
8,fixed5,123,101,29,heldout_after,batch_lora,0.6822749376296997,0.7755969166755676,0.9412143230438232
8,fixed5,123,101,29,full_batch,activation,0.41355055570602417,0.9101241827011108,0.4872013330459595
8,fixed5,123,101,29,full_batch,lora,0.5871859788894653,0.8128125667572021,0.7186890244483948
8,fixed5,123,101,29,full_batch,batch_lora,0.7060792446136475,0.7456187605857849,0.9395210146903992
8,fixed5,123,101,30,heldout_before,activation,0.373068630695343,0.9302199482917786,0.46434950828552246
8,fixed5,123,101,30,heldout_before,lora,0.5409753918647766,0.8595232963562012,0.6899868249893188
8,fixed5,123,101,30,heldout_before,batch_lora,0.4960574805736542,0.9727750420570374,0.9346510767936707
8,fixed5,123,101,30,heldout_after,activation,0.38137584924697876,0.9262154698371887,0.46352332830429077
8,fixed5,123,101,30,heldout_after,lora,0.5497918725013733,0.8532318472862244,0.6882131099700928
8,fixed5,123,101,30,heldout_after,batch_lora,0.5524946451187134,0.9277438521385193,0.9598749876022339
8,fixed5,123,101,30,full_batch,activation,0.3803039789199829,0.9253247976303101,0.45097583532333374
8,fixed5,123,101,30,full_batch,lora,0.5530935525894165,0.8479843735694885,0.6803327798843384
8,fixed5,123,101,30,full_batch,batch_lora,0.5740274786949158,0.9141271114349365,0.9803966283798218
8,fixed5,123,101,31,heldout_before,activation,0.39347535371780396,0.9187465906143188,0.46833598613739014
8,fixed5,123,101,31,heldout_before,lora,0.5366311073303223,0.8627972602844238,0.7182595133781433
8,fixed5,123,101,31,heldout_before,batch_lora,0.5603762865066528,0.9526067972183228,1.0309944152832031
8,fixed5,123,101,31,heldout_after,activation,0.40044575929641724,0.914029598236084,0.4655360281467438
8,fixed5,123,101,31,heldout_after,lora,0.548253059387207,0.8530398011207581,0.7191150784492493
8,fixed5,123,101,31,heldout_after,batch_lora,0.6071244478225708,0.9050605893135071,1.0404081344604492
8,fixed5,123,101,31,full_batch,activation,0.4010533392429352,0.9142287969589233,0.4577980637550354
8,fixed5,123,101,31,full_batch,lora,0.5547120571136475,0.8468479514122009,0.7048043012619019
8,fixed5,123,101,31,full_batch,batch_lora,0.6304652094841003,0.8530614972114563,0.9843018651008606
8,fixed5,123,101,32,heldout_before,activation,0.3360392451286316,0.9495270848274231,0.48260897397994995
8,fixed5,123,101,32,heldout_before,lora,0.4626733660697937,0.92197585105896,0.7186881899833679
8,fixed5,123,101,32,heldout_before,batch_lora,0.5261049270629883,1.1158807277679443,1.2485840320587158
8,fixed5,123,101,32,heldout_after,activation,0.3419421315193176,0.9417675137519836,0.46028465032577515
8,fixed5,123,101,32,heldout_after,lora,0.4806968569755554,0.8935468196868896,0.6797530651092529
8,fixed5,123,101,32,heldout_after,batch_lora,0.5618435740470886,1.002425193786621,1.1279923915863037
8,fixed5,123,101,32,full_batch,activation,0.348876029253006,0.9380809664726257,0.46028268337249756
8,fixed5,123,101,32,full_batch,lora,0.5000214576721191,0.8772222399711609,0.6801249980926514
8,fixed5,123,101,32,full_batch,batch_lora,0.5734682083129883,0.9876478314399719,1.1251145601272583
8,fixed5,124,102,1,heldout_before,activation,0.5967019200325012,0.7780473828315735,0.601434588432312
8,fixed5,124,102,1,heldout_before,lora,0.7641423940658569,0.6030762791633606,0.7907950282096863
8,fixed5,124,102,1,heldout_before,batch_lora,0.8092435598373413,0.5891961455345154,0.8542677164077759
8,fixed5,124,102,1,heldout_after,activation,0.5931569933891296,0.7807357311248779,0.6065355539321899
8,fixed5,124,102,1,heldout_after,lora,0.7507196664810181,0.6233150362968445,0.803729772567749
8,fixed5,124,102,1,heldout_after,batch_lora,0.7341888546943665,0.7335839867591858,1.011999487876892
8,fixed5,124,102,1,full_batch,activation,0.6098734736442566,0.7688189744949341,0.6151442527770996
8,fixed5,124,102,1,full_batch,lora,0.7725767493247986,0.5921589136123657,0.8183653354644775
8,fixed5,124,102,1,full_batch,batch_lora,0.7867215871810913,0.6709247827529907,1.0495351552963257
8,fixed5,124,102,2,heldout_before,activation,0.5338544249534607,0.8535956740379333,0.58287513256073
8,fixed5,124,102,2,heldout_before,lora,0.65739905834198,0.7825800180435181,0.7785567045211792
8,fixed5,124,102,2,heldout_before,batch_lora,0.14009013772010803,1.2861069440841675,0.9608802199363708
8,fixed5,124,102,2,heldout_after,activation,0.5529955625534058,0.838021457195282,0.5816797614097595
8,fixed5,124,102,2,heldout_after,lora,0.7014564871788025,0.732150137424469,0.7704144716262817
8,fixed5,124,102,2,heldout_after,batch_lora,0.4677494764328003,0.9691473841667175,0.8652870059013367
8,fixed5,124,102,2,full_batch,activation,0.575310468673706,0.8185712099075317,0.5942440629005432
8,fixed5,124,102,2,full_batch,lora,0.7246713638305664,0.6982512474060059,0.7869102358818054
8,fixed5,124,102,2,full_batch,batch_lora,0.5455002784729004,0.9239680171012878,0.9344571828842163
8,fixed5,124,102,3,heldout_before,activation,0.5141860842704773,0.8540698885917664,0.5399138331413269
8,fixed5,124,102,3,heldout_before,lora,0.6494302153587341,0.760715663433075,0.6928966045379639
8,fixed5,124,102,3,heldout_before,batch_lora,0.2960759103298187,1.0120265483856201,0.6305288076400757
8,fixed5,124,102,3,heldout_after,activation,0.5452741980552673,0.8330026268959045,0.5491540431976318
8,fixed5,124,102,3,heldout_after,lora,0.6918497681617737,0.7217478156089783,0.7258042097091675
8,fixed5,124,102,3,heldout_after,batch_lora,0.5939538478851318,0.8169462084770203,0.7360180616378784
8,fixed5,124,102,3,full_batch,activation,0.5522571802139282,0.8268607258796692,0.5542775392532349
8,fixed5,124,102,3,full_batch,lora,0.7068262100219727,0.7031024694442749,0.7356986403465271
8,fixed5,124,102,3,full_batch,batch_lora,0.6021677255630493,0.8151431083679199,0.7666799426078796
8,fixed5,124,102,4,heldout_before,activation,0.5425796508789062,0.8607791662216187,0.6779873371124268
8,fixed5,124,102,4,heldout_before,lora,0.6635994911193848,0.8103575110435486,0.9028232097625732
8,fixed5,124,102,4,heldout_before,batch_lora,0.3803664445877075,1.1699103116989136,1.096864104270935
8,fixed5,124,102,4,heldout_after,activation,0.5715007781982422,0.8286765813827515,0.6585409045219421
8,fixed5,124,102,4,heldout_after,lora,0.6982077360153198,0.7496183514595032,0.8880850076675415
8,fixed5,124,102,4,heldout_after,batch_lora,0.5832889080047607,0.9872684478759766,1.1444705724716187
8,fixed5,124,102,4,full_batch,activation,0.5820291042327881,0.8190990686416626,0.6535903215408325
8,fixed5,124,102,4,full_batch,lora,0.7100470066070557,0.732669472694397,0.8820921182632446
8,fixed5,124,102,4,full_batch,batch_lora,0.6337044835090637,0.9252514839172363,1.1413185596466064
8,fixed5,124,102,5,heldout_before,activation,0.448283314704895,0.9306710362434387,0.6872788071632385
8,fixed5,124,102,5,heldout_before,lora,0.5738449096679688,0.934528112411499,0.9751250147819519
8,fixed5,124,102,5,heldout_before,batch_lora,0.44839781522750854,1.1750459671020508,1.2111517190933228
8,fixed5,124,102,5,heldout_after,activation,0.4660676419734955,0.8996149897575378,0.6353781819343567
8,fixed5,124,102,5,heldout_after,lora,0.5956422686576843,0.8522912859916687,0.8647395968437195
8,fixed5,124,102,5,heldout_after,batch_lora,0.560768723487854,0.9556246995925903,1.0379270315170288
8,fixed5,124,102,5,full_batch,activation,0.46330952644348145,0.8992385268211365,0.6201472878456116
8,fixed5,124,102,5,full_batch,lora,0.605656623840332,0.8384851813316345,0.8437682390213013
8,fixed5,124,102,5,full_batch,batch_lora,0.5747661590576172,0.9729377627372742,1.1010401248931885
8,fixed5,124,102,6,heldout_before,activation,0.43076348304748535,0.9710941910743713,0.7202163934707642
8,fixed5,124,102,6,heldout_before,lora,0.5572158098220825,0.934842586517334,0.9619051218032837
8,fixed5,124,102,6,heldout_before,batch_lora,0.6005393862724304,0.9721218347549438,1.1534122228622437
8,fixed5,124,102,6,heldout_after,activation,0.4573412835597992,0.9175435900688171,0.63494473695755
8,fixed5,124,102,6,heldout_after,lora,0.5985376238822937,0.8369521498680115,0.8349879384040833
8,fixed5,124,102,6,heldout_after,batch_lora,0.6348379850387573,0.8678857684135437,1.030116319656372
8,fixed5,124,102,6,full_batch,activation,0.4663643538951874,0.911972165107727,0.6420876979827881
8,fixed5,124,102,6,full_batch,lora,0.6145542860031128,0.8196582794189453,0.837401270866394
8,fixed5,124,102,6,full_batch,batch_lora,0.6396161317825317,0.8892713785171509,1.0867316722869873
8,fixed5,124,102,7,heldout_before,activation,0.3651757836341858,0.9738806486129761,0.6283388137817383
8,fixed5,124,102,7,heldout_before,lora,0.49218159914016724,0.9572603106498718,0.8581941723823547
8,fixed5,124,102,7,heldout_before,batch_lora,0.3582228422164917,1.2636369466781616,1.209751844406128
8,fixed5,124,102,7,heldout_after,activation,0.3858531713485718,0.9428555369377136,0.5639708638191223
8,fixed5,124,102,7,heldout_after,lora,0.525344729423523,0.898847758769989,0.771712601184845
8,fixed5,124,102,7,heldout_after,batch_lora,0.4032524526119232,1.1385518312454224,1.0806835889816284
8,fixed5,124,102,7,full_batch,activation,0.40206179022789,0.932504415512085,0.5595740079879761
8,fixed5,124,102,7,full_batch,lora,0.5501461029052734,0.8726488351821899,0.764363169670105
8,fixed5,124,102,7,full_batch,batch_lora,0.45840370655059814,1.0889731645584106,1.0876861810684204
8,fixed5,124,102,8,heldout_before,activation,0.42040976881980896,0.922539472579956,0.5689623951911926
8,fixed5,124,102,8,heldout_before,lora,0.5592164993286133,0.8653218746185303,0.7495986819267273
8,fixed5,124,102,8,heldout_before,batch_lora,0.35866087675094604,1.0474555492401123,0.833845853805542
8,fixed5,124,102,8,heldout_after,activation,0.44428780674934387,0.9000428318977356,0.5195733308792114
8,fixed5,124,102,8,heldout_after,lora,0.6018455624580383,0.817340612411499,0.7165090441703796
8,fixed5,124,102,8,heldout_after,batch_lora,0.5403123497962952,0.9157043695449829,0.9014934301376343
8,fixed5,124,102,8,full_batch,activation,0.45415735244750977,0.893407940864563,0.5283389091491699
8,fixed5,124,102,8,full_batch,lora,0.6164661049842834,0.8010736703872681,0.721282422542572
8,fixed5,124,102,8,full_batch,batch_lora,0.5969096422195435,0.8525720238685608,0.8853194117546082
8,fixed5,124,102,9,heldout_before,activation,0.40355387330055237,0.9219633340835571,0.5073127746582031
8,fixed5,124,102,9,heldout_before,lora,0.5475826263427734,0.8598955273628235,0.7024264931678772
8,fixed5,124,102,9,heldout_before,batch_lora,0.4223359227180481,0.9775948524475098,0.7884770035743713
8,fixed5,124,102,9,heldout_after,activation,0.4261936843395233,0.904815673828125,0.5021154880523682
8,fixed5,124,102,9,heldout_after,lora,0.5863401293754578,0.8206851482391357,0.7289139032363892
8,fixed5,124,102,9,heldout_after,batch_lora,0.6143906116485596,0.8693873882293701,0.9795070886611938
8,fixed5,124,102,9,full_batch,activation,0.4462900757789612,0.8925515413284302,0.5109535455703735
8,fixed5,124,102,9,full_batch,lora,0.613110363483429,0.7926997542381287,0.7407227754592896
8,fixed5,124,102,9,full_batch,batch_lora,0.6792313456535339,0.7928940653800964,0.9792916774749756
8,fixed5,124,102,10,heldout_before,activation,0.46184590458869934,0.889600932598114,0.5592707395553589
8,fixed5,124,102,10,heldout_before,lora,0.6068488359451294,0.8212617039680481,0.8076356053352356
8,fixed5,124,102,10,heldout_before,batch_lora,0.5710705518722534,0.9721354246139526,1.0918093919754028
8,fixed5,124,102,10,heldout_after,activation,0.46900463104248047,0.8823615908622742,0.55146324634552
8,fixed5,124,102,10,heldout_after,lora,0.6143248677253723,0.8084108829498291,0.8075050711631775
8,fixed5,124,102,10,heldout_after,batch_lora,0.6192339658737183,0.959523618221283,1.1707193851470947
8,fixed5,124,102,10,full_batch,activation,0.476615309715271,0.8775460720062256,0.5517313480377197
8,fixed5,124,102,10,full_batch,lora,0.6323758959770203,0.78856360912323,0.8107792139053345
8,fixed5,124,102,10,full_batch,batch_lora,0.6679493188858032,0.9113248586654663,1.1939430236816406
8,fixed5,124,102,11,heldout_before,activation,0.4884014427661896,0.8798297643661499,0.6303058862686157
8,fixed5,124,102,11,heldout_before,lora,0.6036871671676636,0.852390468120575,0.9209262728691101
8,fixed5,124,102,11,heldout_before,batch_lora,0.49214306473731995,1.2934727668762207,1.4488438367843628
8,fixed5,124,102,11,heldout_after,activation,0.49275365471839905,0.8757803440093994,0.6246722340583801
8,fixed5,124,102,11,heldout_after,lora,0.623968243598938,0.822060227394104,0.8895546793937683
8,fixed5,124,102,11,heldout_after,batch_lora,0.5632885694503784,1.1426173448562622,1.352508783340454
8,fixed5,124,102,11,full_batch,activation,0.4942307472229004,0.8744324445724487,0.6145510077476501
8,fixed5,124,102,11,full_batch,lora,0.637407660484314,0.8046824932098389,0.8756579160690308
8,fixed5,124,102,11,full_batch,batch_lora,0.5522117018699646,1.1419965028762817,1.3326562643051147
8,fixed5,124,102,12,heldout_before,activation,0.4596637189388275,0.8843096494674683,0.5588358044624329
8,fixed5,124,102,12,heldout_before,lora,0.578952968120575,0.8408356308937073,0.800335168838501
8,fixed5,124,102,12,heldout_before,batch_lora,0.4448663890361786,1.184450387954712,1.2199980020523071
8,fixed5,124,102,12,heldout_after,activation,0.4646471440792084,0.8752331733703613,0.5124356746673584
8,fixed5,124,102,12,heldout_after,lora,0.598253071308136,0.79816073179245,0.706433892250061
8,fixed5,124,102,12,heldout_after,batch_lora,0.540459930896759,0.9634900689125061,1.0099382400512695
8,fixed5,124,102,12,full_batch,activation,0.4570271372795105,0.8776399493217468,0.5013805627822876
8,fixed5,124,102,12,full_batch,lora,0.594467043876648,0.7983230352401733,0.6955438852310181
8,fixed5,124,102,12,full_batch,batch_lora,0.5559300184249878,0.9782838225364685,1.0717765092849731
8,fixed5,124,102,13,heldout_before,activation,0.4026505649089813,0.9156644344329834,0.47932785749435425
8,fixed5,124,102,13,heldout_before,lora,0.5290727615356445,0.8687363862991333,0.6758772730827332
8,fixed5,124,102,13,heldout_before,batch_lora,0.24716193974018097,1.2019972801208496,0.9584190249443054
8,fixed5,124,102,13,heldout_after,activation,0.4216846227645874,0.9048064947128296,0.44529834389686584
8,fixed5,124,102,13,heldout_after,lora,0.566475510597229,0.8321150541305542,0.6113518476486206
8,fixed5,124,102,13,heldout_after,batch_lora,0.4400521218776703,0.9663733243942261,0.7971562743186951
8,fixed5,124,102,13,full_batch,activation,0.4375746250152588,0.8954631090164185,0.4555089771747589
8,fixed5,124,102,13,full_batch,lora,0.5832406282424927,0.8168961405754089,0.6252279877662659
8,fixed5,124,102,13,full_batch,batch_lora,0.4556899666786194,0.9686010479927063,0.8375819325447083
8,fixed5,124,102,14,heldout_before,activation,0.41929957270622253,0.9011122584342957,0.4324803650379181
8,fixed5,124,102,14,heldout_before,lora,0.5490585565567017,0.8363206386566162,0.5890185236930847
8,fixed5,124,102,14,heldout_before,batch_lora,0.3078511357307434,1.0208321809768677,0.6778115034103394
8,fixed5,124,102,14,heldout_after,activation,0.4460688829421997,0.8896776437759399,0.4355747699737549
8,fixed5,124,102,14,heldout_after,lora,0.5801615715026855,0.8157984018325806,0.596890389919281
8,fixed5,124,102,14,heldout_after,batch_lora,0.532467246055603,0.8693440556526184,0.7306600213050842
8,fixed5,124,102,14,full_batch,activation,0.45821452140808105,0.8835475444793701,0.44387340545654297
8,fixed5,124,102,14,full_batch,lora,0.5992953181266785,0.7987462282180786,0.6126278638839722
8,fixed5,124,102,14,full_batch,batch_lora,0.5657006502151489,0.853342592716217,0.7852699756622314
8,fixed5,124,102,15,heldout_before,activation,0.4616526961326599,0.8817076683044434,0.4474239647388458
8,fixed5,124,102,15,heldout_before,lora,0.5811444520950317,0.8086546659469604,0.6031427383422852
8,fixed5,124,102,15,heldout_before,batch_lora,0.5427223443984985,0.8921997547149658,0.84366774559021
8,fixed5,124,102,15,heldout_after,activation,0.46973884105682373,0.8761013150215149,0.46541860699653625
8,fixed5,124,102,15,heldout_after,lora,0.5846342444419861,0.8051725625991821,0.63543701171875
8,fixed5,124,102,15,heldout_after,batch_lora,0.6074221134185791,0.8762930035591125,0.9773560166358948
8,fixed5,124,102,15,full_batch,activation,0.4744095802307129,0.8738840818405151,0.45978739857673645
8,fixed5,124,102,15,full_batch,lora,0.5956225395202637,0.796993613243103,0.6304992437362671
8,fixed5,124,102,15,full_batch,batch_lora,0.6564235091209412,0.8151099681854248,0.9651243090629578
8,fixed5,124,102,16,heldout_before,activation,0.45818161964416504,0.8905267715454102,0.445392370223999
8,fixed5,124,102,16,heldout_before,lora,0.5709280967712402,0.8281522989273071,0.6017957925796509
8,fixed5,124,102,16,heldout_before,batch_lora,0.5832875370979309,0.8937720060348511,0.9561850428581238
8,fixed5,124,102,16,heldout_after,activation,0.46119579672813416,0.8892052173614502,0.4784533977508545
8,fixed5,124,102,16,heldout_after,lora,0.5832411646842957,0.8216234445571899,0.6310415267944336
8,fixed5,124,102,16,heldout_after,batch_lora,0.6126317977905273,0.8834165930747986,1.0072742700576782
8,fixed5,124,102,16,full_batch,activation,0.4675607681274414,0.8848598599433899,0.4850432276725769
8,fixed5,124,102,16,full_batch,lora,0.5923303961753845,0.8118467330932617,0.6367437839508057
8,fixed5,124,102,16,full_batch,batch_lora,0.5975281000137329,0.933393657207489,1.075297474861145
8,fixed5,124,102,17,heldout_before,activation,0.4800829291343689,0.8729189038276672,0.46343177556991577
8,fixed5,124,102,17,heldout_before,lora,0.5726088881492615,0.8149968981742859,0.5991314649581909
8,fixed5,124,102,17,heldout_before,batch_lora,0.632702112197876,0.8160859942436218,0.8902060985565186
8,fixed5,124,102,17,heldout_after,activation,0.48374730348587036,0.8702178001403809,0.474043607711792
8,fixed5,124,102,17,heldout_after,lora,0.5814160108566284,0.8072712421417236,0.610322117805481
8,fixed5,124,102,17,heldout_after,batch_lora,0.6157034635543823,0.8128538131713867,0.8152584433555603
8,fixed5,124,102,17,full_batch,activation,0.4702345132827759,0.875819981098175,0.461797297000885
8,fixed5,124,102,17,full_batch,lora,0.5764307975769043,0.8094779253005981,0.5977157354354858
8,fixed5,124,102,17,full_batch,batch_lora,0.6356877088546753,0.7942456603050232,0.822569727897644
8,fixed5,124,102,18,heldout_before,activation,0.4344535768032074,0.8948225975036621,0.47430887818336487
8,fixed5,124,102,18,heldout_before,lora,0.538084864616394,0.8408301472663879,0.6337889432907104
8,fixed5,124,102,18,heldout_before,batch_lora,0.5137661695480347,0.973842978477478,0.9745542407035828
8,fixed5,124,102,18,heldout_after,activation,0.43754783272743225,0.8921586275100708,0.47841960191726685
8,fixed5,124,102,18,heldout_after,lora,0.5506402850151062,0.8307062983512878,0.6418322324752808
8,fixed5,124,102,18,heldout_after,batch_lora,0.49003684520721436,0.9466598629951477,0.8592264652252197
8,fixed5,124,102,18,full_batch,activation,0.4498978555202484,0.8859843015670776,0.4851507544517517
8,fixed5,124,102,18,full_batch,lora,0.562654972076416,0.8221933841705322,0.644193172454834
8,fixed5,124,102,18,full_batch,batch_lora,0.47461825609207153,0.9728731513023376,0.889039158821106
8,fixed5,124,102,19,heldout_before,activation,0.45187273621559143,0.9025869369506836,0.5005218982696533
8,fixed5,124,102,19,heldout_before,lora,0.5564594268798828,0.8648357391357422,0.6962310075759888
8,fixed5,124,102,19,heldout_before,batch_lora,0.5934833288192749,0.9864264726638794,1.1637986898422241
8,fixed5,124,102,19,heldout_after,activation,0.46216660737991333,0.8948338031768799,0.47666338086128235
8,fixed5,124,102,19,heldout_after,lora,0.5756352543830872,0.8406631350517273,0.651212215423584
8,fixed5,124,102,19,heldout_after,batch_lora,0.5676932334899902,0.9114383459091187,0.9588395953178406
8,fixed5,124,102,19,full_batch,activation,0.4588407874107361,0.8953787088394165,0.46415817737579346
8,fixed5,124,102,19,full_batch,lora,0.5718055367469788,0.8403769731521606,0.6338024139404297
8,fixed5,124,102,19,full_batch,batch_lora,0.56077641248703,0.941041111946106,1.008021593093872
8,fixed5,124,102,20,heldout_before,activation,0.43288397789001465,0.911776602268219,0.4573444128036499
8,fixed5,124,102,20,heldout_before,lora,0.5456336140632629,0.8578281998634338,0.6018045544624329
8,fixed5,124,102,20,heldout_before,batch_lora,0.27144309878349304,1.2034841775894165,0.9939770698547363
8,fixed5,124,102,20,heldout_after,activation,0.4364676773548126,0.9053866863250732,0.4177152216434479
8,fixed5,124,102,20,heldout_after,lora,0.5442429780960083,0.8514648675918579,0.5549325346946716
8,fixed5,124,102,20,heldout_after,batch_lora,0.2615910768508911,1.209829568862915,0.9910548329353333
8,fixed5,124,102,20,full_batch,activation,0.433150053024292,0.9064157009124756,0.4145204722881317
8,fixed5,124,102,20,full_batch,lora,0.5447382926940918,0.8502933979034424,0.5517787933349609
8,fixed5,124,102,20,full_batch,batch_lora,0.23535038530826569,1.2472068071365356,1.016960620880127
8,fixed5,124,102,21,heldout_before,activation,0.42247822880744934,0.9095419645309448,0.4047081768512726
8,fixed5,124,102,21,heldout_before,lora,0.5486671328544617,0.8386104106903076,0.5496277809143066
8,fixed5,124,102,21,heldout_before,batch_lora,0.31059950590133667,1.0289692878723145,0.7046173810958862
8,fixed5,124,102,21,heldout_after,activation,0.4344610571861267,0.9036999344825745,0.3822726905345917
8,fixed5,124,102,21,heldout_after,lora,0.5653471946716309,0.8254700303077698,0.5281867980957031
8,fixed5,124,102,21,heldout_after,batch_lora,0.43051278591156006,0.9553018808364868,0.7434713840484619
8,fixed5,124,102,21,full_batch,activation,0.4326559901237488,0.9024480581283569,0.37610167264938354
8,fixed5,124,102,21,full_batch,lora,0.5657249689102173,0.8228946924209595,0.5213769674301147
8,fixed5,124,102,21,full_batch,batch_lora,0.4546758532524109,0.922408938407898,0.6946101188659668
8,fixed5,124,102,22,heldout_before,activation,0.40336549282073975,0.9237273335456848,0.3957173228263855
8,fixed5,124,102,22,heldout_before,lora,0.5122150778770447,0.8815730810165405,0.5534293055534363
8,fixed5,124,102,22,heldout_before,batch_lora,0.44710591435432434,0.966493546962738,0.8131843209266663
8,fixed5,124,102,22,heldout_after,activation,0.41485992074012756,0.9173633456230164,0.4054773449897766
8,fixed5,124,102,22,heldout_after,lora,0.5292245745658875,0.869031548500061,0.566717267036438
8,fixed5,124,102,22,heldout_after,batch_lora,0.5297396779060364,0.9091000556945801,0.8569810390472412
8,fixed5,124,102,22,full_batch,activation,0.4057057499885559,0.9198342561721802,0.39082443714141846
8,fixed5,124,102,22,full_batch,lora,0.5226292610168457,0.8698728084564209,0.5462263226509094
8,fixed5,124,102,22,full_batch,batch_lora,0.5191303491592407,0.9264340996742249,0.876588761806488
8,fixed5,124,102,23,heldout_before,activation,0.44401830434799194,0.9003241062164307,0.36285194754600525
8,fixed5,124,102,23,heldout_before,lora,0.5489501357078552,0.8385196924209595,0.5094998478889465
8,fixed5,124,102,23,heldout_before,batch_lora,0.5862014293670654,0.8137168884277344,0.5102584958076477
8,fixed5,124,102,23,heldout_after,activation,0.46199920773506165,0.8897510170936584,0.3965090811252594
8,fixed5,124,102,23,heldout_after,lora,0.5715818405151367,0.8203209042549133,0.552511990070343
8,fixed5,124,102,23,heldout_after,batch_lora,0.6404388546943665,0.7724558711051941,0.5576738715171814
8,fixed5,124,102,23,full_batch,activation,0.46380168199539185,0.8884003758430481,0.3979989290237427
8,fixed5,124,102,23,full_batch,lora,0.5828496217727661,0.8111007809638977,0.5569753646850586
8,fixed5,124,102,23,full_batch,batch_lora,0.6482465267181396,0.7650591731071472,0.5738211870193481
8,fixed5,124,102,24,heldout_before,activation,0.42451342940330505,0.9077857136726379,0.4291342496871948
8,fixed5,124,102,24,heldout_before,lora,0.5344124436378479,0.8532150983810425,0.5725705623626709
8,fixed5,124,102,24,heldout_before,batch_lora,0.4500654637813568,0.9596070647239685,0.8013557195663452
8,fixed5,124,102,24,heldout_after,activation,0.43167129158973694,0.9029674530029297,0.4491667151451111
8,fixed5,124,102,24,heldout_after,lora,0.5469048619270325,0.8413259983062744,0.6018303036689758
8,fixed5,124,102,24,heldout_after,batch_lora,0.4931678771972656,0.9437784552574158,0.8591355681419373
8,fixed5,124,102,24,full_batch,activation,0.42536526918411255,0.9049047231674194,0.4388771057128906
8,fixed5,124,102,24,full_batch,lora,0.5504230260848999,0.8369031548500061,0.5979661345481873
8,fixed5,124,102,24,full_batch,batch_lora,0.5390708446502686,0.9123349189758301,0.8897165060043335
8,fixed5,124,102,25,heldout_before,activation,0.4391748905181885,0.9088690280914307,0.517316997051239
8,fixed5,124,102,25,heldout_before,lora,0.5534977912902832,0.8648269176483154,0.7282594442367554
8,fixed5,124,102,25,heldout_before,batch_lora,0.48149746656417847,1.0296255350112915,1.021838903427124
8,fixed5,124,102,25,heldout_after,activation,0.44224774837493896,0.9070568680763245,0.5163533687591553
8,fixed5,124,102,25,heldout_after,lora,0.562231183052063,0.8562701344490051,0.7160297632217407
8,fixed5,124,102,25,heldout_after,batch_lora,0.48167192935943604,1.0042141675949097,0.9720332026481628
8,fixed5,124,102,25,full_batch,activation,0.45466700196266174,0.8989875316619873,0.5151746273040771
8,fixed5,124,102,25,full_batch,lora,0.5780947208404541,0.8401824831962585,0.7113875150680542
8,fixed5,124,102,25,full_batch,batch_lora,0.4774749279022217,1.0084995031356812,0.9725037813186646
8,fixed5,124,102,26,heldout_before,activation,0.4210125505924225,0.9172781705856323,0.5410287976264954
8,fixed5,124,102,26,heldout_before,lora,0.5393736958503723,0.8720141053199768,0.727425754070282
8,fixed5,124,102,26,heldout_before,batch_lora,0.46076053380966187,1.0187644958496094,0.9609417915344238
8,fixed5,124,102,26,heldout_after,activation,0.42510607838630676,0.9101949334144592,0.504490315914154
8,fixed5,124,102,26,heldout_after,lora,0.5516354441642761,0.8481537699699402,0.6690396070480347
8,fixed5,124,102,26,heldout_after,batch_lora,0.49652236700057983,0.9349072575569153,0.8437775373458862
8,fixed5,124,102,26,full_batch,activation,0.43309342861175537,0.9045447111129761,0.5046648979187012
8,fixed5,124,102,26,full_batch,lora,0.5666121244430542,0.83512943983078,0.6699600219726562
8,fixed5,124,102,26,full_batch,batch_lora,0.5246554613113403,0.9232255816459656,0.8818790912628174
8,fixed5,124,102,27,heldout_before,activation,0.36147671937942505,0.9631359577178955,0.5722968578338623
8,fixed5,124,102,27,heldout_before,lora,0.4740178883075714,0.9357072710990906,0.7660631537437439
8,fixed5,124,102,27,heldout_before,batch_lora,0.39781177043914795,1.213267207145691,1.1917082071304321
8,fixed5,124,102,27,heldout_after,activation,0.37549036741256714,0.9425519108772278,0.5188863277435303
8,fixed5,124,102,27,heldout_after,lora,0.5017290115356445,0.8865013718605042,0.6850551962852478
8,fixed5,124,102,27,heldout_after,batch_lora,0.5029265284538269,0.9780873656272888,0.9607365131378174
8,fixed5,124,102,27,full_batch,activation,0.38709938526153564,0.9352120161056519,0.5123123526573181
8,fixed5,124,102,27,full_batch,lora,0.5194745063781738,0.871293842792511,0.6796025037765503
8,fixed5,124,102,27,full_batch,batch_lora,0.5364299416542053,0.951431930065155,0.9757246375083923
8,fixed5,124,102,28,heldout_before,activation,0.3542576730251312,0.9384130239486694,0.44820737838745117
8,fixed5,124,102,28,heldout_before,lora,0.478576123714447,0.8889693021774292,0.6021685004234314
8,fixed5,124,102,28,heldout_before,batch_lora,0.3882736563682556,1.0427374839782715,0.876185417175293
8,fixed5,124,102,28,heldout_after,activation,0.36293143033981323,0.9328256845474243,0.43285173177719116
8,fixed5,124,102,28,heldout_after,lora,0.4896121919155121,0.8831626772880554,0.6090621948242188
8,fixed5,124,102,28,heldout_after,batch_lora,0.43405139446258545,1.06265127658844,0.997636616230011
8,fixed5,124,102,28,full_batch,activation,0.3689923584461212,0.929497241973877,0.42842811346054077
8,fixed5,124,102,28,full_batch,lora,0.5041866302490234,0.8717766404151917,0.6054658889770508
8,fixed5,124,102,28,full_batch,batch_lora,0.4905893802642822,1.0026544332504272,0.9865670204162598
8,fixed5,124,102,29,heldout_before,activation,0.353361576795578,0.955880343914032,0.512185275554657
8,fixed5,124,102,29,heldout_before,lora,0.47625625133514404,0.9299675226211548,0.7382348775863647
8,fixed5,124,102,29,heldout_before,batch_lora,0.373363196849823,1.3722716569900513,1.3845651149749756
8,fixed5,124,102,29,heldout_after,activation,0.3605530858039856,0.9511820673942566,0.4983059763908386
8,fixed5,124,102,29,heldout_after,lora,0.47590240836143494,0.931056559085846,0.7294475436210632
8,fixed5,124,102,29,heldout_after,batch_lora,0.27501001954078674,1.467145562171936,1.383227825164795
8,fixed5,124,102,29,full_batch,activation,0.36622053384780884,0.9456831216812134,0.4894047677516937
8,fixed5,124,102,29,full_batch,lora,0.4892809987068176,0.9151802062988281,0.7149066925048828
8,fixed5,124,102,29,full_batch,batch_lora,0.2429010570049286,1.5163699388504028,1.4083961248397827
8,fixed5,124,102,30,heldout_before,activation,0.34872040152549744,0.9410106539726257,0.43341174721717834
8,fixed5,124,102,30,heldout_before,lora,0.46025338768959045,0.9079004526138306,0.6406267881393433
8,fixed5,124,102,30,heldout_before,batch_lora,0.27009183168411255,1.3213274478912354,1.17499840259552
8,fixed5,124,102,30,heldout_after,activation,0.3582810163497925,0.9342291355133057,0.41148731112480164
8,fixed5,124,102,30,heldout_after,lora,0.4786922037601471,0.8847618103027344,0.5870823264122009
8,fixed5,124,102,30,heldout_after,batch_lora,0.2539457380771637,1.206251621246338,0.9747309684753418
8,fixed5,124,102,30,full_batch,activation,0.3634886145591736,0.9322642087936401,0.4158807396888733
8,fixed5,124,102,30,full_batch,lora,0.4878014028072357,0.8789947032928467,0.5922619104385376
8,fixed5,124,102,30,full_batch,batch_lora,0.27755117416381836,1.2273921966552734,1.0414401292800903
8,fixed5,124,102,31,heldout_before,activation,0.34455233812332153,0.9369366765022278,0.37652453780174255
8,fixed5,124,102,31,heldout_before,lora,0.4601952135562897,0.8870362043380737,0.5376686453819275
8,fixed5,124,102,31,heldout_before,batch_lora,0.2971322536468506,1.0000895261764526,0.5945654511451721
8,fixed5,124,102,31,heldout_after,activation,0.3388141393661499,0.9391036033630371,0.3645934462547302
8,fixed5,124,102,31,heldout_after,lora,0.4461667537689209,0.8937593698501587,0.5151484608650208
8,fixed5,124,102,31,heldout_after,batch_lora,0.16931527853012085,1.0615557432174683,0.5637367963790894
8,fixed5,124,102,31,full_batch,activation,0.337721586227417,0.9392659068107605,0.35954785346984863
8,fixed5,124,102,31,full_batch,lora,0.45478612184524536,0.8886231184005737,0.5138809680938721
8,fixed5,124,102,31,full_batch,batch_lora,0.20607994496822357,1.0781906843185425,0.6588094234466553
8,fixed5,124,102,32,heldout_before,activation,0.3070589005947113,0.9574629068374634,0.4134403169155121
8,fixed5,124,102,32,heldout_before,lora,0.41359439492225647,0.9314799308776855,0.5774452686309814
8,fixed5,124,102,32,heldout_before,batch_lora,0.1081075519323349,1.1778150796890259,0.7397209405899048
8,fixed5,124,102,32,heldout_after,activation,0.31297874450683594,0.9545667171478271,0.4120079576969147
8,fixed5,124,102,32,heldout_after,lora,0.42567700147628784,0.9218164086341858,0.5783969163894653
8,fixed5,124,102,32,heldout_after,batch_lora,0.1673269271850586,1.1583400964736938,0.7753976583480835
8,fixed5,124,102,32,full_batch,activation,0.31884703040122986,0.9511833190917969,0.40767771005630493
8,fixed5,124,102,32,full_batch,lora,0.43832916021347046,0.9109801650047302,0.5707632303237915
8,fixed5,124,102,32,full_batch,batch_lora,0.17691999673843384,1.1552330255508423,0.7817870378494263
8,fixed5,125,103,1,heldout_before,activation,0.6519129872322083,0.74455726146698,0.656899631023407
8,fixed5,125,103,1,heldout_before,lora,0.8195205330848694,0.5607056617736816,0.8464036583900452
8,fixed5,125,103,1,heldout_before,batch_lora,0.8581697940826416,0.5165874361991882,0.9157724976539612
8,fixed5,125,103,1,heldout_after,activation,0.6502031683921814,0.7461716532707214,0.6465691328048706
8,fixed5,125,103,1,heldout_after,lora,0.8049854636192322,0.584695041179657,0.8312472105026245
8,fixed5,125,103,1,heldout_after,batch_lora,0.7154974341392517,0.732515275478363,0.9357593059539795
8,fixed5,125,103,1,full_batch,activation,0.6607790589332581,0.7367735505104065,0.6550179719924927
8,fixed5,125,103,1,full_batch,lora,0.8188798427581787,0.5607743263244629,0.8431065082550049
8,fixed5,125,103,1,full_batch,batch_lora,0.7542731165885925,0.6928197741508484,0.9754677414894104
8,fixed5,125,103,2,heldout_before,activation,0.4722294211387634,0.9198276400566101,0.6717389225959778
8,fixed5,125,103,2,heldout_before,lora,0.6108769178390503,0.8738794922828674,0.8961356282234192
8,fixed5,125,103,2,heldout_before,batch_lora,0.3763662874698639,1.314107894897461,1.3083164691925049
8,fixed5,125,103,2,heldout_after,activation,0.48250821232795715,0.9001845121383667,0.6403849720954895
8,fixed5,125,103,2,heldout_after,lora,0.6183702349662781,0.8357518315315247,0.8363940715789795
8,fixed5,125,103,2,heldout_after,batch_lora,0.4264591932296753,1.1440340280532837,1.1269456148147583
8,fixed5,125,103,2,full_batch,activation,0.5116682052612305,0.8747856616973877,0.6467620134353638
8,fixed5,125,103,2,full_batch,lora,0.6497689485549927,0.7927026748657227,0.8422276377677917
8,fixed5,125,103,2,full_batch,batch_lora,0.4762521982192993,1.1038846969604492,1.1436183452606201
8,fixed5,125,103,3,heldout_before,activation,0.4695984721183777,0.896691620349884,0.585143506526947
8,fixed5,125,103,3,heldout_before,lora,0.6169245839118958,0.8029916286468506,0.7504905462265015
8,fixed5,125,103,3,heldout_before,batch_lora,0.3922742009162903,1.0005816221237183,0.7860286831855774
8,fixed5,125,103,3,heldout_after,activation,0.48710426688194275,0.8824295997619629,0.5872944593429565
8,fixed5,125,103,3,heldout_after,lora,0.6413551568984985,0.7796534895896912,0.7688724994659424
8,fixed5,125,103,3,heldout_after,batch_lora,0.6307863593101501,0.8649579286575317,1.012942910194397
8,fixed5,125,103,3,full_batch,activation,0.4888812005519867,0.879673957824707,0.5817059874534607
8,fixed5,125,103,3,full_batch,lora,0.6560237407684326,0.7633276581764221,0.7713814377784729
8,fixed5,125,103,3,full_batch,batch_lora,0.6571642756462097,0.8478429913520813,1.0453684329986572
8,fixed5,125,103,4,heldout_before,activation,0.4524344801902771,0.916140615940094,0.6204857230186462
8,fixed5,125,103,4,heldout_before,lora,0.5822561383247375,0.8579978942871094,0.8321908116340637
8,fixed5,125,103,4,heldout_before,batch_lora,0.3627103567123413,1.2301355600357056,1.1657001972198486
8,fixed5,125,103,4,heldout_after,activation,0.469096302986145,0.9009115695953369,0.6110212802886963
8,fixed5,125,103,4,heldout_after,lora,0.609171986579895,0.8257017731666565,0.8270962834358215
8,fixed5,125,103,4,heldout_after,batch_lora,0.5390143394470215,1.1148009300231934,1.2693003416061401
8,fixed5,125,103,4,full_batch,activation,0.4826677441596985,0.8904731273651123,0.605645477771759
8,fixed5,125,103,4,full_batch,lora,0.6323215961456299,0.7985432744026184,0.8253697156906128
8,fixed5,125,103,4,full_batch,batch_lora,0.628527820110321,0.984501302242279,1.2320923805236816
8,fixed5,125,103,5,heldout_before,activation,0.38125768303871155,0.957192063331604,0.6195725202560425
8,fixed5,125,103,5,heldout_before,lora,0.5259588956832886,0.9184590578079224,0.858291506767273
8,fixed5,125,103,5,heldout_before,batch_lora,0.26828041672706604,1.5074241161346436,1.4277206659317017
8,fixed5,125,103,5,heldout_after,activation,0.4073801338672638,0.9299871325492859,0.5763343572616577
8,fixed5,125,103,5,heldout_after,lora,0.5723960399627686,0.8530519008636475,0.7944384813308716
8,fixed5,125,103,5,heldout_after,batch_lora,0.4353090226650238,1.2208876609802246,1.2599669694900513
8,fixed5,125,103,5,full_batch,activation,0.4183226227760315,0.9219292402267456,0.5685208439826965
8,fixed5,125,103,5,full_batch,lora,0.5824717283248901,0.8405274152755737,0.7803022861480713
8,fixed5,125,103,5,full_batch,batch_lora,0.43121474981307983,1.216784954071045,1.2476162910461426
8,fixed5,125,103,6,heldout_before,activation,0.38724347949028015,0.9475617408752441,0.6104752421379089
8,fixed5,125,103,6,heldout_before,lora,0.5476978421211243,0.8797606229782104,0.8285242319107056
8,fixed5,125,103,6,heldout_before,batch_lora,0.023334678262472153,1.4694727659225464,1.1003187894821167
8,fixed5,125,103,6,heldout_after,activation,0.43805015087127686,0.9016655087471008,0.5575310587882996
8,fixed5,125,103,6,heldout_after,lora,0.6189242601394653,0.7938554883003235,0.7765963673591614
8,fixed5,125,103,6,heldout_after,batch_lora,0.4893242418766022,1.045106291770935,1.0652457475662231
8,fixed5,125,103,6,full_batch,activation,0.44409435987472534,0.8981809616088867,0.5510001182556152
8,fixed5,125,103,6,full_batch,lora,0.630264163017273,0.7827556133270264,0.7636759281158447
8,fixed5,125,103,6,full_batch,batch_lora,0.5234675407409668,0.99835604429245,1.0437875986099243
8,fixed5,125,103,7,heldout_before,activation,0.4374927878379822,0.9055382013320923,0.5595123767852783
8,fixed5,125,103,7,heldout_before,lora,0.5712069272994995,0.833483099937439,0.7496368288993835
8,fixed5,125,103,7,heldout_before,batch_lora,0.31783148646354675,1.0534781217575073,0.7769969701766968
8,fixed5,125,103,7,heldout_after,activation,0.4715999960899353,0.879554033279419,0.5400563478469849
8,fixed5,125,103,7,heldout_after,lora,0.6256231665611267,0.7818213105201721,0.7558993101119995
8,fixed5,125,103,7,heldout_after,batch_lora,0.5289452075958252,0.9244382977485657,0.8955091238021851
8,fixed5,125,103,7,full_batch,activation,0.4777872562408447,0.8753092288970947,0.5404537320137024
8,fixed5,125,103,7,full_batch,lora,0.6378753185272217,0.7684513330459595,0.7558900713920593
8,fixed5,125,103,7,full_batch,batch_lora,0.5714266300201416,0.893173336982727,0.923970103263855
8,fixed5,125,103,8,heldout_before,activation,0.37038886547088623,0.923251211643219,0.4531015157699585
8,fixed5,125,103,8,heldout_before,lora,0.5223733186721802,0.8473761677742004,0.659623920917511
8,fixed5,125,103,8,heldout_before,batch_lora,0.46833688020706177,0.9437316656112671,0.7999524474143982
8,fixed5,125,103,8,heldout_after,activation,0.3837438225746155,0.9143868088722229,0.4304324984550476
8,fixed5,125,103,8,heldout_after,lora,0.5527398586273193,0.8203246593475342,0.6369203925132751
8,fixed5,125,103,8,heldout_after,batch_lora,0.5806131362915039,0.8389444351196289,0.782947838306427
8,fixed5,125,103,8,full_batch,activation,0.3936402499675751,0.9100421071052551,0.4364704489707947
8,fixed5,125,103,8,full_batch,lora,0.5685932040214539,0.8080886602401733,0.6444305181503296
8,fixed5,125,103,8,full_batch,batch_lora,0.5925909280776978,0.8291608691215515,0.7892423272132874
8,fixed5,125,103,9,heldout_before,activation,0.43974196910858154,0.8902837634086609,0.4892934560775757
8,fixed5,125,103,9,heldout_before,lora,0.5936572551727295,0.811057448387146,0.7059181928634644
8,fixed5,125,103,9,heldout_before,batch_lora,0.4559464454650879,1.0387367010116577,0.9915405511856079
8,fixed5,125,103,9,heldout_after,activation,0.44884806871414185,0.8847621083259583,0.47472625970840454
8,fixed5,125,103,9,heldout_after,lora,0.6132654547691345,0.7948426008224487,0.6767359972000122
8,fixed5,125,103,9,heldout_after,batch_lora,0.5469542741775513,0.9085608124732971,0.9000006914138794
8,fixed5,125,103,9,full_batch,activation,0.45406848192214966,0.8828389048576355,0.47624748945236206
8,fixed5,125,103,9,full_batch,lora,0.6249555349349976,0.7838268280029297,0.6846981048583984
8,fixed5,125,103,9,full_batch,batch_lora,0.5755482912063599,0.8874237537384033,0.9201883673667908
8,fixed5,125,103,10,heldout_before,activation,0.40059441328048706,0.9152291417121887,0.4935925304889679
8,fixed5,125,103,10,heldout_before,lora,0.5852873921394348,0.8186787962913513,0.720267653465271
8,fixed5,125,103,10,heldout_before,batch_lora,0.5871443748474121,0.8436449766159058,0.8247900605201721
8,fixed5,125,103,10,heldout_after,activation,0.41280871629714966,0.9082661271095276,0.4945923089981079
8,fixed5,125,103,10,heldout_after,lora,0.6004223227500916,0.802291989326477,0.7202163934707642
8,fixed5,125,103,10,heldout_after,batch_lora,0.6300207376480103,0.797364354133606,0.8108965754508972
8,fixed5,125,103,10,full_batch,activation,0.4242132008075714,0.9004860520362854,0.49759694933891296
8,fixed5,125,103,10,full_batch,lora,0.6115968227386475,0.7901495099067688,0.7185438275337219
8,fixed5,125,103,10,full_batch,batch_lora,0.6394103169441223,0.7940088510513306,0.8376409411430359
8,fixed5,125,103,11,heldout_before,activation,0.3849397301673889,0.9234344959259033,0.45452427864074707
8,fixed5,125,103,11,heldout_before,lora,0.57247394323349,0.8267112970352173,0.6728308796882629
8,fixed5,125,103,11,heldout_before,batch_lora,0.5815691947937012,0.8613989949226379,0.8648200035095215
8,fixed5,125,103,11,heldout_after,activation,0.39460673928260803,0.9188631772994995,0.44717684388160706
8,fixed5,125,103,11,heldout_after,lora,0.5870407223701477,0.8132407069206238,0.6517499089241028
8,fixed5,125,103,11,heldout_after,batch_lora,0.6318392753601074,0.7982757091522217,0.8227975964546204
8,fixed5,125,103,11,full_batch,activation,0.4001682996749878,0.9161900877952576,0.4499381482601166
8,fixed5,125,103,11,full_batch,lora,0.5985931754112244,0.8033076524734497,0.6536318063735962
8,fixed5,125,103,11,full_batch,batch_lora,0.6493282318115234,0.7785205245018005,0.8158255219459534
8,fixed5,125,103,12,heldout_before,activation,0.3735186755657196,0.930736243724823,0.48526471853256226
8,fixed5,125,103,12,heldout_before,lora,0.5395343899726868,0.8528899550437927,0.681172251701355
8,fixed5,125,103,12,heldout_before,batch_lora,0.5277772545814514,0.9657549262046814,0.9873765707015991
8,fixed5,125,103,12,heldout_after,activation,0.3815651834011078,0.9225966930389404,0.45557549595832825
8,fixed5,125,103,12,heldout_after,lora,0.5633708238601685,0.8259809017181396,0.6241148710250854
8,fixed5,125,103,12,heldout_after,batch_lora,0.6021641492843628,0.8441277742385864,0.8763055205345154
8,fixed5,125,103,12,full_batch,activation,0.40058577060699463,0.9128110408782959,0.47192996740341187
8,fixed5,125,103,12,full_batch,lora,0.5814317464828491,0.811795175075531,0.6422640085220337
8,fixed5,125,103,12,full_batch,batch_lora,0.6274541020393372,0.8277556896209717,0.9083067774772644
8,fixed5,125,103,13,heldout_before,activation,0.39929965138435364,0.9232382774353027,0.48249873518943787
8,fixed5,125,103,13,heldout_before,lora,0.5337933897972107,0.8649145364761353,0.6810255646705627
8,fixed5,125,103,13,heldout_before,batch_lora,0.3186352849006653,1.3009251356124878,1.209665298461914
8,fixed5,125,103,13,heldout_after,activation,0.4028366208076477,0.9174497127532959,0.4475373327732086
8,fixed5,125,103,13,heldout_after,lora,0.5561076998710632,0.8353657126426697,0.6110623478889465
8,fixed5,125,103,13,heldout_after,batch_lora,0.4079212546348572,1.1188656091690063,1.0546512603759766
8,fixed5,125,103,13,full_batch,activation,0.4096234440803528,0.9144338369369507,0.4543333947658539
8,fixed5,125,103,13,full_batch,lora,0.5681383609771729,0.8257919549942017,0.6167398691177368
8,fixed5,125,103,13,full_batch,batch_lora,0.45558786392211914,1.0622445344924927,1.0351773500442505
8,fixed5,125,103,14,heldout_before,activation,0.39862313866615295,0.9132639169692993,0.41593804955482483
8,fixed5,125,103,14,heldout_before,lora,0.5031328797340393,0.8678529858589172,0.5786746144294739
8,fixed5,125,103,14,heldout_before,batch_lora,0.20869451761245728,1.0974656343460083,0.7066746950149536
8,fixed5,125,103,14,heldout_after,activation,0.41653409600257874,0.9039551615715027,0.4097422659397125
8,fixed5,125,103,14,heldout_after,lora,0.5493859648704529,0.8362823724746704,0.5727660655975342
8,fixed5,125,103,14,heldout_after,batch_lora,0.40088748931884766,0.9661966562271118,0.7078836560249329
8,fixed5,125,103,14,full_batch,activation,0.43279218673706055,0.8954670429229736,0.424961119890213
8,fixed5,125,103,14,full_batch,lora,0.5682410001754761,0.8195300102233887,0.5919151306152344
8,fixed5,125,103,14,full_batch,batch_lora,0.4424242079257965,0.9459329843521118,0.7433037161827087
8,fixed5,125,103,15,heldout_before,activation,0.4178294539451599,0.9080296754837036,0.40137192606925964
8,fixed5,125,103,15,heldout_before,lora,0.5312974452972412,0.8524118065834045,0.5579060912132263
8,fixed5,125,103,15,heldout_before,batch_lora,0.3761056661605835,1.0074857473373413,0.7716848850250244
8,fixed5,125,103,15,heldout_after,activation,0.4342995285987854,0.9002703428268433,0.4373725950717926
8,fixed5,125,103,15,heldout_after,lora,0.5541191101074219,0.8442123532295227,0.6295798420906067
8,fixed5,125,103,15,heldout_after,batch_lora,0.5446597337722778,0.9467644691467285,0.983997106552124
8,fixed5,125,103,15,full_batch,activation,0.4398883581161499,0.8976671099662781,0.4322155714035034
8,fixed5,125,103,15,full_batch,lora,0.569847583770752,0.8305917382240295,0.6262584328651428
8,fixed5,125,103,15,full_batch,batch_lora,0.6065158247947693,0.8672357797622681,0.9528674483299255
8,fixed5,125,103,16,heldout_before,activation,0.4049563705921173,0.9201775193214417,0.47021278738975525
8,fixed5,125,103,16,heldout_before,lora,0.5244230628013611,0.8835846185684204,0.7087990045547485
8,fixed5,125,103,16,heldout_before,batch_lora,0.4977305829524994,0.9906931519508362,0.9764879941940308
8,fixed5,125,103,16,heldout_after,activation,0.4218936860561371,0.9112339019775391,0.47079676389694214
8,fixed5,125,103,16,heldout_after,lora,0.5522688031196594,0.8575573563575745,0.700961709022522
8,fixed5,125,103,16,heldout_after,batch_lora,0.5538817644119263,0.9199528694152832,0.9451596736907959
8,fixed5,125,103,16,full_batch,activation,0.42905527353286743,0.9060443043708801,0.4640297293663025
8,fixed5,125,103,16,full_batch,lora,0.5570977330207825,0.8493713736534119,0.6932927370071411
8,fixed5,125,103,16,full_batch,batch_lora,0.5734095573425293,0.9147734045982361,0.9803603887557983
8,fixed5,125,103,17,heldout_before,activation,0.3290320932865143,0.9491510987281799,0.3959001302719116
8,fixed5,125,103,17,heldout_before,lora,0.4275337755680084,0.9326496720314026,0.5792310833930969
8,fixed5,125,103,17,heldout_before,batch_lora,0.16777107119560242,1.0953909158706665,0.6452941298484802
8,fixed5,125,103,17,heldout_after,activation,0.357454389333725,0.9375848770141602,0.4214272201061249
8,fixed5,125,103,17,heldout_after,lora,0.4936239719390869,0.8876694440841675,0.6112589240074158
8,fixed5,125,103,17,heldout_after,batch_lora,0.4432120621204376,0.9183757901191711,0.6428391933441162
8,fixed5,125,103,17,full_batch,activation,0.37409132719039917,0.9290863275527954,0.4274764657020569
8,fixed5,125,103,17,full_batch,lora,0.5191221237182617,0.8663516640663147,0.6231114864349365
8,fixed5,125,103,17,full_batch,batch_lora,0.505778431892395,0.8859006762504578,0.707352340221405
8,fixed5,125,103,18,heldout_before,activation,0.3511897027492523,0.9435256123542786,0.4368583559989929
8,fixed5,125,103,18,heldout_before,lora,0.45142751932144165,0.9178653955459595,0.6352693438529968
8,fixed5,125,103,18,heldout_before,batch_lora,0.3791837692260742,1.0600146055221558,0.8963020443916321
8,fixed5,125,103,18,heldout_after,activation,0.3738308548927307,0.9302317500114441,0.4381538927555084
8,fixed5,125,103,18,heldout_after,lora,0.4927515387535095,0.8819143176078796,0.6269813776016235
8,fixed5,125,103,18,heldout_after,batch_lora,0.5023984909057617,0.9453443288803101,0.8846027851104736
8,fixed5,125,103,18,full_batch,activation,0.3956831097602844,0.9182882308959961,0.4505952000617981
8,fixed5,125,103,18,full_batch,lora,0.521233081817627,0.8583897352218628,0.6406895518302917
8,fixed5,125,103,18,full_batch,batch_lora,0.5377593636512756,0.921707034111023,0.9102230072021484
8,fixed5,125,103,19,heldout_before,activation,0.3747916519641876,0.9378253221511841,0.5016419887542725
8,fixed5,125,103,19,heldout_before,lora,0.5079408884048462,0.8915501236915588,0.700912356376648
8,fixed5,125,103,19,heldout_before,batch_lora,0.3951568603515625,1.0791597366333008,0.9614912271499634
8,fixed5,125,103,19,heldout_after,activation,0.3977574110031128,0.9240310192108154,0.48914456367492676
8,fixed5,125,103,19,heldout_after,lora,0.5425992012023926,0.8580737709999084,0.6757168173789978
8,fixed5,125,103,19,heldout_after,batch_lora,0.4930272400379181,0.9960888028144836,0.978072464466095
8,fixed5,125,103,19,full_batch,activation,0.4067715108394623,0.9186655282974243,0.48627981543540955
8,fixed5,125,103,19,full_batch,lora,0.5551202297210693,0.8462622761726379,0.675438404083252
8,fixed5,125,103,19,full_batch,batch_lora,0.5362334251403809,0.9713300466537476,1.0168876647949219
8,fixed5,125,103,20,heldout_before,activation,0.38506683707237244,0.9310345649719238,0.4724821150302887
8,fixed5,125,103,20,heldout_before,lora,0.5257878303527832,0.875879168510437,0.676083505153656
8,fixed5,125,103,20,heldout_before,batch_lora,0.5563515424728394,0.9189196228981018,0.9487041234970093
8,fixed5,125,103,20,heldout_after,activation,0.3867512345314026,0.9207018613815308,0.42088931798934937
8,fixed5,125,103,20,heldout_after,lora,0.5336114764213562,0.8483903408050537,0.6003944277763367
8,fixed5,125,103,20,heldout_after,batch_lora,0.6169206500053406,0.8589102625846863,0.9608944654464722
8,fixed5,125,103,20,full_batch,activation,0.3825554847717285,0.9216864705085754,0.41641491651535034
8,fixed5,125,103,20,full_batch,lora,0.5312824249267578,0.8482879400253296,0.5954570770263672
8,fixed5,125,103,20,full_batch,batch_lora,0.6334975957870483,0.8412384390830994,0.9636510610580444
8,fixed5,125,103,21,heldout_before,activation,0.3788851201534271,0.9287100434303284,0.4379075765609741
8,fixed5,125,103,21,heldout_before,lora,0.5011392831802368,0.8720360398292542,0.6109029650688171
8,fixed5,125,103,21,heldout_before,batch_lora,0.43994009494781494,0.979188084602356,0.8302689790725708
8,fixed5,125,103,21,heldout_after,activation,0.3853839039802551,0.9216926097869873,0.4047078490257263
8,fixed5,125,103,21,heldout_after,lora,0.5269349813461304,0.848643958568573,0.5739282965660095
8,fixed5,125,103,21,heldout_after,batch_lora,0.5525546073913574,0.8912553787231445,0.8682326078414917
8,fixed5,125,103,21,full_batch,activation,0.3885596990585327,0.9203094244003296,0.40605565905570984
8,fixed5,125,103,21,full_batch,lora,0.5409518480300903,0.8383153676986694,0.5798392295837402
8,fixed5,125,103,21,full_batch,batch_lora,0.5925970077514648,0.8465579748153687,0.8530420660972595
8,fixed5,125,103,22,heldout_before,activation,0.356916218996048,0.9349358081817627,0.3817504048347473
8,fixed5,125,103,22,heldout_before,lora,0.505961537361145,0.8670026063919067,0.5553450584411621
8,fixed5,125,103,22,heldout_before,batch_lora,0.5082011818885803,0.900202214717865,0.7701792120933533
8,fixed5,125,103,22,heldout_after,activation,0.36070796847343445,0.9330736994743347,0.3871093690395355
8,fixed5,125,103,22,heldout_after,lora,0.517467200756073,0.862993597984314,0.5819165706634521
8,fixed5,125,103,22,heldout_after,batch_lora,0.5435212254524231,0.8775256872177124,0.7993858456611633
8,fixed5,125,103,22,full_batch,activation,0.36648988723754883,0.9306905269622803,0.388822078704834
8,fixed5,125,103,22,full_batch,lora,0.5301023125648499,0.8534531593322754,0.5819368362426758
8,fixed5,125,103,22,full_batch,batch_lora,0.5301940441131592,0.9070239067077637,0.8523712754249573
8,fixed5,125,103,23,heldout_before,activation,0.3369792103767395,0.9409492015838623,0.32937541604042053
8,fixed5,125,103,23,heldout_before,lora,0.45076829195022583,0.8924480676651001,0.48210227489471436
8,fixed5,125,103,23,heldout_before,batch_lora,0.4061022996902466,1.0371644496917725,0.896641731262207
8,fixed5,125,103,23,heldout_after,activation,0.3515445291996002,0.9374095797538757,0.3675585687160492
8,fixed5,125,103,23,heldout_after,lora,0.4864436686038971,0.8767381906509399,0.5375459790229797
8,fixed5,125,103,23,heldout_after,batch_lora,0.4952213764190674,0.9469553232192993,0.8720085620880127
8,fixed5,125,103,23,full_batch,activation,0.36592376232147217,0.9308834075927734,0.3786337077617645
8,fixed5,125,103,23,full_batch,lora,0.5090565085411072,0.8599051237106323,0.5548427700996399
8,fixed5,125,103,23,full_batch,batch_lora,0.5680352449417114,0.8750067949295044,0.8651898503303528
8,fixed5,125,103,24,heldout_before,activation,0.37288424372673035,0.9261447787284851,0.3723999559879303
8,fixed5,125,103,24,heldout_before,lora,0.4984380304813385,0.8680076599121094,0.536088764667511
8,fixed5,125,103,24,heldout_before,batch_lora,0.3714887797832489,1.0159469842910767,0.7839837074279785
8,fixed5,125,103,24,heldout_after,activation,0.3845786154270172,0.9208930134773254,0.37889209389686584
8,fixed5,125,103,24,heldout_after,lora,0.5250328779220581,0.8514832854270935,0.5505996942520142
8,fixed5,125,103,24,heldout_after,batch_lora,0.5218850374221802,0.9053608179092407,0.8252694010734558
8,fixed5,125,103,24,full_batch,activation,0.3892088830471039,0.918932318687439,0.38285714387893677
8,fixed5,125,103,24,full_batch,lora,0.5312528610229492,0.84759122133255,0.55400550365448
8,fixed5,125,103,24,full_batch,batch_lora,0.5297834873199463,0.919920027256012,0.8860468864440918
8,fixed5,125,103,25,heldout_before,activation,0.3996059000492096,0.9199259281158447,0.42545029520988464
8,fixed5,125,103,25,heldout_before,lora,0.5122530460357666,0.8692307472229004,0.6196993589401245
8,fixed5,125,103,25,heldout_before,batch_lora,0.3618493974208832,1.203593134880066,1.1231452226638794
8,fixed5,125,103,25,heldout_after,activation,0.4174744188785553,0.9108496904373169,0.4207537770271301
8,fixed5,125,103,25,heldout_after,lora,0.5469503402709961,0.8413263559341431,0.6089619994163513
8,fixed5,125,103,25,heldout_after,batch_lora,0.49330559372901917,1.034560203552246,1.0533636808395386
8,fixed5,125,103,25,full_batch,activation,0.420862078666687,0.9090204834938049,0.42565977573394775
8,fixed5,125,103,25,full_batch,lora,0.5581506490707397,0.8326537013053894,0.6150054931640625
8,fixed5,125,103,25,full_batch,batch_lora,0.5087650418281555,1.0116474628448486,1.0400581359863281
8,fixed5,125,103,26,heldout_before,activation,0.3838416039943695,0.91925448179245,0.3896492123603821
8,fixed5,125,103,26,heldout_before,lora,0.520028829574585,0.8561093807220459,0.5918630957603455
8,fixed5,125,103,26,heldout_before,batch_lora,0.5835322141647339,0.9366188645362854,1.050184965133667
8,fixed5,125,103,26,heldout_after,activation,0.3861342966556549,0.9197618365287781,0.3928919732570648
8,fixed5,125,103,26,heldout_after,lora,0.507490873336792,0.8691812753677368,0.6115312576293945
8,fixed5,125,103,26,heldout_after,batch_lora,0.5567893385887146,0.9658994674682617,1.049715280532837
8,fixed5,125,103,26,full_batch,activation,0.3825314939022064,0.9199326038360596,0.38268834352493286
8,fixed5,125,103,26,full_batch,lora,0.5089848041534424,0.8634358644485474,0.5949264764785767
8,fixed5,125,103,26,full_batch,batch_lora,0.5292050838470459,0.9639784693717957,0.9867119193077087
8,fixed5,125,103,27,heldout_before,activation,0.3991895914077759,0.9172714948654175,0.3972397446632385
8,fixed5,125,103,27,heldout_before,lora,0.5038629770278931,0.8784381747245789,0.6114547252655029
8,fixed5,125,103,27,heldout_before,batch_lora,0.19556975364685059,1.4026421308517456,1.1983919143676758
8,fixed5,125,103,27,heldout_after,activation,0.4048103094100952,0.9140406847000122,0.3949625790119171
8,fixed5,125,103,27,heldout_after,lora,0.525039792060852,0.8598219156265259,0.6055126190185547
8,fixed5,125,103,27,heldout_after,batch_lora,0.30789974331855774,1.242391586303711,1.106860876083374
8,fixed5,125,103,27,full_batch,activation,0.40835368633270264,0.9121458530426025,0.3937499523162842
8,fixed5,125,103,27,full_batch,lora,0.5308070182800293,0.8562932014465332,0.6000884175300598
8,fixed5,125,103,27,full_batch,batch_lora,0.3151751160621643,1.2292746305465698,1.0964891910552979
8,fixed5,125,103,28,heldout_before,activation,0.35634177923202515,0.9333317279815674,0.3935103714466095
8,fixed5,125,103,28,heldout_before,lora,0.47293758392333984,0.8911145329475403,0.5891162753105164
8,fixed5,125,103,28,heldout_before,batch_lora,0.2977954149246216,1.1056710481643677,0.8556399345397949
8,fixed5,125,103,28,heldout_after,activation,0.36040613055229187,0.9289577007293701,0.37077996134757996
8,fixed5,125,103,28,heldout_after,lora,0.4914483428001404,0.8699023723602295,0.5418631434440613
8,fixed5,125,103,28,heldout_after,batch_lora,0.38495153188705444,0.9815837740898132,0.7191585898399353
8,fixed5,125,103,28,full_batch,activation,0.3710034489631653,0.9248049259185791,0.37602365016937256
8,fixed5,125,103,28,full_batch,lora,0.504508376121521,0.8610550761222839,0.5450413227081299
8,fixed5,125,103,28,full_batch,batch_lora,0.4087044894695282,0.9717323780059814,0.7423258423805237
8,fixed5,125,103,29,heldout_before,activation,0.4195162355899811,0.9097816348075867,0.4172419309616089
8,fixed5,125,103,29,heldout_before,lora,0.5523784160614014,0.8405163884162903,0.5828467607498169
8,fixed5,125,103,29,heldout_before,batch_lora,0.41974717378616333,1.0950634479522705,1.0324068069458008
8,fixed5,125,103,29,heldout_after,activation,0.424463152885437,0.9063388705253601,0.41449058055877686
8,fixed5,125,103,29,heldout_after,lora,0.5605705976486206,0.832859218120575,0.5767738819122314
8,fixed5,125,103,29,heldout_after,batch_lora,0.4479263424873352,1.0623162984848022,1.0216457843780518
8,fixed5,125,103,29,full_batch,activation,0.44000130891799927,0.8980709314346313,0.4239475131034851
8,fixed5,125,103,29,full_batch,lora,0.5775932669639587,0.8188778162002563,0.5875959396362305
8,fixed5,125,103,29,full_batch,batch_lora,0.4907480478286743,1.02231764793396,1.025506854057312
8,fixed5,125,103,30,heldout_before,activation,0.36614614725112915,0.9264850616455078,0.3572353422641754
8,fixed5,125,103,30,heldout_before,lora,0.4909747838973999,0.8673770427703857,0.5068918466567993
8,fixed5,125,103,30,heldout_before,batch_lora,0.5561573505401611,0.8511165380477905,0.7397615909576416
8,fixed5,125,103,30,heldout_after,activation,0.3764282166957855,0.9218742251396179,0.3761007487773895
8,fixed5,125,103,30,heldout_after,lora,0.5009228587150574,0.860986590385437,0.5415693521499634
8,fixed5,125,103,30,heldout_after,batch_lora,0.5838413238525391,0.84201979637146,0.8071528077125549
8,fixed5,125,103,30,full_batch,activation,0.3842451870441437,0.9173388481140137,0.3771613538265228
8,fixed5,125,103,30,full_batch,lora,0.5193132162094116,0.84669029712677,0.5469232201576233
8,fixed5,125,103,30,full_batch,batch_lora,0.6042678356170654,0.8317390084266663,0.8428667187690735
8,fixed5,125,103,31,heldout_before,activation,0.4255722165107727,0.8992887735366821,0.437427282333374
8,fixed5,125,103,31,heldout_before,lora,0.5489890575408936,0.8318167328834534,0.6380433440208435
8,fixed5,125,103,31,heldout_before,batch_lora,0.6019415855407715,0.8964982032775879,1.0094250440597534
8,fixed5,125,103,31,heldout_after,activation,0.429185688495636,0.8976857662200928,0.45257729291915894
8,fixed5,125,103,31,heldout_after,lora,0.5601797103881836,0.8276792168617249,0.6754968762397766
8,fixed5,125,103,31,heldout_after,batch_lora,0.6199672222137451,0.9051192402839661,1.071187973022461
8,fixed5,125,103,31,full_batch,activation,0.42204585671424866,0.900041937828064,0.439746618270874
8,fixed5,125,103,31,full_batch,lora,0.5550922751426697,0.8279675841331482,0.6599037647247314
8,fixed5,125,103,31,full_batch,batch_lora,0.6268033981323242,0.8917900919914246,1.0605915784835815
8,fixed5,125,103,32,heldout_before,activation,0.35777339339256287,0.9305307865142822,0.4042133688926697
8,fixed5,125,103,32,heldout_before,lora,0.4972122013568878,0.8722150325775146,0.5948595404624939
8,fixed5,125,103,32,heldout_before,batch_lora,0.48749202489852905,0.9992426037788391,0.9734284281730652
8,fixed5,125,103,32,heldout_after,activation,0.3609927296638489,0.9294171929359436,0.3992348909378052
8,fixed5,125,103,32,heldout_after,lora,0.5006818771362305,0.8687758445739746,0.5795094966888428
8,fixed5,125,103,32,heldout_after,batch_lora,0.4062533974647522,0.9909698367118835,0.7897411584854126
8,fixed5,125,103,32,full_batch,activation,0.36417531967163086,0.9282718896865845,0.40165048837661743
8,fixed5,125,103,32,full_batch,lora,0.5068117380142212,0.8642563819885254,0.5751806497573853
8,fixed5,125,103,32,full_batch,batch_lora,0.3873271048069,1.0159169435501099,0.8140699863433838
8,frozen,123,101,1,heldout_before,activation,0.6176580786705017,0.7733432650566101,0.6311622858047485
8,frozen,123,101,1,heldout_before,lora,0.7890844941139221,0.5956767797470093,0.8364290595054626
8,frozen,123,101,1,heldout_before,batch_lora,0.8601476550102234,0.5106713771820068,0.8854318261146545
8,frozen,123,101,1,heldout_after,activation,0.6176580786705017,0.7733432650566101,0.6311622858047485
8,frozen,123,101,1,heldout_after,lora,0.7890844941139221,0.5956767797470093,0.8364290595054626
8,frozen,123,101,1,heldout_after,batch_lora,0.8601476550102234,0.5106713771820068,0.8854318261146545
8,frozen,123,101,1,full_batch,activation,0.6197435855865479,0.772530198097229,0.6352064609527588
8,frozen,123,101,1,full_batch,lora,0.7936022281646729,0.5929917693138123,0.844613790512085
8,frozen,123,101,1,full_batch,batch_lora,0.8594388961791992,0.5118429064750671,0.884306013584137
8,frozen,123,101,2,heldout_before,activation,0.5541231632232666,0.8375168442726135,0.5664994716644287
8,frozen,123,101,2,heldout_before,lora,0.6933363080024719,0.7256748080253601,0.7229230403900146
8,frozen,123,101,2,heldout_before,batch_lora,0.22382955253124237,1.058200478553772,0.636003851890564
8,frozen,123,101,2,heldout_after,activation,0.5541231632232666,0.8375168442726135,0.5664994716644287
8,frozen,123,101,2,heldout_after,lora,0.6933363080024719,0.7256748080253601,0.7229230403900146
8,frozen,123,101,2,heldout_after,batch_lora,0.22382955253124237,1.058200478553772,0.636003851890564
8,frozen,123,101,2,full_batch,activation,0.553321361541748,0.8381804823875427,0.5585364103317261
8,frozen,123,101,2,full_batch,lora,0.6886715888977051,0.731507420539856,0.7120649814605713
8,frozen,123,101,2,full_batch,batch_lora,0.3081619143486023,0.9889105558395386,0.5781764984130859
8,frozen,123,101,3,heldout_before,activation,0.4637633264064789,0.8901991844177246,0.44671550393104553
8,frozen,123,101,3,heldout_before,lora,0.559668242931366,0.8367260694503784,0.5774425864219666
8,frozen,123,101,3,heldout_before,batch_lora,0.10060632973909378,1.0122805833816528,0.2872437834739685
8,frozen,123,101,3,heldout_after,activation,0.4637633264064789,0.8901991844177246,0.44671550393104553
8,frozen,123,101,3,heldout_after,lora,0.559668242931366,0.8367260694503784,0.5774425864219666
8,frozen,123,101,3,heldout_after,batch_lora,0.10060632973909378,1.0122805833816528,0.2872437834739685
8,frozen,123,101,3,full_batch,activation,0.47021856904029846,0.8878253698348999,0.4675356447696686
8,frozen,123,101,3,full_batch,lora,0.564189076423645,0.8348819017410278,0.6007554531097412
8,frozen,123,101,3,full_batch,batch_lora,0.016455408185720444,1.0402145385742188,0.30336496233940125
8,frozen,123,101,4,heldout_before,activation,0.4238837957382202,0.9171041250228882,0.42228835821151733
8,frozen,123,101,4,heldout_before,lora,0.4773259162902832,0.8921459317207336,0.5248739123344421
8,frozen,123,101,4,heldout_before,batch_lora,0.1108471229672432,1.0142148733139038,0.3131313920021057
8,frozen,123,101,4,heldout_after,activation,0.4238837957382202,0.9171041250228882,0.42228835821151733
8,frozen,123,101,4,heldout_after,lora,0.4773259162902832,0.8921459317207336,0.5248739123344421
8,frozen,123,101,4,heldout_after,batch_lora,0.1108471229672432,1.0142148733139038,0.3131313920021057
8,frozen,123,101,4,full_batch,activation,0.4294045567512512,0.9167633056640625,0.43861228227615356
8,frozen,123,101,4,full_batch,lora,0.49605876207351685,0.8840624690055847,0.5490925312042236
8,frozen,123,101,4,full_batch,batch_lora,0.058693476021289825,1.0280089378356934,0.304146945476532
8,frozen,123,101,5,heldout_before,activation,0.4057247042655945,0.91390061378479,0.37907788157463074
8,frozen,123,101,5,heldout_before,lora,0.47989335656166077,0.8782427906990051,0.4783359169960022
8,frozen,123,101,5,heldout_before,batch_lora,0.09609076380729675,1.0113869905471802,0.2753591537475586
8,frozen,123,101,5,heldout_after,activation,0.4057247042655945,0.91390061378479,0.37907788157463074
8,frozen,123,101,5,heldout_after,lora,0.47989335656166077,0.8782427906990051,0.4783359169960022
8,frozen,123,101,5,heldout_after,batch_lora,0.09609076380729675,1.0113869905471802,0.2753591537475586
8,frozen,123,101,5,full_batch,activation,0.3988837003707886,0.9170910120010376,0.3763667941093445
8,frozen,123,101,5,full_batch,lora,0.4774046540260315,0.8799230456352234,0.4778284430503845
8,frozen,123,101,5,full_batch,batch_lora,0.06055809184908867,1.022383451461792,0.2817712128162384
8,frozen,123,101,6,heldout_before,activation,0.34658318758010864,0.9357358813285828,0.3521926701068878
8,frozen,123,101,6,heldout_before,lora,0.43567371368408203,0.8972821235656738,0.44050028920173645
8,frozen,123,101,6,heldout_before,batch_lora,-0.12380729615688324,1.0791735649108887,0.30039069056510925
8,frozen,123,101,6,heldout_after,activation,0.34658318758010864,0.9357358813285828,0.3521926701068878
8,frozen,123,101,6,heldout_after,lora,0.43567371368408203,0.8972821235656738,0.44050028920173645
8,frozen,123,101,6,heldout_after,batch_lora,-0.12380729615688324,1.0791735649108887,0.30039069056510925
8,frozen,123,101,6,full_batch,activation,0.3377792537212372,0.9404842257499695,0.35783571004867554
8,frozen,123,101,6,full_batch,lora,0.4250359535217285,0.9048711061477661,0.45008838176727295
8,frozen,123,101,6,full_batch,batch_lora,-0.20958629250526428,1.1057546138763428,0.3067660331726074
8,frozen,123,101,7,heldout_before,activation,0.3295755386352539,0.9523118138313293,0.3379127085208893
8,frozen,123,101,7,heldout_before,lora,0.3935808837413788,0.932124674320221,0.4241497814655304
8,frozen,123,101,7,heldout_before,batch_lora,-0.09355945885181427,1.0548619031906128,0.25499042868614197
8,frozen,123,101,7,heldout_after,activation,0.3295755386352539,0.9523118138313293,0.3379127085208893
8,frozen,123,101,7,heldout_after,lora,0.3935808837413788,0.932124674320221,0.4241497814655304
8,frozen,123,101,7,heldout_after,batch_lora,-0.09355945885181427,1.0548619031906128,0.25499042868614197
8,frozen,123,101,7,full_batch,activation,0.32956933975219727,0.9514715671539307,0.3333108127117157
8,frozen,123,101,7,full_batch,lora,0.39868706464767456,0.9287595748901367,0.42053425312042236
8,frozen,123,101,7,full_batch,batch_lora,-0.041168294847011566,1.041175127029419,0.2516464293003082
8,frozen,123,101,8,heldout_before,activation,0.2684198021888733,0.9734067916870117,0.34125247597694397
8,frozen,123,101,8,heldout_before,lora,0.3222532272338867,0.9623777866363525,0.43383103609085083
8,frozen,123,101,8,heldout_before,batch_lora,-0.1607947051525116,1.060516595840454,0.2272135466337204
8,frozen,123,101,8,heldout_after,activation,0.2684198021888733,0.9734067916870117,0.34125247597694397
8,frozen,123,101,8,heldout_after,lora,0.3222532272338867,0.9623777866363525,0.43383103609085083
8,frozen,123,101,8,heldout_after,batch_lora,-0.1607947051525116,1.060516595840454,0.2272135466337204
8,frozen,123,101,8,full_batch,activation,0.2683579921722412,0.9725797176361084,0.3428516387939453
8,frozen,123,101,8,full_batch,lora,0.3247607946395874,0.9602810144424438,0.4376944899559021
8,frozen,123,101,8,full_batch,batch_lora,-0.19896206259727478,1.074792504310608,0.24235957860946655
8,frozen,123,101,9,heldout_before,activation,0.20968924462795258,0.9795343279838562,0.29456835985183716
8,frozen,123,101,9,heldout_before,lora,0.23587091267108917,0.9777708649635315,0.3534008264541626
8,frozen,123,101,9,heldout_before,batch_lora,-0.1290757805109024,1.0708740949630737,0.2751912772655487
8,frozen,123,101,9,heldout_after,activation,0.20968924462795258,0.9795343279838562,0.29456835985183716
8,frozen,123,101,9,heldout_after,lora,0.23587091267108917,0.9777708649635315,0.3534008264541626
8,frozen,123,101,9,heldout_after,batch_lora,-0.1290757805109024,1.0708740949630737,0.2751912772655487
8,frozen,123,101,9,full_batch,activation,0.20837579667568207,0.9806957244873047,0.2964022755622864
8,frozen,123,101,9,full_batch,lora,0.22902822494506836,0.9808413982391357,0.35442888736724854
8,frozen,123,101,9,full_batch,batch_lora,-0.13712924718856812,1.0728651285171509,0.27499204874038696
8,frozen,123,101,10,heldout_before,activation,0.1716199368238449,0.9883553981781006,0.2521659731864929
8,frozen,123,101,10,heldout_before,lora,0.21355457603931427,0.9837681651115417,0.3196934461593628
8,frozen,123,101,10,heldout_before,batch_lora,-0.14898671209812164,1.050663709640503,0.20610648393630981
8,frozen,123,101,10,heldout_after,activation,0.1716199368238449,0.9883553981781006,0.2521659731864929
8,frozen,123,101,10,heldout_after,lora,0.21355457603931427,0.9837681651115417,0.3196934461593628
8,frozen,123,101,10,heldout_after,batch_lora,-0.14898671209812164,1.050663709640503,0.20610648393630981
8,frozen,123,101,10,full_batch,activation,0.16430392861366272,0.9895831346511841,0.24851343035697937
8,frozen,123,101,10,full_batch,lora,0.20222707092761993,0.9858819246292114,0.31244957447052
8,frozen,123,101,10,full_batch,batch_lora,-0.1716488003730774,1.053187370300293,0.20073136687278748
8,frozen,123,101,11,heldout_before,activation,0.13352400064468384,0.9922703504562378,0.2041379064321518
8,frozen,123,101,11,heldout_before,lora,0.15646162629127502,0.9925398826599121,0.2550489008426666
8,frozen,123,101,11,heldout_before,batch_lora,-0.12199924141168594,1.0262972116470337,0.13909423351287842
8,frozen,123,101,11,heldout_after,activation,0.13352400064468384,0.9922703504562378,0.2041379064321518
8,frozen,123,101,11,heldout_after,lora,0.15646162629127502,0.9925398826599121,0.2550489008426666
8,frozen,123,101,11,heldout_after,batch_lora,-0.12199924141168594,1.0262972116470337,0.13909423351287842
8,frozen,123,101,11,full_batch,activation,0.14182426035404205,0.9910571575164795,0.21544775366783142
8,frozen,123,101,11,full_batch,lora,0.1668463945388794,0.9924443960189819,0.27772951126098633
8,frozen,123,101,11,full_batch,batch_lora,-0.12558285892009735,1.0289208889007568,0.1472710222005844
8,frozen,123,101,12,heldout_before,activation,0.1341782659292221,0.9919239282608032,0.19343750178813934
8,frozen,123,101,12,heldout_before,lora,0.16434283554553986,0.989565372467041,0.24745799601078033
8,frozen,123,101,12,heldout_before,batch_lora,-0.08441630005836487,1.018003225326538,0.12404665350914001
8,frozen,123,101,12,heldout_after,activation,0.1341782659292221,0.9919239282608032,0.19343750178813934
8,frozen,123,101,12,heldout_after,lora,0.16434283554553986,0.989565372467041,0.24745799601078033
8,frozen,123,101,12,heldout_after,batch_lora,-0.08441630005836487,1.018003225326538,0.12404665350914001
8,frozen,123,101,12,full_batch,activation,0.14393390715122223,0.9895269870758057,0.19363614916801453
8,frozen,123,101,12,full_batch,lora,0.17776933312416077,0.9854126572608948,0.2519589066505432
8,frozen,123,101,12,full_batch,batch_lora,-0.09200764447450638,1.0194132328033447,0.12632429599761963
8,frozen,123,101,13,heldout_before,activation,0.07678788155317307,1.0005378723144531,0.16268613934516907
8,frozen,123,101,13,heldout_before,lora,0.07505352795124054,1.0059257745742798,0.20442309975624084
8,frozen,123,101,13,heldout_before,batch_lora,-0.12095028907060623,1.0200237035751343,0.11373525857925415
8,frozen,123,101,13,heldout_after,activation,0.07678788155317307,1.0005378723144531,0.16268613934516907
8,frozen,123,101,13,heldout_after,lora,0.07505352795124054,1.0059257745742798,0.20442309975624084
8,frozen,123,101,13,heldout_after,batch_lora,-0.12095028907060623,1.0200237035751343,0.11373525857925415
8,frozen,123,101,13,full_batch,activation,0.07854050397872925,1.0003149509429932,0.16468386352062225
8,frozen,123,101,13,full_batch,lora,0.07491828501224518,1.005977988243103,0.20713603496551514
8,frozen,123,101,13,full_batch,batch_lora,-0.12455477565526962,1.020451545715332,0.11384716629981995
8,frozen,123,101,14,heldout_before,activation,0.06354045867919922,1.0006970167160034,0.14401689171791077
8,frozen,123,101,14,heldout_before,lora,0.060649458318948746,1.0053108930587769,0.1777709275484085
8,frozen,123,101,14,heldout_before,batch_lora,-0.08706183731555939,1.0134462118148804,0.09909111261367798
8,frozen,123,101,14,heldout_after,activation,0.06354045867919922,1.0006970167160034,0.14401689171791077
8,frozen,123,101,14,heldout_after,lora,0.060649458318948746,1.0053108930587769,0.1777709275484085
8,frozen,123,101,14,heldout_after,batch_lora,-0.08706183731555939,1.0134462118148804,0.09909111261367798
8,frozen,123,101,14,full_batch,activation,0.06616802513599396,1.000554084777832,0.14693498611450195
8,frozen,123,101,14,full_batch,lora,0.06147865951061249,1.0053377151489258,0.1809508502483368
8,frozen,123,101,14,full_batch,batch_lora,-0.09856408834457397,1.0148967504501343,0.10076048970222473
8,frozen,123,101,15,heldout_before,activation,0.06626985222101212,0.9994032382965088,0.12911461293697357
8,frozen,123,101,15,heldout_before,lora,0.06134016811847687,1.0027116537094116,0.16815678775310516
8,frozen,123,101,15,heldout_before,batch_lora,-0.1072978526353836,1.0140691995620728,0.09232452511787415
8,frozen,123,101,15,heldout_after,activation,0.06626985222101212,0.9994032382965088,0.12911461293697357
8,frozen,123,101,15,heldout_after,lora,0.06134016811847687,1.0027116537094116,0.16815678775310516
8,frozen,123,101,15,heldout_after,batch_lora,-0.1072978526353836,1.0140691995620728,0.09232452511787415
8,frozen,123,101,15,full_batch,activation,0.0638282299041748,0.9997809529304504,0.12910617887973785
8,frozen,123,101,15,full_batch,lora,0.059393297880887985,1.003013014793396,0.16703864932060242
8,frozen,123,101,15,full_batch,batch_lora,-0.10069617629051208,1.013463020324707,0.09229879826307297
8,frozen,123,101,16,heldout_before,activation,0.04457400366663933,1.001200556755066,0.11531653255224228
8,frozen,123,101,16,heldout_before,lora,0.02651371993124485,1.007513403892517,0.1523207724094391
8,frozen,123,101,16,heldout_before,batch_lora,-0.12138451635837555,1.0155713558197021,0.09336964040994644
8,frozen,123,101,16,heldout_after,activation,0.04457400366663933,1.001200556755066,0.11531653255224228
8,frozen,123,101,16,heldout_after,lora,0.02651371993124485,1.007513403892517,0.1523207724094391
8,frozen,123,101,16,heldout_after,batch_lora,-0.12138451635837555,1.0155713558197021,0.09336964040994644
8,frozen,123,101,16,full_batch,activation,0.04773639142513275,1.0008258819580078,0.11422102898359299
8,frozen,123,101,16,full_batch,lora,0.028143415227532387,1.006980061531067,0.15008662641048431
8,frozen,123,101,16,full_batch,batch_lora,-0.1242721676826477,1.015714406967163,0.09279747307300568
8,frozen,123,101,17,heldout_before,activation,0.02472705766558647,1.0028862953186035,0.10712447017431259
8,frozen,123,101,17,heldout_before,lora,-0.011325395666062832,1.0110872983932495,0.14058691263198853
8,frozen,123,101,17,heldout_before,batch_lora,-0.1523294895887375,1.0182690620422363,0.09277469664812088
8,frozen,123,101,17,heldout_after,activation,0.02472705766558647,1.0028862953186035,0.10712447017431259
8,frozen,123,101,17,heldout_after,lora,-0.011325395666062832,1.0110872983932495,0.14058691263198853
8,frozen,123,101,17,heldout_after,batch_lora,-0.1523294895887375,1.0182690620422363,0.09277469664812088
8,frozen,123,101,17,full_batch,activation,0.02768862247467041,1.0026674270629883,0.10882141441106796
8,frozen,123,101,17,full_batch,lora,-0.004157725255936384,1.0102369785308838,0.1425003707408905
8,frozen,123,101,17,full_batch,batch_lora,-0.1467994898557663,1.0175588130950928,0.0918966606259346
8,frozen,123,101,18,heldout_before,activation,0.018379665911197662,1.002840280532837,0.09681867063045502
8,frozen,123,101,18,heldout_before,lora,-0.032725345343351364,1.0126540660858154,0.1305907964706421
8,frozen,123,101,18,heldout_before,batch_lora,-0.14116525650024414,1.0169306993484497,0.09137618541717529
8,frozen,123,101,18,heldout_after,activation,0.018379665911197662,1.002840280532837,0.09681867063045502
8,frozen,123,101,18,heldout_after,lora,-0.032725345343351364,1.0126540660858154,0.1305907964706421
8,frozen,123,101,18,heldout_after,batch_lora,-0.14116525650024414,1.0169306993484497,0.09137618541717529
8,frozen,123,101,18,full_batch,activation,0.020488079637289047,1.0025999546051025,0.09720353037118912
8,frozen,123,101,18,full_batch,lora,-0.03512167930603027,1.0132160186767578,0.13269510865211487
8,frozen,123,101,18,full_batch,batch_lora,-0.14289554953575134,1.017308235168457,0.09233876317739487
8,frozen,123,101,19,heldout_before,activation,0.013960021547973156,1.0030517578125,0.09199318289756775
8,frozen,123,101,19,heldout_before,lora,-0.053048476576805115,1.0144442319869995,0.12497807294130325
8,frozen,123,101,19,heldout_before,batch_lora,-0.16919098794460297,1.0200722217559814,0.09381662309169769
8,frozen,123,101,19,heldout_after,activation,0.013960021547973156,1.0030517578125,0.09199318289756775
8,frozen,123,101,19,heldout_after,lora,-0.053048476576805115,1.0144442319869995,0.12497807294130325
8,frozen,123,101,19,heldout_after,batch_lora,-0.16919098794460297,1.0200722217559814,0.09381662309169769
8,frozen,123,101,19,full_batch,activation,0.01591125875711441,1.0028672218322754,0.09223486483097076
8,frozen,123,101,19,full_batch,lora,-0.04872676730155945,1.0138869285583496,0.12535378336906433
8,frozen,123,101,19,full_batch,batch_lora,-0.15787813067436218,1.0189483165740967,0.09348061680793762
8,frozen,123,101,20,heldout_before,activation,0.011773965321481228,1.0034866333007812,0.09753198176622391
8,frozen,123,101,20,heldout_before,lora,-0.04580283537507057,1.0157673358917236,0.14025473594665527
8,frozen,123,101,20,heldout_before,batch_lora,-0.1416582465171814,1.0208269357681274,0.10765039920806885
8,frozen,123,101,20,heldout_after,activation,0.011773965321481228,1.0034866333007812,0.09753198176622391
8,frozen,123,101,20,heldout_after,lora,-0.04580283537507057,1.0157673358917236,0.14025473594665527
8,frozen,123,101,20,heldout_after,batch_lora,-0.1416582465171814,1.0208269357681274,0.10765039920806885
8,frozen,123,101,20,full_batch,activation,0.011768091470003128,1.0034730434417725,0.0973077043890953
8,frozen,123,101,20,full_batch,lora,-0.04873546212911606,1.0161139965057373,0.1399913877248764
8,frozen,123,101,20,full_batch,batch_lora,-0.14884990453720093,1.020979642868042,0.10522834211587906
8,frozen,123,101,21,heldout_before,activation,0.0002950068155769259,1.0030176639556885,0.07806205749511719
8,frozen,123,101,21,heldout_before,lora,-0.0808592364192009,1.014374852180481,0.10866759717464447
8,frozen,123,101,21,heldout_before,batch_lora,-0.17796777188777924,1.0192382335662842,0.08758673071861267
8,frozen,123,101,21,heldout_after,activation,0.0002950068155769259,1.0030176639556885,0.07806205749511719
8,frozen,123,101,21,heldout_after,lora,-0.0808592364192009,1.014374852180481,0.10866759717464447
8,frozen,123,101,21,heldout_after,batch_lora,-0.17796777188777924,1.0192382335662842,0.08758673071861267
8,frozen,123,101,21,full_batch,activation,0.001085496973246336,1.0030659437179565,0.0796523317694664
8,frozen,123,101,21,full_batch,lora,-0.07996829599142075,1.0146455764770508,0.11035560071468353
8,frozen,123,101,21,full_batch,batch_lora,-0.17556792497634888,1.0193417072296143,0.08878316730260849
8,frozen,123,101,22,heldout_before,activation,-0.008292898535728455,1.0034338235855103,0.07545122504234314
8,frozen,123,101,22,heldout_before,lora,-0.09851568192243576,1.015489101409912,0.10540406405925751
8,frozen,123,101,22,heldout_before,batch_lora,-0.16871760785579681,1.019335389137268,0.09110968559980392
8,frozen,123,101,22,heldout_after,activation,-0.008292898535728455,1.0034338235855103,0.07545122504234314
8,frozen,123,101,22,heldout_after,lora,-0.09851568192243576,1.015489101409912,0.10540406405925751
8,frozen,123,101,22,heldout_after,batch_lora,-0.16871760785579681,1.019335389137268,0.09110968559980392
8,frozen,123,101,22,full_batch,activation,-0.008009126409888268,1.0033962726593018,0.07549306005239487
8,frozen,123,101,22,full_batch,lora,-0.09787269681692123,1.0156513452529907,0.1065782904624939
8,frozen,123,101,22,full_batch,batch_lora,-0.1706382930278778,1.0193110704421997,0.090345598757267
8,frozen,123,101,23,heldout_before,activation,-0.006629851181060076,1.0032579898834229,0.07383780181407928
8,frozen,123,101,23,heldout_before,lora,-0.08514483273029327,1.0148900747299194,0.1098419725894928
8,frozen,123,101,23,heldout_before,batch_lora,-0.15073393285274506,1.018960952758789,0.09625214338302612
8,frozen,123,101,23,heldout_after,activation,-0.006629851181060076,1.0032579898834229,0.07383780181407928
8,frozen,123,101,23,heldout_after,lora,-0.08514483273029327,1.0148900747299194,0.1098419725894928
8,frozen,123,101,23,heldout_after,batch_lora,-0.15073393285274506,1.018960952758789,0.09625214338302612
8,frozen,123,101,23,full_batch,activation,-0.0040631843730807304,1.0030461549758911,0.07377204298973083
8,frozen,123,101,23,full_batch,lora,-0.08233825117349625,1.01496160030365,0.11163415014743805
8,frozen,123,101,23,full_batch,batch_lora,-0.14637142419815063,1.0188566446304321,0.09754116833209991
8,frozen,123,101,24,heldout_before,activation,-0.00961213931441307,1.003612756729126,0.07341702282428741
8,frozen,123,101,24,heldout_before,lora,-0.07013426721096039,1.0156371593475342,0.12056059390306473
8,frozen,123,101,24,heldout_before,batch_lora,-0.11630101501941681,1.0189746618270874,0.11137304455041885
8,frozen,123,101,24,heldout_after,activation,-0.00961213931441307,1.003612756729126,0.07341702282428741
8,frozen,123,101,24,heldout_after,lora,-0.07013426721096039,1.0156371593475342,0.12056059390306473
8,frozen,123,101,24,heldout_after,batch_lora,-0.11630101501941681,1.0189746618270874,0.11137304455041885
8,frozen,123,101,24,full_batch,activation,-0.011514360085129738,1.0037078857421875,0.07280413061380386
8,frozen,123,101,24,full_batch,lora,-0.07325734198093414,1.0158312320709229,0.1196996420621872
8,frozen,123,101,24,full_batch,batch_lora,-0.12153446674346924,1.0196892023086548,0.11199633032083511
8,frozen,123,101,25,heldout_before,activation,-0.015339234843850136,1.0030303001403809,0.06310299783945084
8,frozen,123,101,25,heldout_before,lora,-0.051922980695962906,1.0125480890274048,0.11467982828617096
8,frozen,123,101,25,heldout_before,batch_lora,-0.07914286851882935,1.0151368379592896,0.11260323226451874
8,frozen,123,101,25,heldout_after,activation,-0.015339234843850136,1.0030303001403809,0.06310299783945084
8,frozen,123,101,25,heldout_after,lora,-0.051922980695962906,1.0125480890274048,0.11467982828617096
8,frozen,123,101,25,heldout_after,batch_lora,-0.07914286851882935,1.0151368379592896,0.11260323226451874
8,frozen,123,101,25,full_batch,activation,-0.01893739029765129,1.0034050941467285,0.06451977789402008
8,frozen,123,101,25,full_batch,lora,-0.05124858394265175,1.012639045715332,0.11582063138484955
8,frozen,123,101,25,full_batch,batch_lora,-0.0799548476934433,1.015479326248169,0.11392919719219208
8,frozen,123,101,26,heldout_before,activation,-0.018757237121462822,1.0029515027999878,0.06013133004307747
8,frozen,123,101,26,heldout_before,lora,-0.03653929382562637,1.0115407705307007,0.12098461389541626
8,frozen,123,101,26,heldout_before,batch_lora,-0.05491931363940239,1.0134283304214478,0.11843916773796082
8,frozen,123,101,26,heldout_after,activation,-0.018757237121462822,1.0029515027999878,0.06013133004307747
8,frozen,123,101,26,heldout_after,lora,-0.03653929382562637,1.0115407705307007,0.12098461389541626
8,frozen,123,101,26,heldout_after,batch_lora,-0.05491931363940239,1.0134283304214478,0.11843916773796082
8,frozen,123,101,26,full_batch,activation,-0.02122245728969574,1.0029833316802979,0.05858122557401657
8,frozen,123,101,26,full_batch,lora,-0.036604370921850204,1.0110774040222168,0.11737418174743652
8,frozen,123,101,26,full_batch,batch_lora,-0.0545404814183712,1.0128657817840576,0.11537665128707886
8,frozen,123,101,27,heldout_before,activation,-0.03474852442741394,1.002700686454773,0.04636267572641373
8,frozen,123,101,27,heldout_before,lora,-0.06080833077430725,1.010673999786377,0.09762439131736755
8,frozen,123,101,27,heldout_before,batch_lora,-0.07912278175354004,1.0127365589141846,0.09947118908166885
8,frozen,123,101,27,heldout_after,activation,-0.03474852442741394,1.002700686454773,0.04636267572641373
8,frozen,123,101,27,heldout_after,lora,-0.06080833077430725,1.010673999786377,0.09762439131736755
8,frozen,123,101,27,heldout_after,batch_lora,-0.07912278175354004,1.0127365589141846,0.09947118908166885
8,frozen,123,101,27,full_batch,activation,-0.03418254479765892,1.002657175064087,0.04591652378439903
8,frozen,123,101,27,full_batch,lora,-0.06255576014518738,1.0109821557998657,0.0983344316482544
8,frozen,123,101,27,full_batch,batch_lora,-0.08328680694103241,1.013316035270691,0.10041437298059464
8,frozen,123,101,28,heldout_before,activation,-0.04275776073336601,1.0026658773422241,0.04247630760073662
8,frozen,123,101,28,heldout_before,lora,-0.07565437257289886,1.0114483833312988,0.09396197646856308
8,frozen,123,101,28,heldout_before,batch_lora,-0.09228147566318512,1.013001561164856,0.0939655676484108
8,frozen,123,101,28,heldout_after,activation,-0.04275776073336601,1.0026658773422241,0.04247630760073662
8,frozen,123,101,28,heldout_after,lora,-0.07565437257289886,1.0114483833312988,0.09396197646856308
8,frozen,123,101,28,heldout_after,batch_lora,-0.09228147566318512,1.013001561164856,0.0939655676484108
8,frozen,123,101,28,full_batch,activation,-0.04202337935566902,1.0026929378509521,0.04292062669992447
8,frozen,123,101,28,full_batch,lora,-0.07652837038040161,1.0115947723388672,0.09412115067243576
8,frozen,123,101,28,full_batch,batch_lora,-0.09661053121089935,1.013569951057434,0.09485125541687012
8,frozen,123,101,29,heldout_before,activation,-0.038673967123031616,1.0021696090698242,0.03667198121547699
8,frozen,123,101,29,heldout_before,lora,-0.07784871011972427,1.010953664779663,0.08900217711925507
8,frozen,123,101,29,heldout_before,batch_lora,-0.09310527890920639,1.012516975402832,0.09090355783700943
8,frozen,123,101,29,heldout_after,activation,-0.038673967123031616,1.0021696090698242,0.03667198121547699
8,frozen,123,101,29,heldout_after,lora,-0.07784871011972427,1.010953664779663,0.08900217711925507
8,frozen,123,101,29,heldout_after,batch_lora,-0.09310527890920639,1.012516975402832,0.09090355783700943
8,frozen,123,101,29,full_batch,activation,-0.03948402404785156,1.0021369457244873,0.03609621152281761
8,frozen,123,101,29,full_batch,lora,-0.07643212378025055,1.0106734037399292,0.08837248384952545
8,frozen,123,101,29,full_batch,batch_lora,-0.0924265906214714,1.0123581886291504,0.09036217629909515
8,frozen,123,101,30,heldout_before,activation,-0.0375756211578846,1.0017285346984863,0.03093516081571579
8,frozen,123,101,30,heldout_before,lora,-0.08129505068063736,1.0107033252716064,0.08559118211269379
8,frozen,123,101,30,heldout_before,batch_lora,-0.09574291855096817,1.0122811794281006,0.0883215144276619
8,frozen,123,101,30,heldout_after,activation,-0.0375756211578846,1.0017285346984863,0.03093516081571579
8,frozen,123,101,30,heldout_after,lora,-0.08129505068063736,1.0107033252716064,0.08559118211269379
8,frozen,123,101,30,heldout_after,batch_lora,-0.09574291855096817,1.0122811794281006,0.0883215144276619
8,frozen,123,101,30,full_batch,activation,-0.03789081797003746,1.0017964839935303,0.03151679411530495
8,frozen,123,101,30,full_batch,lora,-0.07988281548023224,1.0107401609420776,0.08646956831216812
8,frozen,123,101,30,full_batch,batch_lora,-0.09361889958381653,1.0121976137161255,0.0888870507478714
8,frozen,123,101,31,heldout_before,activation,-0.04762687906622887,1.0017735958099365,0.02831999398767948
8,frozen,123,101,31,heldout_before,lora,-0.0819706916809082,1.0102736949920654,0.0834168940782547
8,frozen,123,101,31,heldout_before,batch_lora,-0.09339684247970581,1.01164972782135,0.08592959493398666
8,frozen,123,101,31,heldout_after,activation,-0.04762687906622887,1.0017735958099365,0.02831999398767948
8,frozen,123,101,31,heldout_after,lora,-0.0819706916809082,1.0102736949920654,0.0834168940782547
8,frozen,123,101,31,heldout_after,batch_lora,-0.09339684247970581,1.01164972782135,0.08592959493398666
8,frozen,123,101,31,full_batch,activation,-0.04600748419761658,1.001774549484253,0.02878434769809246
8,frozen,123,101,31,full_batch,lora,-0.08092663437128067,1.0105421543121338,0.08554652333259583
8,frozen,123,101,31,full_batch,batch_lora,-0.0918896272778511,1.0118589401245117,0.08783920854330063
8,frozen,123,101,32,heldout_before,activation,-0.05217337980866432,1.0016523599624634,0.025125015527009964
8,frozen,123,101,32,heldout_before,lora,-0.09504310041666031,1.0115385055541992,0.0838945060968399
8,frozen,123,101,32,heldout_before,batch_lora,-0.11047400534152985,1.0131255388259888,0.08606566488742828
8,frozen,123,101,32,heldout_after,activation,-0.05217337980866432,1.0016523599624634,0.025125015527009964
8,frozen,123,101,32,heldout_after,lora,-0.09504310041666031,1.0115385055541992,0.0838945060968399
8,frozen,123,101,32,heldout_after,batch_lora,-0.11047400534152985,1.0131255388259888,0.08606566488742828
8,frozen,123,101,32,full_batch,activation,-0.050183895975351334,1.0016173124313354,0.025371896103024483
8,frozen,123,101,32,full_batch,lora,-0.09329645335674286,1.01156485080719,0.08504778146743774
8,frozen,123,101,32,full_batch,batch_lora,-0.10978682339191437,1.013190507888794,0.0867035835981369
8,frozen,124,102,1,heldout_before,activation,0.5967019200325012,0.7780473828315735,0.601434588432312
8,frozen,124,102,1,heldout_before,lora,0.7641423940658569,0.6030762791633606,0.7907950282096863
8,frozen,124,102,1,heldout_before,batch_lora,0.8092435598373413,0.5891961455345154,0.8542677164077759
8,frozen,124,102,1,heldout_after,activation,0.5967019200325012,0.7780473828315735,0.601434588432312
8,frozen,124,102,1,heldout_after,lora,0.7641423940658569,0.6030762791633606,0.7907950282096863
8,frozen,124,102,1,heldout_after,batch_lora,0.8092435598373413,0.5891961455345154,0.8542677164077759
8,frozen,124,102,1,full_batch,activation,0.6081641316413879,0.7714357376098633,0.6037840843200684
8,frozen,124,102,1,full_batch,lora,0.7768294811248779,0.5906133651733398,0.7942242622375488
8,frozen,124,102,1,full_batch,batch_lora,0.828665018081665,0.5611457824707031,0.8682911992073059
8,frozen,124,102,2,heldout_before,activation,0.5228414535522461,0.8596110343933105,0.5810552835464478
8,frozen,124,102,2,heldout_before,lora,0.6621930599212646,0.7652645707130432,0.7670291662216187
8,frozen,124,102,2,heldout_before,batch_lora,0.1716718226671219,1.193248987197876,0.8449579477310181
8,frozen,124,102,2,heldout_after,activation,0.5228414535522461,0.8596110343933105,0.5810552835464478
8,frozen,124,102,2,heldout_after,lora,0.6621930599212646,0.7652645707130432,0.7670291662216187
8,frozen,124,102,2,heldout_after,batch_lora,0.1716718226671219,1.193248987197876,0.8449579477310181
8,frozen,124,102,2,full_batch,activation,0.5395160913467407,0.8469732999801636,0.5905871391296387
8,frozen,124,102,2,full_batch,lora,0.675039529800415,0.7498855590820312,0.7703765630722046
8,frozen,124,102,2,full_batch,batch_lora,0.17906740307807922,1.1927354335784912,0.8533691167831421
8,frozen,124,102,3,heldout_before,activation,0.44844675064086914,0.9042556285858154,0.5008819103240967
8,frozen,124,102,3,heldout_before,lora,0.5657657980918884,0.8325459957122803,0.6325972676277161
8,frozen,124,102,3,heldout_before,batch_lora,-0.06767615675926208,1.092159628868103,0.3766128122806549
8,frozen,124,102,3,heldout_after,activation,0.44844675064086914,0.9042556285858154,0.5008819103240967
8,frozen,124,102,3,heldout_after,lora,0.5657657980918884,0.8325459957122803,0.6325972676277161
8,frozen,124,102,3,heldout_after,batch_lora,-0.06767615675926208,1.092159628868103,0.3766128122806549
8,frozen,124,102,3,full_batch,activation,0.4504008889198303,0.9060523509979248,0.5097687244415283
8,frozen,124,102,3,full_batch,lora,0.5706038475036621,0.8346067070960999,0.6433823704719543
8,frozen,124,102,3,full_batch,batch_lora,-0.14395327866077423,1.1277360916137695,0.39688968658447266
8,frozen,124,102,4,heldout_before,activation,0.3887687623500824,0.9893525242805481,0.590471088886261
8,frozen,124,102,4,heldout_before,lora,0.47691088914871216,0.955386221408844,0.7271475195884705
8,frozen,124,102,4,heldout_before,batch_lora,-0.21930281817913055,1.172493577003479,0.4309549629688263
8,frozen,124,102,4,heldout_after,activation,0.3887687623500824,0.9893525242805481,0.590471088886261
8,frozen,124,102,4,heldout_after,lora,0.47691088914871216,0.955386221408844,0.7271475195884705
8,frozen,124,102,4,heldout_after,batch_lora,-0.21930281817913055,1.172493577003479,0.4309549629688263
8,frozen,124,102,4,full_batch,activation,0.3872328996658325,0.9814183115959167,0.565483808517456
8,frozen,124,102,4,full_batch,lora,0.47112953662872314,0.9472834467887878,0.6954612731933594
8,frozen,124,102,4,full_batch,batch_lora,-0.16353845596313477,1.12969172000885,0.386868953704834
8,frozen,124,102,5,heldout_before,activation,0.27979469299316406,0.9849866628646851,0.4653119444847107
8,frozen,124,102,5,heldout_before,lora,0.38823071122169495,0.9527931213378906,0.6078829169273376
8,frozen,124,102,5,heldout_before,batch_lora,-0.14393675327301025,1.126058578491211,0.3933950662612915
8,frozen,124,102,5,heldout_after,activation,0.27979469299316406,0.9849866628646851,0.4653119444847107
8,frozen,124,102,5,heldout_after,lora,0.38823071122169495,0.9527931213378906,0.6078829169273376
8,frozen,124,102,5,heldout_after,batch_lora,-0.14393675327301025,1.126058578491211,0.3933950662612915
8,frozen,124,102,5,full_batch,activation,0.27107173204421997,0.9855378270149231,0.45400965213775635
8,frozen,124,102,5,full_batch,lora,0.3768767714500427,0.9553859233856201,0.5918549299240112
8,frozen,124,102,5,full_batch,batch_lora,-0.17397722601890564,1.1405177116394043,0.401390939950943
8,frozen,124,102,6,heldout_before,activation,0.316050261259079,0.9992476105690002,0.4850272536277771
8,frozen,124,102,6,heldout_before,lora,0.4045412242412567,0.9786098003387451,0.6243614554405212
8,frozen,124,102,6,heldout_before,batch_lora,-0.008948734030127525,1.051396369934082,0.31588104367256165
8,frozen,124,102,6,heldout_after,activation,0.316050261259079,0.9992476105690002,0.4850272536277771
8,frozen,124,102,6,heldout_after,lora,0.4045412242412567,0.9786098003387451,0.6243614554405212
8,frozen,124,102,6,heldout_after,batch_lora,-0.008948734030127525,1.051396369934082,0.31588104367256165
8,frozen,124,102,6,full_batch,activation,0.303031861782074,1.0035881996154785,0.4926515817642212
8,frozen,124,102,6,full_batch,lora,0.39487147331237793,0.9821844100952148,0.6304909586906433
8,frozen,124,102,6,full_batch,batch_lora,-0.09492678940296173,1.0846812725067139,0.3358220160007477
8,frozen,124,102,7,heldout_before,activation,0.24980562925338745,0.9827491641044617,0.35634151101112366
8,frozen,124,102,7,heldout_before,lora,0.34514445066452026,0.9567491412162781,0.4624823033809662
8,frozen,124,102,7,heldout_before,batch_lora,0.0623486153781414,1.013432264328003,0.2382238656282425
8,frozen,124,102,7,heldout_after,activation,0.24980562925338745,0.9827491641044617,0.35634151101112366
8,frozen,124,102,7,heldout_after,lora,0.34514445066452026,0.9567491412162781,0.4624823033809662
8,frozen,124,102,7,heldout_after,batch_lora,0.0623486153781414,1.013432264328003,0.2382238656282425
8,frozen,124,102,7,full_batch,activation,0.25820672512054443,0.9787359237670898,0.35099732875823975
8,frozen,124,102,7,full_batch,lora,0.3531930446624756,0.9515817761421204,0.46005868911743164
8,frozen,124,102,7,full_batch,batch_lora,0.07580430805683136,1.0103293657302856,0.2386285811662674
8,frozen,124,102,8,heldout_before,activation,0.2244352400302887,1.0221763849258423,0.44208231568336487
8,frozen,124,102,8,heldout_before,lora,0.3102540969848633,1.0077494382858276,0.5615706443786621
8,frozen,124,102,8,heldout_before,batch_lora,-0.008124440908432007,1.0624722242355347,0.3509206771850586
8,frozen,124,102,8,heldout_after,activation,0.2244352400302887,1.0221763849258423,0.44208231568336487
8,frozen,124,102,8,heldout_after,lora,0.3102540969848633,1.0077494382858276,0.5615706443786621
8,frozen,124,102,8,heldout_after,batch_lora,-0.008124440908432007,1.0624722242355347,0.3509206771850586
8,frozen,124,102,8,full_batch,activation,0.2198179066181183,1.030191421508789,0.4650822877883911
8,frozen,124,102,8,full_batch,lora,0.3102121353149414,1.0187087059020996,0.5935093760490417
8,frozen,124,102,8,full_batch,batch_lora,-0.04887133091688156,1.084032654762268,0.372453898191452
8,frozen,124,102,9,heldout_before,activation,0.20351959764957428,1.0014864206314087,0.35520750284194946
8,frozen,124,102,9,heldout_before,lora,0.2776760756969452,0.998322606086731,0.471914142370224
8,frozen,124,102,9,heldout_before,batch_lora,-0.06350816786289215,1.0583515167236328,0.28882861137390137
8,frozen,124,102,9,heldout_after,activation,0.20351959764957428,1.0014864206314087,0.35520750284194946
8,frozen,124,102,9,heldout_after,lora,0.2776760756969452,0.998322606086731,0.471914142370224
8,frozen,124,102,9,heldout_after,batch_lora,-0.06350816786289215,1.0583515167236328,0.28882861137390137
8,frozen,124,102,9,full_batch,activation,0.19401007890701294,1.0062446594238281,0.36481910943984985
8,frozen,124,102,9,full_batch,lora,0.2658016085624695,1.003767728805542,0.4774266183376312
8,frozen,124,102,9,full_batch,batch_lora,-0.0716475248336792,1.0669543743133545,0.30719947814941406
8,frozen,124,102,10,heldout_before,activation,0.19587276875972748,0.9976232051849365,0.35829034447669983
8,frozen,124,102,10,heldout_before,lora,0.258878231048584,0.9932630062103271,0.47392764687538147
8,frozen,124,102,10,heldout_before,batch_lora,-0.12445084005594254,1.075814127922058,0.2913183569908142
8,frozen,124,102,10,heldout_after,activation,0.19587276875972748,0.9976232051849365,0.35829034447669983
8,frozen,124,102,10,heldout_after,lora,0.258878231048584,0.9932630062103271,0.47392764687538147
8,frozen,124,102,10,heldout_after,batch_lora,-0.12445084005594254,1.075814127922058,0.2913183569908142
8,frozen,124,102,10,full_batch,activation,0.18859727680683136,0.9991149306297302,0.35355252027511597
8,frozen,124,102,10,full_batch,lora,0.2554439306259155,0.9944057464599609,0.4683516025543213
8,frozen,124,102,10,full_batch,batch_lora,-0.13695523142814636,1.0782544612884521,0.2889431416988373
8,frozen,124,102,11,heldout_before,activation,0.1476258933544159,1.0003252029418945,0.2906344532966614
8,frozen,124,102,11,heldout_before,lora,0.19089260697364807,0.9997187256813049,0.3758969008922577
8,frozen,124,102,11,heldout_before,batch_lora,-0.13033057749271393,1.0480791330337524,0.20945747196674347
8,frozen,124,102,11,heldout_after,activation,0.1476258933544159,1.0003252029418945,0.2906344532966614
8,frozen,124,102,11,heldout_after,lora,0.19089260697364807,0.9997187256813049,0.3758969008922577
8,frozen,124,102,11,heldout_after,batch_lora,-0.13033057749271393,1.0480791330337524,0.20945747196674347
8,frozen,124,102,11,full_batch,activation,0.15957985818386078,0.9965439438819885,0.29683345556259155
8,frozen,124,102,11,full_batch,lora,0.20459714531898499,0.9958446025848389,0.39071279764175415
8,frozen,124,102,11,full_batch,batch_lora,-0.13282877206802368,1.0494353771209717,0.21207384765148163
8,frozen,124,102,12,heldout_before,activation,0.11710146069526672,1.0056524276733398,0.2738245129585266
8,frozen,124,102,12,heldout_before,lora,0.15067043900489807,1.0069894790649414,0.35335496068000793
8,frozen,124,102,12,heldout_before,batch_lora,-0.13275310397148132,1.041562557220459,0.18736542761325836
8,frozen,124,102,12,heldout_after,activation,0.11710146069526672,1.0056524276733398,0.2738245129585266
8,frozen,124,102,12,heldout_after,lora,0.15067043900489807,1.0069894790649414,0.35335496068000793
8,frozen,124,102,12,heldout_after,batch_lora,-0.13275310397148132,1.041562557220459,0.18736542761325836
8,frozen,124,102,12,full_batch,activation,0.11708790063858032,1.0063912868499756,0.2782896161079407
8,frozen,124,102,12,full_batch,lora,0.15432778000831604,1.0071626901626587,0.35927534103393555
8,frozen,124,102,12,full_batch,batch_lora,-0.13549745082855225,1.042933702468872,0.1901864856481552
8,frozen,124,102,13,heldout_before,activation,0.07262180745601654,1.0095210075378418,0.22783321142196655
8,frozen,124,102,13,heldout_before,lora,0.09592746943235397,1.0170667171478271,0.3067587912082672
8,frozen,124,102,13,heldout_before,batch_lora,-0.13639992475509644,1.0364562273025513,0.16830694675445557
8,frozen,124,102,13,heldout_after,activation,0.07262180745601654,1.0095210075378418,0.22783321142196655
8,frozen,124,102,13,heldout_after,lora,0.09592746943235397,1.0170667171478271,0.3067587912082672
8,frozen,124,102,13,heldout_after,batch_lora,-0.13639992475509644,1.0364562273025513,0.16830694675445557
8,frozen,124,102,13,full_batch,activation,0.07708348333835602,1.0084508657455444,0.22584383189678192
8,frozen,124,102,13,full_batch,lora,0.10320265591144562,1.0140409469604492,0.3011632561683655
8,frozen,124,102,13,full_batch,batch_lora,-0.12023299187421799,1.0323485136032104,0.16296198964118958
8,frozen,124,102,14,heldout_before,activation,0.06689488142728806,1.007464051246643,0.2111690789461136
8,frozen,124,102,14,heldout_before,lora,0.10679458826780319,1.0087814331054688,0.28393346071243286
8,frozen,124,102,14,heldout_before,batch_lora,-0.08776576071977615,1.0251069068908691,0.1541992723941803
8,frozen,124,102,14,heldout_after,activation,0.06689488142728806,1.007464051246643,0.2111690789461136
8,frozen,124,102,14,heldout_after,lora,0.10679458826780319,1.0087814331054688,0.28393346071243286
8,frozen,124,102,14,heldout_after,batch_lora,-0.08776576071977615,1.0251069068908691,0.1541992723941803
8,frozen,124,102,14,full_batch,activation,0.06335710734128952,1.0076217651367188,0.20711767673492432
8,frozen,124,102,14,full_batch,lora,0.09887296706438065,1.0095760822296143,0.2771450877189636
8,frozen,124,102,14,full_batch,batch_lora,-0.11750370264053345,1.02797532081604,0.14809079468250275
8,frozen,124,102,15,heldout_before,activation,0.05064176023006439,1.0055795907974243,0.1695178598165512
8,frozen,124,102,15,heldout_before,lora,0.06600067019462585,1.009279727935791,0.22397877275943756
8,frozen,124,102,15,heldout_before,batch_lora,-0.10033459961414337,1.0216025114059448,0.1314816027879715
8,frozen,124,102,15,heldout_after,activation,0.05064176023006439,1.0055795907974243,0.1695178598165512
8,frozen,124,102,15,heldout_after,lora,0.06600067019462585,1.009279727935791,0.22397877275943756
8,frozen,124,102,15,heldout_after,batch_lora,-0.10033459961414337,1.0216025114059448,0.1314816027879715
8,frozen,124,102,15,full_batch,activation,0.058945074677467346,1.004178524017334,0.168251633644104
8,frozen,124,102,15,full_batch,lora,0.07428191602230072,1.0075093507766724,0.2230960726737976
8,frozen,124,102,15,full_batch,batch_lora,-0.09863193333148956,1.0205942392349243,0.1279531717300415
8,frozen,124,102,16,heldout_before,activation,0.028666209429502487,1.0064401626586914,0.15170080959796906
8,frozen,124,102,16,heldout_before,lora,0.026360921561717987,1.0147860050201416,0.2008741945028305
8,frozen,124,102,16,heldout_before,batch_lora,-0.1098691076040268,1.0185543298721313,0.11267109215259552
8,frozen,124,102,16,heldout_after,activation,0.028666209429502487,1.0064401626586914,0.15170080959796906
8,frozen,124,102,16,heldout_after,lora,0.026360921561717987,1.0147860050201416,0.2008741945028305
8,frozen,124,102,16,heldout_after,batch_lora,-0.1098691076040268,1.0185543298721313,0.11267109215259552
8,frozen,124,102,16,full_batch,activation,0.029296260327100754,1.0066123008728027,0.153035968542099
8,frozen,124,102,16,full_batch,lora,0.02720409445464611,1.0143837928771973,0.19985119998455048
8,frozen,124,102,16,full_batch,batch_lora,-0.11337140202522278,1.0188778638839722,0.11238309741020203
8,frozen,124,102,17,heldout_before,activation,0.031095271930098534,1.0058326721191406,0.14146073162555695
8,frozen,124,102,17,heldout_before,lora,0.033780843019485474,1.0099629163742065,0.17924174666404724
8,frozen,124,102,17,heldout_before,batch_lora,-0.034758709371089935,1.0093549489974976,0.10668227076530457
8,frozen,124,102,17,heldout_after,activation,0.031095271930098534,1.0058326721191406,0.14146073162555695
8,frozen,124,102,17,heldout_after,lora,0.033780843019485474,1.0099629163742065,0.17924174666404724
8,frozen,124,102,17,heldout_after,batch_lora,-0.034758709371089935,1.0093549489974976,0.10668227076530457
8,frozen,124,102,17,full_batch,activation,0.0309438556432724,1.0060243606567383,0.14368703961372375
8,frozen,124,102,17,full_batch,lora,0.033564671874046326,1.0104739665985107,0.18289315700531006
8,frozen,124,102,17,full_batch,batch_lora,-0.03733891248703003,1.0096741914749146,0.10700789093971252
8,frozen,124,102,18,heldout_before,activation,0.025729002431035042,1.00344717502594,0.1254611611366272
8,frozen,124,102,18,heldout_before,lora,0.025086862966418266,1.008671522140503,0.16630420088768005
8,frozen,124,102,18,heldout_before,batch_lora,-0.05135084316134453,1.0092720985412598,0.09448117017745972
8,frozen,124,102,18,heldout_after,activation,0.025729002431035042,1.00344717502594,0.1254611611366272
8,frozen,124,102,18,heldout_after,lora,0.025086862966418266,1.008671522140503,0.16630420088768005
8,frozen,124,102,18,heldout_after,batch_lora,-0.05135084316134453,1.0092720985412598,0.09448117017745972
8,frozen,124,102,18,full_batch,activation,0.019920658320188522,1.004351258277893,0.12431229650974274
8,frozen,124,102,18,full_batch,lora,0.01915419101715088,1.0092545747756958,0.16214051842689514
8,frozen,124,102,18,full_batch,batch_lora,-0.05678468197584152,1.0096697807312012,0.09373953938484192
8,frozen,124,102,19,heldout_before,activation,0.025156594812870026,1.0023590326309204,0.10714660584926605
8,frozen,124,102,19,heldout_before,lora,0.021071098744869232,1.005619764328003,0.14283481240272522
8,frozen,124,102,19,heldout_before,batch_lora,-0.01986730471253395,1.0046488046646118,0.0786907896399498
8,frozen,124,102,19,heldout_after,activation,0.025156594812870026,1.0023590326309204,0.10714660584926605
8,frozen,124,102,19,heldout_after,lora,0.021071098744869232,1.005619764328003,0.14283481240272522
8,frozen,124,102,19,heldout_after,batch_lora,-0.01986730471253395,1.0046488046646118,0.0786907896399498
8,frozen,124,102,19,full_batch,activation,0.015558197163045406,1.0034446716308594,0.10749679803848267
8,frozen,124,102,19,full_batch,lora,0.014254043810069561,1.0065600872039795,0.14224660396575928
8,frozen,124,102,19,full_batch,batch_lora,-0.03625904768705368,1.0058687925338745,0.07813896983861923
8,frozen,124,102,20,heldout_before,activation,0.021306617185473442,1.00287663936615,0.10205117613077164
8,frozen,124,102,20,heldout_before,lora,0.01845480501651764,1.0065374374389648,0.13830029964447021
8,frozen,124,102,20,heldout_before,batch_lora,-0.020006448030471802,1.0053472518920898,0.08546159416437149
8,frozen,124,102,20,heldout_after,activation,0.021306617185473442,1.00287663936615,0.10205117613077164
8,frozen,124,102,20,heldout_after,lora,0.01845480501651764,1.0065374374389648,0.13830029964447021
8,frozen,124,102,20,heldout_after,batch_lora,-0.020006448030471802,1.0053472518920898,0.08546159416437149
8,frozen,124,102,20,full_batch,activation,0.012255875393748283,1.0034902095794678,0.09962855279445648
8,frozen,124,102,20,full_batch,lora,0.008914345875382423,1.0072898864746094,0.13513925671577454
8,frozen,124,102,20,full_batch,batch_lora,-0.032670605927705765,1.006172776222229,0.0833088606595993
8,frozen,124,102,21,heldout_before,activation,0.003865616861730814,1.003678560256958,0.09021971374750137
8,frozen,124,102,21,heldout_before,lora,0.017980540171265602,1.0050148963928223,0.12601391971111298
8,frozen,124,102,21,heldout_before,batch_lora,-0.0030764047987759113,1.0037837028503418,0.08405113220214844
8,frozen,124,102,21,heldout_after,activation,0.003865616861730814,1.003678560256958,0.09021971374750137
8,frozen,124,102,21,heldout_after,lora,0.017980540171265602,1.0050148963928223,0.12601391971111298
8,frozen,124,102,21,heldout_after,batch_lora,-0.0030764047987759113,1.0037837028503418,0.08405113220214844
8,frozen,124,102,21,full_batch,activation,0.0010020406916737556,1.0038797855377197,0.08968469500541687
8,frozen,124,102,21,full_batch,lora,0.016413364559412003,1.004921317100525,0.12430481612682343
8,frozen,124,102,21,full_batch,batch_lora,-0.0022032109554857016,1.0036449432373047,0.08328284323215485
8,frozen,124,102,22,heldout_before,activation,0.004117003176361322,1.003281593322754,0.084699347615242
8,frozen,124,102,22,heldout_before,lora,0.010567803867161274,1.0069944858551025,0.13055773079395294
8,frozen,124,102,22,heldout_before,batch_lora,-0.02231433428823948,1.0065356492996216,0.09435573220252991
8,frozen,124,102,22,heldout_after,activation,0.004117003176361322,1.003281593322754,0.084699347615242
8,frozen,124,102,22,heldout_after,lora,0.010567803867161274,1.0069944858551025,0.13055773079395294
8,frozen,124,102,22,heldout_after,batch_lora,-0.02231433428823948,1.0065356492996216,0.09435573220252991
8,frozen,124,102,22,full_batch,activation,0.010090903379023075,1.0027655363082886,0.08317624032497406
8,frozen,124,102,22,full_batch,lora,0.01784578710794449,1.0058492422103882,0.12765151262283325
8,frozen,124,102,22,full_batch,batch_lora,-0.00783211924135685,1.004952073097229,0.09211757034063339
8,frozen,124,102,23,heldout_before,activation,-0.0019101655343547463,1.0037869215011597,0.08691252022981644
8,frozen,124,102,23,heldout_before,lora,0.022227946668863297,1.0056110620498657,0.13291333615779877
8,frozen,124,102,23,heldout_before,batch_lora,0.010714233852922916,1.0040318965911865,0.10123913735151291
8,frozen,124,102,23,heldout_after,activation,-0.0019101655343547463,1.0037869215011597,0.08691252022981644
8,frozen,124,102,23,heldout_after,lora,0.022227946668863297,1.0056110620498657,0.13291333615779877
8,frozen,124,102,23,heldout_after,batch_lora,0.010714233852922916,1.0040318965911865,0.10123913735151291
8,frozen,124,102,23,full_batch,activation,-0.0039020562544465065,1.0039682388305664,0.08609829843044281
8,frozen,124,102,23,full_batch,lora,0.018284492194652557,1.006155252456665,0.1327236294746399
8,frozen,124,102,23,full_batch,batch_lora,0.0038620943669229746,1.0046138763427734,0.1001114696264267
8,frozen,124,102,24,heldout_before,activation,-0.008210775442421436,1.0029313564300537,0.06950147449970245
8,frozen,124,102,24,heldout_before,lora,0.015590298920869827,1.0049855709075928,0.11675276607275009
8,frozen,124,102,24,heldout_before,batch_lora,0.006319329608231783,1.0037164688110352,0.09284565597772598
8,frozen,124,102,24,heldout_after,activation,-0.008210775442421436,1.0029313564300537,0.06950147449970245
8,frozen,124,102,24,heldout_after,lora,0.015590298920869827,1.0049855709075928,0.11675276607275009
8,frozen,124,102,24,heldout_after,batch_lora,0.006319329608231783,1.0037164688110352,0.09284565597772598
8,frozen,124,102,24,full_batch,activation,-0.0066092247143387794,1.0028856992721558,0.07111424207687378
8,frozen,124,102,24,full_batch,lora,0.017652364447712898,1.0052235126495361,0.12074144184589386
8,frozen,124,102,24,full_batch,batch_lora,0.012900220230221748,1.0032986402511597,0.09520743787288666
8,frozen,124,102,25,heldout_before,activation,-0.02574550360441208,1.0037859678268433,0.06592882424592972
8,frozen,124,102,25,heldout_before,lora,0.014318988658487797,1.0046619176864624,0.11401966959238052
8,frozen,124,102,25,heldout_before,batch_lora,0.013236978091299534,1.0032455921173096,0.09495042264461517
8,frozen,124,102,25,heldout_after,activation,-0.02574550360441208,1.0037859678268433,0.06592882424592972
8,frozen,124,102,25,heldout_after,lora,0.014318988658487797,1.0046619176864624,0.11401966959238052
8,frozen,124,102,25,heldout_after,batch_lora,0.013236978091299534,1.0032455921173096,0.09495042264461517
8,frozen,124,102,25,full_batch,activation,-0.019455261528491974,1.0033466815948486,0.06755784898996353
8,frozen,124,102,25,full_batch,lora,0.012848918326199055,1.0053731203079224,0.11734939366579056
8,frozen,124,102,25,full_batch,batch_lora,0.010055041871964931,1.0034654140472412,0.09398262202739716
8,frozen,124,102,26,heldout_before,activation,-0.020261183381080627,1.0030934810638428,0.0595875084400177
8,frozen,124,102,26,heldout_before,lora,0.0013755387626588345,1.0062353610992432,0.11192305386066437
8,frozen,124,102,26,heldout_before,batch_lora,-0.009075448848307133,1.005802035331726,0.09918390959501266
8,frozen,124,102,26,heldout_after,activation,-0.020261183381080627,1.0030934810638428,0.0595875084400177
8,frozen,124,102,26,heldout_after,lora,0.0013755387626588345,1.0062353610992432,0.11192305386066437
8,frozen,124,102,26,heldout_after,batch_lora,-0.009075448848307133,1.005802035331726,0.09918390959501266
8,frozen,124,102,26,full_batch,activation,-0.01680373027920723,1.0028927326202393,0.059538476169109344
8,frozen,124,102,26,full_batch,lora,0.0010306874755769968,1.0063453912734985,0.11234066635370255
8,frozen,124,102,26,full_batch,batch_lora,-0.009923409670591354,1.0058034658432007,0.09842360764741898
8,frozen,124,102,27,heldout_before,activation,-0.034141235053539276,1.0038589239120483,0.060436591506004333
8,frozen,124,102,27,heldout_before,lora,-0.03410454839468002,1.010947585105896,0.11923591047525406
8,frozen,124,102,27,heldout_before,batch_lora,-0.0616508349776268,1.0122780799865723,0.1071915552020073
8,frozen,124,102,27,heldout_after,activation,-0.034141235053539276,1.0038589239120483,0.060436591506004333
8,frozen,124,102,27,heldout_after,lora,-0.03410454839468002,1.010947585105896,0.11923591047525406
8,frozen,124,102,27,heldout_after,batch_lora,-0.0616508349776268,1.0122780799865723,0.1071915552020073
8,frozen,124,102,27,full_batch,activation,-0.03337615728378296,1.003842830657959,0.060192257165908813
8,frozen,124,102,27,full_batch,lora,-0.03356170654296875,1.0109456777572632,0.1193200945854187
8,frozen,124,102,27,full_batch,batch_lora,-0.05871406942605972,1.0120184421539307,0.10750441998243332
8,frozen,124,102,28,heldout_before,activation,-0.026540320366621017,1.0029910802841187,0.05510875582695007
8,frozen,124,102,28,heldout_before,lora,-0.03908121585845947,1.012570858001709,0.1241619810461998
8,frozen,124,102,28,heldout_before,batch_lora,-0.06177050992846489,1.0131851434707642,0.11247019469738007
8,frozen,124,102,28,heldout_after,activation,-0.026540320366621017,1.0029910802841187,0.05510875582695007
8,frozen,124,102,28,heldout_after,lora,-0.03908121585845947,1.012570858001709,0.1241619810461998
8,frozen,124,102,28,heldout_after,batch_lora,-0.06177050992846489,1.0131851434707642,0.11247019469738007
8,frozen,124,102,28,full_batch,activation,-0.030292749404907227,1.0032713413238525,0.0558144748210907
8,frozen,124,102,28,full_batch,lora,-0.042983293533325195,1.0128579139709473,0.12319125980138779
8,frozen,124,102,28,full_batch,batch_lora,-0.06691540777683258,1.0136704444885254,0.111984983086586
8,frozen,124,102,29,heldout_before,activation,-0.034507494419813156,1.002938985824585,0.04968477413058281
8,frozen,124,102,29,heldout_before,lora,-0.040319155901670456,1.0115392208099365,0.11855533719062805
8,frozen,124,102,29,heldout_before,batch_lora,-0.06560780107975006,1.0129857063293457,0.10887594521045685
8,frozen,124,102,29,heldout_after,activation,-0.034507494419813156,1.002938985824585,0.04968477413058281
8,frozen,124,102,29,heldout_after,lora,-0.040319155901670456,1.0115392208099365,0.11855533719062805
8,frozen,124,102,29,heldout_after,batch_lora,-0.06560780107975006,1.0129857063293457,0.10887594521045685
8,frozen,124,102,29,full_batch,activation,-0.03652910888195038,1.0030887126922607,0.0496802031993866
8,frozen,124,102,29,full_batch,lora,-0.04071565717458725,1.0113790035247803,0.11638857424259186
8,frozen,124,102,29,full_batch,batch_lora,-0.06685594469308853,1.012758493423462,0.10678046196699142
8,frozen,124,102,30,heldout_before,activation,-0.050259653478860855,1.0036176443099976,0.04825890436768532
8,frozen,124,102,30,heldout_before,lora,-0.03740928694605827,1.0115429162979126,0.11886293441057205
8,frozen,124,102,30,heldout_before,batch_lora,-0.048043858259916306,1.0118792057037354,0.1138441190123558
8,frozen,124,102,30,heldout_after,activation,-0.050259653478860855,1.0036176443099976,0.04825890436768532
8,frozen,124,102,30,heldout_after,lora,-0.03740928694605827,1.0115429162979126,0.11886293441057205
8,frozen,124,102,30,heldout_after,batch_lora,-0.048043858259916306,1.0118792057037354,0.1138441190123558
8,frozen,124,102,30,full_batch,activation,-0.0493207685649395,1.003664255142212,0.04892304539680481
8,frozen,124,102,30,full_batch,lora,-0.037798743695020676,1.0115563869476318,0.11860351264476776
8,frozen,124,102,30,full_batch,batch_lora,-0.04961881786584854,1.0118966102600098,0.11285160481929779
8,frozen,124,102,31,heldout_before,activation,-0.0453566238284111,1.0033352375030518,0.04702972248196602
8,frozen,124,102,31,heldout_before,lora,-0.028073463588953018,1.0113935470581055,0.1253069043159485
8,frozen,124,102,31,heldout_before,batch_lora,-0.037839293479919434,1.0115501880645752,0.11921355128288269
8,frozen,124,102,31,heldout_after,activation,-0.0453566238284111,1.0033352375030518,0.04702972248196602
8,frozen,124,102,31,heldout_after,lora,-0.028073463588953018,1.0113935470581055,0.1253069043159485
8,frozen,124,102,31,heldout_after,batch_lora,-0.037839293479919434,1.0115501880645752,0.11921355128288269
8,frozen,124,102,31,full_batch,activation,-0.04114885628223419,1.0032260417938232,0.0479242280125618
8,frozen,124,102,31,full_batch,lora,-0.02575964480638504,1.0114376544952393,0.12701989710330963
8,frozen,124,102,31,full_batch,batch_lora,-0.03601502254605293,1.0112977027893066,0.11896950751543045
8,frozen,124,102,32,heldout_before,activation,-0.02825658768415451,1.0030325651168823,0.054120928049087524
8,frozen,124,102,32,heldout_before,lora,-0.016486195847392082,1.013486385345459,0.14840373396873474
8,frozen,124,102,32,heldout_before,batch_lora,-0.023904647678136826,1.0132522583007812,0.1411762237548828
8,frozen,124,102,32,heldout_after,activation,-0.02825658768415451,1.0030325651168823,0.054120928049087524
8,frozen,124,102,32,heldout_after,lora,-0.016486195847392082,1.013486385345459,0.14840373396873474
8,frozen,124,102,32,heldout_after,batch_lora,-0.023904647678136826,1.0132522583007812,0.1411762237548828
8,frozen,124,102,32,full_batch,activation,-0.032614413648843765,1.003251314163208,0.0539039671421051
8,frozen,124,102,32,full_batch,lora,-0.01607699692249298,1.012984037399292,0.1456899493932724
8,frozen,124,102,32,full_batch,batch_lora,-0.022817347198724747,1.0127207040786743,0.13881118595600128
8,frozen,125,103,1,heldout_before,activation,0.6519129872322083,0.74455726146698,0.656899631023407
8,frozen,125,103,1,heldout_before,lora,0.8195205330848694,0.5607056617736816,0.8464036583900452
8,frozen,125,103,1,heldout_before,batch_lora,0.8581697940826416,0.5165874361991882,0.9157724976539612
8,frozen,125,103,1,heldout_after,activation,0.6519129872322083,0.74455726146698,0.656899631023407
8,frozen,125,103,1,heldout_after,lora,0.8195205330848694,0.5607056617736816,0.8464036583900452
8,frozen,125,103,1,heldout_after,batch_lora,0.8581697940826416,0.5165874361991882,0.9157724976539612
8,frozen,125,103,1,full_batch,activation,0.6585249900817871,0.7396595478057861,0.6665244102478027
8,frozen,125,103,1,full_batch,lora,0.822237491607666,0.5580011010169983,0.8571855425834656
8,frozen,125,103,1,full_batch,batch_lora,0.8686479330062866,0.5035006403923035,0.9584364891052246
8,frozen,125,103,2,heldout_before,activation,0.4720814824104309,0.9170705676078796,0.6541361212730408
8,frozen,125,103,2,heldout_before,lora,0.6185412406921387,0.8550060987472534,0.8574010729789734
8,frozen,125,103,2,heldout_before,batch_lora,0.2992910146713257,1.1544733047485352,0.9492015242576599
8,frozen,125,103,2,heldout_after,activation,0.4720814824104309,0.9170705676078796,0.6541361212730408
8,frozen,125,103,2,heldout_after,lora,0.6185412406921387,0.8550060987472534,0.8574010729789734
8,frozen,125,103,2,heldout_after,batch_lora,0.2992910146713257,1.1544733047485352,0.9492015242576599
8,frozen,125,103,2,full_batch,activation,0.4933255910873413,0.9001173973083496,0.6617804765701294
8,frozen,125,103,2,full_batch,lora,0.6343029737472534,0.8350591063499451,0.8624874949455261
8,frozen,125,103,2,full_batch,batch_lora,0.2786085903644562,1.182989239692688,0.9693230390548706
8,frozen,125,103,3,heldout_before,activation,0.47343385219573975,0.898461103439331,0.5572788715362549
8,frozen,125,103,3,heldout_before,lora,0.6150171756744385,0.8141760230064392,0.7265943884849548
8,frozen,125,103,3,heldout_before,batch_lora,0.19511908292770386,1.0294215679168701,0.5078176856040955
8,frozen,125,103,3,heldout_after,activation,0.47343385219573975,0.898461103439331,0.5572788715362549
8,frozen,125,103,3,heldout_after,lora,0.6150171756744385,0.8141760230064392,0.7265943884849548
8,frozen,125,103,3,heldout_after,batch_lora,0.19511908292770386,1.0294215679168701,0.5078176856040955
8,frozen,125,103,3,full_batch,activation,0.4596223831176758,0.901896059513092,0.5364974141120911
8,frozen,125,103,3,full_batch,lora,0.6047424077987671,0.8166518807411194,0.6998506188392639
8,frozen,125,103,3,full_batch,batch_lora,0.11819401383399963,1.0632644891738892,0.49832719564437866
8,frozen,125,103,4,heldout_before,activation,0.4384180009365082,0.9188864231109619,0.5282318592071533
8,frozen,125,103,4,heldout_before,lora,0.5551304817199707,0.8617020845413208,0.683949887752533
8,frozen,125,103,4,heldout_before,batch_lora,-0.1972968876361847,1.1904165744781494,0.4779939651489258
8,frozen,125,103,4,heldout_after,activation,0.4384180009365082,0.9188864231109619,0.5282318592071533
8,frozen,125,103,4,heldout_after,lora,0.5551304817199707,0.8617020845413208,0.683949887752533
8,frozen,125,103,4,heldout_after,batch_lora,-0.1972968876361847,1.1904165744781494,0.4779939651489258
8,frozen,125,103,4,full_batch,activation,0.44631534814834595,0.9131250977516174,0.5154255032539368
8,frozen,125,103,4,full_batch,lora,0.567495584487915,0.8495460748672485,0.6725415587425232
8,frozen,125,103,4,full_batch,batch_lora,-0.10228382050991058,1.1318395137786865,0.43764472007751465
8,frozen,125,103,5,heldout_before,activation,0.34019556641578674,0.9470133781433105,0.41706138849258423
8,frozen,125,103,5,heldout_before,lora,0.4593271315097809,0.898405134677887,0.552378237247467
8,frozen,125,103,5,heldout_before,batch_lora,-0.0950465053319931,1.0892046689987183,0.34699496626853943
8,frozen,125,103,5,heldout_after,activation,0.34019556641578674,0.9470133781433105,0.41706138849258423
8,frozen,125,103,5,heldout_after,lora,0.4593271315097809,0.898405134677887,0.552378237247467
8,frozen,125,103,5,heldout_after,batch_lora,-0.0950465053319931,1.0892046689987183,0.34699496626853943
8,frozen,125,103,5,full_batch,activation,0.3509458303451538,0.941536545753479,0.414707213640213
8,frozen,125,103,5,full_batch,lora,0.4710844159126282,0.890427827835083,0.5422808527946472
8,frozen,125,103,5,full_batch,batch_lora,-0.12357967346906662,1.096553921699524,0.34300628304481506
8,frozen,125,103,6,heldout_before,activation,0.37275204062461853,0.9279947876930237,0.3964781165122986
8,frozen,125,103,6,heldout_before,lora,0.48742014169692993,0.8752155900001526,0.5290288925170898
8,frozen,125,103,6,heldout_before,batch_lora,0.07705701887607574,1.0348169803619385,0.3541562259197235
8,frozen,125,103,6,heldout_after,activation,0.37275204062461853,0.9279947876930237,0.3964781165122986
8,frozen,125,103,6,heldout_after,lora,0.48742014169692993,0.8752155900001526,0.5290288925170898
8,frozen,125,103,6,heldout_after,batch_lora,0.07705701887607574,1.0348169803619385,0.3541562259197235
8,frozen,125,103,6,full_batch,activation,0.37563443183898926,0.9271692037582397,0.38726454973220825
8,frozen,125,103,6,full_batch,lora,0.48854154348373413,0.874586820602417,0.5128180384635925
8,frozen,125,103,6,full_batch,batch_lora,0.1283321976661682,1.0155296325683594,0.34689462184906006
8,frozen,125,103,7,heldout_before,activation,0.35510358214378357,0.9396116137504578,0.3849324584007263
8,frozen,125,103,7,heldout_before,lora,0.45591479539871216,0.902383029460907,0.5017814636230469
8,frozen,125,103,7,heldout_before,batch_lora,-0.179591566324234,1.118605136871338,0.35288435220718384
8,frozen,125,103,7,heldout_after,activation,0.35510358214378357,0.9396116137504578,0.3849324584007263
8,frozen,125,103,7,heldout_after,lora,0.45591479539871216,0.902383029460907,0.5017814636230469
8,frozen,125,103,7,heldout_after,batch_lora,-0.179591566324234,1.118605136871338,0.35288435220718384
8,frozen,125,103,7,full_batch,activation,0.35494256019592285,0.9400073885917664,0.38696199655532837
8,frozen,125,103,7,full_batch,lora,0.4590586721897125,0.9005426168441772,0.5037233233451843
8,frozen,125,103,7,full_batch,batch_lora,-0.1887834072113037,1.1193722486495972,0.34846264123916626
8,frozen,125,103,8,heldout_before,activation,0.2308739423751831,0.9792426824569702,0.29422202706336975
8,frozen,125,103,8,heldout_before,lora,0.30262118577957153,0.9686614274978638,0.40334948897361755
8,frozen,125,103,8,heldout_before,batch_lora,-0.13778389990329742,1.0675572156906128,0.26054123044013977
8,frozen,125,103,8,heldout_after,activation,0.2308739423751831,0.9792426824569702,0.29422202706336975
8,frozen,125,103,8,heldout_after,lora,0.30262118577957153,0.9686614274978638,0.40334948897361755
8,frozen,125,103,8,heldout_after,batch_lora,-0.13778389990329742,1.0675572156906128,0.26054123044013977
8,frozen,125,103,8,full_batch,activation,0.2447860836982727,0.974208652973175,0.29453033208847046
8,frozen,125,103,8,full_batch,lora,0.3153804540634155,0.9618691205978394,0.40050166845321655
8,frozen,125,103,8,full_batch,batch_lora,-0.12492629885673523,1.0642609596252441,0.2601165771484375
8,frozen,125,103,9,heldout_before,activation,0.29094377160072327,0.9770709872245789,0.3715607225894928
8,frozen,125,103,9,heldout_before,lora,0.35776904225349426,0.9685397148132324,0.48180335760116577
8,frozen,125,103,9,heldout_before,batch_lora,-0.15632331371307373,1.0834484100341797,0.2889825999736786
8,frozen,125,103,9,heldout_after,activation,0.29094377160072327,0.9770709872245789,0.3715607225894928
8,frozen,125,103,9,heldout_after,lora,0.35776904225349426,0.9685397148132324,0.48180335760116577
8,frozen,125,103,9,heldout_after,batch_lora,-0.15632331371307373,1.0834484100341797,0.2889825999736786
8,frozen,125,103,9,full_batch,activation,0.288337767124176,0.9760959148406982,0.3627912402153015
8,frozen,125,103,9,full_batch,lora,0.359000027179718,0.9651273488998413,0.47407257556915283
8,frozen,125,103,9,full_batch,batch_lora,-0.12277692556381226,1.07217276096344,0.282967746257782
8,frozen,125,103,10,heldout_before,activation,0.2421136349439621,1.0016400814056396,0.3394850194454193
8,frozen,125,103,10,heldout_before,lora,0.26685258746147156,1.0086846351623535,0.4271714985370636
8,frozen,125,103,10,heldout_before,batch_lora,-0.07856443524360657,1.048648476600647,0.24675986170768738
8,frozen,125,103,10,heldout_after,activation,0.2421136349439621,1.0016400814056396,0.3394850194454193
8,frozen,125,103,10,heldout_after,lora,0.26685258746147156,1.0086846351623535,0.4271714985370636
8,frozen,125,103,10,heldout_after,batch_lora,-0.07856443524360657,1.048648476600647,0.24675986170768738
8,frozen,125,103,10,full_batch,activation,0.23004814982414246,1.0013971328735352,0.337105393409729
8,frozen,125,103,10,full_batch,lora,0.26100170612335205,1.006109356880188,0.4272764027118683
8,frozen,125,103,10,full_batch,batch_lora,-0.16198357939720154,1.0685524940490723,0.24794718623161316
8,frozen,125,103,11,heldout_before,activation,0.19136874377727509,0.9837090969085693,0.23788663744926453
8,frozen,125,103,11,heldout_before,lora,0.2146255224943161,0.9821864366531372,0.3040243089199066
8,frozen,125,103,11,heldout_before,batch_lora,-0.12058193981647491,1.0449005365371704,0.2055424302816391
8,frozen,125,103,11,heldout_after,activation,0.19136874377727509,0.9837090969085693,0.23788663744926453
8,frozen,125,103,11,heldout_after,lora,0.2146255224943161,0.9821864366531372,0.3040243089199066
8,frozen,125,103,11,heldout_after,batch_lora,-0.12058193981647491,1.0449005365371704,0.2055424302816391
8,frozen,125,103,11,full_batch,activation,0.20014607906341553,0.9813087582588196,0.24125294387340546
8,frozen,125,103,11,full_batch,lora,0.22137443721294403,0.9794293642044067,0.30938175320625305
8,frozen,125,103,11,full_batch,batch_lora,-0.10306916385889053,1.0417206287384033,0.20645490288734436
8,frozen,125,103,12,heldout_before,activation,0.14160968363285065,0.9986860156059265,0.25958940386772156
8,frozen,125,103,12,heldout_before,lora,0.16413991153240204,1.006039023399353,0.33672988414764404
8,frozen,125,103,12,heldout_before,batch_lora,-0.19199563562870026,1.0656148195266724,0.22321191430091858
8,frozen,125,103,12,heldout_after,activation,0.14160968363285065,0.9986860156059265,0.25958940386772156
8,frozen,125,103,12,heldout_after,lora,0.16413991153240204,1.006039023399353,0.33672988414764404
8,frozen,125,103,12,heldout_after,batch_lora,-0.19199563562870026,1.0656148195266724,0.22321191430091858
8,frozen,125,103,12,full_batch,activation,0.13890571892261505,1.000543475151062,0.2666122317314148
8,frozen,125,103,12,full_batch,lora,0.156441330909729,1.0098319053649902,0.3436013460159302
8,frozen,125,103,12,full_batch,batch_lora,-0.19624200463294983,1.066685676574707,0.2236737608909607
8,frozen,125,103,13,heldout_before,activation,0.12846478819847107,0.995202898979187,0.21977610886096954
8,frozen,125,103,13,heldout_before,lora,0.13526470959186554,1.0018324851989746,0.2796478867530823
8,frozen,125,103,13,heldout_before,batch_lora,-0.14964483678340912,1.0370349884033203,0.1631411463022232
8,frozen,125,103,13,heldout_after,activation,0.12846478819847107,0.995202898979187,0.21977610886096954
8,frozen,125,103,13,heldout_after,lora,0.13526470959186554,1.0018324851989746,0.2796478867530823
8,frozen,125,103,13,heldout_after,batch_lora,-0.14964483678340912,1.0370349884033203,0.1631411463022232
8,frozen,125,103,13,full_batch,activation,0.1322227567434311,0.9953555464744568,0.22465866804122925
8,frozen,125,103,13,full_batch,lora,0.1354517936706543,1.0031012296676636,0.28464165329933167
8,frozen,125,103,13,full_batch,batch_lora,-0.13691045343875885,1.0354233980178833,0.16449639201164246
8,frozen,125,103,14,heldout_before,activation,0.08335141837596893,1.0008138418197632,0.17544493079185486
8,frozen,125,103,14,heldout_before,lora,0.09696751087903976,1.0031890869140625,0.2287594974040985
8,frozen,125,103,14,heldout_before,batch_lora,-0.11207453906536102,1.0256521701812744,0.14193953573703766
8,frozen,125,103,14,heldout_after,activation,0.08335141837596893,1.0008138418197632,0.17544493079185486
8,frozen,125,103,14,heldout_after,lora,0.09696751087903976,1.0031890869140625,0.2287594974040985
8,frozen,125,103,14,heldout_after,batch_lora,-0.11207453906536102,1.0256521701812744,0.14193953573703766
8,frozen,125,103,14,full_batch,activation,0.08700013160705566,1.0006979703903198,0.17843236029148102
8,frozen,125,103,14,full_batch,lora,0.09700006991624832,1.0041766166687012,0.2323903888463974
8,frozen,125,103,14,full_batch,batch_lora,-0.1073278933763504,1.0253868103027344,0.1435457170009613
8,frozen,125,103,15,heldout_before,activation,0.07296240329742432,1.000274896621704,0.15905626118183136
8,frozen,125,103,15,heldout_before,lora,0.0595262385904789,1.0092463493347168,0.20815680921077728
8,frozen,125,103,15,heldout_before,batch_lora,-0.12837907671928406,1.0203275680541992,0.11151597648859024
8,frozen,125,103,15,heldout_after,activation,0.07296240329742432,1.000274896621704,0.15905626118183136
8,frozen,125,103,15,heldout_after,lora,0.0595262385904789,1.0092463493347168,0.20815680921077728
8,frozen,125,103,15,heldout_after,batch_lora,-0.12837907671928406,1.0203275680541992,0.11151597648859024
8,frozen,125,103,15,full_batch,activation,0.07505279034376144,0.9996989369392395,0.16018816828727722
8,frozen,125,103,15,full_batch,lora,0.060763172805309296,1.0090324878692627,0.21003636717796326
8,frozen,125,103,15,full_batch,batch_lora,-0.12323570251464844,1.019741415977478,0.11141262203454971
8,frozen,125,103,16,heldout_before,activation,0.04735622927546501,1.0030274391174316,0.13695868849754333
8,frozen,125,103,16,heldout_before,lora,0.044292960315942764,1.0105348825454712,0.1882343739271164
8,frozen,125,103,16,heldout_before,batch_lora,-0.09906849265098572,1.0163781642913818,0.10790784657001495
8,frozen,125,103,16,heldout_after,activation,0.04735622927546501,1.0030274391174316,0.13695868849754333
8,frozen,125,103,16,heldout_after,lora,0.044292960315942764,1.0105348825454712,0.1882343739271164
8,frozen,125,103,16,heldout_after,batch_lora,-0.09906849265098572,1.0163781642913818,0.10790784657001495
8,frozen,125,103,16,full_batch,activation,0.04670407623052597,1.0030572414398193,0.13599789142608643
8,frozen,125,103,16,full_batch,lora,0.04175282269716263,1.0105420351028442,0.18560361862182617
8,frozen,125,103,16,full_batch,batch_lora,-0.10022476315498352,1.0161539316177368,0.1062062680721283
8,frozen,125,103,17,heldout_before,activation,0.023413341492414474,1.003629207611084,0.11333592236042023
8,frozen,125,103,17,heldout_before,lora,0.0008379998616874218,1.0111459493637085,0.1539209634065628
8,frozen,125,103,17,heldout_before,batch_lora,-0.13085904717445374,1.0181199312210083,0.10085704922676086
8,frozen,125,103,17,heldout_after,activation,0.023413341492414474,1.003629207611084,0.11333592236042023
8,frozen,125,103,17,heldout_after,lora,0.0008379998616874218,1.0111459493637085,0.1539209634065628
8,frozen,125,103,17,heldout_after,batch_lora,-0.13085904717445374,1.0181199312210083,0.10085704922676086
8,frozen,125,103,17,full_batch,activation,0.028830016031861305,1.0032484531402588,0.1160925105214119
8,frozen,125,103,17,full_batch,lora,0.00680495984852314,1.0116376876831055,0.16095301508903503
8,frozen,125,103,17,full_batch,batch_lora,-0.1330287605524063,1.0182465314865112,0.10047247260808945
8,frozen,125,103,18,heldout_before,activation,0.033214643597602844,1.0028120279312134,0.11633388698101044
8,frozen,125,103,18,heldout_before,lora,0.01567884162068367,1.009913444519043,0.16189917922019958
8,frozen,125,103,18,heldout_before,batch_lora,-0.11288794130086899,1.018837809562683,0.11244317144155502
8,frozen,125,103,18,heldout_after,activation,0.033214643597602844,1.0028120279312134,0.11633388698101044
8,frozen,125,103,18,heldout_after,lora,0.01567884162068367,1.009913444519043,0.16189917922019958
8,frozen,125,103,18,heldout_after,batch_lora,-0.11288794130086899,1.018837809562683,0.11244317144155502
8,frozen,125,103,18,full_batch,activation,0.0351140983402729,1.0028578042984009,0.11933489143848419
8,frozen,125,103,18,full_batch,lora,0.016789129003882408,1.0104814767837524,0.16663727164268494
8,frozen,125,103,18,full_batch,batch_lora,-0.1057235598564148,1.0181423425674438,0.1128884106874466
8,frozen,125,103,19,heldout_before,activation,0.02655317820608616,1.00349760055542,0.11045774817466736
8,frozen,125,103,19,heldout_before,lora,-0.0023748462554067373,1.0145090818405151,0.16015967726707458
8,frozen,125,103,19,heldout_before,batch_lora,-0.11058148741722107,1.017902135848999,0.10931188613176346
8,frozen,125,103,19,heldout_after,activation,0.02655317820608616,1.00349760055542,0.11045774817466736
8,frozen,125,103,19,heldout_after,lora,-0.0023748462554067373,1.0145090818405151,0.16015967726707458
8,frozen,125,103,19,heldout_after,batch_lora,-0.11058148741722107,1.017902135848999,0.10931188613176346
8,frozen,125,103,19,full_batch,activation,0.023721609264612198,1.0036338567733765,0.10873293876647949
8,frozen,125,103,19,full_batch,lora,-0.006123918574303389,1.0144429206848145,0.15649373829364777
8,frozen,125,103,19,full_batch,batch_lora,-0.11564012616872787,1.0179286003112793,0.10696058720350266
8,frozen,125,103,20,heldout_before,activation,0.0065446035005152225,1.0040634870529175,0.09743655472993851
8,frozen,125,103,20,heldout_before,lora,-0.02804509736597538,1.013371467590332,0.13912557065486908
8,frozen,125,103,20,heldout_before,batch_lora,-0.12175217270851135,1.0194593667984009,0.11088705062866211
8,frozen,125,103,20,heldout_after,activation,0.0065446035005152225,1.0040634870529175,0.09743655472993851
8,frozen,125,103,20,heldout_after,lora,-0.02804509736597538,1.013371467590332,0.13912557065486908
8,frozen,125,103,20,heldout_after,batch_lora,-0.12175217270851135,1.0194593667984009,0.11088705062866211
8,frozen,125,103,20,full_batch,activation,0.007263652980327606,1.0040639638900757,0.098035529255867
8,frozen,125,103,20,full_batch,lora,-0.0282254870980978,1.0138049125671387,0.13981083035469055
8,frozen,125,103,20,full_batch,batch_lora,-0.12135976552963257,1.019546389579773,0.11145631223917007
8,frozen,125,103,21,heldout_before,activation,0.019438114017248154,1.0019439458847046,0.08589677512645721
8,frozen,125,103,21,heldout_before,lora,-0.018201110884547234,1.010223627090454,0.12601454555988312
8,frozen,125,103,21,heldout_before,batch_lora,-0.09180344641208649,1.0143585205078125,0.10146063566207886
8,frozen,125,103,21,heldout_after,activation,0.019438114017248154,1.0019439458847046,0.08589677512645721
8,frozen,125,103,21,heldout_after,lora,-0.018201110884547234,1.010223627090454,0.12601454555988312
8,frozen,125,103,21,heldout_after,batch_lora,-0.09180344641208649,1.0143585205078125,0.10146063566207886
8,frozen,125,103,21,full_batch,activation,0.01754404976963997,1.0021696090698242,0.08633477985858917
8,frozen,125,103,21,full_batch,lora,-0.017023488879203796,1.010106086730957,0.126119002699852
8,frozen,125,103,21,full_batch,batch_lora,-0.085265152156353,1.0141669511795044,0.1039566844701767
8,frozen,125,103,22,heldout_before,activation,0.011009013280272484,1.0027633905410767,0.085324726998806
8,frozen,125,103,22,heldout_before,lora,-0.022039512172341347,1.0126569271087646,0.1364840567111969
8,frozen,125,103,22,heldout_before,batch_lora,-0.09201736748218536,1.0166215896606445,0.1128893792629242
8,frozen,125,103,22,heldout_after,activation,0.011009013280272484,1.0027633905410767,0.085324726998806
8,frozen,125,103,22,heldout_after,lora,-0.022039512172341347,1.0126569271087646,0.1364840567111969
8,frozen,125,103,22,heldout_after,batch_lora,-0.09201736748218536,1.0166215896606445,0.1128893792629242
8,frozen,125,103,22,full_batch,activation,0.01315061841160059,1.002691626548767,0.0872446820139885
8,frozen,125,103,22,full_batch,lora,-0.021881939843297005,1.0132813453674316,0.1392894834280014
8,frozen,125,103,22,full_batch,batch_lora,-0.08643092215061188,1.0160630941390991,0.11320478469133377
8,frozen,125,103,23,heldout_before,activation,0.009393017739057541,1.0019102096557617,0.06818720698356628
8,frozen,125,103,23,heldout_before,lora,-0.05274895578622818,1.0129494667053223,0.11331848055124283
8,frozen,125,103,23,heldout_before,batch_lora,-0.15432654321193695,1.0198979377746582,0.09867260605096817
8,frozen,125,103,23,heldout_after,activation,0.009393017739057541,1.0019102096557617,0.06818720698356628
8,frozen,125,103,23,heldout_after,lora,-0.05274895578622818,1.0129494667053223,0.11331848055124283
8,frozen,125,103,23,heldout_after,batch_lora,-0.15432654321193695,1.0198979377746582,0.09867260605096817
8,frozen,125,103,23,full_batch,activation,0.010256540030241013,1.0018024444580078,0.0675768181681633
8,frozen,125,103,23,full_batch,lora,-0.051900990307331085,1.0124833583831787,0.111002616584301
8,frozen,125,103,23,full_batch,batch_lora,-0.15497568249702454,1.019497036933899,0.09680121392011642
8,frozen,125,103,24,heldout_before,activation,0.004585896618664265,1.0014662742614746,0.05757778137922287
8,frozen,125,103,24,heldout_before,lora,-0.07025100290775299,1.0111740827560425,0.09459647536277771
8,frozen,125,103,24,heldout_before,batch_lora,-0.15513929724693298,1.0155972242355347,0.08045798540115356
8,frozen,125,103,24,heldout_after,activation,0.004585896618664265,1.0014662742614746,0.05757778137922287
8,frozen,125,103,24,heldout_after,lora,-0.07025100290775299,1.0111740827560425,0.09459647536277771
8,frozen,125,103,24,heldout_after,batch_lora,-0.15513929724693298,1.0155972242355347,0.08045798540115356
8,frozen,125,103,24,full_batch,activation,0.0035688444040715694,1.0015121698379517,0.057801611721515656
8,frozen,125,103,24,full_batch,lora,-0.06729419529438019,1.0111757516860962,0.09685764461755753
8,frozen,125,103,24,full_batch,batch_lora,-0.15531262755393982,1.0159302949905396,0.08182990550994873
8,frozen,125,103,25,heldout_before,activation,-0.0036785174161195755,1.0014569759368896,0.049269381910562515
8,frozen,125,103,25,heldout_before,lora,-0.10482519119977951,1.0116389989852905,0.08029980957508087
8,frozen,125,103,25,heldout_before,batch_lora,-0.167111337184906,1.0140786170959473,0.07012657076120377
8,frozen,125,103,25,heldout_after,activation,-0.0036785174161195755,1.0014569759368896,0.049269381910562515
8,frozen,125,103,25,heldout_after,lora,-0.10482519119977951,1.0116389989852905,0.08029980957508087
8,frozen,125,103,25,heldout_after,batch_lora,-0.167111337184906,1.0140786170959473,0.07012657076120377
8,frozen,125,103,25,full_batch,activation,-0.00489645404741168,1.001460075378418,0.04934367537498474
8,frozen,125,103,25,full_batch,lora,-0.10532772541046143,1.0117182731628418,0.08062438666820526
8,frozen,125,103,25,full_batch,batch_lora,-0.16944894194602966,1.0142321586608887,0.07009173184633255
8,frozen,125,103,26,heldout_before,activation,-0.00610385974869132,1.0015318393707275,0.04867197945713997
8,frozen,125,103,26,heldout_before,lora,-0.09337898343801498,1.0117355585098267,0.08541872352361679
8,frozen,125,103,26,heldout_before,batch_lora,-0.14754539728164673,1.013870358467102,0.07539592683315277
8,frozen,125,103,26,heldout_after,activation,-0.00610385974869132,1.0015318393707275,0.04867197945713997
8,frozen,125,103,26,heldout_after,lora,-0.09337898343801498,1.0117355585098267,0.08541872352361679
8,frozen,125,103,26,heldout_after,batch_lora,-0.14754539728164673,1.013870358467102,0.07539592683315277
8,frozen,125,103,26,full_batch,activation,-0.005294690374284983,1.001479148864746,0.04819655418395996
8,frozen,125,103,26,full_batch,lora,-0.0921211987733841,1.0114341974258423,0.08436772972345352
8,frozen,125,103,26,full_batch,batch_lora,-0.1486608386039734,1.0137038230895996,0.0742638111114502
8,frozen,125,103,27,heldout_before,activation,-0.006844540126621723,1.0014252662658691,0.04634688049554825
8,frozen,125,103,27,heldout_before,lora,-0.10252965241670609,1.0122469663619995,0.08408734202384949
8,frozen,125,103,27,heldout_before,batch_lora,-0.14747220277786255,1.0142714977264404,0.07723796367645264
8,frozen,125,103,27,heldout_after,activation,-0.006844540126621723,1.0014252662658691,0.04634688049554825
8,frozen,125,103,27,heldout_after,lora,-0.10252965241670609,1.0122469663619995,0.08408734202384949
8,frozen,125,103,27,heldout_after,batch_lora,-0.14747220277786255,1.0142714977264404,0.07723796367645264
8,frozen,125,103,27,full_batch,activation,-0.005961203947663307,1.0013729333877563,0.046180687844753265
8,frozen,125,103,27,full_batch,lora,-0.09936189651489258,1.0118846893310547,0.08379702270030975
8,frozen,125,103,27,full_batch,batch_lora,-0.14367207884788513,1.013853907585144,0.07664913684129715
8,frozen,125,103,28,heldout_before,activation,-0.004628083668649197,1.0010532140731812,0.040031470358371735
8,frozen,125,103,28,heldout_before,lora,-0.09859705716371536,1.010935664176941,0.0787331759929657
8,frozen,125,103,28,heldout_before,batch_lora,-0.14402897655963898,1.0128095149993896,0.07167312502861023
8,frozen,125,103,28,heldout_after,activation,-0.004628083668649197,1.0010532140731812,0.040031470358371735
8,frozen,125,103,28,heldout_after,lora,-0.09859705716371536,1.010935664176941,0.0787331759929657
8,frozen,125,103,28,heldout_after,batch_lora,-0.14402897655963898,1.0128095149993896,0.07167312502861023
8,frozen,125,103,28,full_batch,activation,-0.005233124829828739,1.0011227130889893,0.040907420217990875
8,frozen,125,103,28,full_batch,lora,-0.09927970170974731,1.0111799240112305,0.07967819273471832
8,frozen,125,103,28,full_batch,batch_lora,-0.14645129442214966,1.0130752325057983,0.0721103772521019
8,frozen,125,103,29,heldout_before,activation,-0.010712315328419209,1.0012187957763672,0.03912362456321716
8,frozen,125,103,29,heldout_before,lora,-0.10274140536785126,1.0104459524154663,0.0751512348651886
8,frozen,125,103,29,heldout_before,batch_lora,-0.14249169826507568,1.012338399887085,0.06995393335819244
8,frozen,125,103,29,heldout_after,activation,-0.010712315328419209,1.0012187957763672,0.03912362456321716
8,frozen,125,103,29,heldout_after,lora,-0.10274140536785126,1.0104459524154663,0.0751512348651886
8,frozen,125,103,29,heldout_after,batch_lora,-0.14249169826507568,1.012338399887085,0.06995393335819244
8,frozen,125,103,29,full_batch,activation,-0.010803282260894775,1.0012171268463135,0.039065759629011154
8,frozen,125,103,29,full_batch,lora,-0.10609721392393112,1.0105466842651367,0.0743626058101654
8,frozen,125,103,29,full_batch,batch_lora,-0.14544710516929626,1.0124090909957886,0.06932477653026581
8,frozen,125,103,30,heldout_before,activation,-0.005989705212414265,1.0006741285324097,0.031002679839730263
8,frozen,125,103,30,heldout_before,lora,-0.1008361279964447,1.0077402591705322,0.05884254723787308
8,frozen,125,103,30,heldout_before,batch_lora,-0.1268383413553238,1.0083905458450317,0.054654188454151154
8,frozen,125,103,30,heldout_after,activation,-0.005989705212414265,1.0006741285324097,0.031002679839730263
8,frozen,125,103,30,heldout_after,lora,-0.1008361279964447,1.0077402591705322,0.05884254723787308
8,frozen,125,103,30,heldout_after,batch_lora,-0.1268383413553238,1.0083905458450317,0.054654188454151154
8,frozen,125,103,30,full_batch,activation,-0.007507605943828821,1.000745415687561,0.03133860230445862
8,frozen,125,103,30,full_batch,lora,-0.10377179086208344,1.0079951286315918,0.05945482850074768
8,frozen,125,103,30,full_batch,batch_lora,-0.13301989436149597,1.008778691291809,0.05493907630443573
8,frozen,125,103,31,heldout_before,activation,-0.011886302381753922,1.0009745359420776,0.0323445200920105
8,frozen,125,103,31,heldout_before,lora,-0.1049768403172493,1.0086427927017212,0.06270783394575119
8,frozen,125,103,31,heldout_before,batch_lora,-0.13220521807670593,1.00946843624115,0.058856792747974396
8,frozen,125,103,31,heldout_after,activation,-0.011886302381753922,1.0009745359420776,0.0323445200920105
8,frozen,125,103,31,heldout_after,lora,-0.1049768403172493,1.0086427927017212,0.06270783394575119
8,frozen,125,103,31,heldout_after,batch_lora,-0.13220521807670593,1.00946843624115,0.058856792747974396
8,frozen,125,103,31,full_batch,activation,-0.012088632211089134,1.0010054111480713,0.032901331782341
8,frozen,125,103,31,full_batch,lora,-0.10514038801193237,1.0087345838546753,0.06326340138912201
8,frozen,125,103,31,full_batch,batch_lora,-0.13285987079143524,1.0095661878585815,0.05917038396000862
8,frozen,125,103,32,heldout_before,activation,-0.010895978659391403,1.0009632110595703,0.033055324107408524
8,frozen,125,103,32,heldout_before,lora,-0.08346568048000336,1.007473349571228,0.06366578489542007
8,frozen,125,103,32,heldout_before,batch_lora,-0.1062513068318367,1.008225917816162,0.06050806865096092
8,frozen,125,103,32,heldout_after,activation,-0.010895978659391403,1.0009632110595703,0.033055324107408524
8,frozen,125,103,32,heldout_after,lora,-0.08346568048000336,1.007473349571228,0.06366578489542007
8,frozen,125,103,32,heldout_after,batch_lora,-0.1062513068318367,1.008225917816162,0.06050806865096092
8,frozen,125,103,32,full_batch,activation,-0.010281117632985115,1.0009486675262451,0.03322480246424675
8,frozen,125,103,32,full_batch,lora,-0.07882790267467499,1.0073022842407227,0.06426186859607697
8,frozen,125,103,32,full_batch,batch_lora,-0.1001480370759964,1.0079931020736694,0.06134385988116264
19,adaptive,123,101,1,heldout_before,activation,0.8291714787483215,0.5428383350372314,0.8298484683036804
19,adaptive,123,101,1,heldout_before,lora,0.8921225666999817,0.4353271424770355,0.916613757610321
19,adaptive,123,101,1,heldout_before,batch_lora,0.9732257127761841,0.23205772042274475,1.005149006843567
19,adaptive,123,101,1,heldout_after,activation,0.8291714787483215,0.5428383350372314,0.8298484683036804
19,adaptive,123,101,1,heldout_after,lora,0.8921225666999817,0.4353271424770355,0.916613757610321
19,adaptive,123,101,1,heldout_after,batch_lora,0.9732257127761841,0.23205772042274475,1.005149006843567
19,adaptive,123,101,1,full_batch,activation,0.8373727202415466,0.5309798717498779,0.8381010293960571
19,adaptive,123,101,1,full_batch,lora,0.8971054553985596,0.42703691124916077,0.9243410229682922
19,adaptive,123,101,1,full_batch,batch_lora,0.9751416444778442,0.22350268065929413,1.0043714046478271
19,adaptive,123,101,2,heldout_before,activation,0.8590496778488159,0.5053797960281372,0.8456131219863892
19,adaptive,123,101,2,heldout_before,lora,0.8966995477676392,0.43996143341064453,0.9474599957466125
19,adaptive,123,101,2,heldout_before,batch_lora,0.940985381603241,0.35987696051597595,1.0633162260055542
19,adaptive,123,101,2,heldout_after,activation,0.8590496778488159,0.5053797960281372,0.8456131219863892
19,adaptive,123,101,2,heldout_after,lora,0.8966995477676392,0.43996143341064453,0.9474599957466125
19,adaptive,123,101,2,heldout_after,batch_lora,0.940985381603241,0.35987696051597595,1.0633162260055542
19,adaptive,123,101,2,full_batch,activation,0.8539018630981445,0.5128278732299805,0.851249635219574
19,adaptive,123,101,2,full_batch,lora,0.8937999606132507,0.44403043389320374,0.947258472442627
19,adaptive,123,101,2,full_batch,batch_lora,0.9457531571388245,0.3383696377277374,1.0403214693069458
19,adaptive,123,101,3,heldout_before,activation,0.8247959613800049,0.5450165271759033,0.8213212490081787
19,adaptive,123,101,3,heldout_before,lora,0.8624163866043091,0.4918326139450073,0.9477568864822388
19,adaptive,123,101,3,heldout_before,batch_lora,0.9040766954421997,0.5171610116958618,1.1952987909317017
19,adaptive,123,101,3,heldout_after,activation,0.8283846974372864,0.541109025478363,0.8005812764167786
19,adaptive,123,101,3,heldout_after,lora,0.8709365725517273,0.4651784300804138,0.8954912424087524
19,adaptive,123,101,3,heldout_after,batch_lora,0.9237380623817444,0.38665953278541565,0.9766311049461365
19,adaptive,123,101,3,full_batch,activation,0.8388972878456116,0.5242379307746887,0.8129491209983826
19,adaptive,123,101,3,full_batch,lora,0.8827531933784485,0.43943721055984497,0.9041215181350708
19,adaptive,123,101,3,full_batch,batch_lora,0.9337022304534912,0.3620113432407379,0.9871075749397278
19,adaptive,123,101,4,heldout_before,activation,0.854633092880249,0.5129097700119019,0.8293458223342896
19,adaptive,123,101,4,heldout_before,lora,0.8907784223556519,0.44446587562561035,0.9106943011283875
19,adaptive,123,101,4,heldout_before,batch_lora,0.9215389490127563,0.4230401813983917,1.0894585847854614
19,adaptive,123,101,4,heldout_after,activation,0.8530082106590271,0.5152219533920288,0.8215904831886292
19,adaptive,123,101,4,heldout_after,lora,0.8916479349136353,0.4411129057407379,0.9000568985939026
19,adaptive,123,101,4,heldout_after,batch_lora,0.9261703491210938,0.39474931359291077,1.0428686141967773
19,adaptive,123,101,4,full_batch,activation,0.8544909358024597,0.5131900906562805,0.8275010585784912
19,adaptive,123,101,4,full_batch,lora,0.895118236541748,0.4343169033527374,0.9032989144325256
19,adaptive,123,101,4,full_batch,batch_lora,0.9251704812049866,0.3997868597507477,1.05074942111969
19,adaptive,123,101,5,heldout_before,activation,0.8117458820343018,0.5704050064086914,0.7764800190925598
19,adaptive,123,101,5,heldout_before,lora,0.8434860706329346,0.5256385803222656,0.8696471452713013
19,adaptive,123,101,5,heldout_before,batch_lora,0.8406710028648376,0.6104915142059326,1.1224998235702515
19,adaptive,123,101,5,heldout_after,activation,0.8176277875900269,0.5616854429244995,0.7769438028335571
19,adaptive,123,101,5,heldout_after,lora,0.8556879758834839,0.499727338552475,0.8632126450538635
19,adaptive,123,101,5,heldout_after,batch_lora,0.8791749477386475,0.5053682923316956,1.0475369691848755
19,adaptive,123,101,5,full_batch,activation,0.8247526288032532,0.5507306456565857,0.7833059430122375
19,adaptive,123,101,5,full_batch,lora,0.8658180236816406,0.47979670763015747,0.8706091046333313
19,adaptive,123,101,5,full_batch,batch_lora,0.8866698741912842,0.4911571741104126,1.0522568225860596
19,adaptive,123,101,6,heldout_before,activation,0.8216866254806519,0.5606400966644287,0.7684093117713928
19,adaptive,123,101,6,heldout_before,lora,0.8646543025970459,0.49200358986854553,0.8593207597732544
19,adaptive,123,101,6,heldout_before,batch_lora,0.8433420658111572,0.5635283589363098,1.0130189657211304
19,adaptive,123,101,6,heldout_after,activation,0.8280009031295776,0.5500733256340027,0.7886279225349426
19,adaptive,123,101,6,heldout_after,lora,0.8764419555664062,0.46907880902290344,0.8801476955413818
19,adaptive,123,101,6,heldout_after,batch_lora,0.9080789089202881,0.4461512267589569,1.0618916749954224
19,adaptive,123,101,6,full_batch,activation,0.8301007151603699,0.5478523969650269,0.7917966842651367
19,adaptive,123,101,6,full_batch,lora,0.883009135723114,0.4567357003688812,0.8878237009048462
19,adaptive,123,101,6,full_batch,batch_lora,0.9146795272827148,0.4333523213863373,1.0709896087646484
19,adaptive,123,101,7,heldout_before,activation,0.813984215259552,0.5656623244285583,0.8037338852882385
19,adaptive,123,101,7,heldout_before,lora,0.854796826839447,0.5066816806793213,0.8997777104377747
19,adaptive,123,101,7,heldout_before,batch_lora,0.8145879507064819,0.6690982580184937,1.1481232643127441
19,adaptive,123,101,7,heldout_after,activation,0.8214904069900513,0.5533676147460938,0.8054446578025818
19,adaptive,123,101,7,heldout_after,lora,0.869356632232666,0.47525638341903687,0.8917871713638306
19,adaptive,123,101,7,heldout_after,batch_lora,0.8860121965408325,0.5010761022567749,1.0759981870651245
19,adaptive,123,101,7,full_batch,activation,0.8303478956222534,0.5377395153045654,0.8140066862106323
19,adaptive,123,101,7,full_batch,lora,0.8830322623252869,0.44135457277297974,0.9031571745872498
19,adaptive,123,101,7,full_batch,batch_lora,0.9165937900543213,0.4296146035194397,1.0737966299057007
19,adaptive,123,101,8,heldout_before,activation,0.7865572571754456,0.6021164059638977,0.7734412550926208
19,adaptive,123,101,8,heldout_before,lora,0.8470777273178101,0.5199323892593384,0.8871161341667175
19,adaptive,123,101,8,heldout_before,batch_lora,0.8597963452339172,0.5816022157669067,1.1382039785385132
19,adaptive,123,101,8,heldout_after,activation,0.7865572571754456,0.6021164059638977,0.7734412550926208
19,adaptive,123,101,8,heldout_after,lora,0.8470777273178101,0.5199323892593384,0.8871161341667175
19,adaptive,123,101,8,heldout_after,batch_lora,0.8597963452339172,0.5816022157669067,1.1382039785385132
19,adaptive,123,101,8,full_batch,activation,0.786246120929718,0.6040605306625366,0.7636681795120239
19,adaptive,123,101,8,full_batch,lora,0.8437303304672241,0.5265130996704102,0.8790104985237122
19,adaptive,123,101,8,full_batch,batch_lora,0.8540060520172119,0.5910988450050354,1.1345845460891724
19,adaptive,123,101,9,heldout_before,activation,0.807513415813446,0.5786443948745728,0.8073302507400513
19,adaptive,123,101,9,heldout_before,lora,0.8409821391105652,0.5396791696548462,0.9161122441291809
19,adaptive,123,101,9,heldout_before,batch_lora,0.7720024585723877,0.7685645222663879,1.2040666341781616
19,adaptive,123,101,9,heldout_after,activation,0.8090523481369019,0.5751495361328125,0.807809591293335
19,adaptive,123,101,9,heldout_after,lora,0.8492184281349182,0.5198930501937866,0.8953260183334351
19,adaptive,123,101,9,heldout_after,batch_lora,0.8179688453674316,0.6287021040916443,1.0716214179992676
19,adaptive,123,101,9,full_batch,activation,0.8073465824127197,0.5755692720413208,0.7972071170806885
19,adaptive,123,101,9,full_batch,lora,0.8534049987792969,0.5118554830551147,0.8962463140487671
19,adaptive,123,101,9,full_batch,batch_lora,0.8318654298782349,0.6073082089424133,1.0784893035888672
19,adaptive,123,101,10,heldout_before,activation,0.7342314124107361,0.6682230234146118,0.7476051449775696
19,adaptive,123,101,10,heldout_before,lora,0.7730631232261658,0.6239343881607056,0.8342401385307312
19,adaptive,123,101,10,heldout_before,batch_lora,0.6740841865539551,0.9135291576385498,1.2116014957427979
19,adaptive,123,101,10,heldout_after,activation,0.7374264001846313,0.661990761756897,0.7347224354743958
19,adaptive,123,101,10,heldout_after,lora,0.7886804938316345,0.5995584726333618,0.8282919526100159
19,adaptive,123,101,10,heldout_after,batch_lora,0.6833126544952393,0.9097622632980347,1.2260686159133911
19,adaptive,123,101,10,full_batch,activation,0.7601180076599121,0.6284606456756592,0.7557206153869629
19,adaptive,123,101,10,full_batch,lora,0.8119288682937622,0.552505612373352,0.8464806079864502
19,adaptive,123,101,10,full_batch,batch_lora,0.7592209577560425,0.8145663142204285,1.2490521669387817
19,adaptive,123,101,11,heldout_before,activation,0.7710981965065002,0.6147763729095459,0.7632359266281128
19,adaptive,123,101,11,heldout_before,lora,0.8053755164146423,0.5696739554405212,0.8635174036026001
19,adaptive,123,101,11,heldout_before,batch_lora,0.7143792510032654,0.8993558287620544,1.2793382406234741
19,adaptive,123,101,11,heldout_after,activation,0.7754827737808228,0.6090216636657715,0.7711398005485535
19,adaptive,123,101,11,heldout_after,lora,0.819473147392273,0.5510292649269104,0.8549891114234924
19,adaptive,123,101,11,heldout_after,batch_lora,0.8009268045425415,0.6699314117431641,1.1014130115509033
19,adaptive,123,101,11,full_batch,activation,0.7800931334495544,0.6059656739234924,0.7669823169708252
19,adaptive,123,101,11,full_batch,lora,0.8268769979476929,0.541597843170166,0.8573013544082642
19,adaptive,123,101,11,full_batch,batch_lora,0.8032259941101074,0.6666431427001953,1.102533221244812
19,adaptive,123,101,12,heldout_before,activation,0.7810978293418884,0.619917631149292,0.7612496018409729
19,adaptive,123,101,12,heldout_before,lora,0.8219830989837646,0.5609461069107056,0.8345469832420349
19,adaptive,123,101,12,heldout_before,batch_lora,0.6855465173721313,0.8824246525764465,1.184192180633545
19,adaptive,123,101,12,heldout_after,activation,0.7803557515144348,0.6220226287841797,0.7526550889015198
19,adaptive,123,101,12,heldout_after,lora,0.8190246224403381,0.5652762651443481,0.8296840190887451
19,adaptive,123,101,12,heldout_after,batch_lora,0.6903296113014221,0.9081188440322876,1.2391780614852905
19,adaptive,123,101,12,full_batch,activation,0.7820054888725281,0.6189737319946289,0.7502396106719971
19,adaptive,123,101,12,full_batch,lora,0.8250413537025452,0.5550363063812256,0.8271425366401672
19,adaptive,123,101,12,full_batch,batch_lora,0.7205666303634644,0.8754666447639465,1.2550363540649414
19,adaptive,123,101,13,heldout_before,activation,0.7516876459121704,0.645828902721405,0.7454302906990051
19,adaptive,123,101,13,heldout_before,lora,0.8004079461097717,0.5904006361961365,0.8298967480659485
19,adaptive,123,101,13,heldout_before,batch_lora,0.7823641896247864,0.7030618786811829,1.1085387468338013
19,adaptive,123,101,13,heldout_after,activation,0.7568403482437134,0.639199435710907,0.7384893298149109
19,adaptive,123,101,13,heldout_after,lora,0.8081580996513367,0.5795856714248657,0.825088381767273
19,adaptive,123,101,13,heldout_after,batch_lora,0.8004481792449951,0.6405457258224487,1.0263153314590454
19,adaptive,123,101,13,full_batch,activation,0.7716034650802612,0.6194859743118286,0.7535268068313599
19,adaptive,123,101,13,full_batch,lora,0.824644923210144,0.5496022701263428,0.840653121471405
19,adaptive,123,101,13,full_batch,batch_lora,0.8076014518737793,0.6414225101470947,1.0598772764205933
19,adaptive,123,101,14,heldout_before,activation,0.7765142321586609,0.62030428647995,0.7552396655082703
19,adaptive,123,101,14,heldout_before,lora,0.8093011379241943,0.5767834782600403,0.8352265954017639
19,adaptive,123,101,14,heldout_before,batch_lora,0.7185745239257812,0.7926115393638611,1.098814606666565
19,adaptive,123,101,14,heldout_after,activation,0.7790517210960388,0.6160812377929688,0.763178288936615
19,adaptive,123,101,14,heldout_after,lora,0.8161180019378662,0.5668431520462036,0.8471906781196594
19,adaptive,123,101,14,heldout_after,batch_lora,0.7936767935752869,0.709625780582428,1.1590420007705688
19,adaptive,123,101,14,full_batch,activation,0.7878769040107727,0.6063887476921082,0.7709623575210571
19,adaptive,123,101,14,full_batch,lora,0.8279106616973877,0.5475701093673706,0.8574585914611816
19,adaptive,123,101,14,full_batch,batch_lora,0.8551738262176514,0.5969915986061096,1.151351809501648
19,adaptive,123,101,15,heldout_before,activation,0.7516718506813049,0.6545236110687256,0.7046144604682922
19,adaptive,123,101,15,heldout_before,lora,0.7961819171905518,0.5986928343772888,0.8136670589447021
19,adaptive,123,101,15,heldout_before,batch_lora,0.6901615262031555,0.888251781463623,1.2052478790283203
19,adaptive,123,101,15,heldout_after,activation,0.7504907846450806,0.6553356051445007,0.6935370564460754
19,adaptive,123,101,15,heldout_after,lora,0.8014000654220581,0.5903943181037903,0.7993825078010559
19,adaptive,123,101,15,heldout_after,batch_lora,0.7170753479003906,0.7980472445487976,1.1057608127593994
19,adaptive,123,101,15,full_batch,activation,0.7511898279190063,0.6557046175003052,0.7012010812759399
19,adaptive,123,101,15,full_batch,lora,0.8065894842147827,0.5834670662879944,0.8105137348175049
19,adaptive,123,101,15,full_batch,batch_lora,0.7621574401855469,0.7433068156242371,1.1273820400238037
19,adaptive,123,101,16,heldout_before,activation,0.7276219129562378,0.6737090349197388,0.7190834283828735
19,adaptive,123,101,16,heldout_before,lora,0.7759817838668823,0.6207892894744873,0.8434789180755615
19,adaptive,123,101,16,heldout_before,batch_lora,0.6942819356918335,0.979775071144104,1.359102487564087
19,adaptive,123,101,16,heldout_after,activation,0.7276219129562378,0.6737090349197388,0.7190834283828735
19,adaptive,123,101,16,heldout_after,lora,0.7759817838668823,0.6207892894744873,0.8434789180755615
19,adaptive,123,101,16,heldout_after,batch_lora,0.6942819356918335,0.979775071144104,1.359102487564087
19,adaptive,123,101,16,full_batch,activation,0.719793438911438,0.6822439432144165,0.718961238861084
19,adaptive,123,101,16,full_batch,lora,0.7640677094459534,0.6354249119758606,0.8377704620361328
19,adaptive,123,101,16,full_batch,batch_lora,0.7184770107269287,0.9393588900566101,1.3498280048370361
19,adaptive,123,101,17,heldout_before,activation,0.7601849436759949,0.6445154547691345,0.7565450072288513
19,adaptive,123,101,17,heldout_before,lora,0.7896091341972351,0.6178185939788818,0.8622075915336609
19,adaptive,123,101,17,heldout_before,batch_lora,0.4672812223434448,1.1222929954528809,1.1585795879364014
19,adaptive,123,101,17,heldout_after,activation,0.7755534648895264,0.6148433685302734,0.770348846912384
19,adaptive,123,101,17,heldout_after,lora,0.8128610849380493,0.5644705295562744,0.8441550731658936
19,adaptive,123,101,17,heldout_after,batch_lora,0.6179622411727905,0.8865082859992981,1.0275647640228271
19,adaptive,123,101,17,full_batch,activation,0.7875734567642212,0.5993214249610901,0.775884747505188
19,adaptive,123,101,17,full_batch,lora,0.8284926414489746,0.5373384356498718,0.8583065867424011
19,adaptive,123,101,17,full_batch,batch_lora,0.6819156408309937,0.839289665222168,1.0935176610946655
19,adaptive,123,101,18,heldout_before,activation,0.7320659160614014,0.671885073184967,0.7305201292037964
19,adaptive,123,101,18,heldout_before,lora,0.7695840001106262,0.6401025652885437,0.8113333582878113
19,adaptive,123,101,18,heldout_before,batch_lora,0.5124484300613403,0.9834185838699341,0.9917351007461548
19,adaptive,123,101,18,heldout_after,activation,0.7327139377593994,0.6706593036651611,0.7392364740371704
19,adaptive,123,101,18,heldout_after,lora,0.7779890894889832,0.6280306577682495,0.8261014819145203
19,adaptive,123,101,18,heldout_after,batch_lora,0.6438974142074585,0.8631716966629028,1.0434837341308594
19,adaptive,123,101,18,full_batch,activation,0.7374449372291565,0.6656727194786072,0.7328395843505859
19,adaptive,123,101,18,full_batch,lora,0.7849226593971252,0.6175142526626587,0.8224008083343506
19,adaptive,123,101,18,full_batch,batch_lora,0.7209163904190063,0.7542484402656555,1.0185925960540771
19,adaptive,123,101,19,heldout_before,activation,0.7535969018936157,0.6471723318099976,0.7557686567306519
19,adaptive,123,101,19,heldout_before,lora,0.7931948304176331,0.5999884605407715,0.8232515454292297
19,adaptive,123,101,19,heldout_before,batch_lora,0.6415128111839294,0.8702693581581116,1.0524961948394775
19,adaptive,123,101,19,heldout_after,activation,0.7560120820999146,0.6441003084182739,0.7486003637313843
19,adaptive,123,101,19,heldout_after,lora,0.7953428626060486,0.5968084335327148,0.8242061138153076
19,adaptive,123,101,19,heldout_after,batch_lora,0.7024197578430176,0.8708242774009705,1.2041451930999756
19,adaptive,123,101,19,full_batch,activation,0.756716251373291,0.6442357301712036,0.7412356734275818
19,adaptive,123,101,19,full_batch,lora,0.7955837249755859,0.5979809761047363,0.8110045790672302
19,adaptive,123,101,19,full_batch,batch_lora,0.7527028322219849,0.7795169353485107,1.1700853109359741
19,adaptive,123,101,20,heldout_before,activation,0.7280486226081848,0.6714457273483276,0.712924063205719
19,adaptive,123,101,20,heldout_before,lora,0.7744263410568237,0.6201907992362976,0.8064534664154053
19,adaptive,123,101,20,heldout_before,batch_lora,0.6711162328720093,0.8695599436759949,1.1255733966827393
19,adaptive,123,101,20,heldout_after,activation,0.7280486226081848,0.6714457273483276,0.712924063205719
19,adaptive,123,101,20,heldout_after,lora,0.7744263410568237,0.6201907992362976,0.8064534664154053
19,adaptive,123,101,20,heldout_after,batch_lora,0.6711162328720093,0.8695599436759949,1.1255733966827393
19,adaptive,123,101,20,full_batch,activation,0.7255293130874634,0.6754995584487915,0.7087178826332092
19,adaptive,123,101,20,full_batch,lora,0.7717121243476868,0.6241360902786255,0.7980700731277466
19,adaptive,123,101,20,full_batch,batch_lora,0.7239813804626465,0.810624897480011,1.14972984790802
19,adaptive,123,101,21,heldout_before,activation,0.7068308591842651,0.6966097950935364,0.7386263608932495
19,adaptive,123,101,21,heldout_before,lora,0.73534095287323,0.6644518971443176,0.8093828558921814
19,adaptive,123,101,21,heldout_before,batch_lora,0.5112183690071106,1.100900650024414,1.1992055177688599
19,adaptive,123,101,21,heldout_after,activation,0.7099684476852417,0.6904846429824829,0.7340372800827026
19,adaptive,123,101,21,heldout_after,lora,0.7455712556838989,0.6474329233169556,0.7987341284751892
19,adaptive,123,101,21,heldout_after,batch_lora,0.49412769079208374,0.985651969909668,0.9585327506065369
19,adaptive,123,101,21,full_batch,activation,0.7249042987823486,0.6731995344161987,0.7435832023620605
19,adaptive,123,101,21,full_batch,lora,0.7630760669708252,0.6237078905105591,0.811599612236023
19,adaptive,123,101,21,full_batch,batch_lora,0.5771176815032959,0.928986132144928,1.0199270248413086
19,adaptive,123,101,22,heldout_before,activation,0.724467396736145,0.683212161064148,0.7337161898612976
19,adaptive,123,101,22,heldout_before,lora,0.76223224401474,0.6410945057868958,0.8001212477684021
19,adaptive,123,101,22,heldout_before,batch_lora,0.5694890022277832,0.9483352899551392,1.0424131155014038
19,adaptive,123,101,22,heldout_after,activation,0.724467396736145,0.683212161064148,0.7337161898612976
19,adaptive,123,101,22,heldout_after,lora,0.76223224401474,0.6410945057868958,0.8001212477684021
19,adaptive,123,101,22,heldout_after,batch_lora,0.5694890022277832,0.9483352899551392,1.0424131155014038
19,adaptive,123,101,22,full_batch,activation,0.7209362387657166,0.6876450777053833,0.7284114360809326
19,adaptive,123,101,22,full_batch,lora,0.756503164768219,0.6456357836723328,0.7916246652603149
19,adaptive,123,101,22,full_batch,batch_lora,0.48564237356185913,1.0172009468078613,1.0057830810546875
19,adaptive,123,101,23,heldout_before,activation,0.7251784205436707,0.6884971857070923,0.7380114197731018
19,adaptive,123,101,23,heldout_before,lora,0.7757598757743835,0.6310523748397827,0.7861248254776001
19,adaptive,123,101,23,heldout_before,batch_lora,0.5330121517181396,1.028282880783081,1.1173644065856934
19,adaptive,123,101,23,heldout_after,activation,0.7322379350662231,0.6773337721824646,0.7302049994468689
19,adaptive,123,101,23,heldout_after,lora,0.7845891118049622,0.6214326620101929,0.7989702820777893
19,adaptive,123,101,23,heldout_after,batch_lora,0.6609959006309509,0.9775312542915344,1.2874802350997925
19,adaptive,123,101,23,full_batch,activation,0.7363952398300171,0.6734250783920288,0.7276337146759033
19,adaptive,123,101,23,full_batch,lora,0.792316198348999,0.6092473268508911,0.8029153347015381
19,adaptive,123,101,23,full_batch,batch_lora,0.714017391204834,0.8766205906867981,1.2415438890457153
19,adaptive,123,101,24,heldout_before,activation,0.7231643199920654,0.6846910715103149,0.7176410555839539
19,adaptive,123,101,24,heldout_before,lora,0.7561671137809753,0.6580623984336853,0.8205713629722595
19,adaptive,123,101,24,heldout_before,batch_lora,0.6265066862106323,1.0502537488937378,1.3304553031921387
19,adaptive,123,101,24,heldout_after,activation,0.7369014620780945,0.6664493680000305,0.6728195548057556
19,adaptive,123,101,24,heldout_after,lora,0.7804562449455261,0.6187755465507507,0.7424504160881042
19,adaptive,123,101,24,heldout_after,batch_lora,0.6971935629844666,0.7767935991287231,0.9963377118110657
19,adaptive,123,101,24,full_batch,activation,0.7532992959022522,0.6446609497070312,0.6939040422439575
19,adaptive,123,101,24,full_batch,lora,0.8008832931518555,0.5819108486175537,0.7671864032745361
19,adaptive,123,101,24,full_batch,batch_lora,0.7296760678291321,0.7471940517425537,1.030883550643921
19,adaptive,123,101,25,heldout_before,activation,0.7259610295295715,0.6849501729011536,0.7009536623954773
19,adaptive,123,101,25,heldout_before,lora,0.7613875865936279,0.6474052667617798,0.7757082581520081
19,adaptive,123,101,25,heldout_before,batch_lora,0.6435390114784241,0.8673311471939087,1.051467776298523
19,adaptive,123,101,25,heldout_after,activation,0.7259610295295715,0.6849501729011536,0.7009536623954773
19,adaptive,123,101,25,heldout_after,lora,0.7613875865936279,0.6474052667617798,0.7757082581520081
19,adaptive,123,101,25,heldout_after,batch_lora,0.6435390114784241,0.8673311471939087,1.051467776298523
19,adaptive,123,101,25,full_batch,activation,0.7332550883293152,0.677558422088623,0.7003175616264343
19,adaptive,123,101,25,full_batch,lora,0.768775463104248,0.6389108896255493,0.7748926281929016
19,adaptive,123,101,25,full_batch,batch_lora,0.5980929136276245,0.9534018039703369,1.114513635635376
19,adaptive,123,101,26,heldout_before,activation,0.6792460680007935,0.7238799929618835,0.6464462280273438
19,adaptive,123,101,26,heldout_before,lora,0.7135958075523376,0.6997010111808777,0.7416210770606995
19,adaptive,123,101,26,heldout_before,batch_lora,0.5373740196228027,0.8931098580360413,0.8313401341438293
19,adaptive,123,101,26,heldout_after,activation,0.6820587515830994,0.7198644876480103,0.6439182162284851
19,adaptive,123,101,26,heldout_after,lora,0.7271408438682556,0.6808868646621704,0.7411230802536011
19,adaptive,123,101,26,heldout_after,batch_lora,0.6306353807449341,0.789272129535675,0.77434241771698
19,adaptive,123,101,26,full_batch,activation,0.6989219188690186,0.7025431394577026,0.6568390727043152
19,adaptive,123,101,26,full_batch,lora,0.7458431720733643,0.6571390628814697,0.7474550008773804
19,adaptive,123,101,26,full_batch,batch_lora,0.6738951206207275,0.7504410743713379,0.8054100871086121
19,adaptive,123,101,27,heldout_before,activation,0.6930847764015198,0.7182167172431946,0.7216703295707703
19,adaptive,123,101,27,heldout_before,lora,0.7461990118026733,0.6745150685310364,0.7999866604804993
19,adaptive,123,101,27,heldout_before,batch_lora,0.5367178916931152,0.8936160206794739,0.8310235142707825
19,adaptive,123,101,27,heldout_after,activation,0.7059977650642395,0.7029743790626526,0.7306490540504456
19,adaptive,123,101,27,heldout_after,lora,0.7528164982795715,0.6561097502708435,0.8157851696014404
19,adaptive,123,101,27,heldout_after,batch_lora,0.639757513999939,0.8706064820289612,1.0487138032913208
19,adaptive,123,101,27,full_batch,activation,0.7192248106002808,0.6880557537078857,0.7301144003868103
19,adaptive,123,101,27,full_batch,lora,0.769982635974884,0.6314685344696045,0.8177360892295837
19,adaptive,123,101,27,full_batch,batch_lora,0.7183302640914917,0.7763733863830566,1.0629374980926514
19,adaptive,123,101,28,heldout_before,activation,0.7190091609954834,0.6925769448280334,0.7025505304336548
19,adaptive,123,101,28,heldout_before,lora,0.7613423466682434,0.6498755216598511,0.8116886019706726
19,adaptive,123,101,28,heldout_before,batch_lora,0.5689477920532227,0.9749232530593872,1.0925666093826294
19,adaptive,123,101,28,heldout_after,activation,0.7186499238014221,0.6940070986747742,0.7106439471244812
19,adaptive,123,101,28,heldout_after,lora,0.7702628374099731,0.6368908882141113,0.818104088306427
19,adaptive,123,101,28,heldout_after,batch_lora,0.6745688915252686,0.9020305275917053,1.1929339170455933
19,adaptive,123,101,28,full_batch,activation,0.7226159572601318,0.6907342672348022,0.7129231095314026
19,adaptive,123,101,28,full_batch,lora,0.7774221897125244,0.6271334290504456,0.8158785104751587
19,adaptive,123,101,28,full_batch,batch_lora,0.7509753108024597,0.781996488571167,1.169881820678711
19,adaptive,123,101,29,heldout_before,activation,0.7044885158538818,0.7026426792144775,0.7351400256156921
19,adaptive,123,101,29,heldout_before,lora,0.738868772983551,0.6669265627861023,0.8146564364433289
19,adaptive,123,101,29,heldout_before,batch_lora,0.6608502864837646,0.8971481323242188,1.152376413345337
19,adaptive,123,101,29,heldout_after,activation,0.7144909501075745,0.6906650066375732,0.7320916652679443
19,adaptive,123,101,29,heldout_after,lora,0.7533481121063232,0.6489646434783936,0.8082849383354187
19,adaptive,123,101,29,heldout_after,batch_lora,0.6213828325271606,0.8362114429473877,0.9135575890541077
19,adaptive,123,101,29,full_batch,activation,0.718204140663147,0.6880407333374023,0.7253313064575195
19,adaptive,123,101,29,full_batch,lora,0.7591649293899536,0.6431951522827148,0.8011829257011414
19,adaptive,123,101,29,full_batch,batch_lora,0.594178318977356,0.889100968837738,0.973055899143219
19,adaptive,123,101,30,heldout_before,activation,0.6828474402427673,0.7281186580657959,0.6868816614151001
19,adaptive,123,101,30,heldout_before,lora,0.7152213454246521,0.7021216750144958,0.7692668437957764
19,adaptive,123,101,30,heldout_before,batch_lora,0.44552159309387207,0.9349936842918396,0.7151556611061096
19,adaptive,123,101,30,heldout_after,activation,0.6900683045387268,0.7212908864021301,0.6747129559516907
19,adaptive,123,101,30,heldout_after,lora,0.7312538027763367,0.6841331124305725,0.7515772581100464
19,adaptive,123,101,30,heldout_after,batch_lora,0.5411909222602844,0.8510432839393616,0.6721961498260498
19,adaptive,123,101,30,full_batch,activation,0.6919897794723511,0.7184922695159912,0.6722919344902039
19,adaptive,123,101,30,full_batch,lora,0.7410348653793335,0.6719403266906738,0.7519150972366333
19,adaptive,123,101,30,full_batch,batch_lora,0.5304687023162842,0.8704717755317688,0.7282512784004211
19,adaptive,123,101,31,heldout_before,activation,0.6743136048316956,0.7282028794288635,0.6899164319038391
19,adaptive,123,101,31,heldout_before,lora,0.7229441404342651,0.6798387765884399,0.7639055848121643
19,adaptive,123,101,31,heldout_before,batch_lora,0.696592390537262,0.7528229355812073,0.9245907068252563
19,adaptive,123,101,31,heldout_after,activation,0.6743136048316956,0.7282028794288635,0.6899164319038391
19,adaptive,123,101,31,heldout_after,lora,0.7229441404342651,0.6798387765884399,0.7639055848121643
19,adaptive,123,101,31,heldout_after,batch_lora,0.696592390537262,0.7528229355812073,0.9245907068252563
19,adaptive,123,101,31,full_batch,activation,0.663175106048584,0.7386952638626099,0.6751714944839478
19,adaptive,123,101,31,full_batch,lora,0.7219060063362122,0.682152271270752,0.7618805170059204
19,adaptive,123,101,31,full_batch,batch_lora,0.6821635961532593,0.7746176719665527,0.9378581643104553
19,adaptive,123,101,32,heldout_before,activation,0.6609336733818054,0.7437188625335693,0.6666015982627869
19,adaptive,123,101,32,heldout_before,lora,0.7103326320648193,0.7024314403533936,0.752157986164093
19,adaptive,123,101,32,heldout_before,batch_lora,0.46057501435279846,1.0106291770935059,0.9437941312789917
19,adaptive,123,101,32,heldout_after,activation,0.6688907146453857,0.7344714999198914,0.6674359440803528
19,adaptive,123,101,32,heldout_after,lora,0.7142372727394104,0.6920030117034912,0.7399687170982361
19,adaptive,123,101,32,heldout_after,batch_lora,0.46091270446777344,0.9750776290893555,0.8649137616157532
19,adaptive,123,101,32,full_batch,activation,0.67420893907547,0.7274399995803833,0.6674869060516357
19,adaptive,123,101,32,full_batch,lora,0.7272103428840637,0.6744540929794312,0.7495415210723877
19,adaptive,123,101,32,full_batch,batch_lora,0.5166643261909485,0.9509835839271545,0.9305626153945923
19,adaptive,124,102,1,heldout_before,activation,0.8151577711105347,0.5340686440467834,0.8190702795982361
19,adaptive,124,102,1,heldout_before,lora,0.8791304230690002,0.4322283864021301,0.9084049463272095
19,adaptive,124,102,1,heldout_before,batch_lora,0.9575091600418091,0.29328304529190063,1.0107873678207397
19,adaptive,124,102,1,heldout_after,activation,0.8151577711105347,0.5340686440467834,0.8190702795982361
19,adaptive,124,102,1,heldout_after,lora,0.8791304230690002,0.4322283864021301,0.9084049463272095
19,adaptive,124,102,1,heldout_after,batch_lora,0.9575091600418091,0.29328304529190063,1.0107873678207397
19,adaptive,124,102,1,full_batch,activation,0.8251849412918091,0.5221251249313354,0.8298819065093994
19,adaptive,124,102,1,full_batch,lora,0.8878145217895508,0.4177338480949402,0.9196898937225342
19,adaptive,124,102,1,full_batch,batch_lora,0.9641554355621338,0.26990076899528503,1.0135747194290161
19,adaptive,124,102,2,heldout_before,activation,0.8541712164878845,0.5086363554000854,0.8446647524833679
19,adaptive,124,102,2,heldout_before,lora,0.8959018588066101,0.4352651834487915,0.9479537606239319
19,adaptive,124,102,2,heldout_before,batch_lora,0.9546444416046143,0.35646602511405945,1.1506390571594238
19,adaptive,124,102,2,heldout_after,activation,0.8538358211517334,0.5091848373413086,0.8223145604133606
19,adaptive,124,102,2,heldout_after,lora,0.8959532380104065,0.4305799603462219,0.9203377366065979
19,adaptive,124,102,2,heldout_after,batch_lora,0.9494412541389465,0.33692270517349243,1.0717345476150513
19,adaptive,124,102,2,full_batch,activation,0.8629400134086609,0.49251335859298706,0.8310457468032837
19,adaptive,124,102,2,full_batch,lora,0.9056882858276367,0.40489280223846436,0.927352249622345
19,adaptive,124,102,2,full_batch,batch_lora,0.9575753211975098,0.3120296895503998,1.0772122144699097
19,adaptive,124,102,3,heldout_before,activation,0.8505091071128845,0.5183719992637634,0.8118056058883667
19,adaptive,124,102,3,heldout_before,lora,0.8840957880020142,0.45558562874794006,0.9054383039474487
19,adaptive,124,102,3,heldout_before,batch_lora,0.8976953029632568,0.5060664415359497,1.1466126441955566
19,adaptive,124,102,3,heldout_after,activation,0.851265013217926,0.5155110359191895,0.8061448931694031
19,adaptive,124,102,3,heldout_after,lora,0.8876751661300659,0.4455608129501343,0.8890820145606995
19,adaptive,124,102,3,heldout_after,batch_lora,0.9130775928497314,0.43509870767593384,1.0648064613342285
19,adaptive,124,102,3,full_batch,activation,0.8528562784194946,0.5072581768035889,0.8127723932266235
19,adaptive,124,102,3,full_batch,lora,0.8983901739120483,0.4176802933216095,0.8993659615516663
19,adaptive,124,102,3,full_batch,batch_lora,0.9279471039772034,0.40433403849601746,1.0847015380859375
19,adaptive,124,102,4,heldout_before,activation,0.8661811351776123,0.49169665575027466,0.8508248925209045
19,adaptive,124,102,4,heldout_before,lora,0.9060961008071899,0.4134315848350525,0.9302528500556946
19,adaptive,124,102,4,heldout_before,batch_lora,0.9165652394294739,0.4547562003135681,1.1331175565719604
19,adaptive,124,102,4,heldout_after,activation,0.8669710159301758,0.4900118410587311,0.8586291074752808
19,adaptive,124,102,4,heldout_after,lora,0.9073576927185059,0.40792861580848694,0.9298301339149475
19,adaptive,124,102,4,heldout_after,batch_lora,0.9239999055862427,0.4281012713909149,1.1164742708206177
19,adaptive,124,102,4,full_batch,activation,0.8675374984741211,0.48899734020233154,0.8532273173332214
19,adaptive,124,102,4,full_batch,lora,0.9110313653945923,0.40048539638519287,0.9296213984489441
19,adaptive,124,102,4,full_batch,batch_lora,0.936192512512207,0.3963598310947418,1.1193801164627075
19,adaptive,124,102,5,heldout_before,activation,0.8139957785606384,0.5672228336334229,0.7896605134010315
19,adaptive,124,102,5,heldout_before,lora,0.852502703666687,0.5140345096588135,0.8765740990638733
19,adaptive,124,102,5,heldout_before,batch_lora,0.8350085616111755,0.7016326785087585,1.2703564167022705
19,adaptive,124,102,5,heldout_after,activation,0.8148742318153381,0.5660557150840759,0.7879302501678467
19,adaptive,124,102,5,heldout_after,lora,0.8573238849639893,0.5044670701026917,0.8676707744598389
19,adaptive,124,102,5,heldout_after,batch_lora,0.8406708240509033,0.6345332264900208,1.1713666915893555
19,adaptive,124,102,5,full_batch,activation,0.8188725709915161,0.5606096386909485,0.7948150634765625
19,adaptive,124,102,5,full_batch,lora,0.8656929731369019,0.48818087577819824,0.8763365745544434
19,adaptive,124,102,5,full_batch,batch_lora,0.8706132173538208,0.5746755003929138,1.167630672454834
19,adaptive,124,102,6,heldout_before,activation,0.8048966526985168,0.5742189288139343,0.7702782154083252
19,adaptive,124,102,6,heldout_before,lora,0.8469827771186829,0.5140566825866699,0.8572141528129578
19,adaptive,124,102,6,heldout_before,batch_lora,0.763141930103302,0.8062461018562317,1.2452398538589478
19,adaptive,124,102,6,heldout_after,activation,0.8052070140838623,0.57502681016922,0.7473337650299072
19,adaptive,124,102,6,heldout_after,lora,0.8599959015846252,0.4944532513618469,0.8272953629493713
19,adaptive,124,102,6,heldout_after,batch_lora,0.8152691125869751,0.6327291131019592,1.0702390670776367
19,adaptive,124,102,6,full_batch,activation,0.8154776692390442,0.5599771738052368,0.7604879140853882
19,adaptive,124,102,6,full_batch,lora,0.871124267578125,0.4711868166923523,0.8418381214141846
19,adaptive,124,102,6,full_batch,batch_lora,0.846153736114502,0.5828686356544495,1.0821877717971802
19,adaptive,124,102,7,heldout_before,activation,0.7888033986091614,0.6105382442474365,0.7323419451713562
19,adaptive,124,102,7,heldout_before,lora,0.838925302028656,0.5414032936096191,0.8314805626869202
19,adaptive,124,102,7,heldout_before,batch_lora,0.7794438600540161,0.6660230755805969,1.005540132522583
19,adaptive,124,102,7,heldout_after,activation,0.7911115884780884,0.6074467897415161,0.7316287159919739
19,adaptive,124,102,7,heldout_after,lora,0.8444634079933167,0.5312412977218628,0.8315135836601257
19,adaptive,124,102,7,heldout_after,batch_lora,0.8333807587623596,0.5804299712181091,1.0106446743011475
19,adaptive,124,102,7,full_batch,activation,0.7967803478240967,0.5998531579971313,0.7360718250274658
19,adaptive,124,102,7,full_batch,lora,0.8518179059028625,0.5178900361061096,0.8392853736877441
19,adaptive,124,102,7,full_batch,batch_lora,0.8438550233840942,0.5706467628479004,1.038094401359558
19,adaptive,124,102,8,heldout_before,activation,0.8236786127090454,0.5610591173171997,0.7618509531021118
19,adaptive,124,102,8,heldout_before,lora,0.8472254872322083,0.5230209231376648,0.8658583760261536
19,adaptive,124,102,8,heldout_before,batch_lora,0.7905681133270264,0.7241924405097961,1.177159309387207
19,adaptive,124,102,8,heldout_after,activation,0.8285554051399231,0.5510403513908386,0.7668031454086304
19,adaptive,124,102,8,heldout_after,lora,0.8570762872695923,0.5041809678077698,0.8672930002212524
19,adaptive,124,102,8,heldout_after,batch_lora,0.789113461971283,0.6899590492248535,1.1033482551574707
19,adaptive,124,102,8,full_batch,activation,0.8385586738586426,0.5336042642593384,0.7814700603485107
19,adaptive,124,102,8,full_batch,lora,0.8726716041564941,0.464720755815506,0.8816999197006226
19,adaptive,124,102,8,full_batch,batch_lora,0.8315943479537964,0.6340437531471252,1.137471318244934
19,adaptive,124,102,9,heldout_before,activation,0.8008025288581848,0.5930684804916382,0.7385396361351013
19,adaptive,124,102,9,heldout_before,lora,0.8383687138557434,0.5282163023948669,0.8347718119621277
19,adaptive,124,102,9,heldout_before,batch_lora,0.7446749806404114,0.7468828558921814,1.0798988342285156
19,adaptive,124,102,9,heldout_after,activation,0.8041929602622986,0.5894531607627869,0.7398717403411865
19,adaptive,124,102,9,heldout_after,lora,0.8403679132461548,0.5253617167472839,0.821724534034729
19,adaptive,124,102,9,heldout_after,batch_lora,0.7672964930534363,0.7058318257331848,1.0621564388275146
19,adaptive,124,102,9,full_batch,activation,0.8172302842140198,0.5666254758834839,0.7590622305870056
19,adaptive,124,102,9,full_batch,lora,0.8575929403305054,0.4854872226715088,0.8419684171676636
19,adaptive,124,102,9,full_batch,batch_lora,0.7980343103408813,0.6810030937194824,1.1152468919754028
19,adaptive,124,102,10,heldout_before,activation,0.7820244431495667,0.6207815408706665,0.7108385562896729
19,adaptive,124,102,10,heldout_before,lora,0.8098744750022888,0.5771148204803467,0.8087270259857178
19,adaptive,124,102,10,heldout_before,batch_lora,0.716006875038147,0.772648811340332,1.0471439361572266
19,adaptive,124,102,10,heldout_after,activation,0.7842982411384583,0.618219256401062,0.7131195664405823
19,adaptive,124,102,10,heldout_after,lora,0.8146622180938721,0.5714644193649292,0.806428849697113
19,adaptive,124,102,10,heldout_after,batch_lora,0.7183089852333069,0.7448613047599792,0.9843652844429016
19,adaptive,124,102,10,full_batch,activation,0.789563775062561,0.6110941171646118,0.7144222259521484
19,adaptive,124,102,10,full_batch,lora,0.8193542957305908,0.5647252798080444,0.806575357913971
19,adaptive,124,102,10,full_batch,batch_lora,0.7270826101303101,0.7419294714927673,1.0083447694778442
19,adaptive,124,102,11,heldout_before,activation,0.7865393757820129,0.6074525713920593,0.7362608313560486
19,adaptive,124,102,11,heldout_before,lora,0.8333597779273987,0.5416857600212097,0.8150643110275269
19,adaptive,124,102,11,heldout_before,batch_lora,0.7362151741981506,0.7763313055038452,1.1166138648986816
19,adaptive,124,102,11,heldout_after,activation,0.7914187908172607,0.5989886522293091,0.7650864720344543
19,adaptive,124,102,11,heldout_after,lora,0.8360875248908997,0.533592700958252,0.8392540216445923
19,adaptive,124,102,11,heldout_after,batch_lora,0.7720441818237305,0.7665205597877502,1.200536847114563
19,adaptive,124,102,11,full_batch,activation,0.8057437539100647,0.5770828127861023,0.779404878616333
19,adaptive,124,102,11,full_batch,lora,0.8533520102500916,0.49508363008499146,0.8562479615211487
19,adaptive,124,102,11,full_batch,batch_lora,0.8239219188690186,0.6917634010314941,1.2206382751464844
19,adaptive,124,102,12,heldout_before,activation,0.7657917737960815,0.6322273015975952,0.7364054918289185
19,adaptive,124,102,12,heldout_before,lora,0.8189504146575928,0.5669234991073608,0.8456401228904724
19,adaptive,124,102,12,heldout_before,batch_lora,0.74772047996521,0.7970031499862671,1.1885148286819458
19,adaptive,124,102,12,heldout_after,activation,0.7661184668540955,0.6306316256523132,0.7362449765205383
19,adaptive,124,102,12,heldout_after,lora,0.8268397450447083,0.5544654130935669,0.8322718739509583
19,adaptive,124,102,12,heldout_after,batch_lora,0.7252629995346069,0.7313610911369324,0.9720332026481628
19,adaptive,124,102,12,full_batch,activation,0.7780309915542603,0.6145334839820862,0.7505038976669312
19,adaptive,124,102,12,full_batch,lora,0.836333692073822,0.5385308265686035,0.8447707295417786
19,adaptive,124,102,12,full_batch,batch_lora,0.6848021745681763,0.8203268051147461,1.0614850521087646
19,adaptive,124,102,13,heldout_before,activation,0.7723686099052429,0.630175769329071,0.7192718982696533
19,adaptive,124,102,13,heldout_before,lora,0.8008686304092407,0.5868382453918457,0.8210732340812683
19,adaptive,124,102,13,heldout_before,batch_lora,0.5033806562423706,1.0428290367126465,1.0872342586517334
19,adaptive,124,102,13,heldout_after,activation,0.7762302756309509,0.6260395050048828,0.722476601600647
19,adaptive,124,102,13,heldout_after,lora,0.8117059469223022,0.573840856552124,0.8105602860450745
19,adaptive,124,102,13,heldout_after,batch_lora,0.5959668159484863,0.8680761456489563,0.9257134199142456
19,adaptive,124,102,13,full_batch,activation,0.785330593585968,0.6134532690048218,0.7274054288864136
19,adaptive,124,102,13,full_batch,lora,0.8212344646453857,0.5586812496185303,0.8148887157440186
19,adaptive,124,102,13,full_batch,batch_lora,0.5810656547546387,0.910017192363739,0.9882123470306396
19,adaptive,124,102,14,heldout_before,activation,0.7568286061286926,0.642291247844696,0.7447713613510132
19,adaptive,124,102,14,heldout_before,lora,0.7992397546768188,0.5940009951591492,0.8412050604820251
19,adaptive,124,102,14,heldout_before,batch_lora,0.5931861400604248,0.8406044244766235,0.8350244164466858
19,adaptive,124,102,14,heldout_after,activation,0.7604700326919556,0.636855959892273,0.741922914981842
19,adaptive,124,102,14,heldout_after,lora,0.8076329827308655,0.5818678140640259,0.8418648838996887
19,adaptive,124,102,14,heldout_after,batch_lora,0.7224912047386169,0.7288695573806763,0.9532385468482971
19,adaptive,124,102,14,full_batch,activation,0.7606080770492554,0.638441264629364,0.7381261587142944
19,adaptive,124,102,14,full_batch,lora,0.8150969743728638,0.5713958740234375,0.8426499962806702
19,adaptive,124,102,14,full_batch,batch_lora,0.7228058576583862,0.7444118857383728,0.999567985534668
19,adaptive,124,102,15,heldout_before,activation,0.7364749312400818,0.6618548631668091,0.7355780005455017
19,adaptive,124,102,15,heldout_before,lora,0.7854926586151123,0.6070082783699036,0.84955233335495
19,adaptive,124,102,15,heldout_before,batch_lora,0.614983081817627,0.9602345824241638,1.162937879562378
19,adaptive,124,102,15,heldout_after,activation,0.7486305832862854,0.6455780267715454,0.7586854100227356
19,adaptive,124,102,15,heldout_after,lora,0.7912966012954712,0.6032735705375671,0.8790410161018372
19,adaptive,124,102,15,heldout_after,batch_lora,0.6196742057800293,0.9644226431846619,1.1801270246505737
19,adaptive,124,102,15,full_batch,activation,0.7658404111862183,0.6219463348388672,0.7694436311721802
19,adaptive,124,102,15,full_batch,lora,0.8139641284942627,0.5565855503082275,0.890102744102478
19,adaptive,124,102,15,full_batch,batch_lora,0.7181664705276489,0.8393414616584778,1.1874821186065674
19,adaptive,124,102,16,heldout_before,activation,0.7613950371742249,0.6376727223396301,0.7644569277763367
19,adaptive,124,102,16,heldout_before,lora,0.7876415848731995,0.609534740447998,0.8382965326309204
19,adaptive,124,102,16,heldout_before,batch_lora,0.6249901056289673,0.9214566349983215,1.1145764589309692
19,adaptive,124,102,16,heldout_after,activation,0.7606970071792603,0.6367539763450623,0.7316274046897888
19,adaptive,124,102,16,heldout_after,lora,0.782450258731842,0.6121091842651367,0.8236995935440063
19,adaptive,124,102,16,heldout_after,batch_lora,0.6522988080978394,0.9150779247283936,1.1649986505508423
19,adaptive,124,102,16,full_batch,activation,0.7726706266403198,0.6190747618675232,0.7414430975914001
19,adaptive,124,102,16,full_batch,lora,0.7998465299606323,0.5822641849517822,0.8379168510437012
19,adaptive,124,102,16,full_batch,batch_lora,0.7512820959091187,0.7777145504951477,1.1626996994018555
19,adaptive,124,102,17,heldout_before,activation,0.760727047920227,0.631537675857544,0.7448827028274536
19,adaptive,124,102,17,heldout_before,lora,0.8078008890151978,0.5684438347816467,0.8437266945838928
19,adaptive,124,102,17,heldout_before,batch_lora,0.8012655377388,0.6580300331115723,1.0751819610595703
19,adaptive,124,102,17,heldout_after,activation,0.760727047920227,0.631537675857544,0.7448827028274536
19,adaptive,124,102,17,heldout_after,lora,0.8078008890151978,0.5684438347816467,0.8437266945838928
19,adaptive,124,102,17,heldout_after,batch_lora,0.8012655377388,0.6580300331115723,1.0751819610595703
19,adaptive,124,102,17,full_batch,activation,0.7416787147521973,0.6511025428771973,0.7228931784629822
19,adaptive,124,102,17,full_batch,lora,0.7926379442214966,0.5896584987640381,0.8307570219039917
19,adaptive,124,102,17,full_batch,batch_lora,0.7732368111610413,0.7215351462364197,1.1174869537353516
19,adaptive,124,102,18,heldout_before,activation,0.709496259689331,0.6978585720062256,0.7058446407318115
19,adaptive,124,102,18,heldout_before,lora,0.7527123093605042,0.6667181253433228,0.8443570733070374
19,adaptive,124,102,18,heldout_before,batch_lora,0.5501077175140381,1.3100401163101196,1.5594756603240967
19,adaptive,124,102,18,heldout_after,activation,0.7154413461685181,0.6910688877105713,0.7190853357315063
19,adaptive,124,102,18,heldout_after,lora,0.7674205899238586,0.6476716995239258,0.8439704179763794
19,adaptive,124,102,18,heldout_after,batch_lora,0.5668720006942749,1.1078587770462036,1.307611346244812
19,adaptive,124,102,18,full_batch,activation,0.7345038652420044,0.6666330695152283,0.7290441393852234
19,adaptive,124,102,18,full_batch,lora,0.7878549098968506,0.6122537851333618,0.8512078523635864
19,adaptive,124,102,18,full_batch,batch_lora,0.6710793972015381,0.9757128953933716,1.3054004907608032
19,adaptive,124,102,19,heldout_before,activation,0.7257398366928101,0.6841057538986206,0.7446878552436829
19,adaptive,124,102,19,heldout_before,lora,0.7718541622161865,0.6450652480125427,0.8578060269355774
19,adaptive,124,102,19,heldout_before,batch_lora,0.4563969075679779,1.161576271057129,1.203094720840454
19,adaptive,124,102,19,heldout_after,activation,0.7302634119987488,0.6794359087944031,0.7427183389663696
19,adaptive,124,102,19,heldout_after,lora,0.7779975533485413,0.6329101920127869,0.847740888595581
19,adaptive,124,102,19,heldout_after,batch_lora,0.5333393216133118,1.021755337715149,1.1064316034317017
19,adaptive,124,102,19,full_batch,activation,0.7244056463241577,0.6856456398963928,0.7214641571044922
19,adaptive,124,102,19,full_batch,lora,0.7815868854522705,0.6276074647903442,0.8324966430664062
19,adaptive,124,102,19,full_batch,batch_lora,0.5626674890518188,0.9799719452857971,1.0889179706573486
19,adaptive,124,102,20,heldout_before,activation,0.7275808453559875,0.6739596724510193,0.7236834168434143
19,adaptive,124,102,20,heldout_before,lora,0.7648443579673767,0.6426500678062439,0.8291599154472351
19,adaptive,124,102,20,heldout_before,batch_lora,0.5098768472671509,0.8875337839126587,0.7282589077949524
19,adaptive,124,102,20,heldout_after,activation,0.7307705283164978,0.6715084314346313,0.7043288350105286
19,adaptive,124,102,20,heldout_after,lora,0.7764559388160706,0.6215755343437195,0.8047388195991516
19,adaptive,124,102,20,heldout_after,batch_lora,0.6305662989616394,0.804888129234314,0.8437768816947937
19,adaptive,124,102,20,full_batch,activation,0.736156702041626,0.6662531495094299,0.7095609903335571
19,adaptive,124,102,20,full_batch,lora,0.7887381315231323,0.6033526062965393,0.8145782947540283
19,adaptive,124,102,20,full_batch,batch_lora,0.6737233400344849,0.7627624869346619,0.8626934289932251
19,adaptive,124,102,21,heldout_before,activation,0.7360665202140808,0.6829534769058228,0.7225801944732666
19,adaptive,124,102,21,heldout_before,lora,0.7702547311782837,0.6520377397537231,0.8321417570114136
19,adaptive,124,102,21,heldout_before,batch_lora,0.5439803600311279,0.935519278049469,0.9576358795166016
19,adaptive,124,102,21,heldout_after,activation,0.7423452734947205,0.6707138419151306,0.7092007994651794
19,adaptive,124,102,21,heldout_after,lora,0.7750561237335205,0.6283012628555298,0.8044349551200867
19,adaptive,124,102,21,heldout_after,batch_lora,0.5992220640182495,0.8662131428718567,0.9299671053886414
19,adaptive,124,102,21,full_batch,activation,0.7604910731315613,0.6432774066925049,0.7271435260772705
19,adaptive,124,102,21,full_batch,lora,0.7991419434547424,0.5809206962585449,0.823830246925354
19,adaptive,124,102,21,full_batch,batch_lora,0.6122876405715942,0.892617404460907,1.0266085863113403
19,adaptive,124,102,22,heldout_before,activation,0.7417243123054504,0.6666940450668335,0.7206397652626038
19,adaptive,124,102,22,heldout_before,lora,0.7772913575172424,0.6222726106643677,0.8171866536140442
19,adaptive,124,102,22,heldout_before,batch_lora,0.7616854906082153,0.6567897796630859,0.8690986037254333
19,adaptive,124,102,22,heldout_after,activation,0.7453734874725342,0.6633373498916626,0.7199743390083313
19,adaptive,124,102,22,heldout_after,lora,0.7812617421150208,0.6179453134536743,0.8221506476402283
19,adaptive,124,102,22,heldout_after,batch_lora,0.8091546297073364,0.6167415380477905,0.9965076446533203
19,adaptive,124,102,22,full_batch,activation,0.7317819595336914,0.6739894151687622,0.7051491737365723
19,adaptive,124,102,22,full_batch,lora,0.7786363363265991,0.6191995739936829,0.8113987445831299
19,adaptive,124,102,22,full_batch,batch_lora,0.8174458146095276,0.5985545516014099,0.9801886081695557
19,adaptive,124,102,23,heldout_before,activation,0.7226806879043579,0.6804105639457703,0.7055259346961975
19,adaptive,124,102,23,heldout_before,lora,0.7557132244110107,0.6333217620849609,0.783913791179657
19,adaptive,124,102,23,heldout_before,batch_lora,0.5071301460266113,1.0904371738433838,1.1751377582550049
19,adaptive,124,102,23,heldout_after,activation,0.7227553129196167,0.6805331110954285,0.7068498134613037
19,adaptive,124,102,23,heldout_after,lora,0.7585495710372925,0.629467248916626,0.7888977527618408
19,adaptive,124,102,23,heldout_after,batch_lora,0.4973788261413574,1.0882248878479004,1.1543562412261963
19,adaptive,124,102,23,full_batch,activation,0.7243939638137817,0.6768692135810852,0.7057936787605286
19,adaptive,124,102,23,full_batch,lora,0.7665157318115234,0.6214261054992676,0.7930642366409302
19,adaptive,124,102,23,full_batch,batch_lora,0.5101183652877808,1.1104985475540161,1.2125625610351562
19,adaptive,124,102,24,heldout_before,activation,0.7004105448722839,0.7001786828041077,0.6698645949363708
19,adaptive,124,102,24,heldout_before,lora,0.7337973117828369,0.6649149656295776,0.7635059952735901
19,adaptive,124,102,24,heldout_before,batch_lora,0.6150307655334473,0.8282443881034851,0.8685094714164734
19,adaptive,124,102,24,heldout_after,activation,0.7004105448722839,0.7001786828041077,0.6698645949363708
19,adaptive,124,102,24,heldout_after,lora,0.7337973117828369,0.6649149656295776,0.7635059952735901
19,adaptive,124,102,24,heldout_after,batch_lora,0.6150307655334473,0.8282443881034851,0.8685094714164734
19,adaptive,124,102,24,full_batch,activation,0.6852035522460938,0.7139396667480469,0.6542783975601196
19,adaptive,124,102,24,full_batch,lora,0.7170751094818115,0.6821905374526978,0.7497268319129944
19,adaptive,124,102,24,full_batch,batch_lora,0.5869560241699219,0.8443066477775574,0.8264783024787903
19,adaptive,124,102,25,heldout_before,activation,0.6788811087608337,0.7374357581138611,0.6473329067230225
19,adaptive,124,102,25,heldout_before,lora,0.7163687348365784,0.694318950176239,0.7472637295722961
19,adaptive,124,102,25,heldout_before,batch_lora,0.4789665639400482,0.9794007539749146,0.9132875204086304
19,adaptive,124,102,25,heldout_after,activation,0.6976319551467896,0.7226184606552124,0.6589267253875732
19,adaptive,124,102,25,heldout_after,lora,0.7256948351860046,0.6881033182144165,0.7639322876930237
19,adaptive,124,102,25,heldout_after,batch_lora,0.5237945318222046,0.9643767476081848,0.9758822917938232
19,adaptive,124,102,25,full_batch,activation,0.706311821937561,0.711887776851654,0.6679918766021729
19,adaptive,124,102,25,full_batch,lora,0.7413296699523926,0.6662645936012268,0.7726399302482605
19,adaptive,124,102,25,full_batch,batch_lora,0.6199449300765991,0.8849378228187561,1.0291470289230347
19,adaptive,124,102,26,heldout_before,activation,0.7143779397010803,0.6948343515396118,0.734325647354126
19,adaptive,124,102,26,heldout_before,lora,0.7376850247383118,0.6755295395851135,0.8346779942512512
19,adaptive,124,102,26,heldout_before,batch_lora,0.4882926642894745,1.138650894165039,1.2196992635726929
19,adaptive,124,102,26,heldout_after,activation,0.7181274890899658,0.6907216310501099,0.7248955368995667
19,adaptive,124,102,26,heldout_after,lora,0.7514162659645081,0.6566280722618103,0.8351035714149475
19,adaptive,124,102,26,heldout_after,batch_lora,0.5574222803115845,1.0475701093673706,1.196267008781433
19,adaptive,124,102,26,full_batch,activation,0.7225694060325623,0.6860733032226562,0.7209576368331909
19,adaptive,124,102,26,full_batch,lora,0.7643114924430847,0.6379546523094177,0.8350359797477722
19,adaptive,124,102,26,full_batch,batch_lora,0.6743547916412354,0.8853251934051514,1.1627758741378784
19,adaptive,124,102,27,heldout_before,activation,0.695246160030365,0.7101606726646423,0.717059314250946
19,adaptive,124,102,27,heldout_before,lora,0.7316052317619324,0.6752212047576904,0.8176130056381226
19,adaptive,124,102,27,heldout_before,batch_lora,0.5651682615280151,1.0066733360290527,1.1420620679855347
19,adaptive,124,102,27,heldout_after,activation,0.6959636211395264,0.7099369764328003,0.7289217710494995
19,adaptive,124,102,27,heldout_after,lora,0.7422317862510681,0.6618111729621887,0.8265615701675415
19,adaptive,124,102,27,heldout_after,batch_lora,0.6492347121238708,0.8991857171058655,1.128860354423523
19,adaptive,124,102,27,full_batch,activation,0.6974053382873535,0.7099331021308899,0.720964252948761
19,adaptive,124,102,27,full_batch,lora,0.7511841654777527,0.6516821384429932,0.8220192790031433
19,adaptive,124,102,27,full_batch,batch_lora,0.6667550802230835,0.8859013915061951,1.1456952095031738
19,adaptive,124,102,28,heldout_before,activation,0.6877252459526062,0.7205722332000732,0.727266252040863
19,adaptive,124,102,28,heldout_before,lora,0.7368020415306091,0.69166499376297,0.8582477569580078
19,adaptive,124,102,28,heldout_before,batch_lora,0.5027641654014587,1.102888822555542,1.1876987218856812
19,adaptive,124,102,28,heldout_after,activation,0.700210452079773,0.7060055136680603,0.7207834720611572
19,adaptive,124,102,28,heldout_after,lora,0.7368572950363159,0.6753528118133545,0.8287063837051392
19,adaptive,124,102,28,heldout_after,batch_lora,0.3925028443336487,1.1419346332550049,1.0693141222000122
19,adaptive,124,102,28,full_batch,activation,0.7184263467788696,0.684109091758728,0.7298800945281982
19,adaptive,124,102,28,full_batch,lora,0.7595343589782715,0.6405943632125854,0.8372201323509216
19,adaptive,124,102,28,full_batch,batch_lora,0.5473620295524597,1.002049207687378,1.0984591245651245
19,adaptive,124,102,29,heldout_before,activation,0.6973186731338501,0.7101835608482361,0.7391472458839417
19,adaptive,124,102,29,heldout_before,lora,0.7261750102043152,0.6899540424346924,0.8561393022537231
19,adaptive,124,102,29,heldout_before,batch_lora,0.2407405972480774,1.3029857873916626,1.1100667715072632
19,adaptive,124,102,29,heldout_after,activation,0.7001012563705444,0.7045194506645203,0.7017875909805298
19,adaptive,124,102,29,heldout_after,lora,0.7407227158546448,0.6656458973884583,0.8233438730239868
19,adaptive,124,102,29,heldout_after,batch_lora,0.508541464805603,1.0423979759216309,1.096085548400879
19,adaptive,124,102,29,full_batch,activation,0.7057890295982361,0.6955252885818481,0.7016721963882446
19,adaptive,124,102,29,full_batch,lora,0.7546863555908203,0.6439523696899414,0.8232172727584839
19,adaptive,124,102,29,full_batch,batch_lora,0.5740275382995605,1.0107526779174805,1.1665887832641602
19,adaptive,124,102,30,heldout_before,activation,0.6662610769271851,0.7333506345748901,0.6628086566925049
19,adaptive,124,102,30,heldout_before,lora,0.7340921759605408,0.6724039316177368,0.7818936109542847
19,adaptive,124,102,30,heldout_before,batch_lora,0.5318427681922913,1.0686372518539429,1.183642029762268
19,adaptive,124,102,30,heldout_after,activation,0.6662610769271851,0.7333506345748901,0.6628086566925049
19,adaptive,124,102,30,heldout_after,lora,0.7340921759605408,0.6724039316177368,0.7818936109542847
19,adaptive,124,102,30,heldout_after,batch_lora,0.5318427681922913,1.0686372518539429,1.183642029762268
19,adaptive,124,102,30,full_batch,activation,0.6719448566436768,0.7282509207725525,0.6838780641555786
19,adaptive,124,102,30,full_batch,lora,0.739666223526001,0.6645322442054749,0.8003259897232056
19,adaptive,124,102,30,full_batch,batch_lora,0.6327904462814331,0.9714230298995972,1.219379186630249
19,adaptive,124,102,31,heldout_before,activation,0.6719882488250732,0.7358953356742859,0.6479155421257019
19,adaptive,124,102,31,heldout_before,lora,0.7131268382072449,0.6944291591644287,0.7679717540740967
19,adaptive,124,102,31,heldout_before,batch_lora,0.531352162361145,1.0291694402694702,1.1157535314559937
19,adaptive,124,102,31,heldout_after,activation,0.6689010858535767,0.7380010485649109,0.6283279657363892
19,adaptive,124,102,31,heldout_after,lora,0.7127700448036194,0.6914741396903992,0.7461139559745789
19,adaptive,124,102,31,heldout_after,batch_lora,0.4714329242706299,1.004960536956787,0.9532991051673889
19,adaptive,124,102,31,full_batch,activation,0.6751899719238281,0.7319396734237671,0.6344241499900818
19,adaptive,124,102,31,full_batch,lora,0.7262687683105469,0.6752674579620361,0.7559384107589722
19,adaptive,124,102,31,full_batch,batch_lora,0.5366601943969727,0.9851779341697693,1.0451675653457642
19,adaptive,124,102,32,heldout_before,activation,0.6312770843505859,0.7675732374191284,0.6311861872673035
19,adaptive,124,102,32,heldout_before,lora,0.6742568612098694,0.7268408536911011,0.7643746733665466
19,adaptive,124,102,32,heldout_before,batch_lora,0.485685795545578,1.07415771484375,1.1099498271942139
19,adaptive,124,102,32,heldout_after,activation,0.6312770843505859,0.7675732374191284,0.6311861872673035
19,adaptive,124,102,32,heldout_after,lora,0.6742568612098694,0.7268408536911011,0.7643746733665466
19,adaptive,124,102,32,heldout_after,batch_lora,0.485685795545578,1.07415771484375,1.1099498271942139
19,adaptive,124,102,32,full_batch,activation,0.6449062824249268,0.7532104849815369,0.6422818899154663
19,adaptive,124,102,32,full_batch,lora,0.687788724899292,0.7115646600723267,0.7693051099777222
19,adaptive,124,102,32,full_batch,batch_lora,0.5571520328521729,1.0373212099075317,1.1788060665130615
19,adaptive,125,103,1,heldout_before,activation,0.863796055316925,0.4888278543949127,0.8447752594947815
19,adaptive,125,103,1,heldout_before,lora,0.9146633744239807,0.38826093077659607,0.926152765750885
19,adaptive,125,103,1,heldout_before,batch_lora,0.9721656441688538,0.23621495068073273,1.0022231340408325
19,adaptive,125,103,1,heldout_after,activation,0.863796055316925,0.4888278543949127,0.8447752594947815
19,adaptive,125,103,1,heldout_after,lora,0.9146633744239807,0.38826093077659607,0.926152765750885
19,adaptive,125,103,1,heldout_after,batch_lora,0.9721656441688538,0.23621495068073273,1.0022231340408325
19,adaptive,125,103,1,full_batch,activation,0.8659244775772095,0.4864450991153717,0.8480395674705505
19,adaptive,125,103,1,full_batch,lora,0.9159177541732788,0.38720211386680603,0.930463433265686
19,adaptive,125,103,1,full_batch,batch_lora,0.9762709140777588,0.217670276761055,0.998301088809967
19,adaptive,125,103,2,heldout_before,activation,0.8376871347427368,0.536396324634552,0.8334714770317078
19,adaptive,125,103,2,heldout_before,lora,0.8741326332092285,0.48561203479766846,0.9403141140937805
19,adaptive,125,103,2,heldout_before,batch_lora,0.9191652536392212,0.5055437088012695,1.2360867261886597
19,adaptive,125,103,2,heldout_after,activation,0.8399631381034851,0.5318590402603149,0.8345965147018433
19,adaptive,125,103,2,heldout_after,lora,0.881564736366272,0.46265849471092224,0.9143679738044739
19,adaptive,125,103,2,heldout_after,batch_lora,0.9429726600646973,0.3634391725063324,1.0888686180114746
19,adaptive,125,103,2,full_batch,activation,0.8472212553024292,0.5201801061630249,0.8418951630592346
19,adaptive,125,103,2,full_batch,lora,0.8916693925857544,0.4387604594230652,0.9229877591133118
19,adaptive,125,103,2,full_batch,batch_lora,0.9491803646087646,0.3367275297641754,1.068882942199707
19,adaptive,125,103,3,heldout_before,activation,0.8191215991973877,0.5608834028244019,0.826310932636261
19,adaptive,125,103,3,heldout_before,lora,0.8571721911430359,0.514435887336731,0.9222919940948486
19,adaptive,125,103,3,heldout_before,batch_lora,0.843419075012207,0.545094907283783,0.9355289340019226
19,adaptive,125,103,3,heldout_after,activation,0.8164586424827576,0.5628044605255127,0.8221660852432251
19,adaptive,125,103,3,heldout_after,lora,0.8655012845993042,0.4904691278934479,0.913459300994873
19,adaptive,125,103,3,heldout_after,batch_lora,0.9146033525466919,0.4062108099460602,0.9534177184104919
19,adaptive,125,103,3,full_batch,activation,0.8300597667694092,0.539513349533081,0.8321360349655151
19,adaptive,125,103,3,full_batch,lora,0.8802551031112671,0.4512992203235626,0.921950101852417
19,adaptive,125,103,3,full_batch,batch_lora,0.9297519326210022,0.3703359365463257,0.969595193862915
19,adaptive,125,103,4,heldout_before,activation,0.8049454092979431,0.5718700289726257,0.8131390810012817
19,adaptive,125,103,4,heldout_before,lora,0.8564139008522034,0.49545249342918396,0.9053065776824951
19,adaptive,125,103,4,heldout_before,batch_lora,0.8739665746688843,0.5103044509887695,1.02962064743042
19,adaptive,125,103,4,heldout_after,activation,0.8069202899932861,0.5684728026390076,0.8231490254402161
19,adaptive,125,103,4,heldout_after,lora,0.8607748746871948,0.4841809570789337,0.9166456460952759
19,adaptive,125,103,4,heldout_after,batch_lora,0.9148464202880859,0.4105902910232544,0.9891997575759888
19,adaptive,125,103,4,full_batch,activation,0.8198204040527344,0.5482263565063477,0.8318081498146057
19,adaptive,125,103,4,full_batch,lora,0.8756520748138428,0.44838690757751465,0.9244918823242188
19,adaptive,125,103,4,full_batch,batch_lora,0.9409134984016418,0.34261882305145264,0.9929302334785461
19,adaptive,125,103,5,heldout_before,activation,0.7960571050643921,0.592211127281189,0.8141058087348938
19,adaptive,125,103,5,heldout_before,lora,0.8530272245407104,0.5193044543266296,0.923947811126709
19,adaptive,125,103,5,heldout_before,batch_lora,0.8925457000732422,0.5071280598640442,1.1245300769805908
19,adaptive,125,103,5,heldout_after,activation,0.785481333732605,0.6050519943237305,0.7876107692718506
19,adaptive,125,103,5,heldout_after,lora,0.8579384088516235,0.5072242617607117,0.8904843330383301
19,adaptive,125,103,5,heldout_after,batch_lora,0.8958210349082947,0.4709634482860565,1.0517117977142334
19,adaptive,125,103,5,full_batch,activation,0.8047376275062561,0.5719765424728394,0.8042938113212585
19,adaptive,125,103,5,full_batch,lora,0.8743442296981812,0.46182963252067566,0.9026221632957458
19,adaptive,125,103,5,full_batch,batch_lora,0.9136902093887329,0.4315541982650757,1.0588406324386597
19,adaptive,125,103,6,heldout_before,activation,0.8058307766914368,0.5812744498252869,0.8506036996841431
19,adaptive,125,103,6,heldout_before,lora,0.8622739315032959,0.5001287460327148,0.9348281025886536
19,adaptive,125,103,6,heldout_before,batch_lora,0.9156932830810547,0.4652089476585388,1.1500297784805298
19,adaptive,125,103,6,heldout_after,activation,0.8066045641899109,0.5791685581207275,0.8544033765792847
19,adaptive,125,103,6,heldout_after,lora,0.8700358867645264,0.4831981956958771,0.9274247288703918
19,adaptive,125,103,6,heldout_after,batch_lora,0.935136079788208,0.382829874753952,1.08018159866333
19,adaptive,125,103,6,full_batch,activation,0.8107221126556396,0.5738341808319092,0.8502078056335449
19,adaptive,125,103,6,full_batch,lora,0.8746470212936401,0.4748959541320801,0.9271500110626221
19,adaptive,125,103,6,full_batch,batch_lora,0.9389792084693909,0.3690856397151947,1.072792649269104
19,adaptive,125,103,7,heldout_before,activation,0.8133877515792847,0.5759968161582947,0.852196991443634
19,adaptive,125,103,7,heldout_before,lora,0.8692362308502197,0.49608778953552246,0.936048150062561
19,adaptive,125,103,7,heldout_before,batch_lora,0.8161011934280396,0.6410424709320068,1.093511939048767
19,adaptive,125,103,7,heldout_after,activation,0.8180683255195618,0.5651253461837769,0.8426409959793091
19,adaptive,125,103,7,heldout_after,lora,0.8759831190109253,0.472317636013031,0.9173682928085327
19,adaptive,125,103,7,heldout_after,batch_lora,0.8670982122421265,0.5460664629936218,1.0908126831054688
19,adaptive,125,103,7,full_batch,activation,0.8208518624305725,0.561922550201416,0.8372384309768677
19,adaptive,125,103,7,full_batch,lora,0.8821073174476624,0.460287868976593,0.9171544313430786
19,adaptive,125,103,7,full_batch,batch_lora,0.8887976408004761,0.5060765147209167,1.1034475564956665
19,adaptive,125,103,8,heldout_before,activation,0.7358725666999817,0.6627336740493774,0.7327687740325928
19,adaptive,125,103,8,heldout_before,lora,0.8188287019729614,0.5700468420982361,0.875594973564148
19,adaptive,125,103,8,heldout_before,batch_lora,0.7757017016410828,0.7261511087417603,1.1348789930343628
19,adaptive,125,103,8,heldout_after,activation,0.7386434078216553,0.6592150926589966,0.7295987606048584
19,adaptive,125,103,8,heldout_after,lora,0.8217613101005554,0.5628799200057983,0.8641682267189026
19,adaptive,125,103,8,heldout_after,batch_lora,0.7869324684143066,0.6733619570732117,1.0565224885940552
19,adaptive,125,103,8,full_batch,activation,0.7423484325408936,0.6531758308410645,0.7377191185951233
19,adaptive,125,103,8,full_batch,lora,0.8273776769638062,0.5510866641998291,0.8673087954521179
19,adaptive,125,103,8,full_batch,batch_lora,0.8175630569458008,0.6207746267318726,1.0494471788406372
19,adaptive,125,103,9,heldout_before,activation,0.7342240810394287,0.6622528433799744,0.7686293721199036
19,adaptive,125,103,9,heldout_before,lora,0.8093737363815308,0.5802978873252869,0.8827434778213501
19,adaptive,125,103,9,heldout_before,batch_lora,0.7070075273513794,0.8317285776138306,1.1447654962539673
19,adaptive,125,103,9,heldout_after,activation,0.7326496839523315,0.6660593152046204,0.7490861415863037
19,adaptive,125,103,9,heldout_after,lora,0.8045105338096619,0.5967618823051453,0.8856595158576965
19,adaptive,125,103,9,heldout_after,batch_lora,0.7552486658096313,0.7739174962043762,1.1667687892913818
19,adaptive,125,103,9,full_batch,activation,0.7458014488220215,0.6511328816413879,0.7537949681282043
19,adaptive,125,103,9,full_batch,lora,0.8192553520202637,0.5699052810668945,0.8904807567596436
19,adaptive,125,103,9,full_batch,batch_lora,0.7998392581939697,0.7086236476898193,1.1765224933624268
19,adaptive,125,103,10,heldout_before,activation,0.7610083222389221,0.6278079748153687,0.7416876554489136
19,adaptive,125,103,10,heldout_before,lora,0.7950266599655151,0.5920865535736084,0.829490602016449
19,adaptive,125,103,10,heldout_before,batch_lora,0.8423147201538086,0.5431486964225769,0.9094316363334656
19,adaptive,125,103,10,heldout_after,activation,0.7219145894050598,0.6776033043861389,0.7049199938774109
19,adaptive,125,103,10,heldout_after,lora,0.7500397562980652,0.6476492881774902,0.7483861446380615
19,adaptive,125,103,10,heldout_after,batch_lora,0.8445984125137329,0.5355530381202698,0.8318082094192505
19,adaptive,125,103,10,full_batch,activation,0.7199131846427917,0.6799885630607605,0.7096874713897705
19,adaptive,125,103,10,full_batch,lora,0.75582355260849,0.6416988372802734,0.7680163979530334
19,adaptive,125,103,10,full_batch,batch_lora,0.8376984596252441,0.5497771501541138,0.9008933901786804
19,adaptive,125,103,11,heldout_before,activation,0.712971031665802,0.6906387209892273,0.7120225429534912
19,adaptive,125,103,11,heldout_before,lora,0.7515528798103333,0.6389143466949463,0.7752622365951538
19,adaptive,125,103,11,heldout_before,batch_lora,0.7645430564880371,0.6748642325401306,0.9644625186920166
19,adaptive,125,103,11,heldout_after,activation,0.7419901490211487,0.6573629379272461,0.7202860116958618
19,adaptive,125,103,11,heldout_after,lora,0.7947328090667725,0.5823262929916382,0.8107295632362366
19,adaptive,125,103,11,heldout_after,batch_lora,0.8453068733215332,0.596642792224884,1.110875129699707
19,adaptive,125,103,11,full_batch,activation,0.7349140048027039,0.661375880241394,0.7140040397644043
19,adaptive,125,103,11,full_batch,lora,0.7991080284118652,0.5777668952941895,0.8095394372940063
19,adaptive,125,103,11,full_batch,batch_lora,0.8605808615684509,0.5521454811096191,1.0738040208816528
19,adaptive,125,103,12,heldout_before,activation,0.7436688542366028,0.658678412437439,0.7151767611503601
19,adaptive,125,103,12,heldout_before,lora,0.7853964567184448,0.6064133048057556,0.8186621069908142
19,adaptive,125,103,12,heldout_before,batch_lora,0.8354041576385498,0.6769773960113525,1.2306236028671265
19,adaptive,125,103,12,heldout_after,activation,0.7566567063331604,0.6408439874649048,0.709122359752655
19,adaptive,125,103,12,heldout_after,lora,0.7907092571258545,0.5924074053764343,0.8209091424942017
19,adaptive,125,103,12,heldout_after,batch_lora,0.815462589263916,0.6405718922615051,1.0898919105529785
19,adaptive,125,103,12,full_batch,activation,0.7678311467170715,0.6251862049102783,0.7221620678901672
19,adaptive,125,103,12,full_batch,lora,0.8095472455024719,0.5590230226516724,0.835578441619873
19,adaptive,125,103,12,full_batch,batch_lora,0.8562475442886353,0.5774403810501099,1.114311933517456
19,adaptive,125,103,13,heldout_before,activation,0.7576172947883606,0.6445325016975403,0.7126138210296631
19,adaptive,125,103,13,heldout_before,lora,0.7872046232223511,0.6013686656951904,0.8257524371147156
19,adaptive,125,103,13,heldout_before,batch_lora,0.7492496371269226,0.8451834321022034,1.2743306159973145
19,adaptive,125,103,13,heldout_after,activation,0.7647227048873901,0.6366390585899353,0.7278348803520203
19,adaptive,125,103,13,heldout_after,lora,0.7978197336196899,0.5908466577529907,0.8354851007461548
19,adaptive,125,103,13,heldout_after,batch_lora,0.7660090923309326,0.7690784335136414,1.1882075071334839
19,adaptive,125,103,13,full_batch,activation,0.7751118540763855,0.623498797416687,0.7345919609069824
19,adaptive,125,103,13,full_batch,lora,0.8112145662307739,0.5702871084213257,0.8416140675544739
19,adaptive,125,103,13,full_batch,batch_lora,0.82408607006073,0.6561897397041321,1.155300259590149
19,adaptive,125,103,14,heldout_before,activation,0.7358035445213318,0.6638664603233337,0.6943379640579224
19,adaptive,125,103,14,heldout_before,lora,0.7787954211235046,0.6110368967056274,0.7880581617355347
19,adaptive,125,103,14,heldout_before,batch_lora,0.6347755193710327,0.8987628817558289,1.0938122272491455
19,adaptive,125,103,14,heldout_after,activation,0.7532283663749695,0.6438894271850586,0.7180309891700745
19,adaptive,125,103,14,heldout_after,lora,0.8079940676689148,0.5716594457626343,0.8184826970100403
19,adaptive,125,103,14,heldout_after,batch_lora,0.7517297267913818,0.7366818189620972,1.0800551176071167
19,adaptive,125,103,14,full_batch,activation,0.7686258554458618,0.6231371164321899,0.7340591549873352
19,adaptive,125,103,14,full_batch,lora,0.8279248476028442,0.5314348340034485,0.8362361192703247
19,adaptive,125,103,14,full_batch,batch_lora,0.8103126287460327,0.656165361404419,1.1055407524108887
19,adaptive,125,103,15,heldout_before,activation,0.7640736103057861,0.6397832036018372,0.7131761908531189
19,adaptive,125,103,15,heldout_before,lora,0.8137291669845581,0.572759747505188,0.820084273815155
19,adaptive,125,103,15,heldout_before,batch_lora,0.6815255880355835,0.8251532912254333,1.0627801418304443
19,adaptive,125,103,15,heldout_after,activation,0.7640736103057861,0.6397832036018372,0.7131761908531189
19,adaptive,125,103,15,heldout_after,lora,0.8137291669845581,0.572759747505188,0.820084273815155
19,adaptive,125,103,15,heldout_after,batch_lora,0.6815255880355835,0.8251532912254333,1.0627801418304443
19,adaptive,125,103,15,full_batch,activation,0.7542824149131775,0.6477952599525452,0.7093555927276611
19,adaptive,125,103,15,full_batch,lora,0.803146481513977,0.5840262174606323,0.817896842956543
19,adaptive,125,103,15,full_batch,batch_lora,0.6816391944885254,0.8406784534454346,1.0956106185913086
19,adaptive,125,103,16,heldout_before,activation,0.7091118097305298,0.6967020630836487,0.681522011756897
19,adaptive,125,103,16,heldout_before,lora,0.7384480237960815,0.6663321852684021,0.7710739374160767
19,adaptive,125,103,16,heldout_before,batch_lora,0.5169119238853455,0.9401244521141052,0.9055402874946594
19,adaptive,125,103,16,heldout_after,activation,0.7400200366973877,0.6633081436157227,0.6949909925460815
19,adaptive,125,103,16,heldout_after,lora,0.7718258500099182,0.6247496008872986,0.7960954308509827
19,adaptive,125,103,16,heldout_after,batch_lora,0.7177770137786865,0.7401649951934814,0.968870997428894
19,adaptive,125,103,16,full_batch,activation,0.7592027187347412,0.6356291770935059,0.7142693400382996
19,adaptive,125,103,16,full_batch,lora,0.7964204549789429,0.5772638916969299,0.8163126111030579
19,adaptive,125,103,16,full_batch,batch_lora,0.7768168449401855,0.6830399036407471,1.0413689613342285
19,adaptive,125,103,17,heldout_before,activation,0.7644881010055542,0.6323010921478271,0.7310453653335571
19,adaptive,125,103,17,heldout_before,lora,0.8051081299781799,0.5668460130691528,0.8526977896690369
19,adaptive,125,103,17,heldout_before,batch_lora,0.5522165894508362,0.9652688503265381,1.0387216806411743
19,adaptive,125,103,17,heldout_after,activation,0.7683249711990356,0.6270434856414795,0.744584858417511
19,adaptive,125,103,17,heldout_after,lora,0.8108150362968445,0.5615484714508057,0.874011218547821
19,adaptive,125,103,17,heldout_after,batch_lora,0.6091626882553101,0.9623413681983948,1.1543049812316895
19,adaptive,125,103,17,full_batch,activation,0.7729750275611877,0.6250652074813843,0.7325687408447266
19,adaptive,125,103,17,full_batch,lora,0.8170481324195862,0.5557296276092529,0.8645775318145752
19,adaptive,125,103,17,full_batch,batch_lora,0.7260070443153381,0.8040379881858826,1.1426163911819458
19,adaptive,125,103,18,heldout_before,activation,0.7490605711936951,0.6565444469451904,0.7604601979255676
19,adaptive,125,103,18,heldout_before,lora,0.7767475843429565,0.6216346025466919,0.8639037609100342
19,adaptive,125,103,18,heldout_before,batch_lora,0.5200414061546326,1.0249260663986206,1.0865362882614136
19,adaptive,125,103,18,heldout_after,activation,0.7487180233001709,0.6562165021896362,0.7407248616218567
19,adaptive,125,103,18,heldout_after,lora,0.7847082614898682,0.6078476309776306,0.8355129957199097
19,adaptive,125,103,18,heldout_after,batch_lora,0.6319805383682251,0.8852477669715881,1.0598394870758057
19,adaptive,125,103,18,full_batch,activation,0.7533593773841858,0.6513357162475586,0.7368617057800293
19,adaptive,125,103,18,full_batch,lora,0.7930684089660645,0.5970757007598877,0.8376250267028809
19,adaptive,125,103,18,full_batch,batch_lora,0.6929991841316223,0.8082872629165649,1.058479905128479
19,adaptive,125,103,19,heldout_before,activation,0.7159308195114136,0.6901005506515503,0.6627446413040161
19,adaptive,125,103,19,heldout_before,lora,0.7511360049247742,0.6480472683906555,0.7624670267105103
19,adaptive,125,103,19,heldout_before,batch_lora,0.5678709745407104,0.9498105049133301,1.041809320449829
19,adaptive,125,103,19,heldout_after,activation,0.7195239663124084,0.6873871088027954,0.6647822856903076
19,adaptive,125,103,19,heldout_after,lora,0.7572460770606995,0.6467685699462891,0.7665392160415649
19,adaptive,125,103,19,heldout_after,batch_lora,0.5325387716293335,0.9599656462669373,0.9854534864425659
19,adaptive,125,103,19,full_batch,activation,0.7273494005203247,0.6735830903053284,0.675940215587616
19,adaptive,125,103,19,full_batch,lora,0.7697998285293579,0.6261829137802124,0.7799511551856995
19,adaptive,125,103,19,full_batch,batch_lora,0.5879513025283813,0.9089650511741638,1.0025646686553955
19,adaptive,125,103,20,heldout_before,activation,0.7237366437911987,0.6777389645576477,0.6929699182510376
19,adaptive,125,103,20,heldout_before,lora,0.7644230127334595,0.6306607723236084,0.8145877122879028
19,adaptive,125,103,20,heldout_before,batch_lora,0.6706942915916443,0.8340967297554016,1.0522022247314453
19,adaptive,125,103,20,heldout_after,activation,0.7237366437911987,0.6777389645576477,0.6929699182510376
19,adaptive,125,103,20,heldout_after,lora,0.7644230127334595,0.6306607723236084,0.8145877122879028
19,adaptive,125,103,20,heldout_after,batch_lora,0.6706942915916443,0.8340967297554016,1.0522022247314453
19,adaptive,125,103,20,full_batch,activation,0.7246568202972412,0.6776005029678345,0.7018488049507141
19,adaptive,125,103,20,full_batch,lora,0.7600294351577759,0.6331426501274109,0.8129128813743591
19,adaptive,125,103,20,full_batch,batch_lora,0.6923146843910217,0.8100312352180481,1.0603502988815308
19,adaptive,125,103,21,heldout_before,activation,0.7381567358970642,0.674383819103241,0.6983416080474854
19,adaptive,125,103,21,heldout_before,lora,0.765998899936676,0.6369830369949341,0.8117492198944092
19,adaptive,125,103,21,heldout_before,batch_lora,0.6023670434951782,0.9549522995948792,1.1265614032745361
19,adaptive,125,103,21,heldout_after,activation,0.7368801236152649,0.6771010160446167,0.7250667810440063
19,adaptive,125,103,21,heldout_after,lora,0.7731534838676453,0.63441401720047,0.8322155475616455
19,adaptive,125,103,21,heldout_after,batch_lora,0.5827223062515259,0.9736513495445251,1.118970513343811
19,adaptive,125,103,21,full_batch,activation,0.7553730607032776,0.6498716473579407,0.7443293333053589
19,adaptive,125,103,21,full_batch,lora,0.7971205115318298,0.5877186059951782,0.8484725952148438
19,adaptive,125,103,21,full_batch,batch_lora,0.6620878577232361,0.9065316915512085,1.1721467971801758
19,adaptive,125,103,22,heldout_before,activation,0.6963833570480347,0.7146440744400024,0.6748077273368835
19,adaptive,125,103,22,heldout_before,lora,0.7066481113433838,0.7015374302864075,0.7720476984977722
19,adaptive,125,103,22,heldout_before,batch_lora,0.43327778577804565,1.0636614561080933,0.9981715679168701
19,adaptive,125,103,22,heldout_after,activation,0.6963833570480347,0.7146440744400024,0.6748077273368835
19,adaptive,125,103,22,heldout_after,lora,0.7066481113433838,0.7015374302864075,0.7720476984977722
19,adaptive,125,103,22,heldout_after,batch_lora,0.43327778577804565,1.0636614561080933,0.9981715679168701
19,adaptive,125,103,22,full_batch,activation,0.6930918097496033,0.7202872633934021,0.6767730116844177
19,adaptive,125,103,22,full_batch,lora,0.7075432538986206,0.7036900520324707,0.7757467031478882
19,adaptive,125,103,22,full_batch,batch_lora,0.41228190064430237,1.0712474584579468,0.9757953882217407
19,adaptive,125,103,23,heldout_before,activation,0.671660304069519,0.7330605983734131,0.6319959163665771
19,adaptive,125,103,23,heldout_before,lora,0.7036253809928894,0.7022693157196045,0.7175625562667847
19,adaptive,125,103,23,heldout_before,batch_lora,0.4701196253299713,0.9439330101013184,0.8048166632652283
19,adaptive,125,103,23,heldout_after,activation,0.674780011177063,0.7280462980270386,0.63983154296875
19,adaptive,125,103,23,heldout_after,lora,0.7182128429412842,0.6857153177261353,0.7167742848396301
19,adaptive,125,103,23,heldout_after,batch_lora,0.6485017538070679,0.8053455948829651,0.9114392995834351
19,adaptive,125,103,23,full_batch,activation,0.6874927282333374,0.714755117893219,0.6487843990325928
19,adaptive,125,103,23,full_batch,lora,0.7311728000640869,0.6702340841293335,0.7308014631271362
19,adaptive,125,103,23,full_batch,batch_lora,0.6536946296691895,0.8086646199226379,0.9387476444244385
19,adaptive,125,103,24,heldout_before,activation,0.7177244424819946,0.6954047083854675,0.6889726519584656
19,adaptive,125,103,24,heldout_before,lora,0.7416263818740845,0.6708110570907593,0.7898837327957153
19,adaptive,125,103,24,heldout_before,batch_lora,0.5936896800994873,0.8841160535812378,0.9599257707595825
19,adaptive,125,103,24,heldout_after,activation,0.7221567630767822,0.6900289058685303,0.6955167055130005
19,adaptive,125,103,24,heldout_after,lora,0.7516744136810303,0.6587302684783936,0.7937178015708923
19,adaptive,125,103,24,heldout_after,batch_lora,0.6221888065338135,0.8478295207023621,0.9476639628410339
19,adaptive,125,103,24,full_batch,activation,0.7312391996383667,0.6807445287704468,0.69620680809021
19,adaptive,125,103,24,full_batch,lora,0.7624722123146057,0.643021821975708,0.792034387588501
19,adaptive,125,103,24,full_batch,batch_lora,0.65672367811203,0.8125209808349609,0.9591742753982544
19,adaptive,125,103,25,heldout_before,activation,0.6869710087776184,0.7258253693580627,0.7076223492622375
19,adaptive,125,103,25,heldout_before,lora,0.7176920771598816,0.695335328578949,0.7845333814620972
19,adaptive,125,103,25,heldout_before,batch_lora,0.6145843267440796,0.8797563910484314,1.0040520429611206
19,adaptive,125,103,25,heldout_after,activation,0.6840800046920776,0.728367269039154,0.7090371251106262
19,adaptive,125,103,25,heldout_after,lora,0.7221571207046509,0.688069760799408,0.7755481600761414
19,adaptive,125,103,25,heldout_after,batch_lora,0.6195352077484131,0.8534908294677734,0.9546030759811401
19,adaptive,125,103,25,full_batch,activation,0.6890937089920044,0.7223193645477295,0.7053860425949097
19,adaptive,125,103,25,full_batch,lora,0.726809561252594,0.6823112368583679,0.7696682214736938
19,adaptive,125,103,25,full_batch,batch_lora,0.6445913314819336,0.8564357161521912,1.0305707454681396
19,adaptive,125,103,26,heldout_before,activation,0.6712198853492737,0.7265406250953674,0.6951483488082886
19,adaptive,125,103,26,heldout_before,lora,0.7288696765899658,0.6752572655677795,0.7916542291641235
19,adaptive,125,103,26,heldout_before,batch_lora,0.6837354898452759,0.7776505947113037,0.9525004029273987
19,adaptive,125,103,26,heldout_after,activation,0.6712198853492737,0.7265406250953674,0.6951483488082886
19,adaptive,125,103,26,heldout_after,lora,0.7288696765899658,0.6752572655677795,0.7916542291641235
19,adaptive,125,103,26,heldout_after,batch_lora,0.6837354898452759,0.7776505947113037,0.9525004029273987
19,adaptive,125,103,26,full_batch,activation,0.6639153361320496,0.7338427901268005,0.680840015411377
19,adaptive,125,103,26,full_batch,lora,0.7110475301742554,0.6918628215789795,0.7762564420700073
19,adaptive,125,103,26,full_batch,batch_lora,0.6364589929580688,0.8394302725791931,0.9677038788795471
19,adaptive,125,103,27,heldout_before,activation,0.6900078654289246,0.7132747173309326,0.7591758370399475
19,adaptive,125,103,27,heldout_before,lora,0.7215944528579712,0.6829079389572144,0.8276568651199341
19,adaptive,125,103,27,heldout_before,batch_lora,0.6120108366012573,0.8775851130485535,0.9924222230911255
19,adaptive,125,103,27,heldout_after,activation,0.690740168094635,0.7085787057876587,0.7337284684181213
19,adaptive,125,103,27,heldout_after,lora,0.7242730259895325,0.6712825298309326,0.800891637802124
19,adaptive,125,103,27,heldout_after,batch_lora,0.6085416078567505,0.8703996539115906,0.9661983251571655
19,adaptive,125,103,27,full_batch,activation,0.7026159167289734,0.6970277428627014,0.7444334030151367
19,adaptive,125,103,27,full_batch,lora,0.739323616027832,0.6539120674133301,0.810360312461853
19,adaptive,125,103,27,full_batch,batch_lora,0.6344577670097351,0.8577321767807007,1.0062657594680786
19,adaptive,125,103,28,heldout_before,activation,0.6675695776939392,0.7446705102920532,0.7151322960853577
19,adaptive,125,103,28,heldout_before,lora,0.7050371766090393,0.7134735584259033,0.7952338457107544
19,adaptive,125,103,28,heldout_before,batch_lora,0.3906247913837433,1.187748670578003,1.141181230545044
19,adaptive,125,103,28,heldout_after,activation,0.6675695776939392,0.7446705102920532,0.7151322960853577
19,adaptive,125,103,28,heldout_after,lora,0.7050371766090393,0.7134735584259033,0.7952338457107544
19,adaptive,125,103,28,heldout_after,batch_lora,0.3906247913837433,1.187748670578003,1.141181230545044
19,adaptive,125,103,28,full_batch,activation,0.6754225492477417,0.7376182675361633,0.7250444889068604
19,adaptive,125,103,28,full_batch,lora,0.7054835557937622,0.7113881707191467,0.8028653860092163
19,adaptive,125,103,28,full_batch,batch_lora,0.37017306685447693,1.2271455526351929,1.1719924211502075
19,adaptive,125,103,29,heldout_before,activation,0.7034833431243896,0.7230249643325806,0.7396990060806274
19,adaptive,125,103,29,heldout_before,lora,0.7290732860565186,0.6907007694244385,0.8101034760475159
19,adaptive,125,103,29,heldout_before,batch_lora,0.356499046087265,1.1859052181243896,1.086884617805481
19,adaptive,125,103,29,heldout_after,activation,0.7034833431243896,0.7230249643325806,0.7396990060806274
19,adaptive,125,103,29,heldout_after,lora,0.7290732860565186,0.6907007694244385,0.8101034760475159
19,adaptive,125,103,29,heldout_after,batch_lora,0.356499046087265,1.1859052181243896,1.086884617805481
19,adaptive,125,103,29,full_batch,activation,0.6979658603668213,0.726423978805542,0.7439432144165039
19,adaptive,125,103,29,full_batch,lora,0.7270019054412842,0.6928654313087463,0.8203178644180298
19,adaptive,125,103,29,full_batch,batch_lora,0.40656083822250366,1.168730616569519,1.135411262512207
19,adaptive,125,103,30,heldout_before,activation,0.675921618938446,0.726073682308197,0.6897719502449036
19,adaptive,125,103,30,heldout_before,lora,0.6810365915298462,0.727014422416687,0.7526913285255432
19,adaptive,125,103,30,heldout_before,batch_lora,0.7102171182632446,0.7656371593475342,1.0112298727035522
19,adaptive,125,103,30,heldout_after,activation,0.6843469738960266,0.7185706496238708,0.6755740642547607
19,adaptive,125,103,30,heldout_after,lora,0.6904575824737549,0.7195829749107361,0.750367283821106
19,adaptive,125,103,30,heldout_after,batch_lora,0.7423366904258728,0.740902841091156,1.0585660934448242
19,adaptive,125,103,30,full_batch,activation,0.677585244178772,0.7253963947296143,0.665084958076477
19,adaptive,125,103,30,full_batch,lora,0.6912472248077393,0.7173665165901184,0.7372995018959045
19,adaptive,125,103,30,full_batch,batch_lora,0.6829001307487488,0.8083084225654602,1.02889883518219
19,adaptive,125,103,31,heldout_before,activation,0.6741691827774048,0.7396624684333801,0.7510976195335388
19,adaptive,125,103,31,heldout_before,lora,0.7087398767471313,0.7071540355682373,0.8403326272964478
19,adaptive,125,103,31,heldout_before,batch_lora,0.44884875416755676,1.0634506940841675,1.0253838300704956
19,adaptive,125,103,31,heldout_after,activation,0.6741691827774048,0.7396624684333801,0.7510976195335388
19,adaptive,125,103,31,heldout_after,lora,0.7087398767471313,0.7071540355682373,0.8403326272964478
19,adaptive,125,103,31,heldout_after,batch_lora,0.44884875416755676,1.0634506940841675,1.0253838300704956
19,adaptive,125,103,31,full_batch,activation,0.6915246248245239,0.7203836441040039,0.7508248090744019
19,adaptive,125,103,31,full_batch,lora,0.727324366569519,0.6837055683135986,0.8348264694213867
19,adaptive,125,103,31,full_batch,batch_lora,0.46988996863365173,1.0614454746246338,1.0593500137329102
19,adaptive,125,103,32,heldout_before,activation,0.6686966419219971,0.741321325302124,0.7073376774787903
19,adaptive,125,103,32,heldout_before,lora,0.7076130509376526,0.7088285684585571,0.7979961633682251
19,adaptive,125,103,32,heldout_before,batch_lora,0.4581562280654907,1.0851963758468628,1.0806982517242432
19,adaptive,125,103,32,heldout_after,activation,0.6686966419219971,0.741321325302124,0.7073376774787903
19,adaptive,125,103,32,heldout_after,lora,0.7076130509376526,0.7088285684585571,0.7979961633682251
19,adaptive,125,103,32,heldout_after,batch_lora,0.4581562280654907,1.0851963758468628,1.0806982517242432
19,adaptive,125,103,32,full_batch,activation,0.6621533632278442,0.7416566610336304,0.6893352270126343
19,adaptive,125,103,32,full_batch,lora,0.6981608867645264,0.7136016488075256,0.7742588520050049
19,adaptive,125,103,32,full_batch,batch_lora,0.43132686614990234,1.1055971384048462,1.0703792572021484
19,fixed5,123,101,1,heldout_before,activation,0.8291714787483215,0.5428383350372314,0.8298484683036804
19,fixed5,123,101,1,heldout_before,lora,0.8921225666999817,0.4353271424770355,0.916613757610321
19,fixed5,123,101,1,heldout_before,batch_lora,0.9732257127761841,0.23205772042274475,1.005149006843567
19,fixed5,123,101,1,heldout_after,activation,0.8289592862129211,0.5435866713523865,0.8241704106330872
19,fixed5,123,101,1,heldout_after,lora,0.8862093091011047,0.44816142320632935,0.9295279383659363
19,fixed5,123,101,1,heldout_after,batch_lora,0.959732711315155,0.2947629392147064,1.049019455909729
19,fixed5,123,101,1,full_batch,activation,0.8404937982559204,0.5240911245346069,0.833126425743103
19,fixed5,123,101,1,full_batch,lora,0.897234320640564,0.42021167278289795,0.935868501663208
19,fixed5,123,101,1,full_batch,batch_lora,0.965324878692627,0.2748129367828369,1.0511977672576904
19,fixed5,123,101,2,heldout_before,activation,0.8545179963111877,0.5131604075431824,0.8509601950645447
19,fixed5,123,101,2,heldout_before,lora,0.8885878324508667,0.45969241857528687,0.9594919085502625
19,fixed5,123,101,2,heldout_before,batch_lora,0.9155372977256775,0.4423016607761383,1.0994913578033447
19,fixed5,123,101,2,heldout_after,activation,0.8539908528327942,0.5145622491836548,0.8285520076751709
19,fixed5,123,101,2,heldout_after,lora,0.8883853554725647,0.4568850100040436,0.9418756365776062
19,fixed5,123,101,2,heldout_after,batch_lora,0.9143832921981812,0.4392116665840149,1.0846879482269287
19,fixed5,123,101,2,full_batch,activation,0.8537580966949463,0.513567328453064,0.8321514129638672
19,fixed5,123,101,2,full_batch,lora,0.8950834274291992,0.4408642053604126,0.9457404017448425
19,fixed5,123,101,2,full_batch,batch_lora,0.9350564479827881,0.3823877274990082,1.078412413597107
19,fixed5,123,101,3,heldout_before,activation,0.8205699324607849,0.5533747673034668,0.8095883131027222
19,fixed5,123,101,3,heldout_before,lora,0.8495091199874878,0.5179371237754822,0.9463370442390442
19,fixed5,123,101,3,heldout_before,batch_lora,0.8741297721862793,0.6229498386383057,1.2642186880111694
19,fixed5,123,101,3,heldout_after,activation,0.8195273876190186,0.5574048757553101,0.785609781742096
19,fixed5,123,101,3,heldout_after,lora,0.8582044839859009,0.49293240904808044,0.8811620473861694
19,fixed5,123,101,3,heldout_after,batch_lora,0.8855222463607788,0.47980281710624695,1.0053573846817017
19,fixed5,123,101,3,full_batch,activation,0.8303727507591248,0.5403403043746948,0.8016390800476074
19,fixed5,123,101,3,full_batch,lora,0.8702315092086792,0.468936026096344,0.8953637480735779
19,fixed5,123,101,3,full_batch,batch_lora,0.8975374102592468,0.45650678873062134,1.0157394409179688
19,fixed5,123,101,4,heldout_before,activation,0.8443073630332947,0.531269907951355,0.8032694458961487
19,fixed5,123,101,4,heldout_before,lora,0.8745694160461426,0.47921016812324524,0.8978842496871948
19,fixed5,123,101,4,heldout_before,batch_lora,0.8845912218093872,0.517603874206543,1.109125018119812
19,fixed5,123,101,4,heldout_after,activation,0.8434418439865112,0.533778727054596,0.7879186868667603
19,fixed5,123,101,4,heldout_after,lora,0.8786579370498657,0.47011569142341614,0.8797359466552734
19,fixed5,123,101,4,heldout_after,batch_lora,0.9053346514701843,0.440879225730896,1.0236783027648926
19,fixed5,123,101,4,full_batch,activation,0.8466348052024841,0.5283631682395935,0.798919677734375
19,fixed5,123,101,4,full_batch,lora,0.8853664398193359,0.4566022753715515,0.8918051719665527
19,fixed5,123,101,4,full_batch,batch_lora,0.9032424688339233,0.44885754585266113,1.034847378730774
19,fixed5,123,101,5,heldout_before,activation,0.807992160320282,0.5745838284492493,0.7615631818771362
19,fixed5,123,101,5,heldout_before,lora,0.8383833765983582,0.5290305614471436,0.8659726977348328
19,fixed5,123,101,5,heldout_before,batch_lora,0.8539787530899048,0.5768252015113831,1.102990984916687
19,fixed5,123,101,5,heldout_after,activation,0.8128255605697632,0.5663557052612305,0.767449140548706
19,fixed5,123,101,5,heldout_after,lora,0.8467624187469482,0.512758731842041,0.8731699585914612
19,fixed5,123,101,5,heldout_after,batch_lora,0.8672584891319275,0.5327599048614502,1.05691659450531
19,fixed5,123,101,5,full_batch,activation,0.8204437494277954,0.555087685585022,0.7758499979972839
19,fixed5,123,101,5,full_batch,lora,0.8577713966369629,0.49209368228912354,0.8822959661483765
19,fixed5,123,101,5,full_batch,batch_lora,0.8727561235427856,0.522901713848114,1.0601848363876343
19,fixed5,123,101,6,heldout_before,activation,0.8205671906471252,0.5605008602142334,0.7603656649589539
19,fixed5,123,101,6,heldout_before,lora,0.8603765368461609,0.49814677238464355,0.8672806620597839
19,fixed5,123,101,6,heldout_before,batch_lora,0.8485257029533386,0.560768187046051,1.0341514348983765
19,fixed5,123,101,6,heldout_after,activation,0.8255789875984192,0.552094578742981,0.7824354767799377
19,fixed5,123,101,6,heldout_after,lora,0.867267370223999,0.48904719948768616,0.8949161767959595
19,fixed5,123,101,6,heldout_after,batch_lora,0.8861321210861206,0.506116509437561,1.0895633697509766
19,fixed5,123,101,6,full_batch,activation,0.8283580541610718,0.5490657091140747,0.7871677875518799
19,fixed5,123,101,6,full_batch,lora,0.8742358088493347,0.47629693150520325,0.9034765958786011
19,fixed5,123,101,6,full_batch,batch_lora,0.891889214515686,0.4988176226615906,1.1023298501968384
19,fixed5,123,101,7,heldout_before,activation,0.8073816895484924,0.574174702167511,0.7889310121536255
19,fixed5,123,101,7,heldout_before,lora,0.8378676772117615,0.5334436893463135,0.907310962677002
19,fixed5,123,101,7,heldout_before,batch_lora,0.7823590040206909,0.7287929058074951,1.1608093976974487
19,fixed5,123,101,7,heldout_after,activation,0.809756338596344,0.5699974298477173,0.7891526818275452
19,fixed5,123,101,7,heldout_after,lora,0.8467919826507568,0.5174837708473206,0.9047418236732483
19,fixed5,123,101,7,heldout_after,batch_lora,0.8222041130065918,0.6606962084770203,1.1576727628707886
19,fixed5,123,101,7,full_batch,activation,0.8150925040245056,0.561069130897522,0.7908937931060791
19,fixed5,123,101,7,full_batch,lora,0.8580098748207092,0.4965759515762329,0.90950608253479
19,fixed5,123,101,7,full_batch,batch_lora,0.8481701612472534,0.6079039573669434,1.1463981866836548
19,fixed5,123,101,8,heldout_before,activation,0.7797276973724365,0.61134272813797,0.7641140222549438
19,fixed5,123,101,8,heldout_before,lora,0.8239198923110962,0.5628523826599121,0.9038033485412598
19,fixed5,123,101,8,heldout_before,batch_lora,0.8090413808822632,0.7540335655212402,1.2813913822174072
19,fixed5,123,101,8,heldout_after,activation,0.7810696959495544,0.6077858805656433,0.7775639295578003
19,fixed5,123,101,8,heldout_after,lora,0.8201294541358948,0.5692574977874756,0.8946534991264343
19,fixed5,123,101,8,heldout_after,batch_lora,0.7309730052947998,0.8043633103370667,1.1567920446395874
19,fixed5,123,101,8,full_batch,activation,0.7871097326278687,0.6021586656570435,0.773613691329956
19,fixed5,123,101,8,full_batch,lora,0.8295007944107056,0.5536969900131226,0.895900547504425
19,fixed5,123,101,8,full_batch,batch_lora,0.7734141945838928,0.7567804455757141,1.1867977380752563
19,fixed5,123,101,9,heldout_before,activation,0.800739049911499,0.5893486738204956,0.8053541779518127
19,fixed5,123,101,9,heldout_before,lora,0.8148178458213806,0.5963290333747864,0.9302312135696411
19,fixed5,123,101,9,heldout_before,batch_lora,0.6608186960220337,0.9254738092422485,1.2022825479507446
19,fixed5,123,101,9,heldout_after,activation,0.7990419268608093,0.5915091037750244,0.8063337206840515
19,fixed5,123,101,9,heldout_after,lora,0.8183872103691101,0.5908023715019226,0.9239804148674011
19,fixed5,123,101,9,heldout_after,batch_lora,0.710526704788208,0.8210231065750122,1.1335245370864868
19,fixed5,123,101,9,full_batch,activation,0.796657383441925,0.5918416380882263,0.7933358550071716
19,fixed5,123,101,9,full_batch,lora,0.8237744569778442,0.5782353281974792,0.9178348779678345
19,fixed5,123,101,9,full_batch,batch_lora,0.7219154238700867,0.8051135540008545,1.1334607601165771
19,fixed5,123,101,10,heldout_before,activation,0.7283951044082642,0.6760849356651306,0.7584569454193115
19,fixed5,123,101,10,heldout_before,lora,0.7507039308547974,0.664448618888855,0.8628188967704773
19,fixed5,123,101,10,heldout_before,batch_lora,0.6063701510429382,1.073330044746399,1.3272876739501953
19,fixed5,123,101,10,heldout_after,activation,0.7269275188446045,0.6748080849647522,0.750049352645874
19,fixed5,123,101,10,heldout_after,lora,0.7661295533180237,0.6328542232513428,0.8550547361373901
19,fixed5,123,101,10,heldout_after,batch_lora,0.713175892829895,0.8895089626312256,1.2607578039169312
19,fixed5,123,101,10,full_batch,activation,0.7457577586174011,0.6505001783370972,0.7666324377059937
19,fixed5,123,101,10,full_batch,lora,0.7861407995223999,0.601245105266571,0.8708274960517883
19,fixed5,123,101,10,full_batch,batch_lora,0.7606210708618164,0.8276900053024292,1.2740559577941895
19,fixed5,123,101,11,heldout_before,activation,0.7707798480987549,0.6167600154876709,0.784357488155365
19,fixed5,123,101,11,heldout_before,lora,0.7944805026054382,0.5968020558357239,0.9041574597358704
19,fixed5,123,101,11,heldout_before,batch_lora,0.7067275643348694,0.9828903675079346,1.3890305757522583
19,fixed5,123,101,11,heldout_after,activation,0.7740176320075989,0.6117324829101562,0.7917340397834778
19,fixed5,123,101,11,heldout_after,lora,0.8065196871757507,0.5777397155761719,0.8977361917495728
19,fixed5,123,101,11,heldout_after,batch_lora,0.7457666397094727,0.8504579067230225,1.2743934392929077
19,fixed5,123,101,11,full_batch,activation,0.7797898054122925,0.6067718267440796,0.787373423576355
19,fixed5,123,101,11,full_batch,lora,0.8163866996765137,0.5634152889251709,0.8994766473770142
19,fixed5,123,101,11,full_batch,batch_lora,0.7404707670211792,0.8551095128059387,1.2691574096679688
19,fixed5,123,101,12,heldout_before,activation,0.7745974063873291,0.6274182796478271,0.7987813353538513
19,fixed5,123,101,12,heldout_before,lora,0.8162391185760498,0.5762705206871033,0.8981354832649231
19,fixed5,123,101,12,heldout_before,batch_lora,0.6868640780448914,0.9642626047134399,1.320570945739746
19,fixed5,123,101,12,heldout_after,activation,0.7747582197189331,0.6269596219062805,0.7928268313407898
19,fixed5,123,101,12,heldout_after,lora,0.8155087232589722,0.5799480676651001,0.9005548357963562
19,fixed5,123,101,12,heldout_after,batch_lora,0.6275861859321594,1.0431936979293823,1.3219330310821533
19,fixed5,123,101,12,full_batch,activation,0.7777866125106812,0.6223116517066956,0.7884678840637207
19,fixed5,123,101,12,full_batch,lora,0.8215889930725098,0.5682928562164307,0.8934026956558228
19,fixed5,123,101,12,full_batch,batch_lora,0.6498165130615234,1.0337092876434326,1.3503992557525635
19,fixed5,123,101,13,heldout_before,activation,0.7513232827186584,0.6463143825531006,0.7828279137611389
19,fixed5,123,101,13,heldout_before,lora,0.7893239855766296,0.6164319515228271,0.8941832184791565
19,fixed5,123,101,13,heldout_before,batch_lora,0.7479381561279297,0.7542747259140015,1.1061866283416748
19,fixed5,123,101,13,heldout_after,activation,0.7502599954605103,0.6465453505516052,0.7536233067512512
19,fixed5,123,101,13,heldout_after,lora,0.8005562424659729,0.5947045683860779,0.8570014238357544
19,fixed5,123,101,13,heldout_after,batch_lora,0.7503008842468262,0.6844361424446106,0.9275134205818176
19,fixed5,123,101,13,full_batch,activation,0.764987051486969,0.6277961730957031,0.7633616924285889
19,fixed5,123,101,13,full_batch,lora,0.8164583444595337,0.5672405362129211,0.863677978515625
19,fixed5,123,101,13,full_batch,batch_lora,0.7413434982299805,0.6979689598083496,0.93304842710495
19,fixed5,123,101,14,heldout_before,activation,0.7706642746925354,0.6284508109092712,0.7661716938018799
19,fixed5,123,101,14,heldout_before,lora,0.8054191470146179,0.5889624357223511,0.8526078462600708
19,fixed5,123,101,14,heldout_before,batch_lora,0.6838674545288086,0.8026651740074158,1.01845121383667
19,fixed5,123,101,14,heldout_after,activation,0.7785032391548157,0.617995023727417,0.7654014825820923
19,fixed5,123,101,14,heldout_after,lora,0.8088988661766052,0.5793723464012146,0.8572850823402405
19,fixed5,123,101,14,heldout_after,batch_lora,0.7229462265968323,0.7781285643577576,1.0809063911437988
19,fixed5,123,101,14,full_batch,activation,0.7889891266822815,0.6051884889602661,0.7708560824394226
19,fixed5,123,101,14,full_batch,lora,0.8227212429046631,0.5558539032936096,0.865420401096344
19,fixed5,123,101,14,full_batch,batch_lora,0.8001999855041504,0.6582236289978027,1.0714534521102905
19,fixed5,123,101,15,heldout_before,activation,0.7488664984703064,0.6511738300323486,0.7127000689506531
19,fixed5,123,101,15,heldout_before,lora,0.7971045970916748,0.5959176421165466,0.8560139536857605
19,fixed5,123,101,15,heldout_before,batch_lora,0.7161768078804016,0.8346039056777954,1.1738587617874146
19,fixed5,123,101,15,heldout_after,activation,0.7617405652999878,0.6360787153244019,0.7203467488288879
19,fixed5,123,101,15,heldout_after,lora,0.7995474934577942,0.5956889390945435,0.8518907427787781
19,fixed5,123,101,15,heldout_after,batch_lora,0.6834133863449097,0.8426304459571838,1.1042219400405884
19,fixed5,123,101,15,full_batch,activation,0.7667737007141113,0.630706787109375,0.7250665426254272
19,fixed5,123,101,15,full_batch,lora,0.8086698055267334,0.5819770693778992,0.8573479652404785
19,fixed5,123,101,15,full_batch,batch_lora,0.7340922355651855,0.7708569765090942,1.0989371538162231
19,fixed5,123,101,16,heldout_before,activation,0.7360303401947021,0.6605895757675171,0.7435213327407837
19,fixed5,123,101,16,heldout_before,lora,0.7757347822189331,0.6162837147712708,0.8624998331069946
19,fixed5,123,101,16,heldout_before,batch_lora,0.6479480266571045,1.0538082122802734,1.3761982917785645
19,fixed5,123,101,16,heldout_after,activation,0.7380720973014832,0.6585801839828491,0.7560079097747803
19,fixed5,123,101,16,heldout_after,lora,0.7696908116340637,0.6291883587837219,0.8810091614723206
19,fixed5,123,101,16,heldout_after,batch_lora,0.572219967842102,1.1896358728408813,1.4340026378631592
19,fixed5,123,101,16,full_batch,activation,0.7349100112915039,0.6627567410469055,0.7492232322692871
19,fixed5,123,101,16,full_batch,lora,0.7739196419715881,0.6244027614593506,0.8765579462051392
19,fixed5,123,101,16,full_batch,batch_lora,0.6331661939620972,1.0952526330947876,1.4080711603164673
19,fixed5,123,101,17,heldout_before,activation,0.7854953408241272,0.6060418486595154,0.7844336628913879
19,fixed5,123,101,17,heldout_before,lora,0.8002979755401611,0.5879657864570618,0.8815544843673706
19,fixed5,123,101,17,heldout_before,batch_lora,0.5048607587814331,1.1317499876022339,1.2368052005767822
19,fixed5,123,101,17,heldout_after,activation,0.7847856879234314,0.6052219271659851,0.7772632837295532
19,fixed5,123,101,17,heldout_after,lora,0.8007442355155945,0.5871574282646179,0.8778510093688965
19,fixed5,123,101,17,heldout_after,batch_lora,0.5559103488922119,1.0562576055526733,1.207613229751587
19,fixed5,123,101,17,full_batch,activation,0.7909769415855408,0.5978156328201294,0.7788013219833374
19,fixed5,123,101,17,full_batch,lora,0.8100132942199707,0.5750460028648376,0.8848519325256348
19,fixed5,123,101,17,full_batch,batch_lora,0.6060763597488403,1.0400632619857788,1.2761955261230469
19,fixed5,123,101,18,heldout_before,activation,0.7285524606704712,0.6682389378547668,0.7426677942276001
19,fixed5,123,101,18,heldout_before,lora,0.7515078186988831,0.6525732278823853,0.8343708515167236
19,fixed5,123,101,18,heldout_before,batch_lora,0.3793608546257019,1.307821273803711,1.3036502599716187
19,fixed5,123,101,18,heldout_after,activation,0.7301948070526123,0.6672822833061218,0.7556742429733276
19,fixed5,123,101,18,heldout_after,lora,0.7616006731987,0.6466725468635559,0.8588038682937622
19,fixed5,123,101,18,heldout_after,batch_lora,0.49899595975875854,1.2119567394256592,1.3462480306625366
19,fixed5,123,101,18,full_batch,activation,0.7367453575134277,0.6609079837799072,0.7535872459411621
19,fixed5,123,101,18,full_batch,lora,0.773798406124115,0.6291579008102417,0.8623992204666138
19,fixed5,123,101,18,full_batch,batch_lora,0.613842248916626,1.065613031387329,1.329616904258728
19,fixed5,123,101,19,heldout_before,activation,0.7498434782028198,0.6481940150260925,0.7708581686019897
19,fixed5,123,101,19,heldout_before,lora,0.7831608057022095,0.6197563409805298,0.8849072456359863
19,fixed5,123,101,19,heldout_before,batch_lora,0.5443860292434692,1.2032225131988525,1.406998872756958
19,fixed5,123,101,19,heldout_after,activation,0.7511481046676636,0.6480909585952759,0.7725788950920105
19,fixed5,123,101,19,heldout_after,lora,0.7836434841156006,0.6227588653564453,0.8939574360847473
19,fixed5,123,101,19,heldout_after,batch_lora,0.5688334703445435,1.2644623517990112,1.5292690992355347
19,fixed5,123,101,19,full_batch,activation,0.7581002712249756,0.6404358744621277,0.7669113874435425
19,fixed5,123,101,19,full_batch,lora,0.7922800779342651,0.6109288930892944,0.8817940950393677
19,fixed5,123,101,19,full_batch,batch_lora,0.6171965003013611,1.1356651782989502,1.4361389875411987
19,fixed5,123,101,20,heldout_before,activation,0.7361985445022583,0.6700595021247864,0.7532750964164734
19,fixed5,123,101,20,heldout_before,lora,0.7674262523651123,0.6504530310630798,0.8980319499969482
19,fixed5,123,101,20,heldout_before,batch_lora,0.5420418381690979,1.1955434083938599,1.3924143314361572
19,fixed5,123,101,20,heldout_after,activation,0.7395449280738831,0.6671620011329651,0.7515479922294617
19,fixed5,123,101,20,heldout_after,lora,0.7601296901702881,0.6568779349327087,0.8840177655220032
19,fixed5,123,101,20,heldout_after,batch_lora,0.47905778884887695,1.2422187328338623,1.3580365180969238
19,fixed5,123,101,20,full_batch,activation,0.741225004196167,0.6653047800064087,0.7461788058280945
19,fixed5,123,101,20,full_batch,lora,0.7694966793060303,0.6430811882019043,0.8803296089172363
19,fixed5,123,101,20,full_batch,batch_lora,0.5655316710472107,1.1955446004867554,1.431067943572998
19,fixed5,123,101,21,heldout_before,activation,0.7081751227378845,0.6985290050506592,0.7498027086257935
19,fixed5,123,101,21,heldout_before,lora,0.7259266972541809,0.6895895600318909,0.8594810366630554
19,fixed5,123,101,21,heldout_before,batch_lora,0.3911687433719635,1.3466416597366333,1.3742541074752808
19,fixed5,123,101,21,heldout_after,activation,0.7138458490371704,0.6901177167892456,0.7573398351669312
19,fixed5,123,101,21,heldout_after,lora,0.7302469611167908,0.6807689070701599,0.8621683716773987
19,fixed5,123,101,21,heldout_after,batch_lora,0.3268071413040161,1.2973021268844604,1.215511679649353
19,fixed5,123,101,21,full_batch,activation,0.7270562648773193,0.6740899682044983,0.7607526779174805
19,fixed5,123,101,21,full_batch,lora,0.7476032376289368,0.6564861536026001,0.8660197854042053
19,fixed5,123,101,21,full_batch,batch_lora,0.45770877599716187,1.2064814567565918,1.2732423543930054
19,fixed5,123,101,22,heldout_before,activation,0.7373830080032349,0.6733729839324951,0.7778518199920654
19,fixed5,123,101,22,heldout_before,lora,0.7586732506752014,0.6594897508621216,0.8712276220321655
19,fixed5,123,101,22,heldout_before,batch_lora,0.556915283203125,1.082311749458313,1.2508559226989746
19,fixed5,123,101,22,heldout_after,activation,0.7382405996322632,0.6709803342819214,0.7735589146614075
19,fixed5,123,101,22,heldout_after,lora,0.7696958184242249,0.6444228887557983,0.8701543807983398
19,fixed5,123,101,22,heldout_after,batch_lora,0.6604042053222656,1.004626989364624,1.3277941942214966
19,fixed5,123,101,22,full_batch,activation,0.7434244155883789,0.6647742986679077,0.7694839239120483
19,fixed5,123,101,22,full_batch,lora,0.7810343503952026,0.6276847124099731,0.8641709685325623
19,fixed5,123,101,22,full_batch,batch_lora,0.6367566585540771,1.0579512119293213,1.3611321449279785
19,fixed5,123,101,23,heldout_before,activation,0.7253929972648621,0.6790693402290344,0.7302900552749634
19,fixed5,123,101,23,heldout_before,lora,0.7640317678451538,0.6353797912597656,0.829274594783783
19,fixed5,123,101,23,heldout_before,batch_lora,0.5261044502258301,1.0667548179626465,1.1701165437698364
19,fixed5,123,101,23,heldout_after,activation,0.7297450304031372,0.6753466725349426,0.7143417596817017
19,fixed5,123,101,23,heldout_after,lora,0.758084237575531,0.6507808566093445,0.8479388356208801
19,fixed5,123,101,23,heldout_after,batch_lora,0.6246883869171143,1.1882766485214233,1.5203652381896973
19,fixed5,123,101,23,full_batch,activation,0.734545111656189,0.6711857318878174,0.7129166126251221
19,fixed5,123,101,23,full_batch,lora,0.7671219706535339,0.6380620002746582,0.8454028964042664
19,fixed5,123,101,23,full_batch,batch_lora,0.6548506021499634,1.1338903903961182,1.5001533031463623
19,fixed5,123,101,24,heldout_before,activation,0.7062658667564392,0.7019311785697937,0.7154662609100342
19,fixed5,123,101,24,heldout_before,lora,0.7269319891929626,0.6912214159965515,0.8381009697914124
19,fixed5,123,101,24,heldout_before,batch_lora,0.46429967880249023,1.0884530544281006,1.0969955921173096
19,fixed5,123,101,24,heldout_after,activation,0.7122849225997925,0.6960219740867615,0.7083736658096313
19,fixed5,123,101,24,heldout_after,lora,0.7374336123466492,0.6732725501060486,0.8141149878501892
19,fixed5,123,101,24,heldout_after,batch_lora,0.5661394596099854,0.9597918391227722,1.057783842086792
19,fixed5,123,101,24,full_batch,activation,0.722671627998352,0.6837729215621948,0.7226311564445496
19,fixed5,123,101,24,full_batch,lora,0.7499699592590332,0.6570529937744141,0.8257240653038025
19,fixed5,123,101,24,full_batch,batch_lora,0.5681911110877991,0.9723067283630371,1.0860921144485474
19,fixed5,123,101,25,heldout_before,activation,0.7114895582199097,0.709889829158783,0.737170398235321
19,fixed5,123,101,25,heldout_before,lora,0.7436150312423706,0.6818592548370361,0.8458420038223267
19,fixed5,123,101,25,heldout_before,batch_lora,0.5790621638298035,1.0063652992248535,1.169048547744751
19,fixed5,123,101,25,heldout_after,activation,0.717986524105072,0.7004925012588501,0.7238882184028625
19,fixed5,123,101,25,heldout_after,lora,0.755841851234436,0.6652873158454895,0.8508878946304321
19,fixed5,123,101,25,heldout_after,batch_lora,0.6289596557617188,0.9703099727630615,1.2095556259155273
19,fixed5,123,101,25,full_batch,activation,0.7302973866462708,0.6862409710884094,0.7253131866455078
19,fixed5,123,101,25,full_batch,lora,0.7720221281051636,0.6409624814987183,0.8510860204696655
19,fixed5,123,101,25,full_batch,batch_lora,0.6197560429573059,1.0177505016326904,1.267763614654541
19,fixed5,123,101,26,heldout_before,activation,0.6736502051353455,0.7295173406600952,0.6767507195472717
19,fixed5,123,101,26,heldout_before,lora,0.711825966835022,0.711229681968689,0.8370500802993774
19,fixed5,123,101,26,heldout_before,batch_lora,0.5813987255096436,1.0004236698150635,1.1635260581970215
19,fixed5,123,101,26,heldout_after,activation,0.6773821115493774,0.7267210483551025,0.6789864301681519
19,fixed5,123,101,26,heldout_after,lora,0.7251058220863342,0.6967616677284241,0.8480756878852844
19,fixed5,123,101,26,heldout_after,batch_lora,0.6271544694900513,0.8760303258895874,1.0280932188034058
19,fixed5,123,101,26,full_batch,activation,0.6963200569152832,0.706450879573822,0.6890722513198853
19,fixed5,123,101,26,full_batch,lora,0.744364857673645,0.6696522235870361,0.8487931489944458
19,fixed5,123,101,26,full_batch,batch_lora,0.6452370882034302,0.8915808796882629,1.1048535108566284
19,fixed5,123,101,27,heldout_before,activation,0.7250548005104065,0.6852646470069885,0.7509559988975525
19,fixed5,123,101,27,heldout_before,lora,0.7671695947647095,0.6497389674186707,0.8789169192314148
19,fixed5,123,101,27,heldout_before,batch_lora,0.4674825966358185,1.1059130430221558,1.132000207901001
19,fixed5,123,101,27,heldout_after,activation,0.7213642001152039,0.6906701922416687,0.7505875825881958
19,fixed5,123,101,27,heldout_after,lora,0.7580713033676147,0.6652935147285461,0.8942119479179382
19,fixed5,123,101,27,heldout_after,batch_lora,0.3842773735523224,1.2977982759475708,1.2963900566101074
19,fixed5,123,101,27,full_batch,activation,0.7312251925468445,0.679556667804718,0.7473251819610596
19,fixed5,123,101,27,full_batch,lora,0.773343563079834,0.6417211890220642,0.8910672664642334
19,fixed5,123,101,27,full_batch,batch_lora,0.49088338017463684,1.2008343935012817,1.3173034191131592
19,fixed5,123,101,28,heldout_before,activation,0.7264353632926941,0.683834433555603,0.7520731091499329
19,fixed5,123,101,28,heldout_before,lora,0.7515760660171509,0.6857004761695862,0.9210179448127747
19,fixed5,123,101,28,heldout_before,batch_lora,0.2884122431278229,1.445402979850769,1.37117338180542
19,fixed5,123,101,28,heldout_after,activation,0.7381788492202759,0.6728348135948181,0.7631617188453674
19,fixed5,123,101,28,heldout_after,lora,0.761945903301239,0.6805892586708069,0.9526448845863342
19,fixed5,123,101,28,heldout_after,batch_lora,0.48756879568099976,1.4185477495193481,1.6056032180786133
19,fixed5,123,101,28,full_batch,activation,0.7405152320861816,0.6694985032081604,0.7595689296722412
19,fixed5,123,101,28,full_batch,lora,0.7710777521133423,0.6628527641296387,0.9415603876113892
19,fixed5,123,101,28,full_batch,batch_lora,0.6001032590866089,1.2731856107711792,1.590620994567871
19,fixed5,123,101,29,heldout_before,activation,0.7191088199615479,0.689656138420105,0.7596930265426636
19,fixed5,123,101,29,heldout_before,lora,0.7462156414985657,0.684590220451355,0.9274100065231323
19,fixed5,123,101,29,heldout_before,batch_lora,0.5953396558761597,1.3928624391555786,1.7330982685089111
19,fixed5,123,101,29,heldout_after,activation,0.7279840111732483,0.6781903505325317,0.7582017779350281
19,fixed5,123,101,29,heldout_after,lora,0.7584101557731628,0.6630331873893738,0.9118664860725403
19,fixed5,123,101,29,heldout_after,batch_lora,0.626818835735321,1.2108073234558105,1.5536178350448608
19,fixed5,123,101,29,full_batch,activation,0.7337677478790283,0.6730743646621704,0.750623881816864
19,fixed5,123,101,29,full_batch,lora,0.7674199342727661,0.6498086452484131,0.8978055715560913
19,fixed5,123,101,29,full_batch,batch_lora,0.6310712695121765,1.2433229684829712,1.602720856666565
19,fixed5,123,101,30,heldout_before,activation,0.6835991144180298,0.7264444231987,0.6990490555763245
19,fixed5,123,101,30,heldout_before,lora,0.698911726474762,0.7434313893318176,0.844775915145874
19,fixed5,123,101,30,heldout_before,batch_lora,0.38244014978408813,1.0747315883636475,0.9313556551933289
19,fixed5,123,101,30,heldout_after,activation,0.6858289241790771,0.7166559100151062,0.661329448223114
19,fixed5,123,101,30,heldout_after,lora,0.7071382999420166,0.714863121509552,0.7858726382255554
19,fixed5,123,101,30,heldout_after,batch_lora,0.5549503564834595,0.9073881506919861,0.9173354506492615
19,fixed5,123,101,30,full_batch,activation,0.6841040849685669,0.7184279561042786,0.6590015292167664
19,fixed5,123,101,30,full_batch,lora,0.7109161615371704,0.7098333835601807,0.7832252383232117
19,fixed5,123,101,30,full_batch,batch_lora,0.5123307704925537,0.9881966710090637,1.0012227296829224
19,fixed5,123,101,31,heldout_before,activation,0.6817944645881653,0.7226154804229736,0.6973671317100525
19,fixed5,123,101,31,heldout_before,lora,0.7097495198249817,0.7140151858329773,0.8366353511810303
19,fixed5,123,101,31,heldout_before,batch_lora,0.6481904983520508,0.9286954402923584,1.1798163652420044
19,fixed5,123,101,31,heldout_after,activation,0.6726667881011963,0.7325322031974792,0.6917944550514221
19,fixed5,123,101,31,heldout_after,lora,0.67786705493927,0.7474008202552795,0.8142920732498169
19,fixed5,123,101,31,heldout_after,batch_lora,0.4915086030960083,1.173280119895935,1.2777444124221802
19,fixed5,123,101,31,full_batch,activation,0.6742219924926758,0.7324397563934326,0.6792337894439697
19,fixed5,123,101,31,full_batch,lora,0.6942066550254822,0.7276302576065063,0.8184933662414551
19,fixed5,123,101,31,full_batch,batch_lora,0.636688232421875,1.0263453722000122,1.3140039443969727
19,fixed5,123,101,32,heldout_before,activation,0.6634878516197205,0.744229257106781,0.7126187086105347
19,fixed5,123,101,32,heldout_before,lora,0.6655628681182861,0.7680777907371521,0.8443489670753479
19,fixed5,123,101,32,heldout_before,batch_lora,0.4004807770252228,1.594663381576538,1.7055999040603638
19,fixed5,123,101,32,heldout_after,activation,0.6650197505950928,0.7426243424415588,0.7079765200614929
19,fixed5,123,101,32,heldout_after,lora,0.6774671077728271,0.7385984063148499,0.7950906157493591
19,fixed5,123,101,32,heldout_after,batch_lora,0.42802032828330994,1.3582955598831177,1.4420065879821777
19,fixed5,123,101,32,full_batch,activation,0.6668114066123962,0.7387685179710388,0.7037136554718018
19,fixed5,123,101,32,full_batch,lora,0.68583083152771,0.7272568941116333,0.7953887581825256
19,fixed5,123,101,32,full_batch,batch_lora,0.4870229959487915,1.3514549732208252,1.518343448638916
19,fixed5,124,102,1,heldout_before,activation,0.8151577711105347,0.5340686440467834,0.8190702795982361
19,fixed5,124,102,1,heldout_before,lora,0.8791304230690002,0.4322283864021301,0.9084049463272095
19,fixed5,124,102,1,heldout_before,batch_lora,0.9575091600418091,0.29328304529190063,1.0107873678207397
19,fixed5,124,102,1,heldout_after,activation,0.8118836879730225,0.5397559404373169,0.8098899722099304
19,fixed5,124,102,1,heldout_after,lora,0.8716989755630493,0.4507582187652588,0.910220742225647
19,fixed5,124,102,1,heldout_after,batch_lora,0.9382973909378052,0.36699315905570984,1.0611224174499512
19,fixed5,124,102,1,full_batch,activation,0.8244080543518066,0.5227531790733337,0.8207956552505493
19,fixed5,124,102,1,full_batch,lora,0.8844914436340332,0.42255285382270813,0.9211253523826599
19,fixed5,124,102,1,full_batch,batch_lora,0.9505109786987305,0.33076757192611694,1.0639928579330444
19,fixed5,124,102,2,heldout_before,activation,0.8513449430465698,0.513614296913147,0.8342970609664917
19,fixed5,124,102,2,heldout_before,lora,0.8883549571037292,0.4533516466617584,0.9544468522071838
19,fixed5,124,102,2,heldout_before,batch_lora,0.9329474568367004,0.4456699788570404,1.1956501007080078
19,fixed5,124,102,2,heldout_after,activation,0.8513051271438599,0.5134280920028687,0.8210524916648865
19,fixed5,124,102,2,heldout_after,lora,0.8925082683563232,0.4386858344078064,0.9187677502632141
19,fixed5,124,102,2,heldout_after,batch_lora,0.9380583763122559,0.3675723969936371,1.0607893466949463
19,fixed5,124,102,2,full_batch,activation,0.8598971366882324,0.49813544750213623,0.8312238454818726
19,fixed5,124,102,2,full_batch,lora,0.9018681049346924,0.4151202142238617,0.9250863790512085
19,fixed5,124,102,2,full_batch,batch_lora,0.9459042549133301,0.34385937452316284,1.0598084926605225
19,fixed5,124,102,3,heldout_before,activation,0.8477594256401062,0.5222821831703186,0.8170912861824036
19,fixed5,124,102,3,heldout_before,lora,0.8795905113220215,0.4649428725242615,0.9067680239677429
19,fixed5,124,102,3,heldout_before,batch_lora,0.8760054707527161,0.5367394089698792,1.1115365028381348
19,fixed5,124,102,3,heldout_after,activation,0.8495415449142456,0.5186086893081665,0.8103668093681335
19,fixed5,124,102,3,heldout_after,lora,0.8814456462860107,0.4578368663787842,0.8933252096176147
19,fixed5,124,102,3,heldout_after,batch_lora,0.8984388113021851,0.4745447039604187,1.0783966779708862
19,fixed5,124,102,3,full_batch,activation,0.8484668731689453,0.5154243111610413,0.8137196898460388
19,fixed5,124,102,3,full_batch,lora,0.8880473971366882,0.44348597526550293,0.8989144563674927
19,fixed5,124,102,3,full_batch,batch_lora,0.9063302278518677,0.46272483468055725,1.0948742628097534
19,fixed5,124,102,4,heldout_before,activation,0.864927351474762,0.4938644766807556,0.8430168032646179
19,fixed5,124,102,4,heldout_before,lora,0.9024435877799988,0.42526212334632874,0.9346867203712463
19,fixed5,124,102,4,heldout_before,batch_lora,0.9054732322692871,0.4895905554294586,1.14956533908844
19,fixed5,124,102,4,heldout_after,activation,0.8637235760688782,0.4957790672779083,0.8566856980323792
19,fixed5,124,102,4,heldout_after,lora,0.8974632024765015,0.4350101947784424,0.9314108490943909
19,fixed5,124,102,4,heldout_after,batch_lora,0.8914552927017212,0.4987737536430359,1.0999445915222168
19,fixed5,124,102,4,full_batch,activation,0.8658074140548706,0.4918827414512634,0.8559314012527466
19,fixed5,124,102,4,full_batch,lora,0.9035468101501465,0.42092499136924744,0.9373296499252319
19,fixed5,124,102,4,full_batch,batch_lora,0.9078855514526367,0.46486303210258484,1.1087677478790283
19,fixed5,124,102,5,heldout_before,activation,0.8093793392181396,0.5738288164138794,0.7881549000740051
19,fixed5,124,102,5,heldout_before,lora,0.8434191346168518,0.5345339179039001,0.8861205577850342
19,fixed5,124,102,5,heldout_before,batch_lora,0.773929238319397,0.8097030520439148,1.278493881225586
19,fixed5,124,102,5,heldout_after,activation,0.811043381690979,0.5709068179130554,0.7943721413612366
19,fixed5,124,102,5,heldout_after,lora,0.8459369540214539,0.5270450115203857,0.8839242458343506
19,fixed5,124,102,5,heldout_after,batch_lora,0.7663338780403137,0.7490211725234985,1.151431679725647
19,fixed5,124,102,5,full_batch,activation,0.817192554473877,0.5624810457229614,0.8021592497825623
19,fixed5,124,102,5,full_batch,lora,0.8567829132080078,0.5056509971618652,0.8918074369430542
19,fixed5,124,102,5,full_batch,batch_lora,0.8071940541267395,0.6744143962860107,1.1333796977996826
19,fixed5,124,102,6,heldout_before,activation,0.8037160038948059,0.5753363370895386,0.7848011255264282
19,fixed5,124,102,6,heldout_before,lora,0.8435676693916321,0.5245187282562256,0.8696518540382385
19,fixed5,124,102,6,heldout_before,batch_lora,0.7018126249313354,0.8375742435455322,1.1423485279083252
19,fixed5,124,102,6,heldout_after,activation,0.8046330213546753,0.57431960105896,0.7649592161178589
19,fixed5,124,102,6,heldout_after,lora,0.8542329668998718,0.5080515742301941,0.8561115860939026
19,fixed5,124,102,6,heldout_after,batch_lora,0.7585601806640625,0.7225766181945801,1.0708588361740112
19,fixed5,124,102,6,full_batch,activation,0.8142725229263306,0.5607926249504089,0.7786839604377747
19,fixed5,124,102,6,full_batch,lora,0.8641508221626282,0.4893655776977539,0.8712104558944702
19,fixed5,124,102,6,full_batch,batch_lora,0.7848701477050781,0.6880112290382385,1.0838358402252197
19,fixed5,124,102,7,heldout_before,activation,0.7902911901473999,0.6058525443077087,0.7691837549209595
19,fixed5,124,102,7,heldout_before,lora,0.8352368474006653,0.5487294793128967,0.8924160003662109
19,fixed5,124,102,7,heldout_before,batch_lora,0.8000389337539673,0.6724799871444702,1.1038342714309692
19,fixed5,124,102,7,heldout_after,activation,0.7924172878265381,0.6044872999191284,0.7619394659996033
19,fixed5,124,102,7,heldout_after,lora,0.836857259273529,0.5431713461875916,0.8856887817382812
19,fixed5,124,102,7,heldout_after,batch_lora,0.8228346109390259,0.6198977828025818,1.0704838037490845
19,fixed5,124,102,7,full_batch,activation,0.7994998097419739,0.5948084592819214,0.7651048302650452
19,fixed5,124,102,7,full_batch,lora,0.846686601638794,0.5256473422050476,0.8938713073730469
19,fixed5,124,102,7,full_batch,batch_lora,0.8348701596260071,0.6146581172943115,1.108388900756836
19,fixed5,124,102,8,heldout_before,activation,0.8266726136207581,0.5536283850669861,0.7907457947731018
19,fixed5,124,102,8,heldout_before,lora,0.8456767201423645,0.5280355215072632,0.9267765283584595
19,fixed5,124,102,8,heldout_before,batch_lora,0.8130776882171631,0.7810675501823425,1.3338093757629395
19,fixed5,124,102,8,heldout_after,activation,0.8276263475418091,0.5518132448196411,0.8000507950782776
19,fixed5,124,102,8,heldout_after,lora,0.8397938013076782,0.5398320555686951,0.9257007241249084
19,fixed5,124,102,8,heldout_after,batch_lora,0.6848049163818359,0.9003236293792725,1.2135206460952759
19,fixed5,124,102,8,full_batch,activation,0.8319067358970642,0.5454602241516113,0.8046876788139343
19,fixed5,124,102,8,full_batch,lora,0.8499095439910889,0.5207726955413818,0.9285247921943665
19,fixed5,124,102,8,full_batch,batch_lora,0.7221860289573669,0.8708255887031555,1.2512321472167969
19,fixed5,124,102,9,heldout_before,activation,0.8040556311607361,0.5878381729125977,0.7634665966033936
19,fixed5,124,102,9,heldout_before,lora,0.8296974301338196,0.5475425124168396,0.8810482025146484
19,fixed5,124,102,9,heldout_before,batch_lora,0.6997143030166626,0.8564794659614563,1.1721093654632568
19,fixed5,124,102,9,heldout_after,activation,0.8046860098838806,0.5864877104759216,0.7650986313819885
19,fixed5,124,102,9,heldout_after,lora,0.8347712159156799,0.535770833492279,0.8678287267684937
19,fixed5,124,102,9,heldout_after,batch_lora,0.707283616065979,0.8008795976638794,1.0836585760116577
19,fixed5,124,102,9,full_batch,activation,0.8072711825370789,0.5809386968612671,0.7717257142066956
19,fixed5,124,102,9,full_batch,lora,0.8431593775749207,0.5223798155784607,0.8748166561126709
19,fixed5,124,102,9,full_batch,batch_lora,0.7161001563072205,0.7944338917732239,1.095474362373352
19,fixed5,124,102,10,heldout_before,activation,0.7869640588760376,0.6093004941940308,0.7515354752540588
19,fixed5,124,102,10,heldout_before,lora,0.8090839982032776,0.580178439617157,0.8590446710586548
19,fixed5,124,102,10,heldout_before,batch_lora,0.6641677618026733,0.8957028985023499,1.1575261354446411
19,fixed5,124,102,10,heldout_after,activation,0.7901903390884399,0.6060329675674438,0.7566580176353455
19,fixed5,124,102,10,heldout_after,lora,0.807045578956604,0.5851368308067322,0.8607856631278992
19,fixed5,124,102,10,heldout_after,batch_lora,0.6288634538650513,0.911078155040741,1.1037664413452148
19,fixed5,124,102,10,full_batch,activation,0.7977495193481445,0.5959116220474243,0.7578147649765015
19,fixed5,124,102,10,full_batch,lora,0.8173472881317139,0.5687932968139648,0.8620676398277283
19,fixed5,124,102,10,full_batch,batch_lora,0.6415569186210632,0.90146803855896,1.1150965690612793
19,fixed5,124,102,11,heldout_before,activation,0.7883293032646179,0.6018968820571899,0.7908233404159546
19,fixed5,124,102,11,heldout_before,lora,0.8212091326713562,0.5641664862632751,0.8975194096565247
19,fixed5,124,102,11,heldout_before,batch_lora,0.6959110498428345,0.9796475768089294,1.3622454404830933
19,fixed5,124,102,11,heldout_after,activation,0.7927853465080261,0.5970677733421326,0.7988728284835815
19,fixed5,124,102,11,heldout_after,lora,0.8310036063194275,0.5504941344261169,0.8921900391578674
19,fixed5,124,102,11,heldout_after,batch_lora,0.7233608961105347,0.8813220858573914,1.2710647583007812
19,fixed5,124,102,11,full_batch,activation,0.7995530366897583,0.5888077020645142,0.8021494150161743
19,fixed5,124,102,11,full_batch,lora,0.8402491211891174,0.5349366664886475,0.8967753052711487
19,fixed5,124,102,11,full_batch,batch_lora,0.7460985779762268,0.8542241454124451,1.281226396560669
19,fixed5,124,102,12,heldout_before,activation,0.7686889171600342,0.630292534828186,0.7727035880088806
19,fixed5,124,102,12,heldout_before,lora,0.8099839687347412,0.5888380408287048,0.8927766680717468
19,fixed5,124,102,12,heldout_before,batch_lora,0.6954360008239746,0.8995869755744934,1.236627221107483
19,fixed5,124,102,12,heldout_after,activation,0.7713459730148315,0.6226715445518494,0.7642959952354431
19,fixed5,124,102,12,heldout_after,lora,0.8108208775520325,0.5815941691398621,0.8831120729446411
19,fixed5,124,102,12,heldout_after,batch_lora,0.6286105513572693,0.9417837262153625,1.1597486734390259
19,fixed5,124,102,12,full_batch,activation,0.7821044325828552,0.6085500717163086,0.7740939855575562
19,fixed5,124,102,12,full_batch,lora,0.8219304084777832,0.5632956027984619,0.8905458450317383
19,fixed5,124,102,12,full_batch,batch_lora,0.6109008193016052,1.0226943492889404,1.2582826614379883
19,fixed5,124,102,13,heldout_before,activation,0.7771634459495544,0.6229238510131836,0.7344123721122742
19,fixed5,124,102,13,heldout_before,lora,0.8007632493972778,0.5921950340270996,0.853596568107605
19,fixed5,124,102,13,heldout_before,batch_lora,0.4809967875480652,1.1416444778442383,1.2122355699539185
19,fixed5,124,102,13,heldout_after,activation,0.7807867527008057,0.6178005933761597,0.7307670712471008
19,fixed5,124,102,13,heldout_after,lora,0.8039233684539795,0.5908346176147461,0.8496832251548767
19,fixed5,124,102,13,heldout_after,batch_lora,0.508928656578064,1.0362459421157837,1.0858289003372192
19,fixed5,124,102,13,full_batch,activation,0.7903513312339783,0.6041345596313477,0.7362910509109497
19,fixed5,124,102,13,full_batch,lora,0.8164626359939575,0.5692974925041199,0.8543809652328491
19,fixed5,124,102,13,full_batch,batch_lora,0.5330467820167542,1.066069483757019,1.1816167831420898
19,fixed5,124,102,14,heldout_before,activation,0.7642315626144409,0.630003809928894,0.7520293593406677
19,fixed5,124,102,14,heldout_before,lora,0.7965894937515259,0.6076894998550415,0.8912702202796936
19,fixed5,124,102,14,heldout_before,batch_lora,0.6221559047698975,0.8832664489746094,1.0311028957366943
19,fixed5,124,102,14,heldout_after,activation,0.7629160284996033,0.6270920038223267,0.7533357739448547
19,fixed5,124,102,14,heldout_after,lora,0.7938135266304016,0.6111115217208862,0.9031038284301758
19,fixed5,124,102,14,heldout_after,batch_lora,0.6563787460327148,0.9343512654304504,1.2076005935668945
19,fixed5,124,102,14,full_batch,activation,0.7662590146064758,0.6237971782684326,0.7543134093284607
19,fixed5,124,102,14,full_batch,lora,0.8055918216705322,0.5920013189315796,0.9060598611831665
19,fixed5,124,102,14,full_batch,batch_lora,0.6717054843902588,0.9512306451797485,1.2683863639831543
19,fixed5,124,102,15,heldout_before,activation,0.7499274015426636,0.6403118371963501,0.7478706240653992
19,fixed5,124,102,15,heldout_before,lora,0.7924308180809021,0.6092914938926697,0.9004483222961426
19,fixed5,124,102,15,heldout_before,batch_lora,0.6219465732574463,1.0332456827163696,1.2960491180419922
19,fixed5,124,102,15,heldout_after,activation,0.7564281225204468,0.6334741115570068,0.765883207321167
19,fixed5,124,102,15,heldout_after,lora,0.7971737384796143,0.6030430197715759,0.9195526242256165
19,fixed5,124,102,15,heldout_after,batch_lora,0.6947023868560791,0.9908762574195862,1.3762060403823853
19,fixed5,124,102,15,full_batch,activation,0.7642505168914795,0.624708890914917,0.7658860683441162
19,fixed5,124,102,15,full_batch,lora,0.8078879117965698,0.5857408046722412,0.9200156331062317
19,fixed5,124,102,15,full_batch,batch_lora,0.7220344543457031,0.9674312472343445,1.3982422351837158
19,fixed5,124,102,16,heldout_before,activation,0.770869791507721,0.6236408352851868,0.7531768083572388
19,fixed5,124,102,16,heldout_before,lora,0.7882417440414429,0.6089022755622864,0.8645365238189697
19,fixed5,124,102,16,heldout_before,batch_lora,0.6221081018447876,1.0823380947113037,1.3694193363189697
19,fixed5,124,102,16,heldout_after,activation,0.7660938501358032,0.6292362213134766,0.7269505262374878
19,fixed5,124,102,16,heldout_after,lora,0.7889685034751892,0.6048752069473267,0.8427706360816956
19,fixed5,124,102,16,heldout_after,batch_lora,0.638588547706604,1.0022414922714233,1.2806811332702637
19,fixed5,124,102,16,full_batch,activation,0.7756322622299194,0.615127682685852,0.735478401184082
19,fixed5,124,102,16,full_batch,lora,0.8023934364318848,0.5821980237960815,0.8521381616592407
19,fixed5,124,102,16,full_batch,batch_lora,0.6849522590637207,0.9190142154693604,1.2450834512710571
19,fixed5,124,102,17,heldout_before,activation,0.7661358714103699,0.6281154751777649,0.7463806867599487
19,fixed5,124,102,17,heldout_before,lora,0.7943431735038757,0.5886415839195251,0.8541473746299744
19,fixed5,124,102,17,heldout_before,batch_lora,0.6890076398849487,0.8538212776184082,1.1403858661651611
19,fixed5,124,102,17,heldout_after,activation,0.7649437785148621,0.632269024848938,0.740644097328186
19,fixed5,124,102,17,heldout_after,lora,0.7914223074913025,0.5966469049453735,0.835577130317688
19,fixed5,124,102,17,heldout_after,batch_lora,0.6593001484870911,0.838223397731781,1.0298340320587158
19,fixed5,124,102,17,full_batch,activation,0.7537276744842529,0.6445878148078918,0.7225853800773621
19,fixed5,124,102,17,full_batch,lora,0.7936346530914307,0.5958383083343506,0.8294961452484131
19,fixed5,124,102,17,full_batch,batch_lora,0.6461726427078247,0.8915746212005615,1.1070895195007324
19,fixed5,124,102,18,heldout_before,activation,0.7115455269813538,0.6919407248497009,0.7180638909339905
19,fixed5,124,102,18,heldout_before,lora,0.7549681067466736,0.665985107421875,0.887827455997467
19,fixed5,124,102,18,heldout_before,batch_lora,0.573664128780365,1.372700572013855,1.675207257270813
19,fixed5,124,102,18,heldout_after,activation,0.7143203616142273,0.6910947561264038,0.7566530108451843
19,fixed5,124,102,18,heldout_after,lora,0.7596419453620911,0.6698961853981018,0.9231123924255371
19,fixed5,124,102,18,heldout_after,batch_lora,0.5155328512191772,1.367305874824524,1.581037163734436
19,fixed5,124,102,18,full_batch,activation,0.7344346046447754,0.6650177240371704,0.7656980156898499
19,fixed5,124,102,18,full_batch,lora,0.7801728248596191,0.6339664459228516,0.9266178011894226
19,fixed5,124,102,18,full_batch,batch_lora,0.5814737677574158,1.2312322854995728,1.5056191682815552
19,fixed5,124,102,19,heldout_before,activation,0.7306886315345764,0.6779154539108276,0.7792124152183533
19,fixed5,124,102,19,heldout_before,lora,0.7662507891654968,0.655173659324646,0.9091707468032837
19,fixed5,124,102,19,heldout_before,batch_lora,0.5246732831001282,1.2058390378952026,1.3786815404891968
19,fixed5,124,102,19,heldout_after,activation,0.7260857224464417,0.6854356527328491,0.7919828295707703
19,fixed5,124,102,19,heldout_after,lora,0.7613864541053772,0.6678321957588196,0.9288161396980286
19,fixed5,124,102,19,heldout_after,batch_lora,0.5560404062271118,1.2657268047332764,1.5106322765350342
19,fixed5,124,102,19,full_batch,activation,0.7285485863685608,0.6815873384475708,0.7804276943206787
19,fixed5,124,102,19,full_batch,lora,0.7728745937347412,0.6481618881225586,0.9218938946723938
19,fixed5,124,102,19,full_batch,batch_lora,0.5707834959030151,1.2369625568389893,1.4959158897399902
19,fixed5,124,102,20,heldout_before,activation,0.7296861410140991,0.6767093539237976,0.773781955242157
19,fixed5,124,102,20,heldout_before,lora,0.7541273832321167,0.6689232587814331,0.9145217537879944
19,fixed5,124,102,20,heldout_before,batch_lora,0.5261591672897339,1.0805360078811646,1.192793607711792
19,fixed5,124,102,20,heldout_after,activation,0.72347491979599,0.6800110340118408,0.7415369153022766
19,fixed5,124,102,20,heldout_after,lora,0.7429171204566956,0.6783638596534729,0.8946959972381592
19,fixed5,124,102,20,heldout_after,batch_lora,0.5253944993019104,1.171635627746582,1.3308568000793457
19,fixed5,124,102,20,full_batch,activation,0.7218328714370728,0.682643711566925,0.7414100170135498
19,fixed5,124,102,20,full_batch,lora,0.7471203804016113,0.6714385747909546,0.8926135897636414
19,fixed5,124,102,20,full_batch,batch_lora,0.5210350751876831,1.1850714683532715,1.3431493043899536
19,fixed5,124,102,21,heldout_before,activation,0.744871199131012,0.663999080657959,0.7806742787361145
19,fixed5,124,102,21,heldout_before,lora,0.7585361003875732,0.6716691255569458,0.9438124299049377
19,fixed5,124,102,21,heldout_before,batch_lora,0.5822079181671143,1.4288136959075928,1.7571439743041992
19,fixed5,124,102,21,heldout_after,activation,0.7481090426445007,0.6572914123535156,0.7142339944839478
19,fixed5,124,102,21,heldout_after,lora,0.7826816439628601,0.6179965138435364,0.85194331407547
19,fixed5,124,102,21,heldout_after,batch_lora,0.6381776332855225,1.0107172727584839,1.2930212020874023
19,fixed5,124,102,21,full_batch,activation,0.7569189071655273,0.6455605030059814,0.7243095636367798
19,fixed5,124,102,21,full_batch,lora,0.7971174716949463,0.5948691368103027,0.8592140078544617
19,fixed5,124,102,21,full_batch,batch_lora,0.6587686538696289,1.040898084640503,1.3781051635742188
19,fixed5,124,102,22,heldout_before,activation,0.7316896915435791,0.6747152209281921,0.7101658582687378
19,fixed5,124,102,22,heldout_before,lora,0.7596424221992493,0.6509410738945007,0.8627744913101196
19,fixed5,124,102,22,heldout_before,batch_lora,0.6222476959228516,0.935509979724884,1.1344696283340454
19,fixed5,124,102,22,heldout_after,activation,0.7349177002906799,0.6727844476699829,0.6909358501434326
19,fixed5,124,102,22,heldout_after,lora,0.7523146271705627,0.6648699641227722,0.8541204929351807
19,fixed5,124,102,22,heldout_after,batch_lora,0.6234073638916016,1.051715612411499,1.326786756515503
19,fixed5,124,102,22,full_batch,activation,0.7239927053451538,0.681415319442749,0.6799913644790649
19,fixed5,124,102,22,full_batch,lora,0.7570924758911133,0.6562159657478333,0.8485913872718811
19,fixed5,124,102,22,full_batch,batch_lora,0.6974443197250366,0.9626433849334717,1.3401813507080078
19,fixed5,124,102,23,heldout_before,activation,0.7269356846809387,0.6717029809951782,0.7004038095474243
19,fixed5,124,102,23,heldout_before,lora,0.7548357844352722,0.6459556818008423,0.8286048769950867
19,fixed5,124,102,23,heldout_before,batch_lora,0.5781768560409546,1.0326194763183594,1.2110998630523682
19,fixed5,124,102,23,heldout_after,activation,0.7311185002326965,0.6671081781387329,0.7133169770240784
19,fixed5,124,102,23,heldout_after,lora,0.7656686305999756,0.6343833804130554,0.8473010659217834
19,fixed5,124,102,23,heldout_after,batch_lora,0.5914661288261414,1.0166107416152954,1.2106021642684937
19,fixed5,124,102,23,full_batch,activation,0.7345544099807739,0.6624035239219666,0.7091802954673767
19,fixed5,124,102,23,full_batch,lora,0.7784551978111267,0.616457462310791,0.8488515019416809
19,fixed5,124,102,23,full_batch,batch_lora,0.6387039422988892,0.9876760244369507,1.257934808731079
19,fixed5,124,102,24,heldout_before,activation,0.7087315320968628,0.6971970200538635,0.6692927479743958
19,fixed5,124,102,24,heldout_before,lora,0.735360324382782,0.6753233671188354,0.8114332556724548
19,fixed5,124,102,24,heldout_before,batch_lora,0.4207858145236969,1.2466418743133545,1.2758744955062866
19,fixed5,124,102,24,heldout_after,activation,0.7081947922706604,0.6992896199226379,0.7043834924697876
19,fixed5,124,102,24,heldout_after,lora,0.7298793196678162,0.691342294216156,0.8591648936271667
19,fixed5,124,102,24,heldout_after,batch_lora,0.4225974678993225,1.3740583658218384,1.45537269115448
19,fixed5,124,102,24,full_batch,activation,0.7001224160194397,0.7066522836685181,0.6887837648391724
19,fixed5,124,102,24,full_batch,lora,0.7320249080657959,0.6866393089294434,0.8445447683334351
19,fixed5,124,102,24,full_batch,batch_lora,0.4996909201145172,1.25126051902771,1.4026548862457275
19,fixed5,124,102,25,heldout_before,activation,0.7051253914833069,0.7119806408882141,0.6883792281150818
19,fixed5,124,102,25,heldout_before,lora,0.7341333627700806,0.7022661566734314,0.8464673757553101
19,fixed5,124,102,25,heldout_before,batch_lora,0.4489961266517639,1.2290396690368652,1.2928776741027832
19,fixed5,124,102,25,heldout_after,activation,0.7015694379806519,0.7156283259391785,0.6795207858085632
19,fixed5,124,102,25,heldout_after,lora,0.7314779162406921,0.7040289044380188,0.848105251789093
19,fixed5,124,102,25,heldout_after,batch_lora,0.49246251583099365,1.213211178779602,1.3376848697662354
19,fixed5,124,102,25,full_batch,activation,0.709500789642334,0.7062731385231018,0.6850249767303467
19,fixed5,124,102,25,full_batch,lora,0.7437878847122192,0.6845581531524658,0.8504775762557983
19,fixed5,124,102,25,full_batch,batch_lora,0.4859973192214966,1.2188664674758911,1.3356024026870728
19,fixed5,124,102,26,heldout_before,activation,0.7306776642799377,0.6731427311897278,0.729270875453949
19,fixed5,124,102,26,heldout_before,lora,0.7273428440093994,0.6979601979255676,0.8848641514778137
19,fixed5,124,102,26,heldout_before,batch_lora,0.3306984603404999,1.5982588529586792,1.6205793619155884
19,fixed5,124,102,26,heldout_after,activation,0.7296712398529053,0.672803521156311,0.6895586252212524
19,fixed5,124,102,26,heldout_after,lora,0.7497249841690063,0.6602862477302551,0.8543050289154053
19,fixed5,124,102,26,heldout_after,batch_lora,0.4923669695854187,1.3209495544433594,1.4860132932662964
19,fixed5,124,102,26,full_batch,activation,0.7301845550537109,0.6731841564178467,0.6843395233154297
19,fixed5,124,102,26,full_batch,lora,0.7591079473495483,0.647049605846405,0.8532211780548096
19,fixed5,124,102,26,full_batch,batch_lora,0.5715922713279724,1.1971772909164429,1.443343997001648
19,fixed5,124,102,27,heldout_before,activation,0.701156497001648,0.7043737173080444,0.7099210023880005
19,fixed5,124,102,27,heldout_before,lora,0.7341073751449585,0.6912559866905212,0.9037867784500122
19,fixed5,124,102,27,heldout_before,batch_lora,0.5919811725616455,1.3090468645095825,1.6235069036483765
19,fixed5,124,102,27,heldout_after,activation,0.6958190202713013,0.7094930410385132,0.6830834746360779
19,fixed5,124,102,27,heldout_after,lora,0.7378400564193726,0.6828439235687256,0.8698776960372925
19,fixed5,124,102,27,heldout_after,batch_lora,0.5480639934539795,1.2856972217559814,1.5244816541671753
19,fixed5,124,102,27,full_batch,activation,0.6965166330337524,0.7092182636260986,0.6754059195518494
19,fixed5,124,102,27,full_batch,lora,0.7481988668441772,0.6685900688171387,0.8595929145812988
19,fixed5,124,102,27,full_batch,batch_lora,0.5969600677490234,1.2435139417648315,1.5470589399337769
19,fixed5,124,102,28,heldout_before,activation,0.6877558827400208,0.7156508564949036,0.6639582514762878
19,fixed5,124,102,28,heldout_before,lora,0.7251978516578674,0.6941306591033936,0.855911910533905
19,fixed5,124,102,28,heldout_before,batch_lora,0.42126601934432983,1.3545093536376953,1.4273278713226318
19,fixed5,124,102,28,heldout_after,activation,0.7078955769538879,0.6943843364715576,0.6785936951637268
19,fixed5,124,102,28,heldout_after,lora,0.7359530329704285,0.6752825379371643,0.8392335176467896
19,fixed5,124,102,28,heldout_after,batch_lora,0.4480432868003845,1.3472844362258911,1.4559708833694458
19,fixed5,124,102,28,full_batch,activation,0.7162013053894043,0.6871758699417114,0.6832370162010193
19,fixed5,124,102,28,full_batch,lora,0.743083119392395,0.6676633358001709,0.8339323997497559
19,fixed5,124,102,28,full_batch,batch_lora,0.3742716610431671,1.4470970630645752,1.4852033853530884
19,fixed5,124,102,29,heldout_before,activation,0.7128776907920837,0.6916846632957458,0.7031797170639038
19,fixed5,124,102,29,heldout_before,lora,0.739186704158783,0.6784369945526123,0.8678728342056274
19,fixed5,124,102,29,heldout_before,batch_lora,0.4600476026535034,1.4132407903671265,1.5595444440841675
19,fixed5,124,102,29,heldout_after,activation,0.7200124263763428,0.6851349472999573,0.7157722115516663
19,fixed5,124,102,29,heldout_after,lora,0.7546147108078003,0.6620087027549744,0.8583908677101135
19,fixed5,124,102,29,heldout_after,batch_lora,0.4714754819869995,1.2216299772262573,1.3168562650680542
19,fixed5,124,102,29,full_batch,activation,0.7215572595596313,0.6801326274871826,0.7134757041931152
19,fixed5,124,102,29,full_batch,lora,0.7665413022041321,0.6435749530792236,0.8589612245559692
19,fixed5,124,102,29,full_batch,batch_lora,0.49210843443870544,1.2009600400924683,1.3194388151168823
19,fixed5,124,102,30,heldout_before,activation,0.7023667097091675,0.7020223140716553,0.6807391047477722
19,fixed5,124,102,30,heldout_before,lora,0.7455741763114929,0.6649243831634521,0.8111326098442078
19,fixed5,124,102,30,heldout_before,batch_lora,0.4383436441421509,1.2222044467926025,1.2665518522262573
19,fixed5,124,102,30,heldout_after,activation,0.6984005570411682,0.7104362845420837,0.6865335702896118
19,fixed5,124,102,30,heldout_after,lora,0.7342323064804077,0.6883204579353333,0.829572319984436
19,fixed5,124,102,30,heldout_after,batch_lora,0.36519938707351685,1.4273070096969604,1.4471309185028076
19,fixed5,124,102,30,full_batch,activation,0.7094551920890808,0.6972748041152954,0.6967875957489014
19,fixed5,124,102,30,full_batch,lora,0.7510517835617065,0.6644960045814514,0.843646228313446
19,fixed5,124,102,30,full_batch,batch_lora,0.4967550039291382,1.30830979347229,1.4757546186447144
19,fixed5,124,102,31,heldout_before,activation,0.6952240467071533,0.7168259024620056,0.6921228766441345
19,fixed5,124,102,31,heldout_before,lora,0.7232590913772583,0.7093686461448669,0.8553551435470581
19,fixed5,124,102,31,heldout_before,batch_lora,0.4718838334083557,1.3723886013031006,1.5236083269119263
19,fixed5,124,102,31,heldout_after,activation,0.698116660118103,0.711311936378479,0.6627320051193237
19,fixed5,124,102,31,heldout_after,lora,0.7199663519859314,0.693311870098114,0.8125022649765015
19,fixed5,124,102,31,heldout_after,batch_lora,0.4900202751159668,1.2163082361221313,1.338268756866455
19,fixed5,124,102,31,full_batch,activation,0.6983789205551147,0.7110947966575623,0.6599064469337463
19,fixed5,124,102,31,full_batch,lora,0.7300900816917419,0.6806337833404541,0.8155052065849304
19,fixed5,124,102,31,full_batch,batch_lora,0.4696059226989746,1.3445717096328735,1.4837079048156738
19,fixed5,124,102,32,heldout_before,activation,0.6518813967704773,0.747802197933197,0.6497710347175598
19,fixed5,124,102,32,heldout_before,lora,0.6881185173988342,0.7266976833343506,0.8033174872398376
19,fixed5,124,102,32,heldout_before,batch_lora,0.3737654983997345,1.2584339380264282,1.2242690324783325
19,fixed5,124,102,32,heldout_after,activation,0.6504597067832947,0.7454221248626709,0.6406139135360718
19,fixed5,124,102,32,heldout_after,lora,0.6915329098701477,0.7141991853713989,0.7808018922805786
19,fixed5,124,102,32,heldout_after,batch_lora,0.5381624102592468,1.1581177711486816,1.3324264287948608
19,fixed5,124,102,32,full_batch,activation,0.6684057116508484,0.7285815477371216,0.6554872393608093
19,fixed5,124,102,32,full_batch,lora,0.712643563747406,0.6885536313056946,0.7877814173698425
19,fixed5,124,102,32,full_batch,batch_lora,0.5773525238037109,1.16184401512146,1.403922438621521
19,fixed5,125,103,1,heldout_before,activation,0.863796055316925,0.4888278543949127,0.8447752594947815
19,fixed5,125,103,1,heldout_before,lora,0.9146633744239807,0.38826093077659607,0.926152765750885
19,fixed5,125,103,1,heldout_before,batch_lora,0.9721656441688538,0.23621495068073273,1.0022231340408325
19,fixed5,125,103,1,heldout_after,activation,0.8604360818862915,0.4939904510974884,0.8345776200294495
19,fixed5,125,103,1,heldout_after,lora,0.9029245376586914,0.41484135389328003,0.9387686848640442
19,fixed5,125,103,1,heldout_after,batch_lora,0.9483208656311035,0.3479185998439789,1.0910085439682007
19,fixed5,125,103,1,full_batch,activation,0.8672773838043213,0.4825616478919983,0.8421694040298462
19,fixed5,125,103,1,full_batch,lora,0.9107707142829895,0.3954428732395172,0.9447100162506104
19,fixed5,125,103,1,full_batch,batch_lora,0.9597662687301636,0.3068445920944214,1.0834791660308838
19,fixed5,125,103,2,heldout_before,activation,0.8342604041099548,0.5416837930679321,0.8227711915969849
19,fixed5,125,103,2,heldout_before,lora,0.8636881113052368,0.5049413442611694,0.9490453004837036
19,fixed5,125,103,2,heldout_before,batch_lora,0.9012454748153687,0.5975729823112488,1.3127514123916626
19,fixed5,125,103,2,heldout_after,activation,0.834499180316925,0.5405077934265137,0.8217443823814392
19,fixed5,125,103,2,heldout_after,lora,0.8687591552734375,0.48394474387168884,0.8990893959999084
19,fixed5,125,103,2,heldout_after,batch_lora,0.9068611860275269,0.4544829726219177,1.077014446258545
19,fixed5,125,103,2,full_batch,activation,0.8436185121536255,0.5253029465675354,0.8317480087280273
19,fixed5,125,103,2,full_batch,lora,0.8811213374137878,0.4548876881599426,0.9093936681747437
19,fixed5,125,103,2,full_batch,batch_lora,0.9156010150909424,0.4251087009906769,1.0535963773727417
19,fixed5,125,103,3,heldout_before,activation,0.8141339421272278,0.5675009489059448,0.8175370097160339
19,fixed5,125,103,3,heldout_before,lora,0.8511555194854736,0.5204299092292786,0.9117153286933899
19,fixed5,125,103,3,heldout_before,batch_lora,0.8438555598258972,0.5464586019515991,0.9473408460617065
19,fixed5,125,103,3,heldout_after,activation,0.8168346881866455,0.5636290907859802,0.8115576505661011
19,fixed5,125,103,3,heldout_after,lora,0.8596819043159485,0.5022320747375488,0.9062550663948059
19,fixed5,125,103,3,heldout_after,batch_lora,0.9053341150283813,0.43125736713409424,0.9802528023719788
19,fixed5,125,103,3,full_batch,activation,0.8247820734977722,0.5517841577529907,0.8140828609466553
19,fixed5,125,103,3,full_batch,lora,0.869815468788147,0.4809533953666687,0.9111765027046204
19,fixed5,125,103,3,full_batch,batch_lora,0.914962887763977,0.41240838170051575,1.0000368356704712
19,fixed5,125,103,4,heldout_before,activation,0.8006346821784973,0.5797733068466187,0.8071057796478271
19,fixed5,125,103,4,heldout_before,lora,0.8495742678642273,0.5103340148925781,0.9050288200378418
19,fixed5,125,103,4,heldout_before,batch_lora,0.8557343482971191,0.5625174045562744,1.076431155204773
19,fixed5,125,103,4,heldout_after,activation,0.7999953627586365,0.5813633799552917,0.8283413648605347
19,fixed5,125,103,4,heldout_after,lora,0.8478353023529053,0.5135097503662109,0.9230430126190186
19,fixed5,125,103,4,heldout_after,batch_lora,0.866119384765625,0.5388445854187012,1.0674058198928833
19,fixed5,125,103,4,full_batch,activation,0.8077338933944702,0.5703667402267456,0.8328157067298889
19,fixed5,125,103,4,full_batch,lora,0.8590955138206482,0.4930550754070282,0.9318007230758667
19,fixed5,125,103,4,full_batch,batch_lora,0.8973374366760254,0.47404801845550537,1.0703579187393188
19,fixed5,125,103,5,heldout_before,activation,0.7881277203559875,0.6027523279190063,0.8037829995155334
19,fixed5,125,103,5,heldout_before,lora,0.8375735878944397,0.5466480255126953,0.9173023104667664
19,fixed5,125,103,5,heldout_before,batch_lora,0.8408650159835815,0.6539782881736755,1.2079370021820068
19,fixed5,125,103,5,heldout_after,activation,0.7892292737960815,0.6015481948852539,0.7768919467926025
19,fixed5,125,103,5,heldout_after,lora,0.8447288870811462,0.5292402505874634,0.8773674964904785
19,fixed5,125,103,5,heldout_after,batch_lora,0.8492679595947266,0.5539331436157227,1.016892433166504
19,fixed5,125,103,5,full_batch,activation,0.8026463985443115,0.5814276337623596,0.7864991426467896
19,fixed5,125,103,5,full_batch,lora,0.8568350076675415,0.5047459006309509,0.8866302967071533
19,fixed5,125,103,5,full_batch,batch_lora,0.8551546931266785,0.5448578596115112,1.0229631662368774
19,fixed5,125,103,6,heldout_before,activation,0.8076927065849304,0.5799676775932312,0.8502088189125061
19,fixed5,125,103,6,heldout_before,lora,0.8538082242012024,0.5158264636993408,0.9186945557594299
19,fixed5,125,103,6,heldout_before,batch_lora,0.8919838666915894,0.4991389513015747,1.1035852432250977
19,fixed5,125,103,6,heldout_after,activation,0.8115967512130737,0.5726626515388489,0.8501257300376892
19,fixed5,125,103,6,heldout_after,lora,0.8594131469726562,0.5038049221038818,0.9160791635513306
19,fixed5,125,103,6,heldout_after,batch_lora,0.8959552645683289,0.46152469515800476,1.0214179754257202
19,fixed5,125,103,6,full_batch,activation,0.8165338039398193,0.5660490989685059,0.8470412492752075
19,fixed5,125,103,6,full_batch,lora,0.8673444390296936,0.4887731671333313,0.9183140993118286
19,fixed5,125,103,6,full_batch,batch_lora,0.907440185546875,0.4351603090763092,1.020632028579712
19,fixed5,125,103,7,heldout_before,activation,0.8180820345878601,0.5742311477661133,0.8580306172370911
19,fixed5,125,103,7,heldout_before,lora,0.8596987724304199,0.5147018432617188,0.9272845387458801
19,fixed5,125,103,7,heldout_before,batch_lora,0.8069727420806885,0.6531485915184021,1.0859137773513794
19,fixed5,125,103,7,heldout_after,activation,0.8198253512382507,0.5705994367599487,0.863470196723938
19,fixed5,125,103,7,heldout_after,lora,0.8658264875411987,0.5010182857513428,0.9341094493865967
19,fixed5,125,103,7,heldout_after,batch_lora,0.8460328578948975,0.5952925682067871,1.1108812093734741
19,fixed5,125,103,7,full_batch,activation,0.8228850364685059,0.5659099221229553,0.8578059673309326
19,fixed5,125,103,7,full_batch,lora,0.8726682662963867,0.4868706166744232,0.9320889115333557
19,fixed5,125,103,7,full_batch,batch_lora,0.8627743124961853,0.5619922280311584,1.108161449432373
19,fixed5,125,103,8,heldout_before,activation,0.744661271572113,0.6523913145065308,0.7431648373603821
19,fixed5,125,103,8,heldout_before,lora,0.8107345700263977,0.5827164053916931,0.8804228901863098
19,fixed5,125,103,8,heldout_before,batch_lora,0.7336735725402832,0.8039363026618958,1.163313627243042
19,fixed5,125,103,8,heldout_after,activation,0.7445095777511597,0.6519657373428345,0.7317487001419067
19,fixed5,125,103,8,heldout_after,lora,0.8172203302383423,0.570061206817627,0.8743059039115906
19,fixed5,125,103,8,heldout_after,batch_lora,0.7882038950920105,0.6860203146934509,1.0913364887237549
19,fixed5,125,103,8,full_batch,activation,0.7486627101898193,0.6452893018722534,0.7385430335998535
19,fixed5,125,103,8,full_batch,lora,0.8249139785766602,0.5552695393562317,0.8774968385696411
19,fixed5,125,103,8,full_batch,batch_lora,0.8205284476280212,0.6303243637084961,1.0861892700195312
19,fixed5,125,103,9,heldout_before,activation,0.7412256598472595,0.6539334058761597,0.7785800099372864
19,fixed5,125,103,9,heldout_before,lora,0.810924768447876,0.5756425857543945,0.898417055606842
19,fixed5,125,103,9,heldout_before,batch_lora,0.7454097270965576,0.8043952584266663,1.1956177949905396
19,fixed5,125,103,9,heldout_after,activation,0.7465655207633972,0.6442140936851501,0.7424440979957581
19,fixed5,125,103,9,heldout_after,lora,0.8135383129119873,0.5665545463562012,0.8701117634773254
19,fixed5,125,103,9,heldout_after,batch_lora,0.754612922668457,0.7767462134361267,1.170275330543518
19,fixed5,125,103,9,full_batch,activation,0.7555246353149414,0.6354798078536987,0.748394250869751
19,fixed5,125,103,9,full_batch,lora,0.8221253156661987,0.5542210340499878,0.8725713491439819
19,fixed5,125,103,9,full_batch,batch_lora,0.7795944213867188,0.7448408603668213,1.182775855064392
19,fixed5,125,103,10,heldout_before,activation,0.7779658436775208,0.6071503162384033,0.7614603638648987
19,fixed5,125,103,10,heldout_before,lora,0.81870436668396,0.5525994300842285,0.8839524388313293
19,fixed5,125,103,10,heldout_before,batch_lora,0.8785190582275391,0.502166211605072,1.0333305597305298
19,fixed5,125,103,10,heldout_after,activation,0.7675115466117859,0.6241844892501831,0.7344068288803101
19,fixed5,125,103,10,heldout_after,lora,0.8051822185516357,0.574079155921936,0.8366989493370056
19,fixed5,125,103,10,heldout_after,batch_lora,0.857046365737915,0.520235002040863,0.9289703965187073
19,fixed5,125,103,10,full_batch,activation,0.7700638771057129,0.6209022998809814,0.7381733059883118
19,fixed5,125,103,10,full_batch,lora,0.8136321902275085,0.5617926716804504,0.8453617095947266
19,fixed5,125,103,10,full_batch,batch_lora,0.8366427421569824,0.5641030073165894,0.9714881777763367
19,fixed5,125,103,11,heldout_before,activation,0.7556440234184265,0.6422299146652222,0.7148649096488953
19,fixed5,125,103,11,heldout_before,lora,0.793669581413269,0.5903744101524353,0.8335621953010559
19,fixed5,125,103,11,heldout_before,batch_lora,0.7726784944534302,0.6973980665206909,1.061462163925171
19,fixed5,125,103,11,heldout_after,activation,0.7717236280441284,0.6231300234794617,0.7281330823898315
19,fixed5,125,103,11,heldout_after,lora,0.8112813234329224,0.5672572255134583,0.8495384454727173
19,fixed5,125,103,11,heldout_after,batch_lora,0.8089377284049988,0.6479971408843994,1.081482172012329
19,fixed5,125,103,11,full_batch,activation,0.7655147314071655,0.6252009868621826,0.7240793704986572
19,fixed5,125,103,11,full_batch,lora,0.8179843425750732,0.5563458204269409,0.8508133292198181
19,fixed5,125,103,11,full_batch,batch_lora,0.8384456634521484,0.5920840501785278,1.069864273071289
19,fixed5,125,103,12,heldout_before,activation,0.7595182657241821,0.6402451992034912,0.7126573324203491
19,fixed5,125,103,12,heldout_before,lora,0.7946668863296509,0.5985857844352722,0.8300504088401794
19,fixed5,125,103,12,heldout_before,batch_lora,0.7658482789993286,0.7747770547866821,1.1980551481246948
19,fixed5,125,103,12,heldout_after,activation,0.7587146162986755,0.6389506459236145,0.7232279181480408
19,fixed5,125,103,12,heldout_after,lora,0.782191812992096,0.609601616859436,0.8280442357063293
19,fixed5,125,103,12,heldout_after,batch_lora,0.6757742166519165,0.8913666009902954,1.1769778728485107
19,fixed5,125,103,12,full_batch,activation,0.7654025554656982,0.6297454833984375,0.7360544800758362
19,fixed5,125,103,12,full_batch,lora,0.7961758375167847,0.587879478931427,0.8405448794364929
19,fixed5,125,103,12,full_batch,batch_lora,0.7239623069763184,0.8441243171691895,1.2104471921920776
19,fixed5,125,103,13,heldout_before,activation,0.7838806509971619,0.6176512837409973,0.727853000164032
19,fixed5,125,103,13,heldout_before,lora,0.8015246987342834,0.5909925699234009,0.8284614086151123
19,fixed5,125,103,13,heldout_before,batch_lora,0.7014883756637573,0.9128206968307495,1.2718631029129028
19,fixed5,125,103,13,heldout_after,activation,0.7877069711685181,0.6119952201843262,0.7359737753868103
19,fixed5,125,103,13,heldout_after,lora,0.7998003363609314,0.5918320417404175,0.8375537991523743
19,fixed5,125,103,13,heldout_after,batch_lora,0.7392910718917847,0.905780017375946,1.3450870513916016
19,fixed5,125,103,13,full_batch,activation,0.7976124286651611,0.5981578230857849,0.7470360994338989
19,fixed5,125,103,13,full_batch,lora,0.814570426940918,0.5675700306892395,0.8479542136192322
19,fixed5,125,103,13,full_batch,batch_lora,0.7959976196289062,0.7991912961006165,1.317839503288269
19,fixed5,125,103,14,heldout_before,activation,0.7644283175468445,0.6322497129440308,0.745980978012085
19,fixed5,125,103,14,heldout_before,lora,0.7993601560592651,0.5962427854537964,0.8357981443405151
19,fixed5,125,103,14,heldout_before,batch_lora,0.6869238615036011,0.8547090291976929,1.1368038654327393
19,fixed5,125,103,14,heldout_after,activation,0.7696225643157959,0.6249377727508545,0.7627773880958557
19,fixed5,125,103,14,heldout_after,lora,0.8166024684906006,0.5654734373092651,0.8571454882621765
19,fixed5,125,103,14,heldout_after,batch_lora,0.7862555980682373,0.7028985619544983,1.1213140487670898
19,fixed5,125,103,14,full_batch,activation,0.7787947654724121,0.6137526035308838,0.7708277702331543
19,fixed5,125,103,14,full_batch,lora,0.82694411277771,0.5491086840629578,0.8658559322357178
19,fixed5,125,103,14,full_batch,batch_lora,0.8110226392745972,0.6642633080482483,1.1256709098815918
19,fixed5,125,103,15,heldout_before,activation,0.7738865613937378,0.6313512325286865,0.7285095453262329
19,fixed5,125,103,15,heldout_before,lora,0.8025085926055908,0.5899428725242615,0.8212172985076904
19,fixed5,125,103,15,heldout_before,batch_lora,0.6549577713012695,0.8907135128974915,1.1264876127243042
19,fixed5,125,103,15,heldout_after,activation,0.7798153758049011,0.626030445098877,0.7298967242240906
19,fixed5,125,103,15,heldout_after,lora,0.8143900036811829,0.5775536298751831,0.8389133810997009
19,fixed5,125,103,15,heldout_after,batch_lora,0.7148999571800232,0.8268129229545593,1.1561501026153564
19,fixed5,125,103,15,full_batch,activation,0.7781319618225098,0.6259990334510803,0.7289226055145264
19,fixed5,125,103,15,full_batch,lora,0.8193109631538391,0.5692285299301147,0.8419309854507446
19,fixed5,125,103,15,full_batch,batch_lora,0.7491978406906128,0.7953916788101196,1.1895898580551147
19,fixed5,125,103,16,heldout_before,activation,0.7441184520721436,0.6614125370979309,0.7158661484718323
19,fixed5,125,103,16,heldout_before,lora,0.7579303979873657,0.6491794586181641,0.8252212405204773
19,fixed5,125,103,16,heldout_before,batch_lora,0.6380146741867065,0.906614363193512,1.1165672540664673
19,fixed5,125,103,16,heldout_after,activation,0.7431943416595459,0.6634873151779175,0.6980224847793579
19,fixed5,125,103,16,heldout_after,lora,0.75876384973526,0.6465146541595459,0.824196994304657
19,fixed5,125,103,16,heldout_after,batch_lora,0.6910962462425232,0.871851921081543,1.1786818504333496
19,fixed5,125,103,16,full_batch,activation,0.7549848556518555,0.6476047039031982,0.7071630358695984
19,fixed5,125,103,16,full_batch,lora,0.775856614112854,0.620355486869812,0.8301129341125488
19,fixed5,125,103,16,full_batch,batch_lora,0.7344276905059814,0.8395135998725891,1.2285603284835815
19,fixed5,125,103,17,heldout_before,activation,0.768105685710907,0.6275854110717773,0.7311822175979614
19,fixed5,125,103,17,heldout_before,lora,0.8013802170753479,0.5756336450576782,0.8640161752700806
19,fixed5,125,103,17,heldout_before,batch_lora,0.5411710739135742,1.1356639862060547,1.304452896118164
19,fixed5,125,103,17,heldout_after,activation,0.7699490785598755,0.6240584254264832,0.7630337476730347
19,fixed5,125,103,17,heldout_after,lora,0.800190269947052,0.5860180258750916,0.9038069844245911
19,fixed5,125,103,17,heldout_after,batch_lora,0.5121351480484009,1.2206617593765259,1.3794859647750854
19,fixed5,125,103,17,full_batch,activation,0.7762021422386169,0.6176034212112427,0.7592915892601013
19,fixed5,125,103,17,full_batch,lora,0.8105137944221497,0.5714246034622192,0.9067673683166504
19,fixed5,125,103,17,full_batch,batch_lora,0.6631176471710205,1.0513700246810913,1.4014291763305664
19,fixed5,125,103,18,heldout_before,activation,0.7503445744514465,0.652093231678009,0.7634531259536743
19,fixed5,125,103,18,heldout_before,lora,0.7605475783348083,0.6469377279281616,0.8846200704574585
19,fixed5,125,103,18,heldout_before,batch_lora,0.42794638872146606,1.2634069919586182,1.3107459545135498
19,fixed5,125,103,18,heldout_after,activation,0.7496144771575928,0.6538628935813904,0.7577866315841675
19,fixed5,125,103,18,heldout_after,lora,0.7735616564750671,0.6263991594314575,0.8571573495864868
19,fixed5,125,103,18,heldout_after,batch_lora,0.540018618106842,1.0560704469680786,1.1779097318649292
19,fixed5,125,103,18,full_batch,activation,0.7552134394645691,0.6472280025482178,0.7540304660797119
19,fixed5,125,103,18,full_batch,lora,0.7853636145591736,0.6093165874481201,0.8596652746200562
19,fixed5,125,103,18,full_batch,batch_lora,0.6185348033905029,0.9803225994110107,1.2047240734100342
19,fixed5,125,103,19,heldout_before,activation,0.7261633276939392,0.6715933680534363,0.7159683108329773
19,fixed5,125,103,19,heldout_before,lora,0.7609201669692993,0.6361939907073975,0.8197460770606995
19,fixed5,125,103,19,heldout_before,batch_lora,0.5086175203323364,1.226326823234558,1.3818695545196533
19,fixed5,125,103,19,heldout_after,activation,0.7225683927536011,0.6780491471290588,0.6828086376190186
19,fixed5,125,103,19,heldout_after,lora,0.7617012858390808,0.6378572583198547,0.7895928025245667
19,fixed5,125,103,19,heldout_after,batch_lora,0.46449515223503113,1.1692893505096436,1.2280353307724
19,fixed5,125,103,19,full_batch,activation,0.730313777923584,0.6645241379737854,0.6934018731117249
19,fixed5,125,103,19,full_batch,lora,0.772343099117279,0.6209417581558228,0.8003737926483154
19,fixed5,125,103,19,full_batch,batch_lora,0.4889788031578064,1.131628155708313,1.209869146347046
19,fixed5,125,103,20,heldout_before,activation,0.733199417591095,0.6640740633010864,0.705070436000824
19,fixed5,125,103,20,heldout_before,lora,0.7608982920646667,0.6365026235580444,0.8225753903388977
19,fixed5,125,103,20,heldout_before,batch_lora,0.5287761688232422,1.0413403511047363,1.132095217704773
19,fixed5,125,103,20,heldout_after,activation,0.7336660623550415,0.6650028228759766,0.7014599442481995
19,fixed5,125,103,20,heldout_after,lora,0.7621544599533081,0.6342020034790039,0.8179566264152527
19,fixed5,125,103,20,heldout_after,batch_lora,0.5349293947219849,1.021702766418457,1.1094081401824951
19,fixed5,125,103,20,full_batch,activation,0.7298686504364014,0.6674940586090088,0.7018479108810425
19,fixed5,125,103,20,full_batch,lora,0.7665374279022217,0.6284793615341187,0.8100259304046631
19,fixed5,125,103,20,full_batch,batch_lora,0.6303094625473022,0.9083823561668396,1.1019539833068848
19,fixed5,125,103,21,heldout_before,activation,0.7212021946907043,0.684507429599762,0.7113917469978333
19,fixed5,125,103,21,heldout_before,lora,0.7661251425743103,0.6407135725021362,0.8267861604690552
19,fixed5,125,103,21,heldout_before,batch_lora,0.5901771783828735,0.9439715147018433,1.079453706741333
19,fixed5,125,103,21,heldout_after,activation,0.7066439986228943,0.6980365514755249,0.7105469107627869
19,fixed5,125,103,21,heldout_after,lora,0.7628639936447144,0.6459550857543945,0.8401567935943604
19,fixed5,125,103,21,heldout_after,batch_lora,0.6180229187011719,0.923820436000824,1.1031997203826904
19,fixed5,125,103,21,full_batch,activation,0.7197881937026978,0.6828280687332153,0.7206228375434875
19,fixed5,125,103,21,full_batch,lora,0.7798721790313721,0.6196253895759583,0.8497158885002136
19,fixed5,125,103,21,full_batch,batch_lora,0.6974730491638184,0.8408530354499817,1.1373622417449951
19,fixed5,125,103,22,heldout_before,activation,0.6844372153282166,0.724658727645874,0.67132169008255
19,fixed5,125,103,22,heldout_before,lora,0.7009478807449341,0.7138970494270325,0.816583514213562
19,fixed5,125,103,22,heldout_before,batch_lora,0.5985226631164551,1.0236057043075562,1.235702395439148
19,fixed5,125,103,22,heldout_after,activation,0.6935760378837585,0.715745747089386,0.665684163570404
19,fixed5,125,103,22,heldout_after,lora,0.7029911279678345,0.7145459651947021,0.8208915591239929
19,fixed5,125,103,22,heldout_after,batch_lora,0.6097579002380371,1.0844887495040894,1.349974513053894
19,fixed5,125,103,22,full_batch,activation,0.7018980383872986,0.708499550819397,0.6639499664306641
19,fixed5,125,103,22,full_batch,lora,0.7186017036437988,0.6945133209228516,0.8214045763015747
19,fixed5,125,103,22,full_batch,batch_lora,0.6145365834236145,1.0377603769302368,1.2887781858444214
19,fixed5,125,103,23,heldout_before,activation,0.6850664019584656,0.7196415066719055,0.6351627707481384
19,fixed5,125,103,23,heldout_before,lora,0.7393330335617065,0.6684784293174744,0.781164288520813
19,fixed5,125,103,23,heldout_before,batch_lora,0.597916841506958,0.9509471654891968,1.1095856428146362
19,fixed5,125,103,23,heldout_after,activation,0.6903164982795715,0.710967481136322,0.6669342517852783
19,fixed5,125,103,23,heldout_after,lora,0.7511637806892395,0.6573220491409302,0.8119627237319946
19,fixed5,125,103,23,heldout_after,batch_lora,0.731972336769104,0.9034488201141357,1.3252710103988647
19,fixed5,125,103,23,full_batch,activation,0.7022435665130615,0.698652982711792,0.6731522083282471
19,fixed5,125,103,23,full_batch,lora,0.764293372631073,0.6391791105270386,0.8197463750839233
19,fixed5,125,103,23,full_batch,batch_lora,0.7523194551467896,0.892158567905426,1.3539267778396606
19,fixed5,125,103,24,heldout_before,activation,0.7224743962287903,0.690509557723999,0.702864944934845
19,fixed5,125,103,24,heldout_before,lora,0.7447271943092346,0.6742271780967712,0.8335139751434326
19,fixed5,125,103,24,heldout_before,batch_lora,0.5698204636573792,1.1268407106399536,1.3408362865447998
19,fixed5,125,103,24,heldout_after,activation,0.7336612939834595,0.6778720617294312,0.732437252998352
19,fixed5,125,103,24,heldout_after,lora,0.7506635785102844,0.6700218915939331,0.8603330850601196
19,fixed5,125,103,24,heldout_after,batch_lora,0.6105926632881165,1.1518704891204834,1.4470309019088745
19,fixed5,125,103,24,full_batch,activation,0.7459225654602051,0.6631504893302917,0.7376085519790649
19,fixed5,125,103,24,full_batch,lora,0.7657577991485596,0.647239089012146,0.8633279800415039
19,fixed5,125,103,24,full_batch,batch_lora,0.636792778968811,1.1296061277389526,1.4623318910598755
19,fixed5,125,103,25,heldout_before,activation,0.7027712464332581,0.7000805139541626,0.7269901633262634
19,fixed5,125,103,25,heldout_before,lora,0.7213404774665833,0.6999005675315857,0.8386210203170776
19,fixed5,125,103,25,heldout_before,batch_lora,0.554819643497467,1.1430580615997314,1.3386605978012085
19,fixed5,125,103,25,heldout_after,activation,0.7063807249069214,0.6929587721824646,0.7286297678947449
19,fixed5,125,103,25,heldout_after,lora,0.7385730147361755,0.6734212636947632,0.8244279026985168
19,fixed5,125,103,25,heldout_after,batch_lora,0.6150970458984375,0.9523261189460754,1.1492034196853638
19,fixed5,125,103,25,full_batch,activation,0.7118833661079407,0.6877163648605347,0.7274639010429382
19,fixed5,125,103,25,full_batch,lora,0.7459879517555237,0.6645234823226929,0.8190050721168518
19,fixed5,125,103,25,full_batch,batch_lora,0.6411867141723633,0.9392519593238831,1.1827718019485474
19,fixed5,125,103,26,heldout_before,activation,0.6982273459434509,0.7002413868904114,0.7074084877967834
19,fixed5,125,103,26,heldout_before,lora,0.743116021156311,0.6665018796920776,0.8268638253211975
19,fixed5,125,103,26,heldout_before,batch_lora,0.5648305416107178,1.0301845073699951,1.1815261840820312
19,fixed5,125,103,26,heldout_after,activation,0.6865456700325012,0.7119273543357849,0.6796985864639282
19,fixed5,125,103,26,heldout_after,lora,0.7354642152786255,0.6728559732437134,0.7872852683067322
19,fixed5,125,103,26,heldout_after,batch_lora,0.5598812103271484,0.9510769248008728,1.026801347732544
19,fixed5,125,103,26,full_batch,activation,0.6873914003372192,0.7115249633789062,0.6746172308921814
19,fixed5,125,103,26,full_batch,lora,0.7373984456062317,0.6690769195556641,0.7781866788864136
19,fixed5,125,103,26,full_batch,batch_lora,0.5678715705871582,0.9538478851318359,1.0498508214950562
19,fixed5,125,103,27,heldout_before,activation,0.6948006749153137,0.7099019885063171,0.7570562958717346
19,fixed5,125,103,27,heldout_before,lora,0.7344750165939331,0.676993191242218,0.8498905301094055
19,fixed5,125,103,27,heldout_before,batch_lora,0.6318187117576599,0.9196586012840271,1.1267598867416382
19,fixed5,125,103,27,heldout_after,activation,0.7007084488868713,0.6968204379081726,0.7048518061637878
19,fixed5,125,103,27,heldout_after,lora,0.741202712059021,0.6551699042320251,0.7911869883537292
19,fixed5,125,103,27,heldout_after,batch_lora,0.5933558940887451,0.9235391020774841,1.0461207628250122
19,fixed5,125,103,27,full_batch,activation,0.7128914594650269,0.6845135688781738,0.7143548130989075
19,fixed5,125,103,27,full_batch,lora,0.7565126419067383,0.636207103729248,0.7984356880187988
19,fixed5,125,103,27,full_batch,batch_lora,0.6067023277282715,0.9253535866737366,1.0803762674331665
19,fixed5,125,103,28,heldout_before,activation,0.688894510269165,0.7177057862281799,0.6881653070449829
19,fixed5,125,103,28,heldout_before,lora,0.732177197933197,0.6746536493301392,0.7977637052536011
19,fixed5,125,103,28,heldout_before,batch_lora,0.5776910781860352,1.1285231113433838,1.3569799661636353
19,fixed5,125,103,28,heldout_after,activation,0.6942050457000732,0.7123504877090454,0.6535173654556274
19,fixed5,125,103,28,heldout_after,lora,0.7359575629234314,0.6679480671882629,0.7592145204544067
19,fixed5,125,103,28,heldout_after,batch_lora,0.4455004334449768,1.1011685132980347,1.086626648902893
19,fixed5,125,103,28,full_batch,activation,0.7070358991622925,0.6984927654266357,0.665266752243042
19,fixed5,125,103,28,full_batch,lora,0.7494440078735352,0.6502668857574463,0.769159197807312
19,fixed5,125,103,28,full_batch,batch_lora,0.4949742555618286,1.083881139755249,1.1428922414779663
19,fixed5,125,103,29,heldout_before,activation,0.7359269261360168,0.6766464710235596,0.7109766602516174
19,fixed5,125,103,29,heldout_before,lora,0.7614697813987732,0.6457380652427673,0.806292712688446
19,fixed5,125,103,29,heldout_before,batch_lora,0.46428051590919495,1.1736677885055542,1.2343794107437134
19,fixed5,125,103,29,heldout_after,activation,0.7247856855392456,0.6873255372047424,0.6928132176399231
19,fixed5,125,103,29,heldout_after,lora,0.738702654838562,0.6694352626800537,0.8022154569625854
19,fixed5,125,103,29,heldout_after,batch_lora,0.45212358236312866,1.2812377214431763,1.3718985319137573
19,fixed5,125,103,29,full_batch,activation,0.7291572093963623,0.6820495128631592,0.6984145045280457
19,fixed5,125,103,29,full_batch,lora,0.7542551755905151,0.6482727527618408,0.8133701086044312
19,fixed5,125,103,29,full_batch,batch_lora,0.5478089451789856,1.2364342212677002,1.4582288265228271
19,fixed5,125,103,30,heldout_before,activation,0.7052900791168213,0.7007464170455933,0.6500080823898315
19,fixed5,125,103,30,heldout_before,lora,0.707345724105835,0.694696843624115,0.7438690066337585
19,fixed5,125,103,30,heldout_before,batch_lora,0.7261965274810791,0.783759355545044,1.1025474071502686
19,fixed5,125,103,30,heldout_after,activation,0.7042320966720581,0.702543318271637,0.6474237442016602
19,fixed5,125,103,30,heldout_after,lora,0.6950323581695557,0.709536612033844,0.7442079186439514
19,fixed5,125,103,30,heldout_after,batch_lora,0.713955283164978,0.7656534910202026,1.0237253904342651
19,fixed5,125,103,30,full_batch,activation,0.702683687210083,0.7049458026885986,0.6442497968673706
19,fixed5,125,103,30,full_batch,lora,0.7073328495025635,0.6962653398513794,0.747749924659729
19,fixed5,125,103,30,full_batch,batch_lora,0.6732219457626343,0.834835946559906,1.0607508420944214
19,fixed5,125,103,31,heldout_before,activation,0.6951389908790588,0.7101679444313049,0.6944262385368347
19,fixed5,125,103,31,heldout_before,lora,0.718762993812561,0.709865927696228,0.8712395429611206
19,fixed5,125,103,31,heldout_before,batch_lora,0.5333415865898132,1.2428419589996338,1.443895936012268
19,fixed5,125,103,31,heldout_after,activation,0.6988279223442078,0.709037184715271,0.736682116985321
19,fixed5,125,103,31,heldout_after,lora,0.7258047461509705,0.712771475315094,0.9361670613288879
19,fixed5,125,103,31,heldout_after,batch_lora,0.53128981590271,1.260086178779602,1.4640740156173706
19,fixed5,125,103,31,full_batch,activation,0.7172330617904663,0.6871443390846252,0.7449536323547363
19,fixed5,125,103,31,full_batch,lora,0.7486416101455688,0.6759377717971802,0.9340755939483643
19,fixed5,125,103,31,full_batch,batch_lora,0.555806577205658,1.2476822137832642,1.4862000942230225
19,fixed5,125,103,32,heldout_before,activation,0.7003775835037231,0.7075676321983337,0.7094961404800415
19,fixed5,125,103,32,heldout_before,lora,0.7225719690322876,0.6983732581138611,0.857123076915741
19,fixed5,125,103,32,heldout_before,batch_lora,0.34993913769721985,1.3774391412734985,1.359788417816162
19,fixed5,125,103,32,heldout_after,activation,0.6989770531654358,0.7160681486129761,0.7460373044013977
19,fixed5,125,103,32,heldout_after,lora,0.7305953502655029,0.6989321112632751,0.891543984413147
19,fixed5,125,103,32,heldout_after,batch_lora,0.49358391761779785,1.3123897314071655,1.4764329195022583
19,fixed5,125,103,32,full_batch,activation,0.7066078186035156,0.7061053514480591,0.7383919954299927
19,fixed5,125,103,32,full_batch,lora,0.7396934628486633,0.6848690509796143,0.8774235248565674
19,fixed5,125,103,32,full_batch,batch_lora,0.5621252059936523,1.3070363998413086,1.5742167234420776
19,frozen,123,101,1,heldout_before,activation,0.8291714787483215,0.5428383350372314,0.8298484683036804
19,frozen,123,101,1,heldout_before,lora,0.8921225666999817,0.4353271424770355,0.916613757610321
19,frozen,123,101,1,heldout_before,batch_lora,0.9732257127761841,0.23205772042274475,1.005149006843567
19,frozen,123,101,1,heldout_after,activation,0.8291714787483215,0.5428383350372314,0.8298484683036804
19,frozen,123,101,1,heldout_after,lora,0.8921225666999817,0.4353271424770355,0.916613757610321
19,frozen,123,101,1,heldout_after,batch_lora,0.9732257127761841,0.23205772042274475,1.005149006843567
19,frozen,123,101,1,full_batch,activation,0.8373727202415466,0.5309798717498779,0.8381010293960571
19,frozen,123,101,1,full_batch,lora,0.8971054553985596,0.42703691124916077,0.9243410229682922
19,frozen,123,101,1,full_batch,batch_lora,0.9751416444778442,0.22350268065929413,1.0043714046478271
19,frozen,123,101,2,heldout_before,activation,0.8590496778488159,0.5053797960281372,0.8456131219863892
19,frozen,123,101,2,heldout_before,lora,0.8966995477676392,0.43996143341064453,0.9474599957466125
19,frozen,123,101,2,heldout_before,batch_lora,0.940985381603241,0.35987696051597595,1.0633162260055542
19,frozen,123,101,2,heldout_after,activation,0.8590496778488159,0.5053797960281372,0.8456131219863892
19,frozen,123,101,2,heldout_after,lora,0.8966995477676392,0.43996143341064453,0.9474599957466125
19,frozen,123,101,2,heldout_after,batch_lora,0.940985381603241,0.35987696051597595,1.0633162260055542
19,frozen,123,101,2,full_batch,activation,0.8539018630981445,0.5128278732299805,0.851249635219574
19,frozen,123,101,2,full_batch,lora,0.8937999606132507,0.44403043389320374,0.947258472442627
19,frozen,123,101,2,full_batch,batch_lora,0.9457531571388245,0.3383696377277374,1.0403214693069458
19,frozen,123,101,3,heldout_before,activation,0.8247959613800049,0.5450165271759033,0.8213212490081787
19,frozen,123,101,3,heldout_before,lora,0.8624163866043091,0.4918326139450073,0.9477568864822388
19,frozen,123,101,3,heldout_before,batch_lora,0.9040766954421997,0.5171610116958618,1.1952987909317017
19,frozen,123,101,3,heldout_after,activation,0.8247959613800049,0.5450165271759033,0.8213212490081787
19,frozen,123,101,3,heldout_after,lora,0.8624163866043091,0.4918326139450073,0.9477568864822388
19,frozen,123,101,3,heldout_after,batch_lora,0.9040766954421997,0.5171610116958618,1.1952987909317017
19,frozen,123,101,3,full_batch,activation,0.8340010643005371,0.5315114259719849,0.8342013955116272
19,frozen,123,101,3,full_batch,lora,0.8705705404281616,0.4784172773361206,0.9560894966125488
19,frozen,123,101,3,full_batch,batch_lora,0.9108885526657104,0.5122072100639343,1.2143257856369019
19,frozen,123,101,4,heldout_before,activation,0.8510758876800537,0.5196665525436401,0.8508718609809875
19,frozen,123,101,4,heldout_before,lora,0.8716534376144409,0.4969576597213745,0.9663076996803284
19,frozen,123,101,4,heldout_before,batch_lora,0.8773354291915894,0.6298848390579224,1.2853456735610962
19,frozen,123,101,4,heldout_after,activation,0.8510758876800537,0.5196665525436401,0.8508718609809875
19,frozen,123,101,4,heldout_after,lora,0.8716534376144409,0.4969576597213745,0.9663076996803284
19,frozen,123,101,4,heldout_after,batch_lora,0.8773354291915894,0.6298848390579224,1.2853456735610962
19,frozen,123,101,4,full_batch,activation,0.8494542241096497,0.5233200788497925,0.8582033514976501
19,frozen,123,101,4,full_batch,lora,0.8671619892120361,0.5062887072563171,0.9716566801071167
19,frozen,123,101,4,full_batch,batch_lora,0.8675335049629211,0.6823875904083252,1.3347245454788208
19,frozen,123,101,5,heldout_before,activation,0.8027632236480713,0.5850889086723328,0.8034683465957642
19,frozen,123,101,5,heldout_before,lora,0.7992048859596252,0.6143811345100403,0.9278203845024109
19,frozen,123,101,5,heldout_before,batch_lora,0.650888204574585,1.0002399682998657,1.3021451234817505
19,frozen,123,101,5,heldout_after,activation,0.8027632236480713,0.5850889086723328,0.8034683465957642
19,frozen,123,101,5,heldout_after,lora,0.7992048859596252,0.6143811345100403,0.9278203845024109
19,frozen,123,101,5,heldout_after,batch_lora,0.650888204574585,1.0002399682998657,1.3021451234817505
19,frozen,123,101,5,full_batch,activation,0.8068461418151855,0.5789358615875244,0.8106770515441895
19,frozen,123,101,5,full_batch,lora,0.8035139441490173,0.6077222228050232,0.9351199865341187
19,frozen,123,101,5,full_batch,batch_lora,0.646104097366333,1.0370566844940186,1.3481988906860352
19,frozen,123,101,6,heldout_before,activation,0.7958851456642151,0.5996214151382446,0.7939218878746033
19,frozen,123,101,6,heldout_before,lora,0.7657901644706726,0.6699152588844299,0.9266736507415771
19,frozen,123,101,6,heldout_before,batch_lora,0.4932538568973541,1.1141732931137085,1.1894444227218628
19,frozen,123,101,6,heldout_after,activation,0.7958851456642151,0.5996214151382446,0.7939218878746033
19,frozen,123,101,6,heldout_after,lora,0.7657901644706726,0.6699152588844299,0.9266736507415771
19,frozen,123,101,6,heldout_after,batch_lora,0.4932538568973541,1.1141732931137085,1.1894444227218628
19,frozen,123,101,6,full_batch,activation,0.7942386865615845,0.6022483110427856,0.787993848323822
19,frozen,123,101,6,full_batch,lora,0.7662476897239685,0.6670233011245728,0.9173387289047241
19,frozen,123,101,6,full_batch,batch_lora,0.4647558927536011,1.1369034051895142,1.1778812408447266
19,frozen,123,101,7,heldout_before,activation,0.7640761137008667,0.6417063474655151,0.7777076959609985
19,frozen,123,101,7,heldout_before,lora,0.6936804056167603,0.7778527736663818,0.9340230822563171
19,frozen,123,101,7,heldout_before,batch_lora,0.22988452017307281,1.315322756767273,1.1147125959396362
19,frozen,123,101,7,heldout_after,activation,0.7640761137008667,0.6417063474655151,0.7777076959609985
19,frozen,123,101,7,heldout_after,lora,0.6936804056167603,0.7778527736663818,0.9340230822563171
19,frozen,123,101,7,heldout_after,batch_lora,0.22988452017307281,1.315322756767273,1.1147125959396362
19,frozen,123,101,7,full_batch,activation,0.7653758525848389,0.6388868689537048,0.779654860496521
19,frozen,123,101,7,full_batch,lora,0.6986334323883057,0.7729685306549072,0.9367403984069824
19,frozen,123,101,7,full_batch,batch_lora,0.23728914558887482,1.2620594501495361,1.0429565906524658
19,frozen,123,101,8,heldout_before,activation,0.7264408469200134,0.6896728873252869,0.7232432961463928
19,frozen,123,101,8,heldout_before,lora,0.6334832310676575,0.8342187404632568,0.864301323890686
19,frozen,123,101,8,heldout_before,batch_lora,0.14488840103149414,1.179946780204773,0.7877470254898071
19,frozen,123,101,8,heldout_after,activation,0.7264408469200134,0.6896728873252869,0.7232432961463928
19,frozen,123,101,8,heldout_after,lora,0.6334832310676575,0.8342187404632568,0.864301323890686
19,frozen,123,101,8,heldout_after,batch_lora,0.14488840103149414,1.179946780204773,0.7877470254898071
19,frozen,123,101,8,full_batch,activation,0.726137638092041,0.6908988952636719,0.7152696847915649
19,frozen,123,101,8,full_batch,lora,0.6270949840545654,0.8420878648757935,0.8593870997428894
19,frozen,123,101,8,full_batch,batch_lora,0.120216004550457,1.19075345993042,0.7777460813522339
19,frozen,123,101,9,heldout_before,activation,0.67579585313797,0.7382374405860901,0.7154846787452698
19,frozen,123,101,9,heldout_before,lora,0.5152962803840637,0.9635398387908936,0.911300003528595
19,frozen,123,101,9,heldout_before,batch_lora,-0.0025555866304785013,1.4134904146194458,0.9964247941970825
19,frozen,123,101,9,heldout_after,activation,0.67579585313797,0.7382374405860901,0.7154846787452698
19,frozen,123,101,9,heldout_after,lora,0.5152962803840637,0.9635398387908936,0.911300003528595
19,frozen,123,101,9,heldout_after,batch_lora,-0.0025555866304785013,1.4134904146194458,0.9964247941970825
19,frozen,123,101,9,full_batch,activation,0.6703463792800903,0.7427465915679932,0.7058583498001099
19,frozen,123,101,9,full_batch,lora,0.49601808190345764,0.9793316721916199,0.9068871736526489
19,frozen,123,101,9,full_batch,batch_lora,-0.07040755450725555,1.465049147605896,1.0025913715362549
19,frozen,123,101,10,heldout_before,activation,0.604233980178833,0.8064754009246826,0.6575047969818115
19,frozen,123,101,10,heldout_before,lora,0.39209672808647156,1.0532715320587158,0.856927216053009
19,frozen,123,101,10,heldout_before,batch_lora,-0.07119622081518173,1.3619195222854614,0.8561083078384399
19,frozen,123,101,10,heldout_after,activation,0.604233980178833,0.8064754009246826,0.6575047969818115
19,frozen,123,101,10,heldout_after,lora,0.39209672808647156,1.0532715320587158,0.856927216053009
19,frozen,123,101,10,heldout_after,batch_lora,-0.07119622081518173,1.3619195222854614,0.8561083078384399
19,frozen,123,101,10,full_batch,activation,0.6066786646842957,0.8064297437667847,0.6677496433258057
19,frozen,123,101,10,full_batch,lora,0.39408090710639954,1.061354637145996,0.87212073802948
19,frozen,123,101,10,full_batch,batch_lora,-0.08285360038280487,1.3831557035446167,0.8763045072555542
19,frozen,123,101,11,heldout_before,activation,0.5752967000007629,0.8211228847503662,0.6132423281669617
19,frozen,123,101,11,heldout_before,lora,0.32488545775413513,1.0821607112884521,0.8029793500900269
19,frozen,123,101,11,heldout_before,batch_lora,-0.0643291026353836,1.2776216268539429,0.733452320098877
19,frozen,123,101,11,heldout_after,activation,0.5752967000007629,0.8211228847503662,0.6132423281669617
19,frozen,123,101,11,heldout_after,lora,0.32488545775413513,1.0821607112884521,0.8029793500900269
19,frozen,123,101,11,heldout_after,batch_lora,-0.0643291026353836,1.2776216268539429,0.733452320098877
19,frozen,123,101,11,full_batch,activation,0.5775468945503235,0.8199424743652344,0.6125462055206299
19,frozen,123,101,11,full_batch,lora,0.32871878147125244,1.0828760862350464,0.8003286123275757
19,frozen,123,101,11,full_batch,batch_lora,-0.05820571631193161,1.259235143661499,0.7092975378036499
19,frozen,123,101,12,heldout_before,activation,0.5488643050193787,0.8473021984100342,0.5984588861465454
19,frozen,123,101,12,heldout_before,lora,0.2970709502696991,1.1177263259887695,0.8051214814186096
19,frozen,123,101,12,heldout_before,batch_lora,-0.06568072736263275,1.2658966779708862,0.7132982611656189
19,frozen,123,101,12,heldout_after,activation,0.5488643050193787,0.8473021984100342,0.5984588861465454
19,frozen,123,101,12,heldout_after,lora,0.2970709502696991,1.1177263259887695,0.8051214814186096
19,frozen,123,101,12,heldout_after,batch_lora,-0.06568072736263275,1.2658966779708862,0.7132982611656189
19,frozen,123,101,12,full_batch,activation,0.5526289939880371,0.8437800407409668,0.5843995809555054
19,frozen,123,101,12,full_batch,lora,0.31503403186798096,1.0918229818344116,0.7771070003509521
19,frozen,123,101,12,full_batch,batch_lora,-0.025633974000811577,1.2204620838165283,0.6744978427886963
19,frozen,123,101,13,heldout_before,activation,0.4468279480934143,0.8990107178688049,0.5125002264976501
19,frozen,123,101,13,heldout_before,lora,0.16023367643356323,1.1485857963562012,0.720951497554779
19,frozen,123,101,13,heldout_before,batch_lora,-0.1742832362651825,1.2950377464294434,0.6668453216552734
19,frozen,123,101,13,heldout_after,activation,0.4468279480934143,0.8990107178688049,0.5125002264976501
19,frozen,123,101,13,heldout_after,lora,0.16023367643356323,1.1485857963562012,0.720951497554779
19,frozen,123,101,13,heldout_after,batch_lora,-0.1742832362651825,1.2950377464294434,0.6668453216552734
19,frozen,123,101,13,full_batch,activation,0.45587944984436035,0.8956112265586853,0.5181384086608887
19,frozen,123,101,13,full_batch,lora,0.17385345697402954,1.144291877746582,0.7249420881271362
19,frozen,123,101,13,full_batch,batch_lora,-0.17224395275115967,1.28773832321167,0.6571763157844543
19,frozen,123,101,14,heldout_before,activation,0.40304815769195557,0.9225314259529114,0.45610499382019043
19,frozen,123,101,14,heldout_before,lora,0.09403543919324875,1.1727538108825684,0.6775700449943542
19,frozen,123,101,14,heldout_before,batch_lora,-0.20799599587917328,1.2847967147827148,0.6250494718551636
19,frozen,123,101,14,heldout_after,activation,0.40304815769195557,0.9225314259529114,0.45610499382019043
19,frozen,123,101,14,heldout_after,lora,0.09403543919324875,1.1727538108825684,0.6775700449943542
19,frozen,123,101,14,heldout_after,batch_lora,-0.20799599587917328,1.2847967147827148,0.6250494718551636
19,frozen,123,101,14,full_batch,activation,0.3934898376464844,0.9293700456619263,0.4692479372024536
19,frozen,123,101,14,full_batch,lora,0.07209229469299316,1.2003669738769531,0.7022045850753784
19,frozen,123,101,14,full_batch,batch_lora,-0.24505943059921265,1.3199377059936523,0.6506468057632446
19,frozen,123,101,15,heldout_before,activation,0.34961387515068054,0.9452183842658997,0.4176243543624878
19,frozen,123,101,15,heldout_before,lora,0.048811860382556915,1.1809223890304565,0.6533629298210144
19,frozen,123,101,15,heldout_before,batch_lora,-0.20123562216758728,1.2734802961349487,0.6125503778457642
19,frozen,123,101,15,heldout_after,activation,0.34961387515068054,0.9452183842658997,0.4176243543624878
19,frozen,123,101,15,heldout_after,lora,0.048811860382556915,1.1809223890304565,0.6533629298210144
19,frozen,123,101,15,heldout_after,batch_lora,-0.20123562216758728,1.2734802961349487,0.6125503778457642
19,frozen,123,101,15,full_batch,activation,0.34550940990448,0.9462680816650391,0.4186331033706665
19,frozen,123,101,15,full_batch,lora,0.04612462595105171,1.182861089706421,0.6568028330802917
19,frozen,123,101,15,full_batch,batch_lora,-0.19489607214927673,1.2752907276153564,0.6201812028884888
19,frozen,123,101,16,heldout_before,activation,0.2566407322883606,0.9738655686378479,0.3520158529281616
19,frozen,123,101,16,heldout_before,lora,-0.049649160355329514,1.1889643669128418,0.580173134803772
19,frozen,123,101,16,heldout_before,batch_lora,-0.2527439594268799,1.253416895866394,0.5440831780433655
19,frozen,123,101,16,heldout_after,activation,0.2566407322883606,0.9738655686378479,0.3520158529281616
19,frozen,123,101,16,heldout_after,lora,-0.049649160355329514,1.1889643669128418,0.580173134803772
19,frozen,123,101,16,heldout_after,batch_lora,-0.2527439594268799,1.253416895866394,0.5440831780433655
19,frozen,123,101,16,full_batch,activation,0.25332531332969666,0.9759775400161743,0.3591855764389038
19,frozen,123,101,16,full_batch,lora,-0.05689695477485657,1.2042893171310425,0.5993949174880981
19,frozen,123,101,16,full_batch,batch_lora,-0.2577454149723053,1.2697607278823853,0.5661023855209351
19,frozen,123,101,17,heldout_before,activation,0.20392422378063202,0.9850164651870728,0.2988775968551636
19,frozen,123,101,17,heldout_before,lora,-0.11429169028997421,1.1852450370788574,0.5208196640014648
19,frozen,123,101,17,heldout_before,batch_lora,-0.267728716135025,1.2328903675079346,0.5014898180961609
19,frozen,123,101,17,heldout_after,activation,0.20392422378063202,0.9850164651870728,0.2988775968551636
19,frozen,123,101,17,heldout_after,lora,-0.11429169028997421,1.1852450370788574,0.5208196640014648
19,frozen,123,101,17,heldout_after,batch_lora,-0.267728716135025,1.2328903675079346,0.5014898180961609
19,frozen,123,101,17,full_batch,activation,0.19968558847904205,0.986670196056366,0.3005446791648865
19,frozen,123,101,17,full_batch,lora,-0.12097853422164917,1.1948518753051758,0.5319759845733643
19,frozen,123,101,17,full_batch,batch_lora,-0.27325671911239624,1.243170142173767,0.5142338871955872
19,frozen,123,101,18,heldout_before,activation,0.13586749136447906,1.0007740259170532,0.26270318031311035
19,frozen,123,101,18,heldout_before,lora,-0.14759288728237152,1.1854853630065918,0.4926576018333435
19,frozen,123,101,18,heldout_before,batch_lora,-0.2695919871330261,1.2161377668380737,0.473153680562973
19,frozen,123,101,18,heldout_after,activation,0.13586749136447906,1.0007740259170532,0.26270318031311035
19,frozen,123,101,18,heldout_after,lora,-0.14759288728237152,1.1854853630065918,0.4926576018333435
19,frozen,123,101,18,heldout_after,batch_lora,-0.2695919871330261,1.2161377668380737,0.473153680562973
19,frozen,123,101,18,full_batch,activation,0.1394009292125702,0.9993158578872681,0.25996118783950806
19,frozen,123,101,18,full_batch,lora,-0.14580534398555756,1.181319236755371,0.4877162575721741
19,frozen,123,101,18,full_batch,batch_lora,-0.26197636127471924,1.212539553642273,0.47211071848869324
19,frozen,123,101,19,heldout_before,activation,0.09051461517810822,1.0058672428131104,0.2235831469297409
19,frozen,123,101,19,heldout_before,lora,-0.20120778679847717,1.1856615543365479,0.45892977714538574
19,frozen,123,101,19,heldout_before,batch_lora,-0.2989238500595093,1.2141774892807007,0.4517975449562073
19,frozen,123,101,19,heldout_after,activation,0.09051461517810822,1.0058672428131104,0.2235831469297409
19,frozen,123,101,19,heldout_after,lora,-0.20120778679847717,1.1856615543365479,0.45892977714538574
19,frozen,123,101,19,heldout_after,batch_lora,-0.2989238500595093,1.2141774892807007,0.4517975449562073
19,frozen,123,101,19,full_batch,activation,0.09167620539665222,1.0057131052017212,0.22508959472179413
19,frozen,123,101,19,full_batch,lora,-0.20174843072891235,1.1869025230407715,0.46161264181137085
19,frozen,123,101,19,full_batch,batch_lora,-0.2993542551994324,1.217576503753662,0.4570220410823822
19,frozen,123,101,20,heldout_before,activation,0.05132528021931648,1.0124342441558838,0.21391430497169495
19,frozen,123,101,20,heldout_before,lora,-0.23509755730628967,1.2110563516616821,0.48107320070266724
19,frozen,123,101,20,heldout_before,batch_lora,-0.32878196239471436,1.2494741678237915,0.48931533098220825
19,frozen,123,101,20,heldout_after,activation,0.05132528021931648,1.0124342441558838,0.21391430497169495
19,frozen,123,101,20,heldout_after,lora,-0.23509755730628967,1.2110563516616821,0.48107320070266724
19,frozen,123,101,20,heldout_after,batch_lora,-0.32878196239471436,1.2494741678237915,0.48931533098220825
19,frozen,123,101,20,full_batch,activation,0.05979624390602112,1.0107842683792114,0.21686938405036926
19,frozen,123,101,20,full_batch,lora,-0.2267683446407318,1.2110013961791992,0.48792749643325806
19,frozen,123,101,20,full_batch,batch_lora,-0.3178606629371643,1.2516224384307861,0.49920374155044556
19,frozen,123,101,21,heldout_before,activation,0.028151841834187508,1.014416217803955,0.19790340960025787
19,frozen,123,101,21,heldout_before,lora,-0.24067610502243042,1.211852788925171,0.4809873104095459
19,frozen,123,101,21,heldout_before,batch_lora,-0.3119505047798157,1.2443492412567139,0.491615355014801
19,frozen,123,101,21,heldout_after,activation,0.028151841834187508,1.014416217803955,0.19790340960025787
19,frozen,123,101,21,heldout_after,lora,-0.24067610502243042,1.211852788925171,0.4809873104095459
19,frozen,123,101,21,heldout_after,batch_lora,-0.3119505047798157,1.2443492412567139,0.491615355014801
19,frozen,123,101,21,full_batch,activation,0.028684306889772415,1.0144357681274414,0.1981046199798584
19,frozen,123,101,21,full_batch,lora,-0.24429024755954742,1.2143464088439941,0.482395201921463
19,frozen,123,101,21,full_batch,batch_lora,-0.315825879573822,1.2463722229003906,0.4923757016658783
19,frozen,123,101,22,heldout_before,activation,-0.0020329193212091923,1.018091082572937,0.1854562908411026
19,frozen,123,101,22,heldout_before,lora,-0.29383033514022827,1.24196195602417,0.49536824226379395
19,frozen,123,101,22,heldout_before,batch_lora,-0.35858839750289917,1.2833476066589355,0.5220744013786316
19,frozen,123,101,22,heldout_after,activation,-0.0020329193212091923,1.018091082572937,0.1854562908411026
19,frozen,123,101,22,heldout_after,lora,-0.29383033514022827,1.24196195602417,0.49536824226379395
19,frozen,123,101,22,heldout_after,batch_lora,-0.35858839750289917,1.2833476066589355,0.5220744013786316
19,frozen,123,101,22,full_batch,activation,0.00505474116653204,1.0173581838607788,0.18913283944129944
19,frozen,123,101,22,full_batch,lora,-0.27688926458358765,1.2384696006774902,0.5010956525802612
19,frozen,123,101,22,full_batch,batch_lora,-0.3399227261543274,1.2784451246261597,0.5260850191116333
19,frozen,123,101,23,heldout_before,activation,0.005210018716752529,1.016435980796814,0.18561320006847382
19,frozen,123,101,23,heldout_before,lora,-0.2614823579788208,1.2366957664489746,0.5098645687103271
19,frozen,123,101,23,heldout_before,batch_lora,-0.3104620575904846,1.273036241531372,0.5363011956214905
19,frozen,123,101,23,heldout_after,activation,0.005210018716752529,1.016435980796814,0.18561320006847382
19,frozen,123,101,23,heldout_after,lora,-0.2614823579788208,1.2366957664489746,0.5098645687103271
19,frozen,123,101,23,heldout_after,batch_lora,-0.3104620575904846,1.273036241531372,0.5363011956214905
19,frozen,123,101,23,full_batch,activation,0.0011304570361971855,1.0165443420410156,0.18283489346504211
19,frozen,123,101,23,full_batch,lora,-0.27538007497787476,1.2416821718215942,0.5092698931694031
19,frozen,123,101,23,full_batch,batch_lora,-0.33136558532714844,1.285468339920044,0.5416934490203857
19,frozen,123,101,24,heldout_before,activation,0.003465244546532631,1.013746738433838,0.17045645415782928
19,frozen,123,101,24,heldout_before,lora,-0.27108415961265564,1.2224502563476562,0.48333415389060974
19,frozen,123,101,24,heldout_before,batch_lora,-0.3186477720737457,1.2601162195205688,0.5116710066795349
19,frozen,123,101,24,heldout_after,activation,0.003465244546532631,1.013746738433838,0.17045645415782928
19,frozen,123,101,24,heldout_after,lora,-0.27108415961265564,1.2224502563476562,0.48333415389060974
19,frozen,123,101,24,heldout_after,batch_lora,-0.3186477720737457,1.2601162195205688,0.5116710066795349
19,frozen,123,101,24,full_batch,activation,0.0008965311571955681,1.0142509937286377,0.17108169198036194
19,frozen,123,101,24,full_batch,lora,-0.2722052335739136,1.2228577136993408,0.48357242345809937
19,frozen,123,101,24,full_batch,batch_lora,-0.32291412353515625,1.2622592449188232,0.5122935175895691
19,frozen,123,101,25,heldout_before,activation,-0.016962634399533272,1.0178983211517334,0.17267923057079315
19,frozen,123,101,25,heldout_before,lora,-0.29249057173728943,1.2564700841903687,0.5202878713607788
19,frozen,123,101,25,heldout_before,batch_lora,-0.33393824100494385,1.2962052822113037,0.5558162331581116
19,frozen,123,101,25,heldout_after,activation,-0.016962634399533272,1.0178983211517334,0.17267923057079315
19,frozen,123,101,25,heldout_after,lora,-0.29249057173728943,1.2564700841903687,0.5202878713607788
19,frozen,123,101,25,heldout_after,batch_lora,-0.33393824100494385,1.2962052822113037,0.5558162331581116
19,frozen,123,101,25,full_batch,activation,-0.018899906426668167,1.0180213451385498,0.17173655331134796
19,frozen,123,101,25,full_batch,lora,-0.2953084111213684,1.2561609745025635,0.5181255340576172
19,frozen,123,101,25,full_batch,batch_lora,-0.33810895681381226,1.297474980354309,0.5550646781921387
19,frozen,123,101,26,heldout_before,activation,-0.031292397528886795,1.018894076347351,0.16589319705963135
19,frozen,123,101,26,heldout_before,lora,-0.320976197719574,1.2784582376480103,0.5371487140655518
19,frozen,123,101,26,heldout_before,batch_lora,-0.3669412434101105,1.3311114311218262,0.5851635336875916
19,frozen,123,101,26,heldout_after,activation,-0.031292397528886795,1.018894076347351,0.16589319705963135
19,frozen,123,101,26,heldout_after,lora,-0.320976197719574,1.2784582376480103,0.5371487140655518
19,frozen,123,101,26,heldout_after,batch_lora,-0.3669412434101105,1.3311114311218262,0.5851635336875916
19,frozen,123,101,26,full_batch,activation,-0.031913962215185165,1.018717646598816,0.16459044814109802
19,frozen,123,101,26,full_batch,lora,-0.31926122307777405,1.2715058326721191,0.5279757976531982
19,frozen,123,101,26,full_batch,batch_lora,-0.36766356229782104,1.3249294757843018,0.5760602355003357
19,frozen,123,101,27,heldout_before,activation,-0.031052276492118835,1.015933871269226,0.15020763874053955
19,frozen,123,101,27,heldout_before,lora,-0.3079609274864197,1.2330235242843628,0.476081520318985
19,frozen,123,101,27,heldout_before,batch_lora,-0.34904593229293823,1.2741259336471558,0.5142210125923157
19,frozen,123,101,27,heldout_after,activation,-0.031052276492118835,1.015933871269226,0.15020763874053955
19,frozen,123,101,27,heldout_after,lora,-0.3079609274864197,1.2330235242843628,0.476081520318985
19,frozen,123,101,27,heldout_after,batch_lora,-0.34904593229293823,1.2741259336471558,0.5142210125923157
19,frozen,123,101,27,full_batch,activation,-0.030186520889401436,1.016019344329834,0.1511617749929428
19,frozen,123,101,27,full_batch,lora,-0.30614209175109863,1.2355537414550781,0.480692982673645
19,frozen,123,101,27,full_batch,batch_lora,-0.3481321334838867,1.2773545980453491,0.519525945186615
19,frozen,123,101,28,heldout_before,activation,-0.035955317318439484,1.0153318643569946,0.14318779110908508
19,frozen,123,101,28,heldout_before,lora,-0.3173663020133972,1.227925181388855,0.46217846870422363
19,frozen,123,101,28,heldout_before,batch_lora,-0.35402435064315796,1.267643690109253,0.5016939043998718
19,frozen,123,101,28,heldout_after,activation,-0.035955317318439484,1.0153318643569946,0.14318779110908508
19,frozen,123,101,28,heldout_after,lora,-0.3173663020133972,1.227925181388855,0.46217846870422363
19,frozen,123,101,28,heldout_after,batch_lora,-0.35402435064315796,1.267643690109253,0.5016939043998718
19,frozen,123,101,28,full_batch,activation,-0.03804492950439453,1.015444040298462,0.14218810200691223
19,frozen,123,101,28,full_batch,lora,-0.3213993310928345,1.226366639137268,0.45737123489379883
19,frozen,123,101,28,full_batch,batch_lora,-0.3589012324810028,1.26555335521698,0.4957539737224579
19,frozen,123,101,29,heldout_before,activation,-0.039391160011291504,1.015819787979126,0.1426621526479721
19,frozen,123,101,29,heldout_before,lora,-0.315832257270813,1.2246029376983643,0.4578908383846283
19,frozen,123,101,29,heldout_before,batch_lora,-0.3457333445549011,1.2582975625991821,0.4926247000694275
19,frozen,123,101,29,heldout_after,activation,-0.039391160011291504,1.015819787979126,0.1426621526479721
19,frozen,123,101,29,heldout_after,lora,-0.315832257270813,1.2246029376983643,0.4578908383846283
19,frozen,123,101,29,heldout_after,batch_lora,-0.3457333445549011,1.2582975625991821,0.4926247000694275
19,frozen,123,101,29,full_batch,activation,-0.03835708647966385,1.0154144763946533,0.1408194750547409
19,frozen,123,101,29,full_batch,lora,-0.3142678439617157,1.2204803228378296,0.4519749879837036
19,frozen,123,101,29,full_batch,batch_lora,-0.34475716948509216,1.2546643018722534,0.4877331554889679
19,frozen,123,101,30,heldout_before,activation,-0.03738967701792717,1.013498067855835,0.13139896094799042
19,frozen,123,101,30,heldout_before,lora,-0.313818097114563,1.2011909484863281,0.4211074709892273
19,frozen,123,101,30,heldout_before,batch_lora,-0.342978835105896,1.2295725345611572,0.4504208266735077
19,frozen,123,101,30,heldout_after,activation,-0.03738967701792717,1.013498067855835,0.13139896094799042
19,frozen,123,101,30,heldout_after,lora,-0.313818097114563,1.2011909484863281,0.4211074709892273
19,frozen,123,101,30,heldout_after,batch_lora,-0.342978835105896,1.2295725345611572,0.4504208266735077
19,frozen,123,101,30,full_batch,activation,-0.037290383130311966,1.0136713981628418,0.132472962141037
19,frozen,123,101,30,full_batch,lora,-0.3129890561103821,1.203773021697998,0.4256821274757385
19,frozen,123,101,30,full_batch,batch_lora,-0.34097379446029663,1.2316628694534302,0.45480048656463623
19,frozen,123,101,31,heldout_before,activation,-0.04160914942622185,1.012002944946289,0.11945141851902008
19,frozen,123,101,31,heldout_before,lora,-0.3319145739078522,1.1819658279418945,0.3803938627243042
19,frozen,123,101,31,heldout_before,batch_lora,-0.35760194063186646,1.2069207429885864,0.406948059797287
19,frozen,123,101,31,heldout_after,activation,-0.04160914942622185,1.012002944946289,0.11945141851902008
19,frozen,123,101,31,heldout_after,lora,-0.3319145739078522,1.1819658279418945,0.3803938627243042
19,frozen,123,101,31,heldout_after,batch_lora,-0.35760194063186646,1.2069207429885864,0.406948059797287
19,frozen,123,101,31,full_batch,activation,-0.03945475071668625,1.012317180633545,0.12300586700439453
19,frozen,123,101,31,full_batch,lora,-0.3263692855834961,1.1916320323944092,0.3991885185241699
19,frozen,123,101,31,full_batch,batch_lora,-0.35352209210395813,1.218047022819519,0.42661651968955994
19,frozen,123,101,32,heldout_before,activation,-0.034143656492233276,1.0097899436950684,0.11003755033016205
19,frozen,123,101,32,heldout_before,lora,-0.3059436082839966,1.1608654260635376,0.35802891850471497
19,frozen,123,101,32,heldout_before,batch_lora,-0.3315047025680542,1.182465672492981,0.3813207745552063
19,frozen,123,101,32,heldout_after,activation,-0.034143656492233276,1.0097899436950684,0.11003755033016205
19,frozen,123,101,32,heldout_after,lora,-0.3059436082839966,1.1608654260635376,0.35802891850471497
19,frozen,123,101,32,heldout_after,batch_lora,-0.3315047025680542,1.182465672492981,0.3813207745552063
19,frozen,123,101,32,full_batch,activation,-0.03345773369073868,1.0098944902420044,0.11116965115070343
19,frozen,123,101,32,full_batch,lora,-0.30387306213378906,1.161221981048584,0.3593563437461853
19,frozen,123,101,32,full_batch,batch_lora,-0.32851922512054443,1.1822913885116577,0.38263314962387085
19,frozen,124,102,1,heldout_before,activation,0.8151577711105347,0.5340686440467834,0.8190702795982361
19,frozen,124,102,1,heldout_before,lora,0.8791304230690002,0.4322283864021301,0.9084049463272095
19,frozen,124,102,1,heldout_before,batch_lora,0.9575091600418091,0.29328304529190063,1.0107873678207397
19,frozen,124,102,1,heldout_after,activation,0.8151577711105347,0.5340686440467834,0.8190702795982361
19,frozen,124,102,1,heldout_after,lora,0.8791304230690002,0.4322283864021301,0.9084049463272095
19,frozen,124,102,1,heldout_after,batch_lora,0.9575091600418091,0.29328304529190063,1.0107873678207397
19,frozen,124,102,1,full_batch,activation,0.8251849412918091,0.5221251249313354,0.8298819065093994
19,frozen,124,102,1,full_batch,lora,0.8878145217895508,0.4177338480949402,0.9196898937225342
19,frozen,124,102,1,full_batch,batch_lora,0.9641554355621338,0.26990076899528503,1.0135747194290161
19,frozen,124,102,2,heldout_before,activation,0.8541712164878845,0.5086363554000854,0.8446647524833679
19,frozen,124,102,2,heldout_before,lora,0.8959018588066101,0.4352651834487915,0.9479537606239319
19,frozen,124,102,2,heldout_before,batch_lora,0.9546444416046143,0.35646602511405945,1.1506390571594238
19,frozen,124,102,2,heldout_after,activation,0.8541712164878845,0.5086363554000854,0.8446647524833679
19,frozen,124,102,2,heldout_after,lora,0.8959018588066101,0.4352651834487915,0.9479537606239319
19,frozen,124,102,2,heldout_after,batch_lora,0.9546444416046143,0.35646602511405945,1.1506390571594238
19,frozen,124,102,2,full_batch,activation,0.860613226890564,0.49823328852653503,0.8531297445297241
19,frozen,124,102,2,full_batch,lora,0.901738166809082,0.4224458336830139,0.9534750580787659
19,frozen,124,102,2,full_batch,batch_lora,0.9575678110122681,0.35242119431495667,1.1603899002075195
19,frozen,124,102,3,heldout_before,activation,0.8492990732192993,0.5211507678031921,0.8423076868057251
19,frozen,124,102,3,heldout_before,lora,0.8802706003189087,0.47131437063217163,0.9365260601043701
19,frozen,124,102,3,heldout_before,batch_lora,0.884404182434082,0.5881253480911255,1.2422617673873901
19,frozen,124,102,3,heldout_after,activation,0.8492990732192993,0.5211507678031921,0.8423076868057251
19,frozen,124,102,3,heldout_after,lora,0.8802706003189087,0.47131437063217163,0.9365260601043701
19,frozen,124,102,3,heldout_after,batch_lora,0.884404182434082,0.5881253480911255,1.2422617673873901
19,frozen,124,102,3,full_batch,activation,0.8450385332107544,0.5238808989524841,0.844857394695282
19,frozen,124,102,3,full_batch,lora,0.8799618482589722,0.47321391105651855,0.9453650712966919
19,frozen,124,102,3,full_batch,batch_lora,0.8876383304595947,0.6055041551589966,1.2807501554489136
19,frozen,124,102,4,heldout_before,activation,0.8591583967208862,0.5103329420089722,0.878084659576416
19,frozen,124,102,4,heldout_before,lora,0.8803286552429199,0.4882010221481323,0.9929856061935425
19,frozen,124,102,4,heldout_before,batch_lora,0.8434202075004578,0.7398436069488525,1.3520716428756714
19,frozen,124,102,4,heldout_after,activation,0.8591583967208862,0.5103329420089722,0.878084659576416
19,frozen,124,102,4,heldout_after,lora,0.8803286552429199,0.4882010221481323,0.9929856061935425
19,frozen,124,102,4,heldout_after,batch_lora,0.8434202075004578,0.7398436069488525,1.3520716428756714
19,frozen,124,102,4,full_batch,activation,0.8570585250854492,0.5131917595863342,0.8657152056694031
19,frozen,124,102,4,full_batch,lora,0.8798245191574097,0.4879394471645355,0.978843629360199
19,frozen,124,102,4,full_batch,batch_lora,0.840414822101593,0.732053279876709,1.3325518369674683
19,frozen,124,102,5,heldout_before,activation,0.7993469834327698,0.5908944010734558,0.7920438051223755
19,frozen,124,102,5,heldout_before,lora,0.8136866092681885,0.590139627456665,0.9173047542572021
19,frozen,124,102,5,heldout_before,batch_lora,0.7340854406356812,1.02534019947052,1.5023328065872192
19,frozen,124,102,5,heldout_after,activation,0.7993469834327698,0.5908944010734558,0.7920438051223755
19,frozen,124,102,5,heldout_after,lora,0.8136866092681885,0.590139627456665,0.9173047542572021
19,frozen,124,102,5,heldout_after,batch_lora,0.7340854406356812,1.02534019947052,1.5023328065872192
19,frozen,124,102,5,full_batch,activation,0.8010344505310059,0.5894086360931396,0.7973406910896301
19,frozen,124,102,5,full_batch,lora,0.8169349431991577,0.5862712860107422,0.9224247932434082
19,frozen,124,102,5,full_batch,batch_lora,0.7529250383377075,0.9851651787757874,1.4860326051712036
19,frozen,124,102,6,heldout_before,activation,0.7843805551528931,0.6111780405044556,0.7762869596481323
19,frozen,124,102,6,heldout_before,lora,0.7937887907028198,0.618916928768158,0.9042670130729675
19,frozen,124,102,6,heldout_before,batch_lora,0.6053445339202881,1.2253026962280273,1.5369071960449219
19,frozen,124,102,6,heldout_after,activation,0.7843805551528931,0.6111780405044556,0.7762869596481323
19,frozen,124,102,6,heldout_after,lora,0.7937887907028198,0.618916928768158,0.9042670130729675
19,frozen,124,102,6,heldout_after,batch_lora,0.6053445339202881,1.2253026962280273,1.5369071960449219
19,frozen,124,102,6,full_batch,activation,0.7906361818313599,0.6038538217544556,0.7903584241867065
19,frozen,124,102,6,full_batch,lora,0.796809196472168,0.6170861124992371,0.9195550680160522
19,frozen,124,102,6,full_batch,batch_lora,0.6214131116867065,1.205531358718872,1.5376335382461548
19,frozen,124,102,7,heldout_before,activation,0.7435639500617981,0.6644957661628723,0.7510178089141846
19,frozen,124,102,7,heldout_before,lora,0.7463162541389465,0.6947489380836487,0.9310545921325684
19,frozen,124,102,7,heldout_before,batch_lora,0.568342387676239,1.3597397804260254,1.6508880853652954
19,frozen,124,102,7,heldout_after,activation,0.7435639500617981,0.6644957661628723,0.7510178089141846
19,frozen,124,102,7,heldout_after,lora,0.7463162541389465,0.6947489380836487,0.9310545921325684
19,frozen,124,102,7,heldout_after,batch_lora,0.568342387676239,1.3597397804260254,1.6508880853652954
19,frozen,124,102,7,full_batch,activation,0.7476619482040405,0.6597989797592163,0.7523300647735596
19,frozen,124,102,7,full_batch,lora,0.7489283084869385,0.6912698745727539,0.932942271232605
19,frozen,124,102,7,full_batch,batch_lora,0.5650736093521118,1.4106074571609497,1.7092419862747192
19,frozen,124,102,8,heldout_before,activation,0.7618198990821838,0.6467189788818359,0.7676733136177063
19,frozen,124,102,8,heldout_before,lora,0.701882004737854,0.7592021226882935,0.9596637487411499
19,frozen,124,102,8,heldout_before,batch_lora,0.3438785970211029,1.686511754989624,1.744797706604004
19,frozen,124,102,8,heldout_after,activation,0.7618198990821838,0.6467189788818359,0.7676733136177063
19,frozen,124,102,8,heldout_after,lora,0.701882004737854,0.7592021226882935,0.9596637487411499
19,frozen,124,102,8,heldout_after,batch_lora,0.3438785970211029,1.686511754989624,1.744797706604004
19,frozen,124,102,8,full_batch,activation,0.7630172371864319,0.6444334983825684,0.769510805606842
19,frozen,124,102,8,full_batch,lora,0.7041750550270081,0.7545763850212097,0.9593285322189331
19,frozen,124,102,8,full_batch,batch_lora,0.3631974756717682,1.6310157775878906,1.7019003629684448
19,frozen,124,102,9,heldout_before,activation,0.7072712182998657,0.7036159634590149,0.7076272368431091
19,frozen,124,102,9,heldout_before,lora,0.6579610705375671,0.787933886051178,0.8902287483215332
19,frozen,124,102,9,heldout_before,batch_lora,0.19565311074256897,1.62558114528656,1.492107629776001
19,frozen,124,102,9,heldout_after,activation,0.7072712182998657,0.7036159634590149,0.7076272368431091
19,frozen,124,102,9,heldout_after,lora,0.6579610705375671,0.787933886051178,0.8902287483215332
19,frozen,124,102,9,heldout_after,batch_lora,0.19565311074256897,1.62558114528656,1.492107629776001
19,frozen,124,102,9,full_batch,activation,0.7104651927947998,0.7003255486488342,0.7170769572257996
19,frozen,124,102,9,full_batch,lora,0.6598657965660095,0.7923849821090698,0.9074521064758301
19,frozen,124,102,9,full_batch,batch_lora,0.22431659698486328,1.6314421892166138,1.5327208042144775
19,frozen,124,102,10,heldout_before,activation,0.6587260365486145,0.7495067119598389,0.6683222055435181
19,frozen,124,102,10,heldout_before,lora,0.566059410572052,0.8893400430679321,0.8865801692008972
19,frozen,124,102,10,heldout_before,batch_lora,0.05054883658885956,1.6271889209747314,1.335188388824463
19,frozen,124,102,10,heldout_after,activation,0.6587260365486145,0.7495067119598389,0.6683222055435181
19,frozen,124,102,10,heldout_after,lora,0.566059410572052,0.8893400430679321,0.8865801692008972
19,frozen,124,102,10,heldout_after,batch_lora,0.05054883658885956,1.6271889209747314,1.335188388824463
19,frozen,124,102,10,full_batch,activation,0.661493718624115,0.7483845949172974,0.6670336127281189
19,frozen,124,102,10,full_batch,lora,0.5706347227096558,0.8857844471931458,0.886378288269043
19,frozen,124,102,10,full_batch,batch_lora,0.040520790964365005,1.661485195159912,1.3679901361465454
19,frozen,124,102,11,heldout_before,activation,0.6101895570755005,0.7855165600776672,0.6052398681640625
19,frozen,124,102,11,heldout_before,lora,0.48176419734954834,0.9364508390426636,0.8020492196083069
19,frozen,124,102,11,heldout_before,batch_lora,-0.05456577613949776,1.4672067165374756,1.0204566717147827
19,frozen,124,102,11,heldout_after,activation,0.6101895570755005,0.7855165600776672,0.6052398681640625
19,frozen,124,102,11,heldout_after,lora,0.48176419734954834,0.9364508390426636,0.8020492196083069
19,frozen,124,102,11,heldout_after,batch_lora,-0.05456577613949776,1.4672067165374756,1.0204566717147827
19,frozen,124,102,11,full_batch,activation,0.6184757947921753,0.7795662879943848,0.6165148019790649
19,frozen,124,102,11,full_batch,lora,0.4841679036617279,0.9413374662399292,0.81968092918396
19,frozen,124,102,11,full_batch,batch_lora,-0.06175600737333298,1.496651530265808,1.0534926652908325
19,frozen,124,102,12,heldout_before,activation,0.5461510419845581,0.8388662934303284,0.5547014474868774
19,frozen,124,102,12,heldout_before,lora,0.4030665159225464,0.9989083409309387,0.7740048170089722
19,frozen,124,102,12,heldout_before,batch_lora,-0.06113012880086899,1.3516952991485596,0.8503614664077759
19,frozen,124,102,12,heldout_after,activation,0.5461510419845581,0.8388662934303284,0.5547014474868774
19,frozen,124,102,12,heldout_after,lora,0.4030665159225464,0.9989083409309387,0.7740048170089722
19,frozen,124,102,12,heldout_after,batch_lora,-0.06113012880086899,1.3516952991485596,0.8503614664077759
19,frozen,124,102,12,full_batch,activation,0.5422476530075073,0.8412211537361145,0.5635069012641907
19,frozen,124,102,12,full_batch,lora,0.3885592818260193,1.0259454250335693,0.8074785470962524
19,frozen,124,102,12,full_batch,batch_lora,-0.1138032004237175,1.4390311241149902,0.9272355437278748
19,frozen,124,102,13,heldout_before,activation,0.48172247409820557,0.8777010440826416,0.48857009410858154
19,frozen,124,102,13,heldout_before,lora,0.28244122862815857,1.0602258443832397,0.714948296546936
19,frozen,124,102,13,heldout_before,batch_lora,-0.1543836146593094,1.3643293380737305,0.7864823937416077
19,frozen,124,102,13,heldout_after,activation,0.48172247409820557,0.8777010440826416,0.48857009410858154
19,frozen,124,102,13,heldout_after,lora,0.28244122862815857,1.0602258443832397,0.714948296546936
19,frozen,124,102,13,heldout_after,batch_lora,-0.1543836146593094,1.3643293380737305,0.7864823937416077
19,frozen,124,102,13,full_batch,activation,0.4835556447505951,0.87656569480896,0.49119794368743896
19,frozen,124,102,13,full_batch,lora,0.28630220890045166,1.0606093406677246,0.7241724729537964
19,frozen,124,102,13,full_batch,batch_lora,-0.19371013343334198,1.4052640199661255,0.8124162554740906
19,frozen,124,102,14,heldout_before,activation,0.41055065393447876,0.9182347059249878,0.4794667065143585
19,frozen,124,102,14,heldout_before,lora,0.1833600103855133,1.171124815940857,0.7940495610237122
19,frozen,124,102,14,heldout_before,batch_lora,-0.2279575914144516,1.4764589071273804,0.881950318813324
19,frozen,124,102,14,heldout_after,activation,0.41055065393447876,0.9182347059249878,0.4794667065143585
19,frozen,124,102,14,heldout_after,lora,0.1833600103855133,1.171124815940857,0.7940495610237122
19,frozen,124,102,14,heldout_after,batch_lora,-0.2279575914144516,1.4764589071273804,0.881950318813324
19,frozen,124,102,14,full_batch,activation,0.41120994091033936,0.9174773693084717,0.47621381282806396
19,frozen,124,102,14,full_batch,lora,0.18426509201526642,1.1621999740600586,0.7796192765235901
19,frozen,124,102,14,full_batch,batch_lora,-0.22700423002243042,1.453574299812317,0.8520737290382385
19,frozen,124,102,15,heldout_before,activation,0.3579452633857727,0.9364205598831177,0.40324628353118896
19,frozen,124,102,15,heldout_before,lora,0.13499373197555542,1.1337107419967651,0.6584410071372986
19,frozen,124,102,15,heldout_before,batch_lora,-0.19591465592384338,1.2946527004241943,0.6493712663650513
19,frozen,124,102,15,heldout_after,activation,0.3579452633857727,0.9364205598831177,0.40324628353118896
19,frozen,124,102,15,heldout_after,lora,0.13499373197555542,1.1337107419967651,0.6584410071372986
19,frozen,124,102,15,heldout_after,batch_lora,-0.19591465592384338,1.2946527004241943,0.6493712663650513
19,frozen,124,102,15,full_batch,activation,0.3579659163951874,0.9374765157699585,0.40843862295150757
19,frozen,124,102,15,full_batch,lora,0.13488861918449402,1.140528678894043,0.6734181046485901
19,frozen,124,102,15,full_batch,batch_lora,-0.21014729142189026,1.3178073167800903,0.6734692454338074
19,frozen,124,102,16,heldout_before,activation,0.3040032982826233,0.9546554088592529,0.3584784269332886
19,frozen,124,102,16,heldout_before,lora,0.055207423865795135,1.1381150484085083,0.5929968357086182
19,frozen,124,102,16,heldout_before,batch_lora,-0.21616487205028534,1.2798553705215454,0.6113355159759521
19,frozen,124,102,16,heldout_after,activation,0.3040032982826233,0.9546554088592529,0.3584784269332886
19,frozen,124,102,16,heldout_after,lora,0.055207423865795135,1.1381150484085083,0.5929968357086182
19,frozen,124,102,16,heldout_after,batch_lora,-0.21616487205028534,1.2798553705215454,0.6113355159759521
19,frozen,124,102,16,full_batch,activation,0.31101030111312866,0.9519038200378418,0.3648616075515747
19,frozen,124,102,16,full_batch,lora,0.06377656757831573,1.133765459060669,0.5948175191879272
19,frozen,124,102,16,full_batch,batch_lora,-0.22296851873397827,1.2863627672195435,0.6163431406021118
19,frozen,124,102,17,heldout_before,activation,0.24173399806022644,0.9773707985877991,0.3418886065483093
19,frozen,124,102,17,heldout_before,lora,-0.007285667583346367,1.1673965454101562,0.5853292346000671
19,frozen,124,102,17,heldout_before,batch_lora,-0.24525384604930878,1.2911888360977173,0.6075756549835205
19,frozen,124,102,17,heldout_after,activation,0.24173399806022644,0.9773707985877991,0.3418886065483093
19,frozen,124,102,17,heldout_after,lora,-0.007285667583346367,1.1673965454101562,0.5853292346000671
19,frozen,124,102,17,heldout_after,batch_lora,-0.24525384604930878,1.2911888360977173,0.6075756549835205
19,frozen,124,102,17,full_batch,activation,0.24229057133197784,0.9772173166275024,0.3395545780658722
19,frozen,124,102,17,full_batch,lora,-0.008495636284351349,1.1689280271530151,0.584949254989624
19,frozen,124,102,17,full_batch,batch_lora,-0.25285786390304565,1.292145013809204,0.6036326289176941
19,frozen,124,102,18,heldout_before,activation,0.16940852999687195,0.9934370517730713,0.28111395239830017
19,frozen,124,102,18,heldout_before,lora,-0.06755662709474564,1.1625330448150635,0.5148241519927979
19,frozen,124,102,18,heldout_before,batch_lora,-0.24860692024230957,1.238112211227417,0.5225785970687866
19,frozen,124,102,18,heldout_after,activation,0.16940852999687195,0.9934370517730713,0.28111395239830017
19,frozen,124,102,18,heldout_after,lora,-0.06755662709474564,1.1625330448150635,0.5148241519927979
19,frozen,124,102,18,heldout_after,batch_lora,-0.24860692024230957,1.238112211227417,0.5225785970687866
19,frozen,124,102,18,full_batch,activation,0.17235234379768372,0.9930327534675598,0.2856948673725128
19,frozen,124,102,18,full_batch,lora,-0.06462457776069641,1.1610679626464844,0.5162537693977356
19,frozen,124,102,18,full_batch,batch_lora,-0.25074881315231323,1.2415504455566406,0.5266330242156982
19,frozen,124,102,19,heldout_before,activation,0.15823090076446533,0.9944969415664673,0.26442718505859375
19,frozen,124,102,19,heldout_before,lora,-0.045579854398965836,1.148223876953125,0.5071924924850464
19,frozen,124,102,19,heldout_before,batch_lora,-0.17777347564697266,1.206020712852478,0.5194277167320251
19,frozen,124,102,19,heldout_after,activation,0.15823090076446533,0.9944969415664673,0.26442718505859375
19,frozen,124,102,19,heldout_after,lora,-0.045579854398965836,1.148223876953125,0.5071924924850464
19,frozen,124,102,19,heldout_after,batch_lora,-0.17777347564697266,1.206020712852478,0.5194277167320251
19,frozen,124,102,19,full_batch,activation,0.159489244222641,0.9941134452819824,0.2613987922668457
19,frozen,124,102,19,full_batch,lora,-0.03948978707194328,1.1406073570251465,0.4960121512413025
19,frozen,124,102,19,full_batch,batch_lora,-0.17266924679279327,1.1966828107833862,0.5069368481636047
19,frozen,124,102,20,heldout_before,activation,0.1163572296500206,1.0025966167449951,0.24347250163555145
19,frozen,124,102,20,heldout_before,lora,-0.06364227831363678,1.1407597064971924,0.479092001914978
19,frozen,124,102,20,heldout_before,batch_lora,-0.16814035177230835,1.1946228742599487,0.5066890716552734
19,frozen,124,102,20,heldout_after,activation,0.1163572296500206,1.0025966167449951,0.24347250163555145
19,frozen,124,102,20,heldout_after,lora,-0.06364227831363678,1.1407597064971924,0.479092001914978
19,frozen,124,102,20,heldout_after,batch_lora,-0.16814035177230835,1.1946228742599487,0.5066890716552734
19,frozen,124,102,20,full_batch,activation,0.1164892241358757,1.0019536018371582,0.239177405834198
19,frozen,124,102,20,full_batch,lora,-0.06268040835857391,1.1370153427124023,0.47255849838256836
19,frozen,124,102,20,full_batch,batch_lora,-0.16450545191764832,1.1875019073486328,0.49672284722328186
19,frozen,124,102,21,heldout_before,activation,0.076990507543087,1.0078129768371582,0.22167950868606567
19,frozen,124,102,21,heldout_before,lora,-0.11350676417350769,1.1395620107650757,0.4437946081161499
19,frozen,124,102,21,heldout_before,batch_lora,-0.191145658493042,1.1858339309692383,0.4742405414581299
19,frozen,124,102,21,heldout_after,activation,0.076990507543087,1.0078129768371582,0.22167950868606567
19,frozen,124,102,21,heldout_after,lora,-0.11350676417350769,1.1395620107650757,0.4437946081161499
19,frozen,124,102,21,heldout_after,batch_lora,-0.191145658493042,1.1858339309692383,0.4742405414581299
19,frozen,124,102,21,full_batch,activation,0.07894222438335419,1.0084372758865356,0.22817762196063995
19,frozen,124,102,21,full_batch,lora,-0.11691440641880035,1.1419751644134521,0.4458770751953125
19,frozen,124,102,21,full_batch,batch_lora,-0.2020084708929062,1.1887513399124146,0.47174012660980225
19,frozen,124,102,22,heldout_before,activation,0.05262358859181404,1.0118649005889893,0.2150714099407196
19,frozen,124,102,22,heldout_before,lora,-0.12360431253910065,1.147840976715088,0.4517425298690796
19,frozen,124,102,22,heldout_before,batch_lora,-0.17898574471473694,1.1812599897384644,0.4747811555862427
19,frozen,124,102,22,heldout_after,activation,0.05262358859181404,1.0118649005889893,0.2150714099407196
19,frozen,124,102,22,heldout_after,lora,-0.12360431253910065,1.147840976715088,0.4517425298690796
19,frozen,124,102,22,heldout_after,batch_lora,-0.17898574471473694,1.1812599897384644,0.4747811555862427
19,frozen,124,102,22,full_batch,activation,0.05355421453714371,1.0112013816833496,0.2105175256729126
19,frozen,124,102,22,full_batch,lora,-0.1261889934539795,1.1462194919586182,0.44506722688674927
19,frozen,124,102,22,full_batch,batch_lora,-0.1849392056465149,1.1813791990280151,0.470697283744812
19,frozen,124,102,23,heldout_before,activation,0.03680610656738281,1.013112187385559,0.20040298998355865
19,frozen,124,102,23,heldout_before,lora,-0.17870038747787476,1.1489388942718506,0.41081926226615906
19,frozen,124,102,23,heldout_before,batch_lora,-0.26303476095199585,1.192146897315979,0.4372518062591553
19,frozen,124,102,23,heldout_after,activation,0.03680610656738281,1.013112187385559,0.20040298998355865
19,frozen,124,102,23,heldout_after,lora,-0.17870038747787476,1.1489388942718506,0.41081926226615906
19,frozen,124,102,23,heldout_after,batch_lora,-0.26303476095199585,1.192146897315979,0.4372518062591553
19,frozen,124,102,23,full_batch,activation,0.037071943283081055,1.013178825378418,0.2015427052974701
19,frozen,124,102,23,full_batch,lora,-0.17094510793685913,1.1487278938293457,0.4170476496219635
19,frozen,124,102,23,full_batch,batch_lora,-0.25464943051338196,1.194347620010376,0.44628748297691345
19,frozen,124,102,24,heldout_before,activation,0.018644321709871292,1.015232801437378,0.19332662224769592
19,frozen,124,102,24,heldout_before,lora,-0.16715332865715027,1.152388572692871,0.4279371500015259
19,frozen,124,102,24,heldout_before,batch_lora,-0.2106257528066635,1.1843187808990479,0.4579356014728546
19,frozen,124,102,24,heldout_after,activation,0.018644321709871292,1.015232801437378,0.19332662224769592
19,frozen,124,102,24,heldout_after,lora,-0.16715332865715027,1.152388572692871,0.4279371500015259
19,frozen,124,102,24,heldout_after,batch_lora,-0.2106257528066635,1.1843187808990479,0.4579356014728546
19,frozen,124,102,24,full_batch,activation,0.016811378300189972,1.015184998512268,0.191335529088974
19,frozen,124,102,24,full_batch,lora,-0.16922464966773987,1.1523969173431396,0.42620742321014404
19,frozen,124,102,24,full_batch,batch_lora,-0.21350827813148499,1.1844696998596191,0.45623350143432617
19,frozen,124,102,25,heldout_before,activation,-0.0016735856188461185,1.0160800218582153,0.1767839789390564
19,frozen,124,102,25,heldout_before,lora,-0.1724279671907425,1.138988971710205,0.3997422158718109
19,frozen,124,102,25,heldout_before,batch_lora,-0.22162707149982452,1.1735283136367798,0.431279718875885
19,frozen,124,102,25,heldout_after,activation,-0.0016735856188461185,1.0160800218582153,0.1767839789390564
19,frozen,124,102,25,heldout_after,lora,-0.1724279671907425,1.138988971710205,0.3997422158718109
19,frozen,124,102,25,heldout_after,batch_lora,-0.22162707149982452,1.1735283136367798,0.431279718875885
19,frozen,124,102,25,full_batch,activation,0.0021644632797688246,1.0155677795410156,0.17773091793060303
19,frozen,124,102,25,full_batch,lora,-0.16664379835128784,1.139859676361084,0.40560346841812134
19,frozen,124,102,25,full_batch,batch_lora,-0.21250900626182556,1.1734291315078735,0.4371803402900696
19,frozen,124,102,26,heldout_before,activation,-0.012858493253588676,1.0160303115844727,0.1667955368757248
19,frozen,124,102,26,heldout_before,lora,-0.20245343446731567,1.1400364637374878,0.3789888918399811
19,frozen,124,102,26,heldout_before,batch_lora,-0.24113957583904266,1.164791464805603,0.4029778242111206
19,frozen,124,102,26,heldout_after,activation,-0.012858493253588676,1.0160303115844727,0.1667955368757248
19,frozen,124,102,26,heldout_after,lora,-0.20245343446731567,1.1400364637374878,0.3789888918399811
19,frozen,124,102,26,heldout_after,batch_lora,-0.24113957583904266,1.164791464805603,0.4029778242111206
19,frozen,124,102,26,full_batch,activation,-0.014759792946279049,1.0165119171142578,0.16771334409713745
19,frozen,124,102,26,full_batch,lora,-0.2096758484840393,1.143470048904419,0.3811245262622833
19,frozen,124,102,26,full_batch,batch_lora,-0.24872227013111115,1.169928789138794,0.4074762165546417
19,frozen,124,102,27,heldout_before,activation,-0.019743537530303,1.017108678817749,0.16661591827869415
19,frozen,124,102,27,heldout_before,lora,-0.23338860273361206,1.1543819904327393,0.3862818479537964
19,frozen,124,102,27,heldout_before,batch_lora,-0.2656715214252472,1.1779619455337524,0.411215215921402
19,frozen,124,102,27,heldout_after,activation,-0.019743537530303,1.017108678817749,0.16661591827869415
19,frozen,124,102,27,heldout_after,lora,-0.23338860273361206,1.1543819904327393,0.3862818479537964
19,frozen,124,102,27,heldout_after,batch_lora,-0.2656715214252472,1.1779619455337524,0.411215215921402
19,frozen,124,102,27,full_batch,activation,-0.020054444670677185,1.0172395706176758,0.16710108518600464
19,frozen,124,102,27,full_batch,lora,-0.23109444975852966,1.1522845029830933,0.38397181034088135
19,frozen,124,102,27,full_batch,batch_lora,-0.2650893032550812,1.1768616437911987,0.40965205430984497
19,frozen,124,102,28,heldout_before,activation,-0.02727910503745079,1.0165108442306519,0.1567077338695526
19,frozen,124,102,28,heldout_before,lora,-0.21016789972782135,1.14591646194458,0.3843235373497009
19,frozen,124,102,28,heldout_before,batch_lora,-0.23839810490608215,1.169953465461731,0.4140011966228485
19,frozen,124,102,28,heldout_after,activation,-0.02727910503745079,1.0165108442306519,0.1567077338695526
19,frozen,124,102,28,heldout_after,lora,-0.21016789972782135,1.14591646194458,0.3843235373497009
19,frozen,124,102,28,heldout_after,batch_lora,-0.23839810490608215,1.169953465461731,0.4140011966228485
19,frozen,124,102,28,full_batch,activation,-0.029099401086568832,1.0164384841918945,0.15488363802433014
19,frozen,124,102,28,full_batch,lora,-0.21485507488250732,1.1433411836624146,0.37688595056533813
19,frozen,124,102,28,full_batch,batch_lora,-0.24245953559875488,1.1669378280639648,0.406023770570755
19,frozen,124,102,29,heldout_before,activation,-0.030563198029994965,1.0166006088256836,0.15398094058036804
19,frozen,124,102,29,heldout_before,lora,-0.2137964814901352,1.1473783254623413,0.3852066397666931
19,frozen,124,102,29,heldout_before,batch_lora,-0.2383941411972046,1.1693084239959717,0.41284626722335815
19,frozen,124,102,29,heldout_after,activation,-0.030563198029994965,1.0166006088256836,0.15398094058036804
19,frozen,124,102,29,heldout_after,lora,-0.2137964814901352,1.1473783254623413,0.3852066397666931
19,frozen,124,102,29,heldout_after,batch_lora,-0.2383941411972046,1.1693084239959717,0.41284626722335815
19,frozen,124,102,29,full_batch,activation,-0.029965193942189217,1.0163602828979492,0.15307608246803284
19,frozen,124,102,29,full_batch,lora,-0.21378926932811737,1.1458156108856201,0.3819211423397064
19,frozen,124,102,29,full_batch,batch_lora,-0.23829331994056702,1.1678009033203125,0.41019919514656067
19,frozen,124,102,30,heldout_before,activation,-0.02872726507484913,1.0132606029510498,0.13638491928577423
19,frozen,124,102,30,heldout_before,lora,-0.19656144082546234,1.122739553451538,0.3479965329170227
19,frozen,124,102,30,heldout_before,batch_lora,-0.21589291095733643,1.1407227516174316,0.3739021122455597
19,frozen,124,102,30,heldout_after,activation,-0.02872726507484913,1.0132606029510498,0.13638491928577423
19,frozen,124,102,30,heldout_after,lora,-0.19656144082546234,1.122739553451538,0.3479965329170227
19,frozen,124,102,30,heldout_after,batch_lora,-0.21589291095733643,1.1407227516174316,0.3739021122455597
19,frozen,124,102,30,full_batch,activation,-0.028460390865802765,1.013124942779541,0.13586395978927612
19,frozen,124,102,30,full_batch,lora,-0.19398736953735352,1.1209959983825684,0.3461131155490875
19,frozen,124,102,30,full_batch,batch_lora,-0.21386593580245972,1.1395065784454346,0.37283140420913696
19,frozen,124,102,31,heldout_before,activation,-0.02653009630739689,1.0109165906906128,0.12303273379802704
19,frozen,124,102,31,heldout_before,lora,-0.18643870949745178,1.1050063371658325,0.31653204560279846
19,frozen,124,102,31,heldout_before,batch_lora,-0.20457710325717926,1.119614601135254,0.33891937136650085
19,frozen,124,102,31,heldout_after,activation,-0.02653009630739689,1.0109165906906128,0.12303273379802704
19,frozen,124,102,31,heldout_after,lora,-0.18643870949745178,1.1050063371658325,0.31653204560279846
19,frozen,124,102,31,heldout_after,batch_lora,-0.20457710325717926,1.119614601135254,0.33891937136650085
19,frozen,124,102,31,full_batch,activation,-0.027250003069639206,1.0112178325653076,0.1244601458311081
19,frozen,124,102,31,full_batch,lora,-0.18897807598114014,1.1067553758621216,0.3189716935157776
19,frozen,124,102,31,full_batch,batch_lora,-0.20718169212341309,1.1223204135894775,0.34284326434135437
19,frozen,124,102,32,heldout_before,activation,-0.02563672512769699,1.0094634294509888,0.11357937008142471
19,frozen,124,102,32,heldout_before,lora,-0.18212708830833435,1.0906199216842651,0.287590354681015
19,frozen,124,102,32,heldout_before,batch_lora,-0.1937277913093567,1.0997990369796753,0.3033520579338074
19,frozen,124,102,32,heldout_after,activation,-0.02563672512769699,1.0094634294509888,0.11357937008142471
19,frozen,124,102,32,heldout_after,lora,-0.18212708830833435,1.0906199216842651,0.287590354681015
19,frozen,124,102,32,heldout_after,batch_lora,-0.1937277913093567,1.0997990369796753,0.3033520579338074
19,frozen,124,102,32,full_batch,activation,-0.02650734782218933,1.0092664957046509,0.11153103411197662
19,frozen,124,102,32,full_batch,lora,-0.18416504561901093,1.0883320569992065,0.2811696529388428
19,frozen,124,102,32,full_batch,batch_lora,-0.1959741860628128,1.0977896451950073,0.29753172397613525
19,frozen,125,103,1,heldout_before,activation,0.863796055316925,0.4888278543949127,0.8447752594947815
19,frozen,125,103,1,heldout_before,lora,0.9146633744239807,0.38826093077659607,0.926152765750885
19,frozen,125,103,1,heldout_before,batch_lora,0.9721656441688538,0.23621495068073273,1.0022231340408325
19,frozen,125,103,1,heldout_after,activation,0.863796055316925,0.4888278543949127,0.8447752594947815
19,frozen,125,103,1,heldout_after,lora,0.9146633744239807,0.38826093077659607,0.926152765750885
19,frozen,125,103,1,heldout_after,batch_lora,0.9721656441688538,0.23621495068073273,1.0022231340408325
19,frozen,125,103,1,full_batch,activation,0.8659244775772095,0.4864450991153717,0.8480395674705505
19,frozen,125,103,1,full_batch,lora,0.9159177541732788,0.38720211386680603,0.930463433265686
19,frozen,125,103,1,full_batch,batch_lora,0.9762709140777588,0.217670276761055,0.998301088809967
19,frozen,125,103,2,heldout_before,activation,0.8376871347427368,0.536396324634552,0.8334714770317078
19,frozen,125,103,2,heldout_before,lora,0.8741326332092285,0.48561203479766846,0.9403141140937805
19,frozen,125,103,2,heldout_before,batch_lora,0.9191652536392212,0.5055437088012695,1.2360867261886597
19,frozen,125,103,2,heldout_after,activation,0.8376871347427368,0.536396324634552,0.8334714770317078
19,frozen,125,103,2,heldout_after,lora,0.8741326332092285,0.48561203479766846,0.9403141140937805
19,frozen,125,103,2,heldout_after,batch_lora,0.9191652536392212,0.5055437088012695,1.2360867261886597
19,frozen,125,103,2,full_batch,activation,0.8439213037490845,0.5274674296379089,0.8329857587814331
19,frozen,125,103,2,full_batch,lora,0.8823449611663818,0.4687315821647644,0.9377928972244263
19,frozen,125,103,2,full_batch,batch_lora,0.9156278967857361,0.5033212900161743,1.2184594869613647
19,frozen,125,103,3,heldout_before,activation,0.8121734857559204,0.5732240080833435,0.813576877117157
19,frozen,125,103,3,heldout_before,lora,0.8281782865524292,0.5781087279319763,0.922134280204773
19,frozen,125,103,3,heldout_before,batch_lora,0.6990764141082764,0.7539822459220886,0.9382357597351074
19,frozen,125,103,3,heldout_after,activation,0.8121734857559204,0.5732240080833435,0.813576877117157
19,frozen,125,103,3,heldout_after,lora,0.8281782865524292,0.5781087279319763,0.922134280204773
19,frozen,125,103,3,heldout_after,batch_lora,0.6990764141082764,0.7539822459220886,0.9382357597351074
19,frozen,125,103,3,full_batch,activation,0.8145698308944702,0.5711832046508789,0.8121376633644104
19,frozen,125,103,3,full_batch,lora,0.830557107925415,0.5773974657058716,0.9293564558029175
19,frozen,125,103,3,full_batch,batch_lora,0.6901088953018188,0.7743328213691711,0.9655023813247681
19,frozen,125,103,4,heldout_before,activation,0.7849556803703308,0.609491765499115,0.7868897914886475
19,frozen,125,103,4,heldout_before,lora,0.7878667712211609,0.6446168422698975,0.9144835472106934
19,frozen,125,103,4,heldout_before,batch_lora,0.5362741947174072,0.9587007164955139,0.9909135699272156
19,frozen,125,103,4,heldout_after,activation,0.7849556803703308,0.609491765499115,0.7868897914886475
19,frozen,125,103,4,heldout_after,lora,0.7878667712211609,0.6446168422698975,0.9144835472106934
19,frozen,125,103,4,heldout_after,batch_lora,0.5362741947174072,0.9587007164955139,0.9909135699272156
19,frozen,125,103,4,full_batch,activation,0.7875525951385498,0.6063249111175537,0.7824182510375977
19,frozen,125,103,4,full_batch,lora,0.7891083359718323,0.6386620402336121,0.896850049495697
19,frozen,125,103,4,full_batch,batch_lora,0.55959153175354,0.9054105281829834,0.9241607189178467
19,frozen,125,103,5,heldout_before,activation,0.7593870759010315,0.6460321545600891,0.7790077328681946
19,frozen,125,103,5,heldout_before,lora,0.723710298538208,0.7434861660003662,0.9304205775260925
19,frozen,125,103,5,heldout_before,batch_lora,0.36679607629776,1.1299247741699219,1.0080989599227905
19,frozen,125,103,5,heldout_after,activation,0.7593870759010315,0.6460321545600891,0.7790077328681946
19,frozen,125,103,5,heldout_after,lora,0.723710298538208,0.7434861660003662,0.9304205775260925
19,frozen,125,103,5,heldout_after,batch_lora,0.36679607629776,1.1299247741699219,1.0080989599227905
19,frozen,125,103,5,full_batch,activation,0.7692157626152039,0.6355844736099243,0.7857098579406738
19,frozen,125,103,5,full_batch,lora,0.7332314252853394,0.7376828193664551,0.9412665367126465
19,frozen,125,103,5,full_batch,batch_lora,0.356651246547699,1.138869285583496,1.007975697517395
19,frozen,125,103,6,heldout_before,activation,0.7574220895767212,0.6538339853286743,0.7689684629440308
19,frozen,125,103,6,heldout_before,lora,0.6962131261825562,0.765295147895813,0.8560231924057007
19,frozen,125,103,6,heldout_before,batch_lora,0.47323501110076904,0.9183951020240784,0.7328521609306335
19,frozen,125,103,6,heldout_after,activation,0.7574220895767212,0.6538339853286743,0.7689684629440308
19,frozen,125,103,6,heldout_after,lora,0.6962131261825562,0.765295147895813,0.8560231924057007
19,frozen,125,103,6,heldout_after,batch_lora,0.47323501110076904,0.9183951020240784,0.7328521609306335
19,frozen,125,103,6,full_batch,activation,0.7603471279144287,0.6500476598739624,0.7706729173660278
19,frozen,125,103,6,full_batch,lora,0.700514554977417,0.759202241897583,0.8595055341720581
19,frozen,125,103,6,full_batch,batch_lora,0.4736374020576477,0.9228163957595825,0.7491779327392578
19,frozen,125,103,7,heldout_before,activation,0.7420418858528137,0.6896030306816101,0.7744646668434143
19,frozen,125,103,7,heldout_before,lora,0.6402570605278015,0.855380117893219,0.895606517791748
19,frozen,125,103,7,heldout_before,batch_lora,0.17213642597198486,1.1816742420196533,0.8248116970062256
19,frozen,125,103,7,heldout_after,activation,0.7420418858528137,0.6896030306816101,0.7744646668434143
19,frozen,125,103,7,heldout_after,lora,0.6402570605278015,0.855380117893219,0.895606517791748
19,frozen,125,103,7,heldout_after,batch_lora,0.17213642597198486,1.1816742420196533,0.8248116970062256
19,frozen,125,103,7,full_batch,activation,0.7417212724685669,0.6894497275352478,0.7684098482131958
19,frozen,125,103,7,full_batch,lora,0.6461937427520752,0.846123993396759,0.8858469128608704
19,frozen,125,103,7,full_batch,batch_lora,0.1967909187078476,1.1539740562438965,0.8053817749023438
19,frozen,125,103,8,heldout_before,activation,0.6664789915084839,0.7448561787605286,0.6675379276275635
19,frozen,125,103,8,heldout_before,lora,0.5395426154136658,0.9101192355155945,0.828728437423706
19,frozen,125,103,8,heldout_before,batch_lora,0.06710454821586609,1.2103732824325562,0.752310037612915
19,frozen,125,103,8,heldout_after,activation,0.6664789915084839,0.7448561787605286,0.6675379276275635
19,frozen,125,103,8,heldout_after,lora,0.5395426154136658,0.9101192355155945,0.828728437423706
19,frozen,125,103,8,heldout_after,batch_lora,0.06710454821586609,1.2103732824325562,0.752310037612915
19,frozen,125,103,8,full_batch,activation,0.6644078493118286,0.7481603622436523,0.6828073859214783
19,frozen,125,103,8,full_batch,lora,0.5344318151473999,0.9217017889022827,0.8461061716079712
19,frozen,125,103,8,full_batch,batch_lora,0.04345814883708954,1.241940975189209,0.7812289595603943
19,frozen,125,103,9,heldout_before,activation,0.6466014385223389,0.7702552676200867,0.6260452270507812
19,frozen,125,103,9,heldout_before,lora,0.5065200328826904,0.9528830647468567,0.7798397541046143
19,frozen,125,103,9,heldout_before,batch_lora,0.08791922777891159,1.1452252864837646,0.6529595255851746
19,frozen,125,103,9,heldout_after,activation,0.6466014385223389,0.7702552676200867,0.6260452270507812
19,frozen,125,103,9,heldout_after,lora,0.5065200328826904,0.9528830647468567,0.7798397541046143
19,frozen,125,103,9,heldout_after,batch_lora,0.08791922777891159,1.1452252864837646,0.6529595255851746
19,frozen,125,103,9,full_batch,activation,0.6504034996032715,0.7679253220558167,0.6399508118629456
19,frozen,125,103,9,full_batch,lora,0.5009093880653381,0.9622838497161865,0.7925052642822266
19,frozen,125,103,9,full_batch,batch_lora,0.06553404778242111,1.1649749279022217,0.666750431060791
19,frozen,125,103,10,heldout_before,activation,0.6126429438591003,0.7988836169242859,0.704338014125824
19,frozen,125,103,10,heldout_before,lora,0.39758557081222534,1.090531587600708,0.9322984218597412
19,frozen,125,103,10,heldout_before,batch_lora,-0.09683884680271149,1.4126262664794922,0.9056034684181213
19,frozen,125,103,10,heldout_after,activation,0.6126429438591003,0.7988836169242859,0.704338014125824
19,frozen,125,103,10,heldout_after,lora,0.39758557081222534,1.090531587600708,0.9322984218597412
19,frozen,125,103,10,heldout_after,batch_lora,-0.09683884680271149,1.4126262664794922,0.9056034684181213
19,frozen,125,103,10,full_batch,activation,0.6164583563804626,0.7956279516220093,0.6834909915924072
19,frozen,125,103,10,full_batch,lora,0.41485536098480225,1.0610723495483398,0.8905450105667114
19,frozen,125,103,10,full_batch,batch_lora,-0.04726599529385567,1.3149456977844238,0.8079044222831726
19,frozen,125,103,11,heldout_before,activation,0.5700427889823914,0.8346176743507385,0.6484594345092773
19,frozen,125,103,11,heldout_before,lora,0.3232838213443756,1.130611777305603,0.8863193392753601
19,frozen,125,103,11,heldout_before,batch_lora,-0.13890191912651062,1.3858035802841187,0.8305026888847351
19,frozen,125,103,11,heldout_after,activation,0.5700427889823914,0.8346176743507385,0.6484594345092773
19,frozen,125,103,11,heldout_after,lora,0.3232838213443756,1.130611777305603,0.8863193392753601
19,frozen,125,103,11,heldout_after,batch_lora,-0.13890191912651062,1.3858035802841187,0.8305026888847351
19,frozen,125,103,11,full_batch,activation,0.5598748922348022,0.8411946296691895,0.646470308303833
19,frozen,125,103,11,full_batch,lora,0.31344130635261536,1.1407921314239502,0.8933365345001221
19,frozen,125,103,11,full_batch,batch_lora,-0.16212403774261475,1.4167312383651733,0.8544445633888245
19,frozen,125,103,12,heldout_before,activation,0.5238960385322571,0.8631671071052551,0.5676853060722351
19,frozen,125,103,12,heldout_before,lora,0.26108238101005554,1.120771050453186,0.7595807909965515
19,frozen,125,103,12,heldout_before,batch_lora,-0.14346903562545776,1.2938841581344604,0.6900293231010437
19,frozen,125,103,12,heldout_after,activation,0.5238960385322571,0.8631671071052551,0.5676853060722351
19,frozen,125,103,12,heldout_after,lora,0.26108238101005554,1.120771050453186,0.7595807909965515
19,frozen,125,103,12,heldout_after,batch_lora,-0.14346903562545776,1.2938841581344604,0.6900293231010437
19,frozen,125,103,12,full_batch,activation,0.5282121300697327,0.8607063889503479,0.5697352886199951
19,frozen,125,103,12,full_batch,lora,0.2658093571662903,1.1177408695220947,0.760643720626831
19,frozen,125,103,12,full_batch,batch_lora,-0.14593972265720367,1.2968509197235107,0.6925833225250244
19,frozen,125,103,13,heldout_before,activation,0.4789504110813141,0.8929867744445801,0.5393644571304321
19,frozen,125,103,13,heldout_before,lora,0.1756536215543747,1.1656521558761597,0.7421208024024963
19,frozen,125,103,13,heldout_before,batch_lora,-0.19349944591522217,1.308966875076294,0.6730085015296936
19,frozen,125,103,13,heldout_after,activation,0.4789504110813141,0.8929867744445801,0.5393644571304321
19,frozen,125,103,13,heldout_after,lora,0.1756536215543747,1.1656521558761597,0.7421208024024963
19,frozen,125,103,13,heldout_after,batch_lora,-0.19349944591522217,1.308966875076294,0.6730085015296936
19,frozen,125,103,13,full_batch,activation,0.4887632727622986,0.8853395581245422,0.5415462255477905
19,frozen,125,103,13,full_batch,lora,0.17873071134090424,1.162197232246399,0.7458183765411377
19,frozen,125,103,13,full_batch,batch_lora,-0.20785698294639587,1.3273011445999146,0.6893234252929688
19,frozen,125,103,14,heldout_before,activation,0.434437096118927,0.9057106971740723,0.44382375478744507
19,frozen,125,103,14,heldout_before,lora,0.17263808846473694,1.0948169231414795,0.6161443591117859
19,frozen,125,103,14,heldout_before,batch_lora,-0.06623416393995285,1.1983636617660522,0.5974395275115967
19,frozen,125,103,14,heldout_after,activation,0.434437096118927,0.9057106971740723,0.44382375478744507
19,frozen,125,103,14,heldout_after,lora,0.17263808846473694,1.0948169231414795,0.6161443591117859
19,frozen,125,103,14,heldout_after,batch_lora,-0.06623416393995285,1.1983636617660522,0.5974395275115967
19,frozen,125,103,14,full_batch,activation,0.4371401369571686,0.9055995941162109,0.45195189118385315
19,frozen,125,103,14,full_batch,lora,0.17500022053718567,1.1016987562179565,0.6295440196990967
19,frozen,125,103,14,full_batch,batch_lora,-0.053738564252853394,1.198032021522522,0.6082045435905457
19,frozen,125,103,15,heldout_before,activation,0.35698649287223816,0.9417396783828735,0.4292983412742615
19,frozen,125,103,15,heldout_before,lora,0.0656927227973938,1.171522617340088,0.6538137793540955
19,frozen,125,103,15,heldout_before,batch_lora,-0.15997567772865295,1.2666418552398682,0.6337331533432007
19,frozen,125,103,15,heldout_after,activation,0.35698649287223816,0.9417396783828735,0.4292983412742615
19,frozen,125,103,15,heldout_after,lora,0.0656927227973938,1.171522617340088,0.6538137793540955
19,frozen,125,103,15,heldout_after,batch_lora,-0.15997567772865295,1.2666418552398682,0.6337331533432007
19,frozen,125,103,15,full_batch,activation,0.3553351163864136,0.9435789585113525,0.43426236510276794
19,frozen,125,103,15,full_batch,lora,0.058170028030872345,1.1863348484039307,0.6706551909446716
19,frozen,125,103,15,full_batch,batch_lora,-0.1726074069738388,1.2846670150756836,0.6521123647689819
19,frozen,125,103,16,heldout_before,activation,0.3088850975036621,0.9566729664802551,0.3814528286457062
19,frozen,125,103,16,heldout_before,lora,0.03064155764877796,1.172404170036316,0.6322887539863586
19,frozen,125,103,16,heldout_before,batch_lora,-0.15263351798057556,1.2594152688980103,0.6280225515365601
19,frozen,125,103,16,heldout_after,activation,0.3088850975036621,0.9566729664802551,0.3814528286457062
19,frozen,125,103,16,heldout_after,lora,0.03064155764877796,1.172404170036316,0.6322887539863586
19,frozen,125,103,16,heldout_after,batch_lora,-0.15263351798057556,1.2594152688980103,0.6280225515365601
19,frozen,125,103,16,full_batch,activation,0.31411120295524597,0.9545993208885193,0.38322779536247253
19,frozen,125,103,16,full_batch,lora,0.020829584449529648,1.1769342422485352,0.6311100125312805
19,frozen,125,103,16,full_batch,batch_lora,-0.17063650488853455,1.2678107023239136,0.627148449420929
19,frozen,125,103,17,heldout_before,activation,0.24346356093883514,0.9811668395996094,0.3522498905658722
19,frozen,125,103,17,heldout_before,lora,-0.04462861269712448,1.2106451988220215,0.6095501184463501
19,frozen,125,103,17,heldout_before,batch_lora,-0.242302805185318,1.2731441259384155,0.5820798277854919
19,frozen,125,103,17,heldout_after,activation,0.24346356093883514,0.9811668395996094,0.3522498905658722
19,frozen,125,103,17,heldout_after,lora,-0.04462861269712448,1.2106451988220215,0.6095501184463501
19,frozen,125,103,17,heldout_after,batch_lora,-0.242302805185318,1.2731441259384155,0.5820798277854919
19,frozen,125,103,17,full_batch,activation,0.24415546655654907,0.9799198508262634,0.34896618127822876
19,frozen,125,103,17,full_batch,lora,-0.04289569705724716,1.2094016075134277,0.6112358570098877
19,frozen,125,103,17,full_batch,batch_lora,-0.2391771823167801,1.278792381286621,0.5929980874061584
19,frozen,125,103,18,heldout_before,activation,0.17126302421092987,0.9989050030708313,0.33073875308036804
19,frozen,125,103,18,heldout_before,lora,-0.11276162415742874,1.2400686740875244,0.62046217918396
19,frozen,125,103,18,heldout_before,batch_lora,-0.2536385655403137,1.320569634437561,0.6453811526298523
19,frozen,125,103,18,heldout_after,activation,0.17126302421092987,0.9989050030708313,0.33073875308036804
19,frozen,125,103,18,heldout_after,lora,-0.11276162415742874,1.2400686740875244,0.62046217918396
19,frozen,125,103,18,heldout_after,batch_lora,-0.2536385655403137,1.320569634437561,0.6453811526298523
19,frozen,125,103,18,full_batch,activation,0.1714598536491394,0.9993895888328552,0.33460283279418945
19,frozen,125,103,18,full_batch,lora,-0.11057877540588379,1.249232530593872,0.6380777359008789
19,frozen,125,103,18,full_batch,batch_lora,-0.24868623912334442,1.3299311399459839,0.6626652479171753
19,frozen,125,103,19,heldout_before,activation,0.10832829773426056,1.0127198696136475,0.29550203680992126
19,frozen,125,103,19,heldout_before,lora,-0.15772885084152222,1.2434279918670654,0.5920471549034119
19,frozen,125,103,19,heldout_before,batch_lora,-0.2841411828994751,1.3137571811676025,0.6140203475952148
19,frozen,125,103,19,heldout_after,activation,0.10832829773426056,1.0127198696136475,0.29550203680992126
19,frozen,125,103,19,heldout_after,lora,-0.15772885084152222,1.2434279918670654,0.5920471549034119
19,frozen,125,103,19,heldout_after,batch_lora,-0.2841411828994751,1.3137571811676025,0.6140203475952148
19,frozen,125,103,19,full_batch,activation,0.1137707531452179,1.0101622343063354,0.288154274225235
19,frozen,125,103,19,full_batch,lora,-0.15282897651195526,1.231898307800293,0.5753076672554016
19,frozen,125,103,19,full_batch,batch_lora,-0.2777465879917145,1.2981289625167847,0.5953409075737
19,frozen,125,103,20,heldout_before,activation,0.05430500581860542,1.0184059143066406,0.25390955805778503
19,frozen,125,103,20,heldout_before,lora,-0.21463266015052795,1.2520020008087158,0.5619661211967468
19,frozen,125,103,20,heldout_before,batch_lora,-0.2922731339931488,1.3010625839233398,0.5898761749267578
19,frozen,125,103,20,heldout_after,activation,0.05430500581860542,1.0184059143066406,0.25390955805778503
19,frozen,125,103,20,heldout_after,lora,-0.21463266015052795,1.2520020008087158,0.5619661211967468
19,frozen,125,103,20,heldout_after,batch_lora,-0.2922731339931488,1.3010625839233398,0.5898761749267578
19,frozen,125,103,20,full_batch,activation,0.054164886474609375,1.018261432647705,0.25217205286026
19,frozen,125,103,20,full_batch,lora,-0.2184959053993225,1.2478760480880737,0.5532058477401733
19,frozen,125,103,20,full_batch,batch_lora,-0.2955583930015564,1.2973848581314087,0.582258403301239
19,frozen,125,103,21,heldout_before,activation,0.02342701144516468,1.024657130241394,0.24345070123672485
19,frozen,125,103,21,heldout_before,lora,-0.24799852073192596,1.2691988945007324,0.5658872723579407
19,frozen,125,103,21,heldout_before,batch_lora,-0.3289366662502289,1.322828769683838,0.5973869562149048
19,frozen,125,103,21,heldout_after,activation,0.02342701144516468,1.024657130241394,0.24345070123672485
19,frozen,125,103,21,heldout_after,lora,-0.24799852073192596,1.2691988945007324,0.5658872723579407
19,frozen,125,103,21,heldout_after,batch_lora,-0.3289366662502289,1.322828769683838,0.5973869562149048
19,frozen,125,103,21,full_batch,activation,0.01862487941980362,1.0252716541290283,0.24160081148147583
19,frozen,125,103,21,full_batch,lora,-0.25909149646759033,1.2666747570037842,0.5552100539207458
19,frozen,125,103,21,full_batch,batch_lora,-0.34369879961013794,1.322387933731079,0.5873430371284485
19,frozen,125,103,22,heldout_before,activation,-0.012637278996407986,1.0285940170288086,0.22606830298900604
19,frozen,125,103,22,heldout_before,lora,-0.28548693656921387,1.2750614881515503,0.5546085834503174
19,frozen,125,103,22,heldout_before,batch_lora,-0.350585401058197,1.330812692642212,0.5949156880378723
19,frozen,125,103,22,heldout_after,activation,-0.012637278996407986,1.0285940170288086,0.22606830298900604
19,frozen,125,103,22,heldout_after,lora,-0.28548693656921387,1.2750614881515503,0.5546085834503174
19,frozen,125,103,22,heldout_after,batch_lora,-0.350585401058197,1.330812692642212,0.5949156880378723
19,frozen,125,103,22,full_batch,activation,-0.007738645654171705,1.0273244380950928,0.2255513221025467
19,frozen,125,103,22,full_batch,lora,-0.27767229080200195,1.26988685131073,0.552151083946228
19,frozen,125,103,22,full_batch,batch_lora,-0.3433748483657837,1.3266077041625977,0.5935319066047668
19,frozen,125,103,23,heldout_before,activation,-0.034445974975824356,1.031515121459961,0.21970538794994354
19,frozen,125,103,23,heldout_before,lora,-0.30524858832359314,1.2885544300079346,0.5610204935073853
19,frozen,125,103,23,heldout_before,batch_lora,-0.36669236421585083,1.3509678840637207,0.612887978553772
19,frozen,125,103,23,heldout_after,activation,-0.034445974975824356,1.031515121459961,0.21970538794994354
19,frozen,125,103,23,heldout_after,lora,-0.30524858832359314,1.2885544300079346,0.5610204935073853
19,frozen,125,103,23,heldout_after,batch_lora,-0.36669236421585083,1.3509678840637207,0.612887978553772
19,frozen,125,103,23,full_batch,activation,-0.03425636142492294,1.031263828277588,0.21896328032016754
19,frozen,125,103,23,full_batch,lora,-0.30028048157691956,1.2805615663528442,0.552250862121582
19,frozen,125,103,23,full_batch,batch_lora,-0.3613187074661255,1.340296983718872,0.6014623045921326
19,frozen,125,103,24,heldout_before,activation,-0.04061393439769745,1.0302643775939941,0.2074267566204071
19,frozen,125,103,24,heldout_before,lora,-0.2879740297794342,1.2487480640411377,0.5113056302070618
19,frozen,125,103,24,heldout_before,batch_lora,-0.350183367729187,1.301396131515503,0.5532878041267395
19,frozen,125,103,24,heldout_after,activation,-0.04061393439769745,1.0302643775939941,0.2074267566204071
19,frozen,125,103,24,heldout_after,lora,-0.2879740297794342,1.2487480640411377,0.5113056302070618
19,frozen,125,103,24,heldout_after,batch_lora,-0.350183367729187,1.301396131515503,0.5532878041267395
19,frozen,125,103,24,full_batch,activation,-0.03818625956773758,1.0292320251464844,0.20557552576065063
19,frozen,125,103,24,full_batch,lora,-0.288153737783432,1.246927261352539,0.5082705020904541
19,frozen,125,103,24,full_batch,batch_lora,-0.35070693492889404,1.3006291389465332,0.5518624782562256
19,frozen,125,103,25,heldout_before,activation,-0.049822911620140076,1.0273876190185547,0.18952135741710663
19,frozen,125,103,25,heldout_before,lora,-0.2927994728088379,1.226239800453186,0.47388070821762085
19,frozen,125,103,25,heldout_before,batch_lora,-0.34176522493362427,1.272254467010498,0.5158098340034485
19,frozen,125,103,25,heldout_after,activation,-0.049822911620140076,1.0273876190185547,0.18952135741710663
19,frozen,125,103,25,heldout_after,lora,-0.2927994728088379,1.226239800453186,0.47388070821762085
19,frozen,125,103,25,heldout_after,batch_lora,-0.34176522493362427,1.272254467010498,0.5158098340034485
19,frozen,125,103,25,full_batch,activation,-0.049941375851631165,1.0271928310394287,0.1887780874967575
19,frozen,125,103,25,full_batch,lora,-0.29191404581069946,1.2228913307189941,0.4694178104400635
19,frozen,125,103,25,full_batch,batch_lora,-0.3401384949684143,1.2690730094909668,0.5120589733123779
19,frozen,125,103,26,heldout_before,activation,-0.059883277863264084,1.0274498462677002,0.1824854463338852
19,frozen,125,103,26,heldout_before,lora,-0.32881417870521545,1.2250818014144897,0.4513035714626312
19,frozen,125,103,26,heldout_before,batch_lora,-0.3812098503112793,1.268143892288208,0.4868395924568176
19,frozen,125,103,26,heldout_after,activation,-0.059883277863264084,1.0274498462677002,0.1824854463338852
19,frozen,125,103,26,heldout_after,lora,-0.32881417870521545,1.2250818014144897,0.4513035714626312
19,frozen,125,103,26,heldout_after,batch_lora,-0.3812098503112793,1.268143892288208,0.4868395924568176
19,frozen,125,103,26,full_batch,activation,-0.06018156558275223,1.0273748636245728,0.1820801943540573
19,frozen,125,103,26,full_batch,lora,-0.32433491945266724,1.223684549331665,0.45190566778182983
19,frozen,125,103,26,full_batch,batch_lora,-0.3759573698043823,1.26772940158844,0.4891909062862396
19,frozen,125,103,27,heldout_before,activation,-0.05488486960530281,1.0259968042373657,0.1788935363292694
19,frozen,125,103,27,heldout_before,lora,-0.2878158688545227,1.214200496673584,0.4569939374923706
19,frozen,125,103,27,heldout_before,batch_lora,-0.3293442130088806,1.2521991729736328,0.4931340217590332
19,frozen,125,103,27,heldout_after,activation,-0.05488486960530281,1.0259968042373657,0.1788935363292694
19,frozen,125,103,27,heldout_after,lora,-0.2878158688545227,1.214200496673584,0.4569939374923706
19,frozen,125,103,27,heldout_after,batch_lora,-0.3293442130088806,1.2521991729736328,0.4931340217590332
19,frozen,125,103,27,full_batch,activation,-0.0550294890999794,1.0260703563690186,0.17938002943992615
19,frozen,125,103,27,full_batch,lora,-0.28836947679519653,1.21376633644104,0.45615628361701965
19,frozen,125,103,27,full_batch,batch_lora,-0.32975083589553833,1.2516024112701416,0.49198153614997864
19,frozen,125,103,28,heldout_before,activation,-0.05370683595538139,1.0263184309005737,0.18186642229557037
19,frozen,125,103,28,heldout_before,lora,-0.2815478444099426,1.2303352355957031,0.4860745072364807
19,frozen,125,103,28,heldout_before,batch_lora,-0.31470125913619995,1.2679117918014526,0.5259159207344055
19,frozen,125,103,28,heldout_after,activation,-0.05370683595538139,1.0263184309005737,0.18186642229557037
19,frozen,125,103,28,heldout_after,lora,-0.2815478444099426,1.2303352355957031,0.4860745072364807
19,frozen,125,103,28,heldout_after,batch_lora,-0.31470125913619995,1.2679117918014526,0.5259159207344055
19,frozen,125,103,28,full_batch,activation,-0.054787442088127136,1.0266683101654053,0.18270781636238098
19,frozen,125,103,28,full_batch,lora,-0.28071096539497375,1.2309966087341309,0.48814213275909424
19,frozen,125,103,28,full_batch,batch_lora,-0.3159571588039398,1.2700198888778687,0.5283054709434509
19,frozen,125,103,29,heldout_before,activation,-0.05043136328458786,1.02492094039917,0.17898839712142944
19,frozen,125,103,29,heldout_before,lora,-0.27143290638923645,1.2248482704162598,0.4831189215183258
19,frozen,125,103,29,heldout_before,batch_lora,-0.30201297998428345,1.2608211040496826,0.5231426954269409
19,frozen,125,103,29,heldout_after,activation,-0.05043136328458786,1.02492094039917,0.17898839712142944
19,frozen,125,103,29,heldout_after,lora,-0.27143290638923645,1.2248482704162598,0.4831189215183258
19,frozen,125,103,29,heldout_after,batch_lora,-0.30201297998428345,1.2608211040496826,0.5231426954269409
19,frozen,125,103,29,full_batch,activation,-0.049067944288253784,1.0243606567382812,0.1773667335510254
19,frozen,125,103,29,full_batch,lora,-0.2656514048576355,1.2198914289474487,0.4782951772212982
19,frozen,125,103,29,full_batch,batch_lora,-0.29586493968963623,1.2555339336395264,0.5189365744590759
19,frozen,125,103,30,heldout_before,activation,-0.05858520045876503,1.0260906219482422,0.17781071364879608
19,frozen,125,103,30,heldout_before,lora,-0.24837163090705872,1.2350891828536987,0.5150424838066101
19,frozen,125,103,30,heldout_before,batch_lora,-0.2753172516822815,1.2714776992797852,0.5568215847015381
19,frozen,125,103,30,heldout_after,activation,-0.05858520045876503,1.0260906219482422,0.17781071364879608
19,frozen,125,103,30,heldout_after,lora,-0.24837163090705872,1.2350891828536987,0.5150424838066101
19,frozen,125,103,30,heldout_after,batch_lora,-0.2753172516822815,1.2714776992797852,0.5568215847015381
19,frozen,125,103,30,full_batch,activation,-0.05703696981072426,1.0258409976959229,0.17782536149024963
19,frozen,125,103,30,full_batch,lora,-0.24932745099067688,1.2344297170639038,0.5135763883590698
19,frozen,125,103,30,full_batch,batch_lora,-0.2777044177055359,1.272796392440796,0.5572389960289001
19,frozen,125,103,31,heldout_before,activation,-0.04387667030096054,1.023490309715271,0.17803850769996643
19,frozen,125,103,31,heldout_before,lora,-0.24446134269237518,1.2361831665039062,0.5201746225357056
19,frozen,125,103,31,heldout_before,batch_lora,-0.26830580830574036,1.2723459005355835,0.5628693699836731
19,frozen,125,103,31,heldout_after,activation,-0.04387667030096054,1.023490309715271,0.17803850769996643
19,frozen,125,103,31,heldout_after,lora,-0.24446134269237518,1.2361831665039062,0.5201746225357056
19,frozen,125,103,31,heldout_after,batch_lora,-0.26830580830574036,1.2723459005355835,0.5628693699836731
19,frozen,125,103,31,full_batch,activation,-0.044206276535987854,1.0233560800552368,0.17709818482398987
19,frozen,125,103,31,full_batch,lora,-0.2437545359134674,1.233066201210022,0.5152032375335693
19,frozen,125,103,31,full_batch,batch_lora,-0.2682197093963623,1.2699462175369263,0.5592494606971741
19,frozen,125,103,32,heldout_before,activation,-0.04665638878941536,1.0228078365325928,0.1722383201122284
19,frozen,125,103,32,heldout_before,lora,-0.2317507416009903,1.2316135168075562,0.5207237601280212
19,frozen,125,103,32,heldout_before,batch_lora,-0.2564639449119568,1.2689647674560547,0.5657557249069214
19,frozen,125,103,32,heldout_after,activation,-0.04665638878941536,1.0228078365325928,0.1722383201122284
19,frozen,125,103,32,heldout_after,lora,-0.2317507416009903,1.2316135168075562,0.5207237601280212
19,frozen,125,103,32,heldout_after,batch_lora,-0.2564639449119568,1.2689647674560547,0.5657557249069214
19,frozen,125,103,32,full_batch,activation,-0.047103285789489746,1.0230731964111328,0.17317011952400208
19,frozen,125,103,32,full_batch,lora,-0.23039290308952332,1.232085108757019,0.5227583646774292
19,frozen,125,103,32,full_batch,batch_lora,-0.2542698383331299,1.2691503763198853,0.5675548315048218
